0;0.2987;0.0;-0.9457;0.0
0;0.306;1.0;-0.1858;0.0
0;0.3006;0.5737;-0.6284;0.0
0;0.3005;0.5707;-0.5066;0.0
0;0.2977;0.4698;-0.6856;0.0
0;0.2993;0.5195;-0.5808;0.0
0;0.3003;0.5444;-0.5197;0.0
0;0.3039;0.6192;-0.2882;0.0
0;0.305;0.6372;-0.2183;0.0
0;0.3054;0.6435;-0.1921;0.0
0;0.3103;0.7057;-0.0947;0.0
0;0.3094;0.6829;-0.1867;0.0484
0;0.3073;0.6385;-0.2867;0.0737
0;0.3103;0.6693;-0.17;0.1188
0;0.3136;0.6986;-0.0407;0.1849
0;0.3121;0.5953;-0.2091;0.2254
0;0.312;0.7183;-0.2511;0.2573
0;0.3088;0.6406;-0.5622;0.2505
0;0.3047;0.6137;-0.841;0.2026
0;0.3036;0.5708;-0.878;0.1512
2;0.3062;0.5928;-0.6927;0.1355
0;0.3035;0.4934;-0.6894;0.0927
0;0.3025;0.4593;-0.7462;0.0458
0;0.3029;0.4593;-0.7235;0.0116
0;0.3003;0.3238;-0.8674;-0.0459
0;0.298;0.3091;-0.9574;-0.1197
0;0.2973;0.3238;-0.9377;-0.1879
0;0.2975;0.2526;-0.9163;-0.2179
0;0.2982;0.1672;-0.8371;-0.2334
0;0.2989;0.2061;-0.7753;-0.2369
0;0.2977;0.196;-0.8667;-0.2474
0;0.3004;0.3186;-0.4959;-0.2301
1;0.3019;0.4319;-0.3171;-0.2013
0;0.2982;0.3824;-0.7642;-0.2082
0;0.2931;0.244;-0.9568;-0.2546
0;0.2913;0.2534;-0.9282;-0.3034
0;0.3018;0.49;-0.2113;-0.25
0;0.293;0.3834;-0.6783;-0.2801
2;0.2995;0.492;-0.3023;-0.245
0;0.2984;0.5052;-0.3643;-0.2239
0;0.2998;0.5273;-0.2868;-0.1934
1;0.3002;0.5294;-0.2636;-0.1639
0;0.3031;0.5506;-0.1111;-0.1147
0;0.3001;0.5118;-0.3438;-0.0998
0;0.3035;0.5554;-0.1684;-0.0579
0;0.3053;0.5468;-0.0839;-0.0097
0;0.3031;0.511;-0.1958;0.0097
0;0.2968;0.4872;-0.8654;-0.0285
0;0.2961;0.5296;-0.756;-0.0641
0;0.2955;0.5427;-0.7943;-0.0961
0;0.2948;0.4125;-0.8421;-0.1261
2;0.2971;0.5629;-0.6842;-0.1293
0;0.2985;0.4823;-0.5837;-0.1182
0;0.3028;0.5699;-0.2871;-0.0722
0;0.3022;0.5403;-0.3254;-0.0398
0;0.3042;0.5622;-0.1378;0.0024
1;0.3016;0.4761;-0.3316;0.0135
0;0.2987;0.4771;-0.5459;-0.0023
0;0.2958;0.3747;-0.8054;-0.0391
0;0.3007;0.4337;-0.4425;-0.0258
0;0.3022;0.4877;-0.3416;-0.0023
2;0.308;0.6708;-0.1302;0.065
0;0.3105;0.7081;-0.0809;0.1388
0;0.3105;0.718;-0.0851;0.1949
1;0.3116;0.7416;-0.1145;0.2469
0;0.3124;0.7299;-0.0725;0.2917
0;0.3138;0.7299;-0.0469;0.336
0;0.3124;0.6577;-0.1227;0.3552
0;0.3172;0.716;-0.0442;0.4078
0;0.3436;0.8333;-0.079;0.6685
0;0.3443;0.8734;-0.0764;0.8732
0;0.3422;0.885;-0.1369;1.0071
0;0.34;0.8958;-0.1927;1.0834
0;0.3432;0.8924;-0.1142;1.1587
0;0.3523;0.9058;-0.0204;1.2836
0;0.3536;0.8983;-0.0636;1.3788
0;0.3531;0.8859;-0.0954;1.4351
0;0.3585;0.8971;-0.0156;1.5101
0;0.3588;0.8955;-0.0592;1.5555
0;0.3549;0.8386;-0.2278;1.5417
0;0.352;0.7974;-0.3521;1.49
0;0.3488;0.7767;-0.4882;1.4068
0;0.3505;0.7655;-0.4473;1.3408
0;0.3527;0.6188;-0.4737;1.2932
2;0.3553;0.6356;-0.3397;1.2635
0;0.356;0.6772;-0.2871;1.233
0;0.3575;0.7281;-0.1866;1.2082
1;0.3562;0.6786;-0.2775;1.1647
0;0.3495;0.4586;-0.7033;1.0618
0;0.3558;0.529;-0.1934;1.0229
0;0.3564;0.5421;-0.2596;0.986
0;0.3601;0.5211;-0.0357;0.9779
0;0.3605;0.5237;-0.155;0.9651
0;0.359;0.5584;-0.27;0.9315
1;0.3644;0.6642;0.0;0.941
0;0.3681;0.7513;-0.2439;0.9699
0;0.3705;0.7561;-0.2391;1.0033
0;0.3719;0.7509;-0.1908;1.0305
0;0.3678;0.6575;-0.3441;1.0062
0;0.3675;0.6452;-0.4404;0.9735
0;0.3654;0.5993;-0.5506;0.92
0;0.3607;0.5521;-0.7642;0.8279
0;0.3589;0.6217;-0.8459;0.7316
2;0.3568;0.5139;-0.9202;0.6299
0;0.3541;0.469;-0.904;0.5204
0;0.352;0.3843;-0.839;0.4107
0;0.3499;0.3544;-0.8973;0.3023
0;0.347;0.3421;-0.9722;0.1892
0;0.3456;0.2228;-0.8719;0.0863
0;0.3519;0.2779;-0.6433;0.0576
0;0.3462;0.1929;-0.8131;-0.0142
0;0.3493;0.2267;-0.6706;-0.0443
0;0.3463;0.2328;-0.7916;-0.0932
0;0.3497;0.2956;-0.4596;-0.1015
1;0.349;0.3051;-0.4872;-0.1129
0;0.3469;0.3251;-0.6462;-0.1388
0;0.3396;0.2852;-0.9789;-0.2197
0;0.3399;0.3038;-0.7308;-0.2788
0;0.3347;0.2871;-0.9127;-0.3663
0;0.3332;0.2914;-0.905;-0.4436
0;0.3386;0.3829;-0.6872;-0.4541
0;0.347;0.4994;-0.3492;-0.3868
0;0.348;0.522;-0.3073;-0.3209
0;0.3433;0.4168;-0.4194;-0.3054
0;0.3417;0.453;-0.4935;-0.3034
1;0.3435;0.4375;-0.4097;-0.2834
0;0.3434;0.4674;-0.4129;-0.2652
0;0.341;0.3967;-0.529;-0.2691
2;0.3407;0.4007;-0.5419;-0.2717
0;0.3354;0.3731;-0.9037;-0.3153
0;0.3371;0.4685;-0.824;-0.3322
0;0.35;0.5974;-0.1236;-0.2327
0;0.3505;0.6672;-0.1037;-0.1471
0;0.3504;0.6861;-0.1111;-0.0793
0;0.3465;0.5889;-0.3185;-0.0577
1;0.3443;0.4651;-0.4407;-0.0595
0;0.3401;0.4056;-0.663;-0.0954
0;0.3379;0.4313;-0.7815;-0.1413
2;0.3607;0.6575;-0.2073;0.0176
0;0.3565;0.6037;-0.3885;0.107
0;0.368;0.6654;-0.086;0.2734
0;0.3583;0.6063;-0.368;0.3191
0;0.3455;0.5257;-0.738;0.2434
1;0.3455;0.5568;-0.738;0.1812
0;0.3423;0.5286;-0.832;0.1028
0;0.3517;0.5099;-0.558;0.1201
2;0.356;0.5301;-0.434;0.1688
0;0.3467;0.4813;-0.8073;0.1263
0;0.354;0.5361;-0.5642;0.1535
0;0.3559;0.5567;-0.4907;0.1897
1;0.3609;0.6004;-0.3201;0.2589
0;0.3546;0.5774;-0.3951;0.2569
0;0.3507;0.4438;-0.5653;0.2198
0;0.3485;0.454;-0.6728;0.1695
0;0.3442;0.3509;-0.8864;0.0912
0;0.3432;0.3938;-0.8836;0.0198
2;0.341;0.4624;-0.7084;-0.0554
0;0.3421;0.472;-0.6739;-0.1047
0;0.3445;0.5187;-0.5961;-0.1213
0;0.3431;0.4185;-0.6415;-0.1454
0;0.3472;0.4162;-0.4875;-0.1284
0;0.3481;0.5163;-0.3343;-0.1054
0;0.3503;0.4534;-0.2235;-0.0674
0;0.3455;0.3764;-0.3021;-0.0778
0;0.3392;0.2496;-0.6181;-0.1383
0;0.3441;0.375;-0.3715;-0.143
0;0.3423;0.3945;-0.5565;-0.1604
0;0.3459;0.4673;-0.3628;-0.1426
2;0.345;0.5101;-0.4072;-0.1346
0;0.3431;0.4998;-0.5258;-0.1423
1;0.3506;0.6101;-0.0866;-0.0837
0;0.3443;0.5232;-0.5236;-0.0897
0;0.346;0.5151;-0.4291;-0.0794
0;0.347;0.5407;-0.374;-0.0621
0;0.345;0.4765;-0.4842;-0.0644
0;0.3463;0.4805;-0.5164;-0.0542
2;0.3441;0.4322;-0.7273;-0.0646
0;0.3432;0.4727;-0.772;-0.0797
0;0.3513;0.6379;-0.1571;-0.0224
0;0.3582;0.6536;-0.058;0.0814
0;0.3569;0.6614;-0.2275;0.1517
0;0.36;0.658;-0.0958;0.2314
0;0.359;0.6568;-0.1377;0.2835
1;0.3632;0.7124;-0.0866;0.3569
0;0.3654;0.6766;-0.0571;0.4298
0;0.3633;0.7514;-0.1315;0.4649
0;0.3591;0.6621;-0.2829;0.4518
0;0.3642;0.6937;-0.0993;0.4802
0;0.3586;0.6407;-0.4465;0.4498
0;0.3623;0.6575;-0.4198;0.4523
2;0.3672;0.7167;-0.1344;0.4913
0;0.3717;0.7506;-0.19;0.5552
0;0.3692;0.6748;-0.319;0.5784
0;0.3725;0.6507;-0.147;0.6188
1;0.3698;0.6305;-0.2903;0.6205
0;0.3684;0.5892;-0.3584;0.6041
0;0.3717;0.6276;-0.2038;0.6124
0;0.3702;0.5744;-0.2885;0.5995
0;0.3684;0.5319;-0.3885;0.5677
2;0.3711;0.5821;-0.2551;0.5596
0;0.3709;0.6362;-0.4779;0.5455
0;0.3689;0.5588;-0.7244;0.512
0;0.3795;0.7323;-0.1366;0.5705
0;0.3915;0.7737;-0.0187;0.7119
1;0.3904;0.7339;-0.1351;0.8063
0;0.3964;0.7415;-0.0416;0.9229
0;0.4;0.7949;-0.0522;1.0355
0;0.4013;0.7867;-0.0729;1.1245
0;0.4019;0.835;-0.0574;1.188
0;0.4047;0.8666;0.0;1.249
0;0.3984;0.755;-0.1795;1.2307
0;0.3893;0.659;-0.4165;1.1254
0;0.3885;0.6706;-0.5573;1.0241
0;0.3889;0.6573;-0.7054;0.9369
0;0.3765;0.5408;-0.9835;0.7527
2;0.3804;0.5812;-0.8349;0.6332
0;0.3883;0.5642;-0.5721;0.599
0;0.3889;0.4774;-0.5512;0.571
0;0.3993;0.5677;-0.2023;0.6314
0;0.398;0.5135;-0.2465;0.661
1;0.4023;0.519;-0.2008;0.7139
0;0.4055;0.533;-0.1056;0.7751
0;0.4046;0.521;-0.1325;0.8074
0;0.4023;0.4815;-0.2008;0.8049
0;0.3926;0.4567;-0.4907;0.7118
0;0.4005;0.5851;-0.3455;0.6981
0;0.4;0.5876;-0.3652;0.6758
2;0.4094;0.637;-0.2371;0.7306
0;0.4165;0.788;-0.0112;0.8262
0;0.4162;0.7719;-0.0777;0.8904
1;0.4123;0.6944;-0.2278;0.8985
0;0.4082;0.6479;-0.3468;0.8606
0;0.4056;0.5543;-0.4234;0.7992
0;0.4153;0.6312;-0.1413;0.8248
2;0.416;0.6098;-0.1527;0.8421
0;0.4242;0.6387;-0.0857;0.9163
0;0.4249;0.6511;-0.0653;0.971
0;0.4223;0.6482;-0.1778;0.9818
1;0.4176;0.6998;-0.35;0.9395
0;0.418;0.6593;-0.3371;0.9004
0;0.4165;0.6469;-0.3777;0.847
0;0.4159;0.5691;-0.3924;0.7912
2;0.4177;0.5142;-0.504;0.7536
0;0.4149;0.485;-0.7889;0.6923
0;0.4093;0.4671;-0.9333;0.5892
0;0.4136;0.5576;-0.635;0.5379
0;0.4177;0.6266;-0.4833;0.5268
0;0.4155;0.5017;-0.5656;0.4935
0;0.4095;0.4286;-0.7063;0.4116
0;0.4105;0.3212;-0.6573;0.351
1;0.4063;0.2776;-0.8671;0.2639
0;0.4011;0.2614;-0.9078;0.1486
0;0.4008;0.2902;-0.9241;0.0532
0;0.3975;0.2598;-0.9688;-0.0504
0;0.405;0.3816;-0.6355;-0.068
0;0.4171;0.5098;-0.2614;0.0221
0;0.423;0.5412;-0.092;0.1428
0;0.4228;0.5638;-0.0993;0.2345
0;0.4234;0.6236;-0.1422;0.309
1;0.418;0.538;-0.316;0.3188
0;0.4068;0.4161;-0.6772;0.2281
0;0.408;0.4415;-0.6388;0.1643
0;0.3836;0.343;-0.9404;-0.0942
0;0.3728;0.2957;-0.9003;-0.3888
2;0.359;0.2679;-0.8137;-0.7337
0;0.3518;0.2624;-0.8724;-1.0594
0;0.3465;0.2506;-0.8463;-1.3492
0;0.3341;0.2313;-0.71;-1.6682
0;0.3443;0.2487;-0.6054;-1.8152
0;0.3357;0.1522;-0.6707;-1.9854
0;0.3227;0.0962;-0.7701;-2.2087
0;0.3223;0.0961;-0.7649;-2.3642
0;0.3215;0.0914;-0.7147;-2.4687
0;0.3319;0.1682;-0.4916;-2.4365
0;0.3213;0.1689;-0.613;-2.4754
0;0.3196;0.1591;-0.6386;-2.494
0;0.3195;0.1958;-0.5564;-2.4829
0;0.3113;0.2008;-0.9507;-2.5172
0;0.3168;0.2763;-0.7921;-2.4712
0;0.3253;0.3618;-0.382;-2.3363
0;0.3326;0.4288;-0.1061;-2.1436
0;0.3279;0.4654;-0.313;-2.0088
0;0.3323;0.4286;-0.1527;-1.8438
1;0.3291;0.4583;-0.2878;-1.7217
0;0.3288;0.546;-0.3002;-1.6101
0;0.3225;0.5015;-0.5211;-1.5579
2;0.3221;0.5044;-0.536;-1.5039
0;0.3271;0.4641;-0.3573;-1.4026
0;0.3244;0.5264;-0.6411;-1.3317
0;0.3177;0.4851;-0.949;-1.3181
0;0.316;0.4731;-0.8912;-1.3076
0;0.3097;0.4872;-0.9585;-1.3389
0;0.3081;0.4262;-0.9521;-1.3636
0;0.306;0.3166;-0.8835;-1.3864
0;0.305;0.2033;-0.8758;-1.3974
0;0.299;0.1974;-0.981;-1.4427
0;0.2945;0.105;-0.9539;-1.5015
0;0.291;0.1045;-0.9578;-1.5611
0;0.2985;0.2263;-0.7317;-1.5281
0;0.2994;0.2686;-0.659;-1.4781
0;0.2957;0.2522;-0.7464;-1.4542
0;0.289;0.1527;-0.8976;-1.4773
0;0.2952;0.2501;-0.5399;-1.4272
0;0.3046;0.3931;-0.1835;-1.2924
0;0.3032;0.3948;-0.2603;-1.1845
0;0.3058;0.4658;-0.1649;-1.0647
0;0.3121;0.5327;-0.1137;-0.9058
1;0.3151;0.5726;-0.0676;-0.7458
0;0.3153;0.5825;-0.0691;-0.6101
0;0.3158;0.6492;-0.1124;-0.4919
0;0.3139;0.6806;-0.2175;-0.4097
0;0.2677;0.3793;-0.8732;-0.7334
0;0.2703;0.3464;-0.8316;-0.9584
0;0.2617;0.3104;-0.9686;-1.1986
0;0.2706;0.3798;-0.8272;-1.2996
2;0.2821;0.4688;-0.6431;-1.2673
0;0.2876;0.4653;-0.5556;-1.1816
0;0.2885;0.4194;-0.5421;-1.0944
0;0.2888;0.427;-0.5376;-1.0117
1;0.2942;0.4429;-0.4512;-0.8897
0;0.2902;0.39;-0.1955;-0.8183
0;0.292;0.383;-0.1511;-0.7378
0;0.2907;0.3768;-0.1932;-0.6774
0;0.2843;0.3505;-0.3683;-0.677
0;0.2766;0.3323;-0.726;-0.7348
2;0.2804;0.5928;-0.7654;-0.7402
0;0.2795;0.5689;-0.7457;-0.7444
0;0.2716;0.5749;-0.9613;-0.8069
0;0.2724;0.5157;-0.8538;-0.8409
0;0.2819;0.4981;-0.5354;-0.778
0;0.2872;0.4962;-0.3585;-0.6753
0;0.2923;0.5316;-0.1887;-0.5441
0;0.262;0.3516;-0.9641;-0.6924
0;0.2683;0.3581;-0.7469;-0.748
0;0.2747;0.4175;-0.5612;-0.7294
0;0.2777;0.4244;-0.4755;-0.6818
0;0.2749;0.4179;-0.5551;-0.6605
2;0.2739;0.4429;-0.5837;-0.6451
1;0.2751;0.4912;-0.549;-0.6159
0;0.2757;0.4708;-0.5327;-0.5816
0;0.275;0.4721;-0.5531;-0.5543
0;0.2794;0.5506;-0.0375;-0.4893
0;0.2763;0.5243;-0.2178;-0.4598
0;0.2809;0.4934;-0.0731;-0.3922
0;0.2821;0.4641;-0.0566;-0.3246
0;0.2821;0.4227;-0.1228;-0.2679
0;0.2823;0.7857;-0.1111;-0.2192
0;0.2803;0.6923;-0.3641;-0.1952
0;0.276;0.5218;-0.6769;-0.2108
0;0.2753;0.4553;-0.7282;-0.2268
0;0.2732;0.4676;-0.95;-0.2544
0;0.2724;0.4701;-0.8714;-0.2806
2;0.2727;0.4507;-0.8063;-0.2959
0;0.2745;0.4772;-0.6892;-0.2893
0;0.2748;0.4959;-0.6712;-0.2785
0;0.2692;0.3107;-0.8941;-0.3144
0;0.2705;0.3848;-0.8235;-0.3286
0;0.2719;0.294;-0.7023;-0.3242
0;0.277;0.4015;-0.1326;-0.2737
0;0.2671;0.2896;-0.964;-0.3157
0;0.2635;0.2607;-0.8828;-0.3757
0;0.2592;0.2463;-0.9094;-0.4552
0;0.2545;0.2439;-0.9182;-0.553
0;0.2522;0.2347;-0.884;-0.6441
2;0.2531;0.2627;-0.8498;-0.7011
0;0.2494;0.2462;-0.8842;-0.7701
0;0.247;0.2294;-0.9577;-0.8362
0;0.2483;0.2204;-0.9176;-0.8685
0;0.2536;0.2955;-0.7338;-0.84
0;0.2503;0.3087;-0.8084;-0.8371
0;0.2552;0.357;-0.4486;-0.7835
0;0.2638;0.4328;-0.0451;-0.6605
1;0.2634;0.3777;-0.0812;-0.5596
0;0.2579;0.4103;-0.369;-0.5213
0;0.2634;0.4993;-0.2655;-0.4385
0;0.2685;0.5858;-0.1286;-0.3256
0;0.2733;0.6733;-0.0907;-0.1927
0;0.271;0.6741;-0.2087;-0.1054
0;0.2739;0.6858;-0.1154;-0.0106
0;0.2607;0.5865;-0.6085;-0.0477
0;0.2634;0.6241;-0.5902;-0.0541
0;0.264;0.6204;-0.6619;-0.0531
0;0.2636;0.5827;-0.6835;-0.0554
0;0.2618;0.5983;-0.7651;-0.0717
2;0.2626;0.5679;-0.7224;-0.0765
1;0.2606;0.4667;-0.8256;-0.0971
0;0.2609;0.4741;-0.8078;-0.1092
0;0.2633;0.5603;-0.6541;-0.0976
0;0.2684;0.5561;-0.159;-0.0439
0;0.2517;0.3503;-0.8431;-0.1433
0;0.2232;0.1864;-0.975;-0.4619
0;0.2263;0.2233;-0.9138;-0.6814
0;0.2295;0.226;-0.8512;-0.8199
0;0.2328;0.3036;-0.7872;-0.8924
2;0.2284;0.26;-0.8734;-0.9776
0;0.2309;0.2784;-0.8248;-1.0132
1;0.2349;0.3167;-0.7469;-0.9966
0;0.2344;0.3219;-0.7566;-0.9772
0;0.2369;0.3367;-0.7065;-0.9298
0;0.2379;0.3541;-0.1541;-0.8741
0;0.2472;0.4206;-0.0251;-0.7424
0;0.2515;0.4332;-0.065;-0.5944
0;0.2485;0.3845;-0.2333;-0.4969
0;0.2561;0.5286;-0.0201;-0.3502
0;0.2558;0.8328;-0.029;-0.2333
0;0.2577;0.8284;-0.0431;-0.123
0;0.2546;0.7635;-0.2481;-0.0608
0;0.256;0.7539;-0.198;9.0E-4
0;0.2576;0.8405;-0.1508;0.0629
0;0.2544;0.7696;-0.3148;0.0838
0;0.2511;0.6894;-0.6637;0.0716
2;0.2489;0.6629;-0.8443;0.0424
0;0.248;0.6296;-0.7403;0.0118
0;0.2513;0.6477;-0.5659;0.0147
0;0.2493;0.5283;-0.6705;5.0E-4
0;0.2523;0.5117;-0.5078;0.0147
0;0.2545;0.5848;-0.368;0.0445
0;0.2593;0.5488;-0.1;0.108
1;0.2541;0.4774;-0.3719;0.1128
0;0.2481;0.3861;-0.719;0.0645
0;0.2497;0.4394;-0.6271;0.0393
0;0.2461;0.3835;-0.836;-0.0116
0;0.247;0.3742;-0.7249;-0.0436
2;0.2555;0.5122;-0.2677;0.0038
0;0.2473;0.4637;-0.7094;-0.0286
0;0.2414;0.4331;-0.9138;-0.1039
0;0.2448;0.4722;-0.7148;-0.1335
0;0.2436;0.432;-0.7512;-0.1657
0;0.2357;0.3905;-0.9968;-0.2566
2;0.2325;0.3416;-0.8226;-0.3524
0;0.2242;0.2792;-0.9712;-0.4944
0;0.23;0.2895;-0.751;-0.5521
0;0.2293;0.3097;-0.7523;-0.5972
0;0.2265;0.3256;-0.8255;-0.6503
0;0.2215;0.2841;-0.9421;-0.728
0;0.2267;0.3548;-0.7453;-0.7374
0;0.2331;0.4042;-0.504;-0.6821
0;0.2313;0.3162;-0.5195;-0.6465
0;0.2185;0.2955;-1.0;-0.7204
0;0.2273;0.4037;-0.5178;-0.6964
0;0.2311;0.4072;-0.3083;-0.6377
0;0.224;0.377;-0.6996;-0.6452
2;0.2289;0.4558;-0.3712;-0.6027
0;0.2164;0.4062;-0.7214;-0.6692
0;0.2083;0.4072;-0.9738;-0.783
0;0.2054;0.3519;-0.8896;-0.8888
0;0.1888;0.295;-0.9041;-1.1039
0;0.1889;0.3046;-0.7063;-1.2604
0;0.2119;0.458;-0.3447;-1.1753
0;0.2098;0.4241;-0.3776;-1.1136
0;0.1913;0.33;-0.6689;-1.2102
0;0.203;0.3936;-0.4746;-1.1738
1;0.2053;0.4459;-0.4375;-1.1138
0;0.2233;0.4847;-0.0552;-0.9018
0;0.2159;0.4436;-0.1885;-0.7883
0;0.2017;0.4218;-0.4397;-0.8102
0;0.2078;0.4264;-0.3321;-0.7676
0;0.197;0.4316;-0.7003;-0.8176
0;0.1932;0.445;-0.7911;-0.8807
2;0.2138;0.5271;-0.2997;-0.7456
0;0.2066;0.561;-0.4726;-0.693
0;0.2174;0.5911;-0.2216;-0.5519
0;0.2229;0.5396;-0.1256;-0.3884
0;0.2159;0.521;-0.292;-0.3154
1;0.2242;0.6229;-0.0951;-0.1837
0;0.2068;0.5137;-0.5042;-0.2252
0;0.2007;0.4839;-0.6503;-0.3082
0;0.2083;0.4437;-0.4703;-0.3054
0;0.201;0.4442;-0.6762;-0.3618
0;0.1984;0.4864;-0.8865;-0.4244
0;0.1924;0.4368;-0.9613;-0.5199
0;0.2055;0.5344;-0.5633;-0.479
0;0.1968;0.5143;-0.7605;-0.515
0;0.1872;0.3865;-0.9852;-0.6199
0;0.1882;0.4174;-0.8212;-0.6873
0;0.1823;0.3345;-0.9498;-0.7833
0;0.1697;0.2651;-0.943;-0.9576
0;0.1757;0.3214;-0.7752;-1.0334
0;0.1832;0.3161;-0.5597;-1.0186
0;0.1859;0.3917;-0.4975;-0.9735
0;0.1895;0.4407;-0.4134;-0.897
0;0.1924;0.4114;-0.3445;-0.8022
1;0.179;0.3848;-0.5108;-0.8334
0;0.1922;0.4705;-0.0539;-0.7372
0;0.1933;0.5043;-0.0548;-0.6436
0;0.1827;0.3848;-0.4029;-0.6537
0;0.1935;0.4837;-0.0972;-0.5622
0;0.1973;0.5529;-0.1864;-0.4526
0;0.1922;0.5203;-0.3859;-0.4042
0;0.1971;0.5754;-0.1972;-0.3203
0;0.1932;0.6309;-0.3654;-0.2842
0;0.1976;0.6239;-0.2005;-0.2156
0;0.1943;0.5664;-0.3214;-0.1866
0;0.2039;0.5994;-0.0479;-0.0805
0;0.1981;0.5466;-0.2469;-0.045
0;0.2027;0.5542;-0.1405;0.0219
0;0.2087;0.6707;-0.1569;0.1252
0;0.2125;0.6312;-0.0815;0.2381
0;0.2149;0.6367;-0.1841;0.3444
0;0.2139;0.7254;-0.2159;0.4157
0;0.2119;0.6521;-0.2773;0.4508
0;0.2068;0.577;-0.4776;0.4303
0;0.2163;0.6818;-0.1658;0.4901
0;0.2221;0.6863;-0.0467;0.5817
0;0.2265;0.7468;-0.0296;0.6849
0;0.2231;0.6915;-0.2818;0.7297
0;0.219;0.6826;-0.4555;0.7226
1;0.2155;0.594;-0.5849;0.6796
0;0.2145;0.6447;-0.6199;0.6304
0;0.2099;0.5639;-0.7898;0.5459
2;0.2082;0.4958;-0.8518;0.4593
0;0.2078;0.4514;-0.9388;0.3824
0;0.2033;0.3863;-0.9014;0.2794
0;0.2055;0.4196;-0.8252;0.2138
0;0.206;0.4417;-0.8089;0.1643
0;0.2038;0.4687;-0.8663;0.1049
0;0.2014;0.3178;-0.7726;0.0371
0;0.2006;0.1984;-0.7943;-0.0241
0;0.206;0.2222;-0.5146;-0.0255
0;0.203;0.2249;-0.566;-0.0518
0;0.2073;0.34;-0.2925;-0.036
0;0.2103;0.428;-0.1473;0.0023
0;0.2114;0.4577;-0.0759;0.0423
1;0.2086;0.4809;-0.25;0.0492
0;0.2077;0.4924;-0.3036;0.0467
0;0.2209;0.6415;-0.1337;0.1564
0;0.2185;0.6711;-0.2406;0.2202
0;0.2199;0.6656;-0.2275;0.2804
0;0.2248;0.696;-0.0469;0.3665
0;0.2239;0.7156;-0.0909;0.423
0;0.212;0.5933;-0.6553;0.3613
0;0.2171;0.6366;-0.413;0.3528
0;0.2144;0.5718;-0.5427;0.3189
0;0.2101;0.5591;-0.744;0.2522
2;0.209;0.5156;-0.7607;0.1883
0;0.2093;0.4904;-0.7508;0.1378
0;0.2084;0.4717;-0.7869;0.0897
0;0.2053;0.4691;-0.9013;0.0242
0;0.2037;0.4628;-0.92;-0.0412
0;0.2084;0.3628;-0.6817;-0.0521
0;0.2039;0.3472;-0.8458;-0.0985
0;0.1903;0.2518;-0.9971;-0.25
0;0.1768;0.1487;-0.9943;-0.4808
0;0.1713;0.1391;-0.9964;-0.7047
0;0.1684;0.159;-0.9691;-0.8978
0;0.1721;0.1392;-0.88;-1.0088
0;0.1645;0.1291;-0.9659;-1.1506
0;0.1689;0.1949;-0.8685;-1.2122
0;0.1559;0.1655;-0.8831;-1.3582
0;0.1649;0.2485;-0.7289;-1.3825
0;0.163;0.2454;-0.7531;-1.4034
0;0.1785;0.3682;-0.2498;-1.2732
0;0.2011;0.4894;-0.0824;-0.9654
0;0.1947;0.4447;-0.1948;-0.7669
1;0.1977;0.4746;-0.1425;-0.5772
0;0.2003;0.5449;-0.0967;-0.3995
0;0.1934;0.5792;-0.217;-0.3133
0;0.1985;0.6303;-0.1281;-0.1992
2;0.2079;0.6776;0.0;-0.0278
0;0.2061;0.656;-0.0573;0.0931
0;0.2043;0.6928;-0.096;0.1715
0;0.2049;0.6809;-0.1399;0.2366
0;0.2018;0.756;-0.3934;0.2588
0;0.1972;0.69;-0.6434;0.2351
2;0.1987;0.7112;-0.5615;0.2266
0;0.2005;0.6551;-0.4631;0.2326
0;0.2006;0.4946;-0.4726;0.2355
0;0.1966;0.5202;-0.7004;0.2012
0;0.1981;0.505;-0.6118;0.1853
0;0.1952;0.443;-0.7709;0.1456
0;0.1988;0.5641;-0.5097;0.1437
0;0.1954;0.4611;-0.7059;0.1116
0;0.1935;0.2802;-0.8378;0.0694
0;0.1908;0.2715;-0.9458;0.0121
0;0.195;0.3711;-0.6522;0.0028
0;0.192;0.3327;-0.7813;-0.0298
0;0.1911;0.3532;-0.8303;-0.0628
0;0.1874;0.3606;-0.9872;-0.1202
0;0.1749;0.2432;-0.865;-0.2701
0;0.1706;0.1945;-0.875;-0.4213
0;0.1726;0.224;-0.8242;-0.5195
0;0.1742;0.2688;-0.7327;-0.5775
0;0.1741;0.2441;-0.7344;-0.6177
0;0.1721;0.2492;-0.799;-0.6599
0;0.1775;0.2773;-0.6244;-0.64
1;0.1801;0.3365;-0.5409;-0.5962
0;0.1805;0.3568;-0.4497;-0.5515
0;0.1829;0.4125;-0.0876;-0.4903
0;0.1827;0.3496;-0.1472;-0.4388
0;0.1828;0.3794;-0.1581;-0.3923
0;0.1873;0.4537;-0.1401;-0.3136
0;0.1844;0.4636;-0.2918;-0.2729
0;0.1813;0.6014;-0.4553;-0.2645
0;0.1856;0.7365;-0.2438;-0.2184
0;0.1907;0.7607;-0.2377;-0.1363
0;0.1935;0.7686;-0.082;-0.0462
0;0.1892;0.6876;-0.3881;-0.0113
0;0.1912;0.7375;-0.2537;0.0333
1;0.1914;0.6985;-0.2388;0.07
0;0.1938;0.6972;-0.1659;0.1183
0;0.194;0.6953;-0.1521;0.1571
0;0.1944;0.6765;-0.129;0.1891
0;0.1973;0.7074;-0.0172;0.2368
0;0.1978;0.7104;-0.0872;0.2764
0;0.1989;0.6797;-0.1292;0.3134
0;0.2049;0.7899;-0.0126;0.3904
0;0.2045;0.8565;-0.1217;0.4437
0;0.2058;0.8417;-0.0661;0.4917
0;0.205;0.7824;-0.1138;0.5174
0;0.2002;0.6232;-0.3896;0.4918
0;0.1964;0.6341;-0.6597;0.4339
0;0.1953;0.5796;-0.7221;0.3747
0;0.1937;0.5423;-0.8841;0.3106
2;0.1928;0.4794;-0.9159;0.2486
0;0.1973;0.5539;-0.6355;0.2354
0;0.1964;0.5334;-0.6869;0.2155
0;0.188;0.3709;-0.9384;0.1259
0;0.184;0.3252;-0.9811;0.0201
0;0.1866;0.3502;-0.8742;-0.0417
0;0.1932;0.3597;-0.5259;-0.0337
0;0.1952;0.3918;-0.4296;-0.0104
0;0.1897;0.3302;-0.7;-0.0386
0;0.1891;0.3323;-0.7259;-0.0649
1;0.1917;0.4054;-0.6;-0.0632
0;0.2001;0.538;-0.1852;0.0104
0;0.2034;0.5779;-0.0223;0.0958
0;0.2098;0.6418;-0.0279;0.2164
0;0.2106;0.6582;-0.0249;0.3162
0;0.2113;0.6332;-0.0509;0.3971
0;0.2035;0.5588;-0.3758;0.3902
0;0.2101;0.691;-0.1025;0.4369
0;0.208;0.7152;-0.2271;0.4518
0;0.2112;0.7183;-0.1433;0.4856
0;0.2035;0.589;-0.4567;0.4412
2;0.1992;0.534;-0.9167;0.3657
0;0.202;0.6082;-0.7137;0.326
0;0.2046;0.6306;-0.3954;0.3131
0;0.2087;0.6402;-0.2378;0.3347
0;0.2099;0.5915;-0.192;0.3584
0;0.2085;0.5496;-0.2464;0.3611
1;0.2105;0.5072;-0.1719;0.3761
0;0.2233;0.6074;-0.0295;0.4932
0;0.2218;0.5877;-0.1218;0.5674
0;0.2279;0.7093;-0.0698;0.671
0;0.2334;0.7039;-0.0116;0.7929
0;0.2318;0.7086;-0.0669;0.8663
0;0.2261;0.6256;-0.2661;0.8671
0;0.225;0.7043;-0.3475;0.8489
0;0.2255;0.768;-0.3289;0.83
0;0.2261;0.7568;-0.3128;0.8108
2;0.2261;0.7432;-0.4462;0.7878
0;0.2248;0.6933;-0.7016;0.7497
0;0.223;0.6559;-0.8533;0.6971
0;0.2212;0.6489;-0.943;0.6322
0;0.2267;0.6765;-0.5596;0.6217
0;0.2305;0.5967;-0.2286;0.6389
0;0.2285;0.5884;-0.3829;0.6283
0;0.2315;0.5534;-0.1486;0.6395
0;0.2334;0.4988;-0.0087;0.6569
1;0.2334;0.5271;-0.0458;0.6637
0;0.2326;0.6335;-0.1767;0.6555
0;0.2313;0.6296;-0.2406;0.6313
0;0.2371;0.6954;-0.1362;0.6548
0;0.2361;0.6658;-0.1796;0.6573
0;0.2453;0.7433;-0.0397;0.7304
0;0.2448;0.7608;-0.116;0.7764
0;0.2482;0.8139;-0.0229;0.8331
0;0.2462;0.8109;-0.0849;0.8517
0;0.2476;0.7891;-0.0655;0.8695
0;0.2435;0.6777;-0.2655;0.8391
0;0.2443;0.7244;-0.2255;0.8133
0;0.2395;0.6069;-0.4846;0.7434
2;0.2349;0.5192;-0.9021;0.6416
0;0.2305;0.468;-0.8895;0.5178
0;0.234;0.5154;-0.7201;0.4445
0;0.2361;0.5502;-0.6206;0.3995
0;0.2405;0.5368;-0.396;0.3973
0;0.2437;0.5785;-0.2422;0.4179
0;0.2481;0.5323;-0.0299;0.4673
1;0.2507;0.5648;-0.0134;0.5238
0;0.2493;0.5125;-0.0769;0.5505
0;0.2453;0.4901;-0.2542;0.5314
0;0.244;0.461;-0.3077;0.5004
0;0.243;0.4952;-0.386;0.4622
0;0.2426;0.4799;-0.4221;0.4234
2;0.2388;0.4926;-0.7843;0.3565
0;0.2388;0.5544;-0.904;0.3001
0;0.2364;0.585;-0.9014;0.2318
0;0.2382;0.5638;-0.7887;0.191
0;0.2442;0.61;-0.4198;0.2074
0;0.2428;0.5339;-0.467;0.2064
0;0.2411;0.461;-0.4877;0.1892
0;0.2377;0.3341;-0.7654;0.1445
1;0.2413;0.3531;-0.4753;0.1382
0;0.2422;0.388;-0.4012;0.1395
2;0.2478;0.539;-0.0284;0.187
0;0.2454;0.5199;-0.2102;0.2016
0;0.2472;0.5594;-0.0788;0.2266
0;0.2482;0.5787;-0.0723;0.2523
0;0.2505;0.6696;-0.0663;0.2892
0;0.2472;0.6101;-0.2908;0.2868
0;0.2508;0.6849;-0.0556;0.3129
0;0.2539;0.6945;-0.0433;0.3561
0;0.2532;0.6288;-0.0856;0.3804
0;0.2571;0.6911;-0.0463;0.4293
0;0.2571;0.7219;-0.2054;0.4625
0;0.2491;0.6415;-0.7692;0.4165
0;0.2506;0.6215;-0.4486;0.3881
0;0.2472;0.5618;-0.5993;0.3332
0;0.2441;0.4511;-0.7397;0.2599
2;0.2472;0.5235;-0.5993;0.2258
0;0.2443;0.4637;-0.7295;0.1721
0;0.2387;0.3932;-0.875;0.08
0;0.2358;0.3373;-0.9701;-0.018
0;0.2383;0.4003;-0.8716;-0.0736
0;0.2338;0.312;-0.8917;-0.1549
0;0.2488;0.456;-0.1455;-0.0897
0;0.2494;0.4666;-0.2293;-0.0329
0;0.2485;0.4195;-0.2675;0.0044
0;0.2549;0.4817;-0.0188;0.0881
0;0.2562;0.566;-0.0377;0.1648
1;0.2533;0.5241;-0.1532;0.1982
0;0.2514;0.539;-0.2225;0.2069
0;0.2523;0.5799;-0.1879;0.2193
0;0.2578;0.5977;-0.133;0.2727
0;0.2614;0.6564;-0.0194;0.3429
0;0.2679;0.7634;-0.0818;0.4496
0;0.2693;0.8107;-0.1114;0.5412
0;0.278;0.8299;-0.0529;0.6807
0;0.2777;0.8922;-0.1317;0.7808
0;0.2761;0.8219;-0.1805;0.8384
0;0.2788;0.8305;-0.0951;0.8976
0;0.2767;0.8083;-0.1692;0.9166
0;0.2761;0.7653;-0.2078;0.9166
0;0.2812;0.7853;-0.0902;0.9503
0;0.2805;0.8303;-0.1365;0.9615
0;0.2803;0.8637;-0.1862;0.9583
0;0.2798;0.8488;-0.3687;0.941
0;0.2798;0.8247;-0.4255;0.9174
1;0.2771;0.7384;-0.6117;0.8664
2;0.2832;0.7354;-0.1862;0.8688
0;0.2862;0.7472;-0.1652;0.8868
0;0.2855;0.6441;-0.2297;0.8856
0;0.2909;0.7118;-0.0145;0.921
0;0.2927;0.7625;0.0;0.9542
1;0.2907;0.6942;-0.148;0.9539
0;0.2871;0.6622;-0.3467;0.9128
0;0.288;0.6842;-0.2959;0.8786
0;0.2903;0.6536;-0.2718;0.8613
0;0.2907;0.6725;-0.2495;0.8424
2;0.2869;0.599;-0.7548;0.7859
0;0.2849;0.5736;-0.8614;0.7161
0;0.2872;0.6003;-0.6807;0.6731
0;0.2857;0.6205;-0.7952;0.6196
0;0.2854;0.5368;-0.8193;0.5683
0;0.2814;0.4229;-0.9792;0.4879
0;0.285;0.4932;-0.7344;0.4501
0;0.2862;0.4208;-0.6562;0.4254
0;0.29;0.4587;-0.2162;0.434
0;0.2905;0.4962;-0.1286;0.4402
0;0.2904;0.5603;-0.1429;0.439
1;0.2915;0.5641;-0.0493;0.4433
0;0.2892;0.4801;-0.2953;0.4223
0;0.2998;0.6219;-0.1533;0.4915
0;0.308;0.7537;-0.0359;0.6101
0;0.304;0.7191;-0.2151;0.6631
0;0.3128;0.7558;-0.0558;0.773
0;0.316;0.792;-0.0282;0.8781
0;0.3087;0.6976;-0.3491;0.8896
0;0.2994;0.6399;-0.6344;0.81
0;0.2985;0.6098;-0.6604;0.7316
0;0.2971;0.5888;-0.7028;0.6503
0;0.2976;0.5648;-0.8111;0.5832
2;0.2924;0.5153;-0.9917;0.4804
0;0.294;0.5287;-0.8667;0.408
0;0.295;0.527;-0.8359;0.3545
0;0.3045;0.6073;-0.5179;0.3897
0;0.2982;0.4879;-0.7282;0.3597
0;0.2857;0.3441;-0.9193;0.2263
0;0.2829;0.3498;-0.7679;0.0946
0;0.2818;0.2515;-0.8026;-0.0193
0;0.2809;0.2084;-0.8333;-0.1166
2;0.2788;0.2283;-0.8889;-0.2097
0;0.284;0.3495;-0.7172;-0.2364
0;0.2843;0.3593;-0.7071;-0.2523
0;0.29;0.4352;-0.5202;-0.2138
0;0.2876;0.4117;-0.5683;-0.2021
0;0.2872;0.4496;-0.4436;-0.194
1;0.2887;0.4487;-0.2851;-0.1725
0;0.2859;0.4155;-0.438;-0.1779
0;0.2812;0.2614;-0.6901;-0.2201
0;0.2844;0.3496;-0.5165;-0.2236
0;0.2816;0.4435;-0.697;-0.2475
0;0.284;0.5162;-0.6103;-0.2435
0;0.287;0.5697;-0.4272;-0.2122
0;0.288;0.5943;-0.2834;-0.1775
1;0.2866;0.6054;-0.3591;-0.16
0;0.286;0.5311;-0.3978;-0.1491
0;0.2887;0.5635;-0.2044;-0.1161
0;0.2877;0.4602;-0.2778;-0.098
0;0.2853;0.4613;-0.45;-0.1029
0;0.2824;0.4262;-0.6556;-0.1299
0;0.287;0.4757;-0.4141;-0.1108
0;0.2892;0.5476;-0.2193;-0.0761
0;0.2938;0.6819;-0.0294;-0.009
0;0.2953;0.6649;-0.0316;0.0565
0;0.2963;0.7357;-0.01;0.1168
1;0.2992;0.7398;-0.0042;0.1874
0;0.2962;0.6444;-0.2847;0.2154
0;0.2981;0.6546;-0.2517;0.251
0;0.2996;0.6987;-0.1837;0.2895
0;0.2958;0.6353;-0.3503;0.2845
0;0.294;0.575;-0.5455;0.2623
0;0.2913;0.5493;-0.7892;0.2189
0;0.2949;0.6263;-0.6805;0.2128
0;0.2931;0.6442;-0.8166;0.1905
2;0.2907;0.5526;-0.8535;0.1505
0;0.2935;0.5604;-0.6717;0.1411
0;0.291;0.4579;-0.8333;0.1111
0;0.2899;0.4184;-0.8876;0.077
0;0.2863;0.3582;-0.8821;0.019
0;0.2862;0.3007;-0.8764;-0.0276
0;0.2877;0.3634;-0.7172;-0.0515
0;0.2868;0.3127;-0.8;-0.0776
0;0.2856;0.2644;-0.9007;-0.1073
0;0.2818;0.2644;-0.898;-0.162
0;0.2805;0.2686;-0.9602;-0.2145
0;0.2779;0.2701;-0.8692;-0.2754
0;0.2794;0.2133;-0.7277;-0.308
0;0.2806;0.2647;-0.6368;-0.3197
0;0.2704;0.2041;-0.9843;-0.4128
0;0.2628;0.1076;-0.9971;-0.5459
0;0.276;0.349;-0.4592;-0.5332
0;0.2724;0.3323;-0.5693;-0.548
0;0.2683;0.3294;-0.7063;-0.5882
0;0.269;0.3377;-0.6554;-0.6083
0;0.2743;0.3828;-0.4021;-0.5721
1;0.2727;0.3782;-0.4755;-0.5514
0;0.2745;0.4048;-0.3951;-0.5141
0;0.2787;0.4735;-0.195;-0.4435
0;0.277;0.4704;-0.273;-0.3978
0;0.2667;0.4163;-0.3693;-0.4447
0;0.2606;0.3689;-0.5071;-0.5285
0;0.2665;0.4076;-0.3728;-0.5387
0;0.2608;0.4332;-0.5035;-0.5899
2;0.2618;0.4922;-0.4806;-0.6154
0;0.2592;0.3466;-0.5389;-0.6507
0;0.2559;0.3481;-0.6148;-0.7
0;0.2551;0.3704;-0.6325;-0.7381
0;0.2518;0.3401;-0.6746;-0.7887
0;0.2539;0.2974;-0.6066;-0.8023
0;0.2476;0.2726;-0.9775;-0.8573
0;0.2493;0.2716;-0.7382;-0.8771
0;0.2479;0.2057;-0.7329;-0.8952
0;0.2495;0.2362;-0.66;-0.8868
0;0.2523;0.3386;-0.4908;-0.847
0;0.2616;0.5106;-0.019;-0.7274
1;0.2622;0.4487;-0.1396;-0.6208
0;0.2609;0.502;-0.1916;-0.5408
0;0.2674;0.5645;-0.006;-0.4172
0;0.2669;0.5921;-0.0767;-0.3201
0;0.2581;0.5241;-0.3949;-0.3141
0;0.2592;0.5438;-0.3613;-0.2969
0;0.2631;0.6193;-0.2168;-0.2471
0;0.2623;0.5916;-0.3125;-0.2118
2;0.2697;0.7323;-0.065;-0.1197
0;0.2743;0.7479;-0.0971;-0.0065
1;0.2756;0.7751;-0.0877;0.0934
0;0.2834;0.8003;-0.0088;0.238
0;0.2833;0.7887;-0.0479;0.3487
0;0.2822;0.725;-0.1077;0.4221
0;0.2807;0.6985;-0.1651;0.4629
0;0.2763;0.6551;-0.3217;0.4533
0;0.2764;0.6043;-0.3581;0.4416
2;0.2787;0.6317;-0.3153;0.4471
0;0.2802;0.792;-0.3168;0.4594
0;0.2827;0.7995;-0.2388;0.4855
0;0.2828;0.778;-0.2313;0.5016
0;0.2788;0.7128;-0.6119;0.475
0;0.2752;0.5788;-0.8533;0.4182
0;0.271;0.4521;-0.684;0.3336
0;0.2693;0.4099;-0.772;0.2488
0;0.2726;0.323;-0.6;0.208
2;0.2788;0.4375;-0.288;0.2258
0;0.2822;0.5;-0.116;0.2661
0;0.2856;0.5609;-0.0364;0.3244
0;0.284;0.6004;-0.1127;0.3529
1;0.2868;0.6274;-0.082;0.3956
0;0.2848;0.5759;-0.1639;0.4084
0;0.2871;0.584;-0.0689;0.4335
0;0.2826;0.4982;-0.2825;0.4099
0;0.2817;0.4875;-0.3636;0.3797
0;0.2806;0.522;-0.479;0.3425
0;0.2769;0.521;-0.8846;0.2781
0;0.2768;0.5784;-0.8901;0.2238
2;0.2744;0.5676;-0.8075;0.158
0;0.2775;0.5649;-0.6402;0.1311
0;0.2768;0.4694;-0.6778;0.1026
0;0.2734;0.3634;-0.8619;0.0496
0;0.2759;0.3442;-0.728;0.0287
0;0.2711;0.3135;-0.7205;-0.0281
0;0.2759;0.3506;-0.3316;-0.0319
0;0.274;0.3506;-0.4652;-0.0512
0;0.2769;0.3617;-0.226;-0.0411
0;0.2759;0.4009;-0.2938;-0.0408
0;0.2752;0.4028;-0.3446;-0.0461
1;0.2782;0.4664;-0.1299;-0.0244
0;0.2815;0.5659;-0.1014;0.0203
0;0.2745;0.4725;-0.5069;-0.0034
0;0.2757;0.5166;-0.4378;-0.0121
0;0.2754;0.4716;-0.6556;-0.0214
0;0.2752;0.4776;-0.6755;-0.0306
0;0.2796;0.583;-0.302;6.0E-4
2;0.2783;0.5332;-0.4161;0.0138
1;0.2731;0.5264;-0.8591;-0.02
0;0.271;0.4282;-0.8908;-0.0645
0;0.2752;0.5161;-0.5862;-0.0634
0;0.271;0.4224;-0.8138;-0.0973
0;0.2718;0.4449;-0.675;-0.1163
0;0.2713;0.4477;-0.7125;-0.1341
0;0.2754;0.4634;-0.3875;-0.1119
0;0.2733;0.3912;-0.5562;-0.1113
0;0.2767;0.5312;-0.2739;-0.0809
0;0.2803;0.5625;-0.0805;-0.0253
0;0.2782;0.5359;-0.24;6.0E-4
0;0.28;0.561;-0.1374;0.0371
0;0.279;0.4914;-0.2088;0.0568
0;0.2818;0.5456;-0.096;0.0951
0;0.2839;0.6546;-0.0769;0.1422
0;0.2884;0.7336;-0.0251;0.216
0;0.288;0.6917;-0.1621;0.2684
0;0.2904;0.806;-0.0706;0.3271
0;0.2903;0.799;-0.1329;0.3692
0;0.2897;0.7948;-0.1625;0.393
0;0.2889;0.7419;-0.2761;0.4009
0;0.2905;0.8153;-0.174;0.417
0;0.292;0.8011;-0.1119;0.4374
0;0.2939;0.7867;-0.0552;0.465
0;0.2915;0.7781;-0.299;0.4616
0;0.2969;0.8065;-0.036;0.4999
0;0.2952;0.788;-0.2465;0.5107
0;0.2962;0.7735;-0.1742;0.5218
0;0.2951;0.7228;-0.2727;0.5162
0;0.2927;0.5925;-0.5423;0.4854
0;0.291;0.5617;-0.7259;0.4419
2;0.2904;0.5;-0.8217;0.3975
0;0.2943;0.5761;-0.4341;0.392
0;0.2943;0.5884;-0.4419;0.3829
0;0.2919;0.5546;-0.6744;0.3514
0;0.2935;0.5533;-0.5194;0.3363
0;0.2931;0.521;-0.5581;0.3175
0;0.2913;0.4518;-0.7287;0.2845
0;0.2955;0.5706;-0.3256;0.2906
0;0.2954;0.4669;-0.2182;0.2916
0;0.2938;0.4685;-0.4261;0.2758
0;0.296;0.4967;-0.1875;0.2793
0;0.2904;0.4167;-0.8142;0.2312
0;0.2941;0.5239;-0.3982;0.2226
0;0.295;0.5683;-0.3009;0.2208
0;0.295;0.581;-0.3009;0.2171
0;0.2975;0.5588;-0.1898;0.2335
0;0.2947;0.508;-0.4453;0.2203
0;0.2899;0.4691;-0.7871;0.1664
0;0.2937;0.5035;-0.4774;0.1546
0;0.2887;0.444;-0.8253;0.1011
0;0.2882;0.4589;-0.8412;0.0538
2;0.2911;0.4401;-0.6294;0.0403
0;0.2903;0.4316;-0.6882;0.0225
0;0.2914;0.4675;-0.6059;0.0177
0;0.2838;0.3554;-0.8761;-0.0504
0;0.2832;0.4034;-0.8953;-0.1089
0;0.2787;0.2962;-0.9663;-0.1923
0;0.278;0.2743;-0.9211;-0.2621
0;0.28;0.3106;-0.8018;-0.2974
0;0.276;0.2379;-0.875;-0.3558
0;0.2746;0.2465;-0.9414;-0.4095
0;0.2711;0.2552;-0.9468;-0.4771
0;0.2741;0.2378;-0.8239;-0.5004
0;0.2806;0.3959;-0.5179;-0.4581
0;0.2809;0.4057;-0.2567;-0.4172
0;0.283;0.3933;-0.0833;-0.363
0;0.2768;0.3443;-0.4912;-0.3691
1;0.2795;0.3675;-0.2924;-0.347
0;0.2766;0.4103;-0.5029;-0.3502
0;0.2758;0.4086;-0.5614;-0.3558
0;0.2741;0.4388;-0.6901;-0.3713
2;0.2788;0.5095;-0.4338;-0.3397
0;0.28;0.501;-0.3111;-0.3005
0;0.2807;0.5624;-0.2519;-0.2609
0;0.2803;0.577;-0.2889;-0.2304
0;0.2812;0.648;-0.188;-0.1958
0;0.2815;0.6177;-0.1654;-0.1644
0;0.2836;0.5559;0.0;-0.1198
0;0.2862;0.5897;-0.0058;-0.0617
0;0.2901;0.6143;-0.0572;0.0181
0;0.2937;0.7967;-0.0855;0.1115
0;0.2946;0.7828;-0.1404;0.1914
0;0.296;0.8838;-0.0641;0.2646
0;0.2931;0.8161;-0.2208;0.2948
0;0.2933;0.8726;-0.2267;0.3169
0;0.2907;0.7526;-0.3747;0.3092
0;0.2911;0.7423;-0.3663;0.3025
0;0.2916;0.7415;-0.3754;0.2988
2;0.2911;0.7387;-0.5891;0.2886
0;0.2909;0.7193;-0.8404;0.2755
0;0.291;0.7173;-0.8298;0.2629
1;0.2894;0.6349;-0.956;0.2366
0;0.2896;0.5907;-0.8736;0.2153
0;0.2896;0.484;-0.8706;0.1963
0;0.2921;0.4425;-0.4624;0.2004
0;0.2938;0.4728;-0.2366;0.2159
0;0.2978;0.5509;-0.062;0.2598
1;0.3001;0.7081;0.0;0.3115
0;0.2989;0.6577;-0.2373;0.3386
0;0.2969;0.6791;-0.3785;0.3394
0;0.2985;0.7013;-0.2655;0.35
0;0.2788;0.3298;-0.9421;0.1869
0;0.2751;0.3039;-0.9686;0.025
2;0.2722;0.2855;-0.9058;-0.1273
0;0.2725;0.2894;-0.8961;-0.2433
0;0.2736;0.3185;-0.8623;-0.3225
0;0.2724;0.3062;-0.8986;-0.3917
0;0.2716;0.3007;-0.9227;-0.4489
0;0.2681;0.24;-0.9826;-0.5192
0;0.2668;0.2053;-0.9951;-0.5799
0;0.2672;0.1371;-0.9731;-0.6183
0;0.2657;0.0837;-0.96;-0.6542
0;0.2665;0.1041;-0.8692;-0.6687
0;0.2732;0.2399;-0.1667;-0.6164
0;0.2718;0.2053;-0.303;-0.581
0;0.2644;0.2822;-0.7719;-0.6097
0;0.2643;0.3169;-0.7516;-0.6265
0;0.2652;0.3724;-0.6797;-0.6256
0;0.2674;0.4121;-0.5033;-0.5998
2;0.2659;0.3696;-0.6209;-0.5854
0;0.2655;0.3799;-0.6536;-0.5713
0;0.2657;0.396;-0.634;-0.552
1;0.2637;0.4187;-0.7974;-0.5481
0;0.2635;0.4357;-0.8158;-0.5412
0;0.2649;0.4562;-0.4304;-0.5184
0;0.266;0.5046;-0.3077;-0.4854
0;0.264;0.4532;-0.6923;-0.4713
0;0.2599;0.2323;-0.9231;-0.49
0;0.2579;0.2271;-0.96;-0.5166
0;0.2574;0.3117;-0.8676;-0.5361
0;0.2587;0.3577;-0.75;-0.5349
2;0.2617;0.4212;-0.4706;-0.5024
0;0.2608;0.3424;-0.5515;-0.4789
0;0.2618;0.3984;-0.4632;-0.4472
0;0.266;0.5101;-0.1071;-0.382
1;0.2657;0.4983;-0.1987;-0.3292
0;0.2638;0.5017;-0.351;-0.2999
0;0.265;0.5307;-0.2517;-0.2634
0;0.2675;0.5511;-0.1166;-0.2107
0;0.2644;0.4713;-0.3919;-0.1935
0;0.2661;0.5381;-0.2849;-0.1635
0;0.2632;0.5636;-0.6116;-0.1622
0;0.259;0.52;-0.8916;-0.1954
0;0.2527;0.4316;-0.9902;-0.2732
2;0.2556;0.4574;-0.8131;-0.3069
0;0.2594;0.4687;-0.582;-0.2976
0;0.2633;0.5311;-0.3459;-0.2541
0;0.2645;0.5331;-0.277;-0.2075
0;0.2653;0.4903;-0.1514;-0.1616
1;0.266;0.5046;-0.1027;-0.1176
0;0.2648;0.5133;-0.1793;-0.092
0;0.2638;0.4833;-0.2446;-0.0791
0;0.2665;0.486;-0.0652;-0.0453
0;0.2707;0.5844;-0.0776;0.0176
0;0.2684;0.5298;-0.2582;0.047
0;0.2688;0.5782;-0.2847;0.0738
0;0.2705;0.6724;-0.1927;0.1079
0;0.2696;0.8041;-0.2936;0.1261
0;0.2711;0.7938;-0.1193;0.1521
0;0.271;0.7536;-0.1376;0.1697
0;0.2737;0.7406;-0.0229;0.2052
0;0.2731;0.7038;-0.1818;0.2254
0;0.2728;0.6838;-0.3412;0.2369
0;0.2721;0.6482;-0.4471;0.2373
0;0.2753;0.7329;-0.1731;0.2619
0;0.2806;0.8121;-0.2347;0.3234
0;0.2758;0.662;-0.5306;0.3284
0;0.2744;0.5701;-0.6387;0.3164
0;0.2767;0.6604;-0.4869;0.3237
0;0.2767;0.654;-0.5471;0.3259
0;0.2791;0.6636;-0.3765;0.3442
2;0.285;0.7461;-0.0529;0.4054
0;0.2897;0.7689;-0.0445;0.4886
0;0.2908;0.7798;-0.0119;0.5587
0;0.2923;0.7714;-0.1099;0.6203
0;0.2952;0.8036;-0.0882;0.6872
0;0.296;0.8132;-0.0737;0.7394
0;0.2972;0.8351;-0.0609;0.7831
0;0.2947;0.7638;-0.1603;0.7878
0;0.2958;0.7338;-0.1154;0.7928
0;0.2966;0.8612;-0.1144;0.7946
0;0.2989;0.9148;-0.0115;0.8075
0;0.2978;0.8711;-0.2148;0.7995
0;0.3024;0.8892;-0.0427;0.8241
0;0.3015;0.8535;-0.1789;0.8264
0;0.3032;0.8314;-0.1745;0.8346
0;0.303;0.7887;-0.1986;0.8301
0;0.3055;0.8007;-0.0263;0.8392
0;0.3039;0.736;-0.1742;0.8237
0;0.3013;0.6254;-0.3806;0.7806
0;0.3;0.5803;-0.6356;0.7273
0;0.2997;0.5529;-0.661;0.6756
0;0.2983;0.5786;-0.8972;0.6153
2;0.2958;0.4983;-0.8194;0.5398
0;0.2944;0.4557;-0.9172;0.4629
0;0.2988;0.497;-0.5732;0.4346
0;0.2947;0.4481;-0.8917;0.3733
0;0.2939;0.3354;-0.8721;0.3141
0;0.2912;0.3147;-0.9651;0.2413
0;0.2891;0.2471;-0.9548;0.1635
0;0.2892;0.2515;-0.9484;0.1012
0;0.291;0.2312;-0.7698;0.0662
0;0.2927;0.2934;-0.6015;0.0524
0;0.2882;0.2745;-0.9357;0.003
0;0.2903;0.3384;-0.748;-0.0178
0;0.2929;0.3934;-0.5207;-0.0123
0;0.289;0.366;-0.8127;-0.0407
0;0.2891;0.3964;-0.8028;-0.0619
0;0.2908;0.4453;-0.5946;-0.0633
1;0.2941;0.4258;-0.1982;-0.0359
0;0.294;0.4878;-0.2081;-0.0146
0;0.2915;0.4587;-0.5154;-0.0192
0;0.2874;0.4373;-0.6993;-0.0576
0;0.2839;0.419;-0.966;-0.1165
0;0.2838;0.4153;-0.9;-0.1631
2;0.2869;0.4387;-0.6625;-0.1715
0;0.2884;0.4363;-0.5438;-0.1631
0;0.29;0.5299;-0.425;-0.1415
0;0.2926;0.5362;-0.2313;-0.1013
0;0.2917;0.4788;-0.3;-0.0763
1;0.292;0.5581;-0.1471;-0.053
0;0.2936;0.5836;-0.1392;-0.0201
0;0.2968;0.6052;-0.0385;0.0332
0;0.2932;0.4843;-0.2802;0.0442
0;0.2928;0.4789;-0.3314;0.0489
0;0.2961;0.5769;-0.2667;0.08
0;0.2984;0.6959;-0.1712;0.1231
0;0.2953;0.7041;-0.45;0.1293
0;0.2917;0.6263;-0.856;0.1021
0;0.2941;0.6183;-0.616;0.1005
0;0.2925;0.5657;-0.776;0.0843
0;0.2973;0.6077;-0.304;0.1117
2;0.2966;0.5627;-0.376;0.1259
0;0.2949;0.55;-0.536;0.1218
0;0.2941;0.532;-0.616;0.1103
0;0.2892;0.4395;-0.9448;0.0582
0;0.287;0.3626;-0.9748;-0.0016
0;0.2805;0.3348;-0.9671;-0.1045
0;0.2748;0.2946;-0.8261;-0.2326
0;0.2704;0.2139;-0.9156;-0.3687
0;0.2687;0.1651;-0.8832;-0.486
0;0.2589;0.1435;-0.9861;-0.6562
0;0.2606;0.1829;-0.8189;-0.7694
0;0.246;0.1063;-0.9902;-0.9739
0;0.2566;0.2432;-0.7218;-1.0353
0;0.245;0.1586;-0.9422;-1.1711
0;0.2564;0.27;-0.6692;-1.1687
0;0.2575;0.2848;-0.612;-1.1446
0;0.264;0.3375;-0.2926;-1.0584
0;0.2638;0.3555;-0.3005;-0.9814
0;0.2646;0.3704;-0.1107;-0.9033
1;0.2552;0.3588;-0.4821;-0.9117
0;0.2569;0.395;-0.4169;-0.8947
0;0.2573;0.4196;-0.4007;-0.8683
0;0.2625;0.4632;-0.2128;-0.7944
0;0.2649;0.5382;-0.1107;-0.7075
0;0.2618;0.5078;-0.3799;-0.6574
1;0.2623;0.6256;-0.3464;-0.6067
0;0.2668;0.5868;-0.0604;-0.5227
0;0.2687;0.742;-0.093;-0.4342
0;0.272;0.6908;-0.082;-0.332
0;0.2704;0.6548;-0.2153;-0.2619
0;0.266;0.5251;-0.4462;-0.2408
0;0.265;0.5154;-0.494;-0.2301
0;0.2709;0.5693;-0.2112;-0.1697
0;0.2694;0.6903;-0.2829;-0.1328
2;0.2617;0.5551;-0.6574;-0.1679
0;0.263;0.5642;-0.7129;-0.1827
0;0.264;0.5187;-0.6548;-0.1838
0;0.2671;0.5278;-0.4708;-0.156
0;0.2702;0.6029;-0.2916;-0.1063
0;0.2718;0.6132;-0.0677;-0.0526
1;0.2682;0.5178;-0.3102;-0.0401
0;0.2703;0.5191;-0.183;-0.0122
0;0.2649;0.4175;-0.563;-0.0359
0;0.2589;0.3794;-0.8318;-0.1051
0;0.2582;0.4113;-0.8455;-0.1641
2;0.2629;0.4775;-0.5909;-0.1693
0;0.2673;0.4614;-0.35;-0.1342
0;0.2656;0.4595;-0.4409;-0.1193
0;0.2716;0.6118;-0.1136;-0.0554
0;0.272;0.6031;-0.2375;-0.0017
1;0.2626;0.4864;-0.6705;-0.0391
0;0.2607;0.4368;-0.7086;-0.0837
0;0.2616;0.4117;-0.6691;-0.1102
0;0.2613;0.3891;-0.6835;-0.1327
0;0.2629;0.4412;-0.6151;-0.1356
2;0.269;0.4874;-0.3489;-0.0842
0;0.2655;0.507;-0.5;-0.0725
1;0.2709;0.6281;-0.2698;-0.0173
0;0.272;0.6455;-0.223;0.0355
0;0.2743;0.6271;-0.0081;0.0965
0;0.2687;0.5154;-0.3295;0.0963
0;0.2727;0.5731;-0.1781;0.1289
0;0.2706;0.4888;-0.2922;0.1356
0;0.2728;0.509;-0.236;0.1578
0;0.2774;0.6787;-0.0438;0.2125
0;0.2789;0.7206;-0.0172;0.266
0;0.2737;0.633;-0.4685;0.2615
0;0.2789;0.6755;-0.1;0.2997
0;0.2853;0.7039;-0.1055;0.381
0;0.292;0.7066;-0.1178;0.4975
0;0.2869;0.687;-0.3021;0.5409
0;0.2833;0.6117;-0.4514;0.5383
0;0.2843;0.6117;-0.4107;0.5397
0;0.2872;0.6152;-0.3619;0.5591
0;0.2829;0.6301;-0.5522;0.5324
2;0.2854;0.6197;-0.4403;0.5269
0;0.2867;0.6534;-0.4256;0.5276
0;0.281;0.5738;-0.8814;0.4746
0;0.2908;0.6104;-0.2732;0.511
0;0.2991;0.6495;-0.1041;0.6049
0;0.2967;0.676;-0.2156;0.6513
0;0.2972;0.6506;-0.1933;0.6851
0;0.2918;0.5546;-0.4312;0.6594
1;0.2897;0.4795;-0.5242;0.6144
0;0.2907;0.5369;-0.4833;0.5803
2;0.2839;0.5062;-0.7844;0.49
0;0.2812;0.4715;-0.9071;0.3904
0;0.276;0.4035;-1.0;0.264
0;0.2758;0.4334;-0.9904;0.1596
0;0.2849;0.4959;-0.5876;0.1532
0;0.2868;0.5007;-0.5073;0.1621
0;0.2973;0.6237;-0.0187;0.2571
0;0.2967;0.5521;-0.1084;0.3242
0;0.2951;0.4592;-0.1783;0.3595
1;0.2932;0.4654;-0.2552;0.368
0;0.2944;0.4725;-0.2063;0.3807
0;0.2962;0.5466;-0.1329;0.4014
2;0.2927;0.5304;-0.2797;0.3839
0;0.2967;0.5595;-0.1348;0.4006
0;0.2945;0.6136;-0.358;0.3904
0;0.2945;0.6521;-0.6237;0.3783
0;0.2993;0.7681;-0.1792;0.4054
0;0.306;0.8032;-0.1572;0.4796
1;0.3051;0.7421;-0.2112;0.5252
0;0.3069;0.7423;-0.1538;0.5712
0;0.312;0.703;-0.0321;0.6442
0;0.3142;0.731;-0.029;0.7135
0;0.3161;0.7767;-0.0636;0.777
0;0.319;0.8294;0.0;0.843
0;0.3177;0.7976;-0.0493;0.8753
0;0.315;0.7352;-0.1567;0.8687
0;0.3176;0.8179;-0.0846;0.8757
0;0.3173;0.7911;-0.1064;0.8697
0;0.3223;0.8653;-0.1171;0.8987
0;0.3227;0.8665;-0.1068;0.9148
0;0.3261;0.8614;-0.1313;0.9464
0;0.3238;0.7726;-0.2961;0.9419
0;0.3231;0.7786;-0.3813;0.9227
0;0.3242;0.7733;-0.3;0.9071
0;0.3233;0.7055;-0.3688;0.8773
0;0.325;0.7;-0.2549;0.8588
2;0.3225;0.6166;-0.4444;0.8144
0;0.3267;0.6345;-0.1513;0.8065
0;0.3271;0.6687;-0.1171;0.7953
0;0.3304;0.7699;-0.1104;0.8058
0;0.3299;0.7333;-0.1494;0.8014
0;0.3263;0.6507;-0.4286;0.7586
1;0.3264;0.5811;-0.461;0.7176
0;0.3255;0.5563;-0.5319;0.6705
0;0.3264;0.5074;-0.461;0.6334
2;0.3242;0.5092;-0.6454;0.579
0;0.3273;0.5833;-0.4463;0.5563
0;0.3221;0.4642;-0.9355;0.4883
0;0.3251;0.5294;-0.6452;0.4552
0;0.3235;0.4772;-0.6857;0.4108
0;0.3229;0.5071;-0.6942;0.3664
0;0.3232;0.4309;-0.6694;0.3297
2;0.3251;0.4627;-0.3762;0.3137
1;0.3234;0.3618;-0.5842;0.2828
0;0.3211;0.3385;-0.8515;0.2362
0;0.3191;0.3595;-0.8943;0.1798
0;0.3207;0.3969;-0.7317;0.1477
0;0.3216;0.4277;-0.6504;0.1281
0;0.32;0.3862;-0.7983;0.0976
0;0.321;0.4406;-0.64;0.0812
0;0.3245;0.4492;-0.2909;0.0974
1;0.3209;0.4771;-0.6818;0.0784
0;0.3217;0.4265;-0.6;0.069
0;0.3241;0.5121;-0.3364;0.0816
0;0.3215;0.4728;-0.6182;0.0685
0;0.3211;0.4603;-0.6759;0.0539
2;0.323;0.4603;-0.463;0.0583
0;0.3213;0.4603;-0.6574;0.0461
0;0.3181;0.4448;-0.8934;0.0089
0;0.3192;0.5032;-0.7197;-0.0106
0;0.3236;0.5489;-0.1682;0.0114
0;0.3151;0.4123;-0.8852;-0.0436
0;0.314;0.418;-0.7516;-0.0957
0;0.3148;0.414;-0.6957;-0.1294
0;0.3165;0.3824;-0.5714;-0.1402
0;0.3207;0.4964;-0.2609;-0.1115
2;0.3258;0.5521;-0.0111;-0.0444
0;0.3253;0.5153;-0.0949;0.0046
1;0.3239;0.5331;-0.1792;0.0316
0;0.3236;0.5356;-0.1951;0.0504
0;0.3225;0.4919;-0.2689;0.0545
0;0.3213;0.5013;-0.3374;0.0478
2;0.3208;0.5436;-0.4789;0.0377
0;0.32;0.5119;-0.5913;0.0221
0;0.3235;0.4978;-0.3348;0.0392
0;0.329;0.7512;-0.0342;0.0992
0;0.3302;0.7915;-0.1361;0.1555
0;0.326;0.6805;-0.4694;0.1628
0;0.3235;0.6095;-0.6735;0.1452
1;0.3268;0.5984;-0.4082;0.158
0;0.3277;0.5363;-0.3333;0.1743
0;0.3295;0.5753;-0.1905;0.2004
2;0.331;0.6257;-0.068;0.2319
0;0.3309;0.6276;-0.0863;0.2528
0;0.3296;0.6257;-0.2213;0.2558
0;0.3272;0.5989;-0.4508;0.2352
0;0.3275;0.6127;-0.4167;0.2186
0;0.3257;0.5938;-0.5917;0.1881
2;0.3215;0.4685;-0.9917;0.1266
0;0.323;0.388;-0.8512;0.0891
0;0.3277;0.4596;-0.3884;0.0991
0;0.3268;0.514;-0.4793;0.098
0;0.3265;0.5593;-0.5124;0.0932
0;0.3296;0.5563;-0.2066;0.1151
1;0.3257;0.4634;-0.5536;0.0979
0;0.3257;0.4267;-0.5495;0.0834
0;0.327;0.423;-0.4054;0.0826
0;0.3274;0.4332;-0.3694;0.084
0;0.3273;0.4539;-0.4528;0.0834
0;0.3339;0.6152;-0.1497;0.1385
0;0.335;0.6261;-0.0949;0.1898
0;0.3344;0.65;-0.1533;0.2224
0;0.3333;0.7294;-0.2409;0.2371
0;0.3305;0.6395;-0.4818;0.2223
0;0.328;0.5051;-0.7007;0.1866
0;0.3287;0.5395;-0.635;0.163
2;0.3242;0.4604;-1.0;0.1036
0;0.3267;0.4491;-0.7872;0.0775
0;0.3236;0.463;-0.9484;0.03
0;0.3253;0.4927;-0.7151;0.0061
0;0.3212;0.408;-0.9135;-0.0475
0;0.3253;0.4714;-0.6389;-0.0539
0;0.3236;0.451;-0.7059;-0.0728
0;0.3219;0.3141;-0.8049;-0.102
0;0.32;0.2737;-0.955;-0.1399
0;0.3188;0.2695;-0.9134;-0.1783
0;0.3178;0.2695;-0.8;-0.2154
0;0.32;0.341;-0.5944;-0.2235
0;0.3196;0.3644;-0.6294;-0.2312
0;0.3199;0.3556;-0.6014;-0.2319
0;0.3183;0.3938;-0.7343;-0.2437
0;0.3198;0.3706;-0.6084;-0.2374
1;0.3164;0.3659;-0.8655;-0.2588
0;0.3188;0.3834;-0.4943;-0.2527
0;0.3191;0.4574;-0.4353;-0.2424
0;0.3225;0.4396;0.0;-0.2027
0;0.3262;0.5507;-0.0966;-0.1383
0;0.3273;0.6111;-0.0588;-0.0767
1;0.3274;0.6629;-0.1714;-0.0266
0;0.3306;0.7388;0.0;0.0406
0;0.3304;0.7623;-0.1797;0.0909
0;0.3337;0.7731;-0.0646;0.1581
0;0.335;0.797;-0.0672;0.2202
0;0.3342;0.7711;-0.1115;0.2603
0;0.3375;0.8421;-0.0828;0.3169
0;0.3373;0.8276;-0.1153;0.3566
0;0.3394;0.9526;-0.174;0.4016
0;0.3457;0.9589;-0.0557;0.4862
0;0.3423;0.8589;-0.2227;0.5191
0;0.3446;0.854;-0.2925;0.5593
0;0.3487;0.8558;-0.1102;0.6193
0;0.35;0.8566;-0.0577;0.671
0;0.3592;0.8886;0.0;0.7827
0;0.36;0.8817;0.0;0.8698
0;0.3597;0.8797;-0.0507;0.9262
0;0.3582;0.8318;-0.1236;0.9476
0;0.3571;0.8024;-0.1867;0.9457
0;0.3625;0.8431;-0.0508;0.9795
0;0.3559;0.7074;-0.3504;0.9401
0;0.3545;0.6887;-0.4585;0.8875
0;0.3692;0.7559;-0.0903;0.9608
0;0.374;0.7496;-0.0373;1.0492
0;0.3729;0.7816;-0.0877;1.099
0;0.3802;0.7997;-0.0544;1.1878
0;0.378;0.7556;-0.1299;1.227
1;0.378;0.75;-0.1299;1.2448
0;0.3735;0.6388;-0.29;1.207
0;0.3723;0.6179;-0.3323;1.1541
0;0.3673;0.5671;-0.5076;1.0579
2;0.3667;0.5767;-0.8294;0.9657
0;0.3728;0.6293;-0.4929;0.9347
0;0.388;0.6813;-0.0241;1.0296
0;0.3827;0.6932;-0.2371;1.0482
0;0.38;0.6805;-0.3436;1.0291
0;0.381;0.6036;-0.3058;1.0111
1;0.3778;0.5343;-0.433;0.9592
0;0.3798;0.5612;-0.3505;0.9257
2;0.3828;0.5248;-0.2337;0.9143
0;0.3785;0.5048;-0.4164;0.8598
0;0.3791;0.5095;-0.5068;0.8122
0;0.381;0.5721;-0.5205;0.7821
0;0.3834;0.6052;-0.2553;0.7713
0;0.3822;0.6504;-0.2913;0.7436
0;0.3821;0.6573;-0.2992;0.7132
0;0.3791;0.5685;-0.5345;0.6561
0;0.378;0.3424;-0.7551;0.5954
0;0.3729;0.3443;-0.8387;0.4974
2;0.3764;0.4441;-0.5742;0.4449
0;0.3694;0.3498;-0.9827;0.3397
0;0.3692;0.3786;-0.9402;0.251
0;0.3682;0.3308;-0.9064;0.1704
0;0.371;0.3275;-0.7488;0.1285
0;0.3704;0.3662;-0.7833;0.089
0;0.3685;0.3342;-0.8757;0.0409
0;0.3705;0.336;-0.7097;0.0194
0;0.371;0.2923;-0.6434;0.0066
1;0.3704;0.2991;-0.6303;-0.0087
0;0.3721;0.3389;-0.4386;-0.006
0;0.3737;0.4099;-0.1443;0.01
0;0.3806;0.5364;-0.0121;0.081
0;0.379;0.5957;-0.2167;0.1221
0;0.3808;0.5726;-0.1;0.1686
0;0.3814;0.7509;-0.1244;0.2085
0;0.3831;0.7755;-0.0207;0.2524
0;0.3879;0.8375;-0.0202;0.3248
0;0.3788;0.6112;-0.4857;0.3017
0;0.3821;0.6546;-0.3164;0.3083
0;0.3828;0.6946;-0.3094;0.3162
0;0.3866;0.7085;-0.1718;0.3507
0;0.3899;0.7281;-0.0523;0.4022
0;0.39;0.7399;-0.1878;0.44
1;0.392;0.7417;-0.0608;0.4821
0;0.3918;0.7262;-0.2611;0.5079
0;0.3909;0.6521;-0.3053;0.5154
0;0.3928;0.7027;-0.208;0.5321
0;0.3917;0.663;-0.2703;0.5301
0;0.3927;0.6674;-0.2388;0.5317
0;0.3949;0.6717;-0.1429;0.5457
0;0.3976;0.6505;-0.0592;0.5738
0;0.4006;0.9139;-0.1677;0.615
0;0.4019;0.9071;-0.1279;0.6526
0;0.4025;0.9065;-0.093;0.6798
0;0.401;0.8294;-0.2102;0.6815
0;0.396;0.631;-0.5341;0.6336
0;0.3947;0.5951;-0.6193;0.578
0;0.3962;0.5863;-0.586;0.5406
0;0.4046;0.6989;-0.0261;0.577
0;0.4097;0.7571;-0.05;0.6423
0;0.4116;0.7571;-0.0512;0.7031
0;0.4165;0.8082;-0.0151;0.7855
1;0.4085;0.6661;-0.366;0.7736
0;0.4037;0.5878;-0.5736;0.7155
0;0.3986;0.5091;-0.7962;0.6186
0;0.3985;0.4789;-0.8;0.535
0;0.4021;0.5017;-0.6967;0.4944
2;0.4008;0.4843;-0.8009;0.4461
0;0.3963;0.4578;-0.9258;0.365
0;0.399;0.5277;-0.8047;0.32
0;0.3995;0.5455;-0.7812;0.2857
0;0.3967;0.504;-0.8657;0.2313
0;0.3988;0.439;-0.6454;0.2044
0;0.3861;0.2873;-0.8919;0.0734
0;0.3808;0.2378;-1.0;-0.0763
0;0.3826;0.195;-0.8635;-0.1779
0;0.3823;0.2269;-0.873;-0.2583
0;0.3794;0.2358;-0.9806;-0.344
0;0.3739;0.2341;-0.9615;-0.4542
0;0.3717;0.224;-0.9375;-0.5547
0;0.3741;0.2026;-0.8207;-0.6081
0;0.3764;0.2468;-0.7525;-0.6238
0;0.3783;0.3029;-0.6375;-0.6133
0;0.3812;0.3055;-0.3651;-0.5742
0;0.3846;0.3464;-0.1111;-0.5086
1;0.3839;0.3626;-0.1481;-0.4574
0;0.3811;0.3118;-0.2762;-0.4358
0;0.3874;0.515;-0.0044;-0.361
0;0.3883;0.6043;-0.0927;-0.2902
0;0.3848;0.5286;-0.251;-0.2616
0;0.386;0.5469;-0.2742;-0.2259
0;0.3856;0.5861;-0.3216;-0.1984
0;0.3855;0.6882;-0.3972;-0.1753
0;0.3866;0.7493;-0.3121;-0.1465
2;0.3876;0.7378;-0.227;-0.1133
0;0.3863;0.6804;-0.3333;-0.0971
0;0.3925;0.7233;-0.0517;-0.0309
0;0.3931;0.7021;-0.1679;0.0267
0;0.3854;0.5118;-0.8164;0.0064
0;0.3818;0.4713;-0.9211;-0.0403
0;0.3826;0.5211;-0.8665;-0.0699
0;0.3879;0.5083;-0.4817;-0.0471
0;0.3828;0.4277;-0.8233;-0.0718
2;0.3697;0.3413;-0.9477;-0.2021
0;0.3641;0.289;-0.9806;-0.3503
0;0.3632;0.2861;-0.9707;-0.4707
0;0.3625;0.2827;-0.9687;-0.5666
0;0.3613;0.2622;-0.9034;-0.6465
0;0.3563;0.2262;-0.9974;-0.7443
0;0.359;0.2661;-0.7928;-0.7911
0;0.3625;0.2311;-0.7027;-0.7898
0;0.3712;0.3283;-0.4797;-0.7067
0;0.368;0.3536;-0.2935;-0.6606
0;0.3693;0.3908;-0.1532;-0.606
1;0.3699;0.3879;-0.191;-0.5522
0;0.3734;0.3684;-0.0375;-0.4734
0;0.3751;0.4252;-0.1182;-0.3921
0;0.3791;0.6108;-0.0302;-0.2905
0;0.38;0.7116;-0.0621;-0.1991
0;0.3759;0.6552;-0.2634;-0.16
0;0.373;0.622;-0.4163;-0.1521
0;0.3749;0.6553;-0.4655;-0.1286
0;0.3769;0.7511;-0.3392;-0.0916
0;0.3788;0.7467;-0.2609;-0.0451
2;0.3755;0.6623;-0.5441;-0.0363
0;0.377;0.5893;-0.5283;-0.0156
1;0.3811;0.6935;-0.0943;0.0352
0;0.3764;0.5957;-0.5943;0.0353
0;0.3828;0.651;-0.0645;0.0894
0;0.3814;0.5978;-0.2126;0.1191
0;0.3792;0.5499;-0.4228;0.1227
0;0.3668;0.3768;-0.8584;0.0185
0;0.3582;0.3099;-0.9932;-0.1367
0;0.3633;0.3919;-0.7959;-0.2143
0;0.3603;0.3913;-0.9116;-0.2986
0;0.3595;0.3664;-0.9422;-0.3684
0;0.3611;0.3615;-0.881;-0.4062
0;0.3628;0.3596;-0.8129;-0.4167
1;0.3635;0.389;-0.7891;-0.4154
0;0.3608;0.3529;-0.8861;-0.4322
0;0.3612;0.3066;-0.8125;-0.438
0;0.3632;0.3645;-0.2892;-0.4207
0;0.3702;0.3723;0.0;-0.3431
0;0.3741;0.4291;-0.0469;-0.2456
0;0.3727;0.4357;-0.1302;-0.1781
0;0.3768;0.6168;-0.123;-0.088
0;0.3728;0.692;-0.355;-0.0496
0;0.372;0.6279;-0.3931;-0.0263
0;0.3768;0.7304;-0.1832;0.0333
0;0.3747;0.7045;-0.2748;0.062
0;0.3738;0.6747;-0.371;0.0766
2;0.38;0.7103;-0.0588;0.1401
0;0.3792;0.6923;-0.2581;0.1819
0;0.383;0.763;-0.0366;0.2449
0;0.3794;0.7008;-0.3607;0.2614
0;0.3768;0.6476;-0.5246;0.2494
0;0.3828;0.6401;-0.1475;0.2886
0;0.3949;0.6957;-0.1206;0.4191
0;0.3948;0.7121;-0.1295;0.516
0;0.3919;0.649;-0.2341;0.5628
0;0.3903;0.6805;-0.3402;0.5801
0;0.3863;0.6384;-0.537;0.5531
0;0.3869;0.6064;-0.5093;0.5312
2;0.3906;0.6622;-0.343;0.5399
0;0.3877;0.6357;-0.4737;0.5162
0;0.3886;0.594;-0.4301;0.5003
0;0.3868;0.5805;-0.8781;0.4667
0;0.393;0.6011;-0.2903;0.4879
0;0.3904;0.6139;-0.5242;0.4776
0;0.3913;0.6559;-0.2247;0.4719
0;0.3926;0.6171;-0.0562;0.4737
0;0.3976;0.5383;-0.0604;0.5122
0;0.4016;0.5885;-0.3019;0.5709
0;0.4012;0.629;-0.317;0.6081
0;0.3995;0.6275;-0.3887;0.6167
0;0.4026;0.733;-0.2566;0.6432
0;0.4029;0.7303;-0.272;0.6595
0;0.4147;0.781;-0.0406;0.7653
0;0.4179;0.8504;-0.0802;0.8683
0;0.4171;0.8296;-0.107;0.9327
0;0.4113;0.7608;-0.3398;0.9247
0;0.4157;0.7515;-0.2099;0.9462
0;0.414;0.7649;-0.2863;0.9381
0;0.4122;0.7305;-0.3626;0.9067
2;0.4204;0.7661;-0.0078;0.9422
0;0.4242;0.7608;-0.019;0.9925
0;0.4305;0.7711;-0.024;1.0749
0;0.4245;0.6972;-0.3529;1.0774
0;0.4192;0.6568;-0.605;1.0228
0;0.4238;0.6648;-0.3866;1.008
0;0.4233;0.6589;-0.4076;0.9819
0;0.4161;0.5118;-0.7521;0.8893
2;0.4045;0.4013;-0.7399;0.7085
0;0.4048;0.4097;-0.7303;0.5616
0;0.4043;0.444;-0.7446;0.4353
0;0.3982;0.3633;-0.9093;0.2794
0;0.4008;0.3984;-0.8401;0.1754
0;0.3983;0.3941;-0.8892;0.0705
0;0.4027;0.3567;-0.7472;0.0248
0;0.4068;0.3595;-0.6165;0.023
0;0.4087;0.3113;-0.5154;0.0379
1;0.413;0.3972;-0.0553;0.0853
0;0.4137;0.4466;-0.2227;0.1278
0;0.4105;0.367;-0.3739;0.1328
0;0.4071;0.3467;-0.5336;0.1068
0;0.4002;0.3491;-0.8613;0.0266
0;0.419;0.6217;-0.0775;0.1224
0;0.4135;0.5669;-0.4746;0.15
0;0.419;0.6053;-0.2948;0.2168
0;0.4175;0.6481;-0.3465;0.2543
0;0.4216;0.656;-0.281;0.3157
1;0.4149;0.6175;-0.4876;0.3044
0;0.4167;0.6026;-0.4325;0.3072
0;0.4134;0.5493;-0.5449;0.2785
0;0.4289;0.6247;-0.2136;0.3843
0;0.4377;0.6446;-0.1449;0.538
0;0.4314;0.5973;-0.3824;0.6001
0;0.4303;0.6109;-0.4171;0.6328
0;0.4266;0.6091;-0.5397;0.6211
1;0.429;0.6698;-0.4658;0.6255
0;0.421;0.5138;-0.7123;0.5548
2;0.4183;0.5336;-0.8386;0.4698
0;0.428;0.5593;-0.5245;0.4798
0;0.4284;0.5733;-0.5457;0.4864
0;0.4271;0.5383;-0.5923;0.4751
0;0.4266;0.5893;-0.548;0.4573
0;0.4251;0.5644;-0.5052;0.4256
1;0.4137;0.5021;-0.9597;0.2997
0;0.4199;0.4294;-0.6624;0.2498
0;0.4146;0.309;-0.8594;0.163
0;0.413;0.335;-0.9317;0.0793
0;0.4171;0.3882;-0.747;0.0473
0;0.4224;0.4651;-0.51;0.0664
0;0.415;0.3927;-0.8434;0.0178
0;0.4138;0.4384;-0.8768;-0.0305
0;0.4159;0.4791;-0.757;-0.0508
1;0.4159;0.3748;-0.6688;-0.0663
0;0.4213;0.4336;-0.2803;-0.0315
2;0.4236;0.4678;-0.1375;0.0152
0;0.4254;0.4895;-0.1929;0.0677
0;0.4285;0.5298;-0.1023;0.1342
0;0.4316;0.6832;-0.0769;0.2116
0;0.4337;0.654;-0.0456;0.2879
0;0.4335;0.7381;-0.1294;0.3434
0;0.4309;0.7203;-0.2308;0.3614
0;0.43;0.6722;-0.2784;0.3643
0;0.4235;0.5139;-0.6535;0.3073
0;0.427;0.6727;-0.6509;0.2887
2;0.4263;0.6832;-0.6923;0.2657
0;0.4282;0.6816;-0.568;0.2606
0;0.4268;0.654;-0.6627;0.2418
0;0.4304;0.6347;-0.426;0.2547
1;0.4332;0.6414;-0.2367;0.2864
0;0.4319;0.5957;-0.3006;0.297
0;0.4293;0.5121;-0.5479;0.2802
0;0.4304;0.4799;-0.484;0.2731
0;0.434;0.5055;-0.266;0.2957
0;0.4337;0.5027;-0.3121;0.3073
0;0.4336;0.5441;-0.3179;0.3125
0;0.4328;0.5457;-0.3699;0.3064
0;0.4338;0.7076;-0.3064;0.3067
0;0.433;0.6382;-0.4692;0.2976
2;0.4323;0.6356;-0.5565;0.2812
0;0.433;0.6154;-0.4919;0.2714
0;0.4327;0.6486;-0.4773;0.2577
0;0.4339;0.602;-0.3457;0.2548
0;0.4286;0.3839;-0.88;0.2044
0;0.4262;0.3644;-0.8394;0.142
0;0.4251;0.3927;-0.9071;0.0822
0;0.4249;0.3541;-0.9214;0.0327
0;0.424;0.1854;-0.8968;-0.0142
2;0.4271;0.3254;-0.671;-0.0244
0;0.4264;0.3148;-0.7226;-0.0383
0;0.4254;0.3119;-0.7935;-0.0572
0;0.4209;0.2209;-0.9016;-0.1101
0;0.4207;0.2262;-0.6754;-0.1522
0;0.4208;0.2367;-0.6702;-0.183
0;0.4225;0.2695;-0.5707;-0.1908
0;0.4218;0.2654;-0.6126;-0.2011
0;0.426;0.3481;-0.2293;-0.1714
0;0.4245;0.408;-0.3113;-0.1591
1;0.4243;0.4533;-0.3245;-0.1492
0;0.4265;0.5336;-0.1119;-0.1209
0;0.4287;0.5808;-0.2176;-0.0791
0;0.4301;0.6278;-0.1814;-0.0332
0;0.4314;0.5961;-0.133;0.0141
0;0.4308;0.6009;-0.1928;0.0465
0;0.4344;0.6843;-0.1398;0.1022
0;0.4328;0.778;-0.243;0.1312
0;0.4363;0.8151;-0.1497;0.1825
0;0.4351;0.7748;-0.2174;0.2103
0;0.4328;0.6944;-0.4232;0.2108
0;0.4298;0.6398;-0.8063;0.1837
0;0.4285;0.548;-0.9916;0.149
0;0.4297;0.6027;-0.8062;0.1307
2;0.4298;0.6084;-0.7984;0.1157
0;0.4308;0.5883;-0.6479;0.1111
0;0.4292;0.5111;-0.7746;0.0925
0;0.4394;0.6427;-0.2526;0.1633
1;0.436;0.5677;-0.4433;0.1891
0;0.436;0.5752;-0.4485;0.2066
0;0.4348;0.5057;-0.5155;0.2083
0;0.4317;0.4837;-0.6907;0.1813
0;0.4305;0.4052;-0.7629;0.1475
2;0.4261;0.3687;-0.9378;0.0826
0;0.4281;0.4305;-0.7665;0.0473
0;0.4263;0.446;-0.8546;0.0038
0;0.4214;0.4025;-0.8889;-0.0719
0;0.4198;0.3639;-0.9356;-0.1445
0;0.4252;0.4449;-0.6781;-0.1543
0;0.4247;0.4258;-0.6443;-0.1649
0;0.4202;0.398;-0.895;-0.2098
0;0.4193;0.2119;-0.7923;-0.2506
0;0.4189;0.2316;-0.7759;-0.2831
0;0.4197;0.2514;-0.6903;-0.2989
0;0.4167;0.2376;-0.9007;-0.3341
0;0.4195;0.3228;-0.5687;-0.3339
0;0.4088;0.2531;-0.9375;-0.4212
0;0.4109;0.3167;-0.789;-0.4679
0;0.4078;0.2622;-0.9325;-0.5257
0;0.4065;0.265;-0.9958;-0.5772
0;0.4077;0.3224;-0.7277;-0.6009
0;0.4122;0.4074;-0.5089;-0.5757
0;0.4089;0.292;-0.6696;-0.5773
0;0.4143;0.3824;-0.4018;-0.5266
0;0.4131;0.4128;-0.3878;-0.4917
1;0.4219;0.5268;-0.0311;-0.384
0;0.4237;0.5476;-0.0593;-0.2798
0;0.429;0.5848;-0.0133;-0.1496
0;0.4268;0.5936;-0.0963;-0.0645
0;0.4311;0.6042;-0.0154;0.0399
0;0.4333;0.7615;-0.0709;0.1408
0;0.4328;0.7416;-0.0912;0.2143
0;0.4333;0.7979;-0.0714;0.2744
0;0.4339;0.8262;-0.1098;0.3235
0;0.4383;0.8383;-0.0282;0.3963
0;0.4412;0.8326;-0.0418;0.4738
0;0.4477;0.9135;-0.0564;0.585
0;0.447;0.8868;-0.0815;0.6603
0;0.4492;0.9186;-0.0332;0.7317
0;0.4492;0.8976;-0.0517;0.7802
0;0.4524;0.9015;-0.0866;0.8369
0;0.4486;0.7863;-0.2383;0.8406
0;0.4445;0.7469;-0.4157;0.8001
0;0.44;0.6234;-0.7124;0.7215
0;0.4452;0.6521;-0.5202;0.6963
0;0.4468;0.6742;-0.5212;0.682
2;0.4456;0.6504;-0.6;0.6536
0;0.4413;0.583;-0.8802;0.5876
0;0.4395;0.5149;-0.8503;0.5146
0;0.4401;0.4862;-0.8193;0.4563
0;0.4375;0.3567;-0.8837;0.3832
0;0.4357;0.3469;-0.8382;0.3068
0;0.4448;0.4496;-0.2801;0.3206
0;0.4438;0.4395;-0.3415;0.3196
0;0.4486;0.4597;-0.0707;0.3563
0;0.449;0.505;-0.1627;0.3846
0;0.4495;0.5631;-0.1388;0.4066
1;0.4523;0.6638;-0.014;0.4436
0;0.4529;0.6168;-0.048;0.4734
0;0.4543;0.6148;0.0;0.5034
0;0.4553;0.6488;-0.0121;0.5303
0;0.4502;0.6339;-0.2428;0.5026
0;0.4524;0.69;-0.2258;0.4939
0;0.4525;0.6858;-0.2649;0.4826
0;0.4558;0.7701;-0.2479;0.4972
0;0.4529;0.7442;-0.5214;0.4787
0;0.4505;0.5987;-0.8;0.4382
0;0.4537;0.6608;-0.4727;0.4294
0;0.4832;0.8115;-0.0773;0.6681
0;0.4821;0.7945;-0.1063;0.8398
0;0.4778;0.7352;-0.2222;0.9291
0;0.4776;0.7199;-0.2293;0.988
0;0.4726;0.6588;-0.3634;0.9815
0;0.4715;0.6396;-0.3927;0.9567
2;0.4671;0.591;-0.5098;0.89
0;0.4694;0.6545;-0.4488;0.8472
0;0.4728;0.6614;-0.3706;0.8339
0;0.4778;0.6858;-0.4743;0.857
0;0.4809;0.6845;-0.3796;0.8924
0;0.4749;0.6547;-0.5833;0.8599
1;0.4868;0.7254;-0.1821;0.9255
0;0.4818;0.6711;-0.3488;0.9256
0;0.4737;0.4222;-0.6235;0.8472
0;0.4868;0.5319;-0.1821;0.8869
0;0.4869;0.5671;-0.3848;0.9103
0;0.4891;0.5819;-0.3514;0.9376
0;0.4982;0.672;-0.1257;1.0263
0;0.4993;0.6866;-0.0906;1.0946
1;0.5067;0.755;-0.0126;1.1994
0;0.5003;0.6893;-0.1958;1.2151
0;0.5012;0.6793;-0.1697;1.2223
0;0.5043;0.6714;-0.0809;1.2413
0;0.5066;0.6679;-0.068;1.2624
0;0.5007;0.6687;-0.2843;1.2154
2;0.5077;0.6463;-0.0594;1.225
0;0.5097;0.7029;-0.1069;1.2365
0;0.511;0.8015;-0.2741;1.244
0;0.5086;0.7128;-0.4024;1.2159
0;0.5119;0.7291;-0.259;1.2086
0;0.5154;0.7357;-0.1036;1.2202
0;0.5184;0.7033;-0.1872;1.2419
0;0.5132;0.6294;-0.4211;1.2017
0;0.519;0.6185;-0.1619;1.2068
0;0.5174;0.6801;-0.2387;1.1841
0;0.5209;0.6964;-0.2108;1.183
0;0.5228;0.689;-0.0973;1.1857
0;0.5214;0.6546;-0.1784;1.1638
0;0.5157;0.6571;-0.5549;1.0855
0;0.5168;0.6087;-0.4941;1.0215
0;0.5115;0.5197;-0.838;0.9152
0;0.5106;0.4954;-0.7776;0.8147
2;0.5158;0.5759;-0.488;0.7705
0;0.5167;0.5536;-0.4363;0.7352
0;0.5133;0.4763;-0.6276;0.6709
0;0.5096;0.4033;-0.8319;0.5819
0;0.5011;0.3757;-0.9843;0.4333
0;0.493;0.2451;-0.9387;0.2432
0;0.506;0.4081;-0.515;0.2005
0;0.5136;0.4451;-0.2665;0.2294
0;0.5109;0.4117;-0.3533;0.2271
0;0.5132;0.4397;-0.2891;0.2423
0;0.5204;0.5342;-0.056;0.3133
1;0.5168;0.5;-0.174;0.3347
0;0.5176;0.5453;-0.1475;0.355
0;0.5153;0.5338;-0.2212;0.3478
0;0.5145;0.4901;-0.2478;0.3314
0;0.506;0.426;-0.5619;0.2427
2;0.5046;0.4382;-0.8496;0.1585
0;0.5235;0.5807;-0.0204;0.2508
0;0.512;0.5615;-0.6657;0.2235
0;0.5126;0.6208;-0.6453;0.2052
0;0.5094;0.5244;-0.7471;0.1613
0;0.5138;0.502;-0.6076;0.1624
1;0.5158;0.536;-0.5465;0.1778
2;0.5177;0.5334;-0.4855;0.2044
0;0.5248;0.5328;-0.2587;0.284
0;0.5296;0.5941;-0.1519;0.384
0;0.5271;0.5682;-0.2433;0.4378
0;0.5274;0.5892;-0.2344;0.4779
0;0.5248;0.5737;-0.3205;0.4818
0;0.5196;0.603;-0.4866;0.4362
0;0.5383;0.7018;-0.0373;0.5543
0;0.5369;0.6011;-0.1433;0.6291
0;0.5466;0.7681;-0.0616;0.7638
0;0.5337;0.6376;-0.4709;0.7529
0;0.5375;0.6817;-0.3601;0.7682
1;0.5236;0.556;-0.8125;0.6539
0;0.5119;0.48;-0.9259;0.458
0;0.5027;0.4276;-0.9785;0.2203
2;0.5061;0.4066;-0.8511;0.0602
0;0.5069;0.3817;-0.8364;-0.0603
0;0.5111;0.418;-0.7518;-0.1188
0;0.5168;0.4485;-0.6379;-0.1154
0;0.5124;0.441;-0.7096;-0.1488
1;0.5122;0.4629;-0.6636;-0.1752
0;0.5166;0.3733;-0.5538;-0.1567
0;0.5134;0.3658;-0.3469;-0.1677
0;0.5187;0.3322;-0.018;-0.1295
0;0.5179;0.3884;-0.1218;-0.105
0;0.5208;0.3812;-0.0798;-0.0597
0;0.5197;0.4665;-0.1902;-0.0327
0;0.5171;0.553;-0.4183;-0.0336
0;0.529;0.7576;-0.0395;0.0671
0;0.5304;0.7477;-0.1547;0.1582
0;0.5311;0.7472;-0.1283;0.2338
0;0.5309;0.7204;-0.1417;0.2893
0;0.5311;0.6814;-0.1525;0.3315
0;0.5326;0.7769;-0.1523;0.3744
0;0.5303;0.7346;-0.2995;0.3848
0;0.5312;0.7076;-0.256;0.396
0;0.5362;0.8089;-0.0048;0.4433
0;0.5391;0.7958;-0.0905;0.5008
0;0.5385;0.7999;-0.2201;0.5353
0;0.5379;0.7677;-0.2515;0.5521
1;0.5364;0.7566;-0.3406;0.5462
0;0.5363;0.8215;-0.3459;0.5349
0;0.5395;0.7484;-0.1625;0.5478
0;0.5385;0.6941;-0.2201;0.5435
0;0.5442;0.7542;-0.1459;0.583
0;0.5403;0.6599;-0.4349;0.5749
0;0.535;0.5563;-0.8774;0.5171
0;0.5437;0.6318;-0.2875;0.5397
0;0.5406;0.6206;-0.4938;0.5259
0;0.5314;0.5021;-0.9728;0.431
2;0.5343;0.4809;-0.7989;0.3768
0;0.5404;0.5124;-0.4402;0.3819
0;0.5454;0.5614;-0.1467;0.4241
0;0.5468;0.5774;-0.1269;0.4647
0;0.5405;0.5335;-0.5207;0.4384
1;0.5373;0.5078;-0.682;0.3856
0;0.5408;0.5099;-0.5069;0.3697
0;0.5411;0.52;-0.4931;0.3556
0;0.5398;0.4632;-0.5576;0.3297
2;0.5374;0.4748;-0.6774;0.2855
0;0.5349;0.4992;-0.8018;0.2264
0;0.5371;0.4336;-0.6944;0.1963
0;0.532;0.4165;-0.9491;0.1274
0;0.5389;0.5763;-0.6065;0.1297
0;0.5357;0.5141;-0.6016;0.1036
0;0.5397;0.4922;-0.3237;0.1156
0;0.5367;0.4037;-0.554;0.0987
0;0.5377;0.3975;-0.482;0.0922
1;0.5371;0.4561;-0.5252;0.0814
0;0.5354;0.4752;-0.6547;0.0579
0;0.5411;0.5035;-0.4094;0.0867
0;0.5365;0.4473;-0.7018;0.0691
0;0.5241;0.3569;-0.9922;-0.0504
0;0.5246;0.3798;-0.8267;-0.1394
0;0.527;0.4258;-0.74;-0.1876
0;0.5175;0.3374;-0.9393;-0.3044
0;0.5166;0.3624;-0.941;-0.401
0;0.5139;0.2598;-0.9811;-0.4955
0;0.5223;0.3829;-0.7358;-0.4934
0;0.5233;0.3492;-0.7062;-0.4779
0;0.5268;0.4088;-0.5549;-0.4316
0;0.5343;0.4729;-0.088;-0.3263
0;0.5429;0.5419;-0.0031;-0.1669
1;0.5414;0.5427;-0.1137;-0.0529
0;0.5396;0.4887;-0.1691;0.0225
0;0.5441;0.5587;-0.0262;0.1202
0;0.5494;0.7175;-0.0225;0.2405
0;0.5436;0.6492;-0.1985;0.2833
0;0.5465;0.6522;-0.1531;0.3392
0;0.5517;0.7864;-0.0418;0.4235
0;0.556;0.8126;-0.0617;0.5222
0;0.5568;0.8505;-0.1163;0.6008
0;0.5542;0.788;-0.2275;0.6343
0;0.5552;0.788;-0.2098;0.6626
0;0.5523;0.7323;-0.3527;0.6528
0;0.5586;0.7263;-0.1631;0.6923
0;0.5549;0.6231;-0.4163;0.6846
0;0.5651;0.7069;0.0;0.7576
0;0.5639;0.7138;-0.1353;0.7969
0;0.5594;0.6341;-0.4611;0.7809
0;0.5612;0.6107;-0.3434;0.7757
0;0.5592;0.6572;-0.4769;0.7461
0;0.5541;0.5726;-0.8106;0.6713
2;0.5538;0.5221;-0.8288;0.603
0;0.5581;0.5224;-0.551;0.5798
0;0.5571;0.5036;-0.6187;0.5468
0;0.5611;0.5712;-0.3542;0.5489
0;0.5628;0.577;-0.2454;0.5589
0;0.5636;0.6207;-0.2326;0.568
1;0.5608;0.5254;-0.407;0.5455
0;0.5616;0.5819;-0.3605;0.5282
0;0.5549;0.3627;-0.7791;0.4522
0;0.5526;0.352;-0.6543;0.3677
0;0.5528;0.4025;-0.6461;0.2989
2;0.5515;0.3547;-0.6996;0.2312
0;0.5462;0.3232;-0.9153;0.1304
0;0.5475;0.4006;-0.7918;0.0607
0;0.5573;0.5419;-0.4015;0.088
0;0.5543;0.4533;-0.4713;0.0834
0;0.5439;0.3685;-0.9244;-0.0096
0;0.5599;0.4903;-0.1448;0.053
0;0.5509;0.4144;-0.5856;0.0252
0;0.5458;0.3791;-0.8333;-0.0404
0;0.5223;0.2963;-0.9647;-0.2906
0;0.5241;0.3038;-0.8745;-0.4697
0;0.5092;0.2798;-0.9293;-0.7321
2;0.4971;0.2557;-0.8828;-1.0338
0;0.5026;0.289;-0.8092;-1.2139
0;0.5029;0.2936;-0.8055;-1.3405
0;0.5129;0.3642;-0.6708;-1.3407
0;0.5165;0.3756;-0.6234;-1.2967
0;0.5269;0.3788;-0.4428;-1.1598
1;0.536;0.4304;-0.1551;-0.9622
0;0.5252;0.4292;-0.234;-0.888
0;0.5196;0.3344;-0.3501;-0.8675
0;0.5229;0.3791;-0.2824;-0.8144
0;0.5332;0.4481;-0.0847;-0.6764
0;0.5391;0.5809;-0.0451;-0.5107
0;0.5482;0.6087;-0.0021;-0.2973
0;0.5524;0.7156;-0.0606;-0.0906
0;0.5542;0.8178;-0.1106;0.0891
0;0.5514;0.7793;-0.161;0.2052
0;0.5521;0.7805;-0.148;0.3008
0;0.5472;0.7072;-0.2341;0.331
0;0.5524;0.713;-0.1905;0.3956
0;0.5518;0.6675;-0.2066;0.4375
2;0.554;0.6331;-0.2649;0.4841
0;0.5496;0.6997;-0.4403;0.4785
0;0.5532;0.7843;-0.3098;0.4998
1;0.5572;0.7869;-0.1412;0.5453
0;0.5549;0.7092;-0.2016;0.5556
0;0.5525;0.6385;-0.3086;0.5372
0;0.5551;0.5822;-0.1934;0.5392
0;0.5513;0.4865;-0.6471;0.5027
0;0.5521;0.4736;-0.5809;0.4756
2;0.5559;0.5551;-0.2794;0.4817
0;0.562;0.6056;-0.2238;0.5327
0;0.5631;0.6855;-0.3252;0.5767
0;0.5655;0.6636;-0.2195;0.6257
1;0.5636;0.6427;-0.3008;0.642
0;0.5668;0.6513;-0.1825;0.6748
0;0.5721;0.7597;-0.1007;0.7385
0;0.5757;0.7597;-0.0997;0.8117
0;0.5583;0.5098;-0.6348;0.713
0;0.5581;0.5289;-0.6435;0.6253
0;0.5563;0.5352;-0.699;0.5345
0;0.5411;0.395;-0.9975;0.3284
0;0.5339;0.3759;-0.9696;0.1013
2;0.5325;0.361;-0.996;-0.0907
0;0.5402;0.3949;-0.7932;-0.1749
0;0.5529;0.4442;-0.5322;-0.1319
0;0.5585;0.4734;-0.4162;-0.049
0;0.5527;0.4282;-0.403;-0.0324
0;0.5363;0.3681;-0.8383;-0.1583
1;0.5387;0.3631;-0.7761;-0.2359
0;0.5417;0.3485;-0.6347;-0.269
0;0.5412;0.3226;-0.6497;-0.2963
2;0.5404;0.3891;-0.6737;-0.321
0;0.5324;0.3549;-0.9311;-0.4054
0;0.5361;0.3886;-0.8549;-0.4359
0;0.5441;0.518;-0.5868;-0.3876
0;0.5655;0.6622;-0.0477;-0.164
0;0.5776;0.7086;-0.002;0.1165
0;0.5892;0.7186;-0.0145;0.435
1;0.5865;0.6645;-0.0891;0.6581
0;0.584;0.629;-0.1773;0.8063
0;0.583;0.661;-0.2075;0.9057
0;0.5872;0.811;-0.1422;1.0102
0;0.5801;0.7392;-0.264;1.0213
2;0.5909;0.7607;-0.0975;1.1107
0;0.5869;0.7337;-0.1881;1.136
0;0.5827;0.7086;-0.4479;1.108
0;0.5867;0.7794;-0.4813;1.1085
0;0.5858;0.7629;-0.528;1.0891
1;0.5889;0.75;-0.3738;1.0885
2;0.5865;0.6485;-0.4953;1.0558
0;0.5761;0.4891;-0.9343;0.9306
0;0.5821;0.4438;-0.4764;0.8729
0;0.5651;0.3623;-0.9235;0.6742
0;0.5707;0.4176;-0.6875;0.5583
0;0.572;0.4324;-0.6173;0.4722
0;0.5536;0.3235;-0.8483;0.2426
0;0.5547;0.3578;-0.8226;0.0687
0;0.5511;0.258;-0.9038;-0.0993
0;0.5468;0.2568;-0.9214;-0.2672
0;0.5517;0.3134;-0.8171;-0.3552
0;0.5507;0.2749;-0.8081;-0.4296
0;0.552;0.2899;-0.7625;-0.4724
0;0.5513;0.2593;-0.7188;-0.5068
0;0.5511;0.267;-0.7252;-0.53
1;0.5512;0.3104;-0.5797;-0.5419
0;0.5465;0.2234;-0.75;-0.5853
0;0.547;0.3104;-0.6961;-0.6094
0;0.5465;0.2159;-0.646;-0.6258
0;0.5471;0.2018;-0.6087;-0.6273
0;0.5483;0.3931;-0.4493;-0.6115
0;0.5527;0.4646;-0.1338;-0.5552
1;0.5488;0.4585;-0.4296;-0.5383
0;0.5492;0.5483;-0.4014;-0.5162
0;0.5469;0.3896;-0.5704;-0.5123
0;0.5426;0.3383;-0.8639;-0.5405
0;0.5435;0.3282;-0.7959;-0.549
0;0.5328;0.2331;-0.9506;-0.6405
0;0.5368;0.313;-0.6632;-0.6724
0;0.5304;0.2668;-0.9018;-0.7446
0;0.5255;0.2657;-0.9717;-0.8348
0;0.5308;0.3371;-0.7882;-0.8522
0;0.5311;0.344;-0.7655;-0.8544
0;0.5398;0.4367;-0.4094;-0.7733
0;0.5337;0.3828;-0.6429;-0.7533
0;0.5448;0.4429;-0.1307;-0.635
1;0.5501;0.5094;-0.0461;-0.4901
0;0.5536;0.5301;-0.0839;-0.341
0;0.555;0.5556;-0.1133;-0.208
0;0.5541;0.5825;-0.256;-0.1089
0;0.5506;0.5489;-0.3563;-0.0595
0;0.5443;0.585;-0.5184;-0.0728
0;0.5458;0.5689;-0.56;-0.0705
0;0.5513;0.6627;-0.3914;-0.0206
2;0.5432;0.6308;-0.6371;-0.0501
0;0.5373;0.5479;-0.8166;-0.1225
0;0.5396;0.5606;-0.7479;-0.159
0;0.5404;0.5046;-0.7249;-0.1796
0;0.5427;0.5777;-0.6533;-0.1739
0;0.5401;0.4527;-0.7335;-0.1901
0;0.5427;0.422;-0.4784;-0.1783
1;0.541;0.3617;-0.556;-0.1816
0;0.5361;0.3069;-0.7802;-0.2239
0;0.5458;0.4288;-0.2632;-0.1723
0;0.5524;0.5148;-0.1832;-0.0745
0;0.5466;0.5188;-0.4221;-0.0455
0;0.5375;0.4395;-0.7871;-0.0992
0;0.5444;0.4502;-0.5095;-0.082
1;0.5449;0.5138;-0.4905;-0.0635
0;0.5452;0.57;-0.4791;-0.0458
2;0.5435;0.5349;-0.5475;-0.0459
0;0.5443;0.5357;-0.551;-0.0382
0;0.5396;0.4731;-0.7773;-0.0718
0;0.5668;0.6621;-0.1279;0.1334
0;0.564;0.6286;-0.2046;0.2696
0;0.5629;0.6329;-0.2353;0.3645
0;0.5657;0.6848;-0.1722;0.4594
0;0.5731;0.6752;-0.0762;0.5918
0;0.5716;0.6328;-0.113;0.6779
0;0.5695;0.6658;-0.1695;0.72
0;0.5698;0.768;-0.1597;0.7488
0;0.574;0.757;-0.1422;0.7988
0;0.567;0.6726;-0.3224;0.7704
0;0.5617;0.6197;-0.8546;0.6949
0;0.5593;0.613;-0.9129;0.6072
0;0.5649;0.638;-0.6639;0.5798
0;0.5692;0.6994;-0.4772;0.5881
2;0.5671;0.5029;-0.5685;0.5708
0;0.5719;0.5778;-0.3568;0.592
0;0.5714;0.5843;-0.3817;0.5977
1;0.568;0.5222;-0.5311;0.5669
0;0.5612;0.382;-0.7897;0.4788
0;0.5573;0.3643;-0.942;0.3715
0;0.5619;0.4317;-0.7053;0.3223
2;0.5642;0.4505;-0.5894;0.2994
0;0.5754;0.511;-0.1013;0.3737
0;0.5741;0.5604;-0.3333;0.4169
0;0.5693;0.5649;-0.5123;0.4057
1;0.5707;0.6;-0.4596;0.4046
0;0.562;0.4757;-0.7825;0.3256
0;0.5575;0.4031;-0.9345;0.2214
2;0.5563;0.4095;-0.9626;0.1274
0;0.5561;0.3557;-0.9565;0.0496
0;0.5633;0.4349;-0.699;0.0495
0;0.5609;0.4422;-0.7832;0.0287
0;0.551;0.4208;-0.9768;-0.0721
0;0.5439;0.4003;-0.9706;-0.2113
0;0.5495;0.409;-0.7656;-0.2711
0;0.5514;0.4058;-0.6418;-0.2991
0;0.5579;0.3607;-0.3133;-0.263
0;0.5527;0.3396;-0.5341;-0.2763
0;0.5602;0.4346;-0.2169;-0.22
1;0.5621;0.4385;-0.1365;-0.1571
0;0.5546;0.446;-0.4538;-0.1697
0;0.5513;0.4546;-0.5603;-0.2054
0;0.5569;0.5043;-0.306;-0.1836
0;0.5455;0.4367;-0.8233;-0.2615
0;0.5421;0.3661;-0.9116;-0.3491
2;0.5485;0.4251;-0.6178;-0.3604
0;0.5491;0.4871;-0.5907;-0.3597
0;0.548;0.5301;-0.6371;-0.3651
0;0.5522;0.52;-0.4344;-0.3299
0;0.5461;0.4624;-0.6942;-0.3504
1;0.5464;0.4109;-0.6131;-0.3604
0;0.5518;0.4934;-0.3021;-0.3184
0;0.551;0.4213;-0.3505;-0.2884
0;0.5541;0.4325;-0.1856;-0.2358
0;0.5544;0.4982;-0.1744;-0.1894
0;0.5601;0.5804;-0.0224;-0.1024
0;0.5601;0.5322;-0.0439;-0.0328
0;0.5618;0.708;-0.0962;0.0369
0;0.5587;0.7132;-0.2548;0.0648
0;0.5535;0.5671;-0.5784;0.0425
0;0.5529;0.5508;-0.6975;0.0195
0;0.5467;0.4844;-0.9521;-0.0521
0;0.5427;0.3879;-0.8599;-0.1419
2;0.5477;0.5195;-0.4985;-0.1683
0;0.5574;0.6086;-0.1958;-0.1048
0;0.5572;0.5595;-0.2018;-0.0554
0;0.5614;0.6058;-0.1057;0.0197
0;0.5623;0.5874;-0.1105;0.086
1;0.5589;0.5458;-0.2115;0.109
0;0.5628;0.5278;-0.1016;0.1582
0;0.5564;0.4658;-0.2857;0.1412
0;0.552;0.414;-0.4121;0.0892
0;0.5562;0.4787;-0.2912;0.0827
0;0.55;0.4702;-0.8953;0.0243
0;0.5548;0.5143;-0.5149;0.0184
2;0.5616;0.617;-0.2085;0.0717
0;0.5635;0.6687;-0.1592;0.1292
0;0.5686;0.6687;-0.0152;0.2159
0;0.5681;0.6014;-0.1025;0.2778
1;0.5681;0.6036;-0.139;0.3237
0;0.5423;0.3707;-0.9369;0.1374
0;0.531;0.3149;-0.9977;-0.1062
0;0.5141;0.2711;-0.4228;-0.4409
2;0.4872;0.188;-0.6189;-0.9278
0;0.5182;0.3689;-0.3929;-1.0388
0;0.5232;0.4017;-0.356;-1.0724
0;0.5272;0.4009;-0.3268;-1.0536
0;0.5128;0.3794;-0.4325;-1.1505
0;0.5002;0.3318;-0.5243;-1.3212
1;0.5045;0.321;-0.4331;-1.4054
0;0.5013;0.3067;-0.4171;-1.4834
0;0.4912;0.2669;-0.393;-1.6148
0;0.5017;0.3113;-0.6168;-1.6123
0;0.4945;0.299;-0.8227;-1.6547
0;0.502;0.3778;-0.6359;-1.6066
0;0.5003;0.4009;-0.6789;-1.5664
0;0.5027;0.4594;-0.6091;-1.4977
1;0.5143;0.6077;-0.108;-1.3291
0;0.5174;0.4958;-0.031;-1.156
0;0.5182;0.4732;-0.1437;-1.0001
0;0.5007;0.3759;-0.6308;-1.0158
0;0.4896;0.3883;-0.9239;-1.1112
0;0.4873;0.431;-0.8868;-1.1941
0;0.4901;0.4217;-0.8184;-1.2231
0;0.4859;0.4168;-0.9136;-1.2688
2;0.4764;0.4194;-0.9125;-1.3721
0;0.465;0.3032;-0.9485;-1.5351
0;0.4672;0.3455;-0.9126;-1.6285
0;0.4743;0.3425;-0.7972;-1.6244
0;0.4742;0.3486;-0.7785;-1.6056
0;0.4815;0.3842;-0.5287;-1.511
0;0.492;0.3763;-0.0627;-1.3316
1;0.4783;0.306;-0.4896;-1.2927
0;0.4893;0.3697;-0.1333;-1.1546
0;0.49;0.4433;-0.1121;-1.0278
0;0.4893;0.4983;-0.1637;-0.9228
0;0.487;0.4983;-0.2417;-0.8498
2;0.4751;0.4193;-0.6456;-0.8843
0;0.4758;0.4435;-0.6234;-0.8965
0;0.4871;0.5591;-0.25;-0.8003
0;0.4944;0.6689;-0.0972;-0.6541
0;0.4937;0.6543;-0.1296;-0.5386
0;0.484;0.5545;-0.5385;-0.5241
1;0.4859;0.5652;-0.4575;-0.4909
0;0.4995;0.5934;-0.1662;-0.3437
0;0.5079;0.5843;-0.0925;-0.1532
0;0.5082;0.6853;-0.085;9.0E-4
0;0.5135;0.6615;-0.1299;0.168
0;0.5292;0.7179;-0.0068;0.4307
0;0.527;0.7059;-0.139;0.6143
0;0.525;0.7081;-0.1769;0.7354
0;0.5293;0.8241;-0.0957;0.8596
0;0.5293;0.8227;-0.0965;0.9484
0;0.5333;0.8056;-0.0439;1.0425
0;0.5287;0.7352;-0.1983;1.0664
0;0.5245;0.7019;-0.3515;1.0381
0;0.5209;0.7633;-0.5117;0.9746
0;0.5228;0.763;-0.6036;0.9297
0;0.5159;0.6297;-0.9809;0.8266
2;0.5093;0.5117;-1.0;0.6804
0;0.5093;0.5094;-0.9547;0.558
0;0.5157;0.5177;-0.5687;0.5102
0;0.5158;0.3573;-0.5659;0.468
0;0.5208;0.438;-0.4085;0.4722
0;0.5213;0.462;-0.2509;0.4745
1;0.5196;0.3932;-0.3136;0.4567
0;0.5187;0.3859;-0.3449;0.4304
0;0.5136;0.2921;-0.5296;0.362
0;0.5159;0.3582;-0.4176;0.3238
0;0.5182;0.4276;-0.3297;0.3098
2;0.5091;0.3787;-0.6777;0.2181
0;0.5241;0.5109;-0.1559;0.2707
0;0.5169;0.5077;-0.5879;0.2481
0;0.5051;0.4687;-0.8727;0.1274
0;0.5152;0.5378;-0.4909;0.1166
0;0.5155;0.4987;-0.4764;0.11
0;0.5135;0.4843;-0.5527;0.0866
2;0.5073;0.4093;-0.7891;0.0143
0;0.5156;0.4657;-0.4727;0.028
1;0.5052;0.4211;-0.8688;-0.0502
0;0.5057;0.4282;-0.8083;-0.1072
0;0.5124;0.4936;-0.5643;-0.0934
0;0.5233;0.5364;-0.0366;0.0105
0;0.5101;0.4638;-0.6115;-0.0195
0;0.5002;0.4606;-0.9886;-0.1269
0;0.5025;0.3918;-0.7803;-0.1912
0;0.5047;0.4358;-0.7049;-0.2209
0;0.5132;0.5444;-0.4164;-0.1696
2;0.512;0.4807;-0.459;-0.1381
0;0.5119;0.4777;-0.4623;-0.1126
1;0.5167;0.5186;-0.2984;-0.0502
0;0.5158;0.5534;-0.3279;-0.008
0;0.5117;0.4738;-0.4689;-0.0099
0;0.5084;0.5233;-0.4689;-0.0393
0;0.5149;0.5616;-0.1909;-0.007
0;0.5078;0.469;-0.5107;-0.0415
2;0.5033;0.3545;-0.7604;-0.106
0;0.4948;0.3803;-0.92;-0.2281
0;0.4965;0.4661;-0.7867;-0.3078
0;0.5014;0.4909;-0.6167;-0.3255
0;0.4907;0.3957;-0.9733;-0.4264
0;0.5018;0.4176;-0.5779;-0.4076
0;0.4954;0.3888;-0.6914;-0.4428
0;0.4973;0.4048;-0.632;-0.4493
0;0.4897;0.3293;-0.6575;-0.5147
0;0.4933;0.3621;-0.4969;-0.5303
0;0.4974;0.413;-0.3634;-0.5016
0;0.4933;0.4087;-0.4235;-0.509
0;0.4984;0.3988;-0.2349;-0.4659
0;0.4879;0.3829;-0.6192;-0.5158
0;0.4766;0.3541;-0.9297;-0.6458
0;0.4908;0.4796;-0.4232;-0.6205
0;0.4916;0.4749;-0.3959;-0.5874
0;0.4883;0.4311;-0.4819;-0.5831
2;0.4848;0.4663;-0.5348;-0.6031
0;0.4707;0.3287;-0.8491;-0.7325
0;0.4783;0.4074;-0.6218;-0.7617
0;0.473;0.3726;-0.7631;-0.8219
0;0.4762;0.426;-0.6694;-0.8334
0;0.4798;0.426;-0.4817;-0.8032
0;0.4732;0.3703;-0.7076;-0.8268
1;0.475;0.3994;-0.6478;-0.8219
0;0.4822;0.4131;-0.2874;-0.7476
0;0.4902;0.5123;-0.0187;-0.6137
0;0.4875;0.5662;-0.2219;-0.5247
0;0.4855;0.4618;-0.2881;-0.4655
0;0.4918;0.5013;-0.0728;-0.3605
0;0.4896;0.5085;-0.1661;-0.2928
0;0.4898;0.5349;-0.1587;-0.2348
0;0.494;0.6916;0.0;-0.1504
0;0.4906;0.6075;-0.1719;-0.1119
0;0.4864;0.6202;-0.4868;-0.1157
0;0.5013;0.6863;-0.0823;0.0091
0;0.5063;0.693;-0.0605;0.1501
0;0.5047;0.7466;-0.121;0.2456
0;0.5045;0.7372;-0.1281;0.3166
0;0.5099;0.7292;-0.0879;0.4152
1;0.5081;0.6649;-0.1455;0.4729
0;0.5072;0.6882;-0.2007;0.5059
0;0.5138;0.7475;-0.0635;0.5824
0;0.5199;0.7464;-0.0683;0.688
0;0.5187;0.7605;-0.0999;0.7539
0;0.5122;0.6808;-0.3777;0.743
0;0.5075;0.608;-0.552;0.6868
0;0.5035;0.603;-0.8019;0.6012
0;0.5106;0.6834;-0.5605;0.5871
2;0.516;0.6299;-0.3099;0.6154
0;0.5182;0.6106;-0.2019;0.6503
0;0.5187;0.6334;-0.2291;0.6749
0;0.5186;0.6346;-0.2335;0.6864
1;0.5162;0.5641;-0.3392;0.6683
0;0.521;0.624;-0.1233;0.6875
0;0.5201;0.6227;-0.1674;0.6871
0;0.517;0.5331;-0.304;0.6537
0;0.5247;0.5484;-0.0409;0.6861
0;0.5316;0.615;-0.0909;0.7623
0;0.53;0.6737;-0.2105;0.801
0;0.5436;0.8;-0.0478;0.9383
0;0.5416;0.8269;-0.1104;1.0191
0;0.541;0.794;-0.1585;1.0669
0;0.5379;0.7228;-0.2478;1.0676
0;0.5408;0.726;-0.1643;1.0808
0;0.5468;0.7535;-0.0085;1.1312
0;0.5516;0.7744;-0.0361;1.1996
0;0.5486;0.7656;-0.1614;1.215
0;0.5522;0.761;-0.1127;1.2449
0;0.5556;0.7862;-0.1667;1.2843
0;0.5529;0.7899;-0.3333;1.2785
0;0.5531;0.7608;-0.3252;1.262
0;0.5545;0.734;-0.2683;1.2472
0;0.5494;0.6847;-0.4797;1.1793
0;0.5476;0.5494;-0.6385;1.0982
2;0.5503;0.6057;-0.7124;1.0452
0;0.5447;0.5403;-0.8973;0.945
0;0.5359;0.4802;-0.9014;0.7814
0;0.5404;0.4964;-0.7394;0.6824
0;0.5382;0.4134;-0.8169;0.5789
0;0.5356;0.3313;-0.8672;0.4688
0;0.5286;0.3055;-0.7967;0.3174
0;0.5238;0.2301;-0.8492;0.1541
0;0.5287;0.2509;-0.7079;0.0653
0;0.5343;0.3373;-0.5449;0.0428
0;0.5307;0.315;-0.6057;-0.0061
0;0.5289;0.2901;-0.5891;-0.0604
0;0.5265;0.3037;-0.6569;-0.1223
1;0.534;0.3939;-0.3347;-0.106
0;0.5308;0.3495;-0.3636;-0.1194
0;0.5342;0.4163;-0.1481;-0.0996
0;0.5333;0.4767;-0.2083;-0.0905
0;0.5385;0.4832;-0.2118;-0.0383
0;0.5367;0.4858;-0.318;-0.0126
0;0.5433;0.5655;-0.1261;0.0642
0;0.5528;0.6975;-0.0325;0.2045
0;0.551;0.7337;-0.1054;0.2979
0;0.5519;0.714;-0.1108;0.3758
0;0.5498;0.6519;-0.2028;0.4149
0;0.5504;0.7061;-0.1848;0.4471
0;0.5552;0.7596;-0.0144;0.5084
0;0.5535;0.7685;-0.1373;0.5364
0;0.5587;0.7571;-0.0772;0.5967
0;0.557;0.7827;-0.1947;0.6237
0;0.5631;0.7944;-0.119;0.6899
0;0.5588;0.7425;-0.3594;0.6982
0;0.5551;0.6635;-0.5521;0.6666
0;0.5528;0.6569;-0.6781;0.6146
0;0.5542;0.6177;-0.6046;0.5788
0;0.5526;0.4972;-0.7362;0.5311
2;0.5665;0.6535;-0.0829;0.6058
0;0.5506;0.49;-0.8683;0.5235
0;0.5531;0.5252;-0.7463;0.4741
0;0.5542;0.5281;-0.6927;0.4393
0;0.5619;0.5486;-0.3073;0.4733
0;0.5682;0.6004;0.0;0.5486
0;0.5505;0.4527;-0.8738;0.4516
0;0.5449;0.4328;-0.9186;0.3227
0;0.5476;0.4105;-0.814;0.2403
0;0.562;0.5169;-0.2442;0.2958
0;0.5676;0.5629;-0.0271;0.3832
2;0.5708;0.5905;-0.0207;0.4755
0;0.5714;0.5872;-0.0554;0.5483
1;0.5828;0.6392;-0.0264;0.6968
0;0.5791;0.564;-0.1175;0.7746
0;0.5847;0.6931;-0.0492;0.8753
0;0.5846;0.6835;-0.0882;0.9446
0;0.5872;0.6888;-0.0406;1.0108
0;0.5867;0.6544;-0.1008;1.0481
0;0.5876;0.6298;-0.0987;1.0748
0;0.5875;0.8227;-0.1265;1.0827
0;0.5814;0.8171;-0.4286;1.0264
0;0.5779;0.7593;-0.6862;0.9411
0;0.5792;0.6891;-0.6988;0.8747
0;0.5792;0.646;-0.8345;0.8132
2;0.5795;0.6176;-0.8071;0.7586
0;0.5769;0.5711;-0.7056;0.6858
0;0.5749;0.3658;-0.8071;0.6044
0;0.5773;0.4683;-0.665;0.554
0;0.5756;0.3115;-0.75;0.4942
0;0.5779;0.3722;-0.535;0.461
0;0.5779;0.3042;-0.535;0.43
0;0.5746;0.2724;-0.685;0.3735
0;0.5679;0.1933;-0.7673;0.2681
0;0.5698;0.2391;-0.6733;0.1981
0;0.6291;0.7738;-0.0205;0.6442
0;0.6193;0.7215;-0.1672;0.9053
0;0.6156;0.6903;-0.2214;1.0704
0;0.6171;0.695;-0.1994;1.2016
1;0.6269;0.7221;-0.0543;1.375
0;0.6241;0.7207;-0.0953;1.4737
2;0.6238;0.7322;-0.0997;1.5332
0;0.621;0.7071;-0.1408;1.5404
0;0.6235;0.725;-0.1134;1.5507
0;0.6269;0.7278;-0.0601;1.5708
0;0.6242;0.7102;-0.2167;1.5473
0;0.6261;0.7364;-0.119;1.5283
0;0.6264;0.7854;-0.1657;1.4997
0;0.618;0.7213;-0.8214;1.3901
0;0.614;0.3585;-0.9689;1.2547
0;0.6192;0.499;-0.6059;1.1791
0;0.6207;0.5546;-0.5118;1.1204
0;0.6178;0.5071;-0.6882;1.0372
0;0.6186;0.395;-0.6412;0.9673
0;0.6197;0.4413;-0.5765;0.9112
1;0.6205;0.4562;-0.5294;0.864
0;0.623;0.5259;-0.3765;0.8394
0;0.6194;0.4472;-0.5688;0.7802
0;0.623;0.4514;-0.1908;0.7562
0;0.6156;0.4031;-0.7634;0.6665
0;0.6225;0.464;-0.1899;0.6474
0;0.6134;0.3883;-0.7346;0.5479
2;0.6088;0.4156;-0.9711;0.425
0;0.619;0.5422;-0.3396;0.4104
0;0.6181;0.4901;-0.392;0.3862
0;0.6086;0.4054;-0.8899;0.2829
0;0.6147;0.4768;-0.5702;0.25
0;0.6222;0.5246;-0.1718;0.2854
0;0.6254;0.5377;-0.1915;0.3372
0;0.6248;0.5287;-0.217;0.3694
0;0.6168;0.4616;-0.5617;0.3226
1;0.6209;0.5096;-0.383;0.3177
0;0.6282;0.5302;-0.0763;0.372
0;0.6144;0.4932;-0.7269;0.2937
0;0.6193;0.4823;-0.4954;0.271
0;0.6204;0.543;-0.5;0.2595
0;0.6198;0.5707;-0.5313;0.2427
0;0.6232;0.5293;-0.3542;0.2555
2;0.6218;0.5264;-0.4271;0.2511
1;0.6229;0.6132;-0.3698;0.2542
0;0.6341;0.6424;-0.2909;0.3491
0;0.6146;0.4524;-0.8879;0.2543
0;0.6119;0.4154;-0.9697;0.1541
0;0.6203;0.4745;-0.7165;0.1452
0;0.6167;0.4994;-0.8293;0.1054
0;0.6105;0.4389;-0.8227;0.0207
2;0.6162;0.4282;-0.6823;0.0018
0;0.614;0.4972;-0.7365;-0.0316
0;0.6145;0.464;-0.7241;-0.0534
0;0.6073;0.4111;-0.9015;-0.1307
0;0.6029;0.3905;-0.9622;-0.228
0;0.6148;0.451;-0.2941;-0.2012
0;0.6041;0.4069;-0.6118;-0.269
0;0.6082;0.4254;-0.4743;-0.2841
0;0.5839;0.2749;-0.9065;-0.4994
0;0.5827;0.3291;-0.9176;-0.6738
0;0.5885;0.3784;-0.7634;-0.7552
0;0.5839;0.3029;-0.8795;-0.8501
0;0.5799;0.3016;-0.9641;-0.9503
0;0.5837;0.352;-0.8641;-0.9863
0;0.5959;0.3957;-0.5487;-0.9007
0;0.6005;0.4321;-0.4111;-0.7848
0;0.6369;0.5828;-0.1222;-0.3761
0;0.6447;0.6372;-0.0697;0.0155
1;0.6346;0.6122;-0.2106;0.2388
0;0.6305;0.5586;-0.2692;0.3768
0;0.6317;0.611;-0.2524;0.4917
0;0.6215;0.5511;-0.3947;0.491
0;0.6222;0.6797;-0.4029;0.4912
2;0.614;0.6376;-0.6003;0.4162
0;0.6183;0.6327;-0.532;0.3889
0;0.6123;0.625;-0.8847;0.3127
0;0.6117;0.6447;-0.6773;0.2444
0;0.6174;0.6504;-0.4904;0.2359
0;0.6133;0.5837;-0.5363;0.1922
0;0.6172;0.5809;-0.4262;0.1886
0;0.6072;0.3061;-0.6683;0.0996
0;0.603;0.2147;-0.6835;-0.0079
0;0.6066;0.2902;-0.5371;-0.0613
0;0.5979;0.2716;-0.8481;-0.1768
0;0.5982;0.2623;-0.7796;-0.2635
0;0.596;0.2957;-0.625;-0.3474
0;0.5966;0.2946;-0.6094;-0.4049
0;0.6076;0.4512;-0.3203;-0.3523
0;0.6125;0.4562;-0.1927;-0.2659
0;0.6179;0.543;-0.0449;-0.1491
0;0.618;0.5487;-0.2093;-0.0547
1;0.6237;0.549;-0.085;0.0686
0;0.6244;0.5906;-0.1215;0.171
0;0.6114;0.4591;-0.3892;0.1395
0;0.605;0.4833;-0.521;0.0588
0;0.5943;0.4409;-0.9038;-0.0961
0;0.5958;0.4238;-0.8915;-0.2045
0;0.5956;0.4816;-0.8966;-0.2893
2;0.5979;0.4976;-0.8372;-0.3336
0;0.5927;0.4754;-0.9716;-0.4091
0;0.5904;0.4552;-0.9852;-0.4837
0;0.5887;0.3424;-0.9306;-0.5518
