0;0.1711;0.0;-0.2955;0.0
0;0.1716;1.0;-0.322;0.0
0;0.1711;0.5294;-0.5077;0.0
0;0.1702;0.2903;-0.6351;0.0
0;0.1703;0.3125;-0.6216;0.0
0;0.1705;0.3714;-0.5811;0.0
0;0.1722;0.6393;-0.2;0.0
0;0.1733;0.7215;-0.165;0.0
0;0.1742;0.7609;-0.0481;0.0
0;0.175;0.7885;-0.1048;0.0
0;0.1768;0.8333;-0.0671;0.0
0;0.1771;0.8394;-0.1166;0.0333
0;0.1753;0.7012;-0.2822;0.048
0;0.1716;0.518;-0.638;0.0291
0;0.1745;0.5993;-0.362;0.0389
0;0.1715;0.4967;-0.6442;0.0194
0;0.1711;0.4983;-0.7943;-0.001
2;0.1696;0.484;-0.9574;-0.0325
0;0.1698;0.4889;-0.9291;-0.0557
0;0.1707;0.5061;-0.8298;-0.065
0;0.1732;0.5237;-0.5603;-0.0462
0;0.1744;0.5237;-0.3846;-0.0178
0;0.1749;0.5165;-0.12;0.0114
1;0.1746;0.4908;-0.17;0.0317
0;0.1744;0.44;-0.1902;0.0468
0;0.1739;0.419;-0.2711;0.0529
0;0.1735;0.4501;-0.3317;0.0532
0;0.1725;0.5284;-0.4935;0.0419
2;0.1736;0.4667;-0.3216;0.0421
0;0.1748;0.6374;-0.1878;0.0524
0;0.1745;0.6442;-0.3136;0.0572
0;0.173;0.6433;-0.7184;0.0475
0;0.173;0.6353;-0.6667;0.0393
1;0.1715;0.5303;-0.9531;0.0197
0;0.1702;0.3638;-0.931;-0.0072
2;0.1685;0.2483;-0.9464;-0.0422
0;0.17;0.3038;-0.75;-0.0571
0;0.1654;0.2266;-0.9167;-0.1073
0;0.1642;0.2132;-0.9885;-0.1558
0;0.1647;0.2426;-0.7586;-0.1878
0;0.1631;0.2268;-0.8769;-0.225
0;0.1625;0.2324;-0.9171;-0.257
0;0.1657;0.3101;-0.6343;-0.2521
0;0.1662;0.2852;-0.5325;-0.2411
0;0.1671;0.3217;-0.3723;-0.222
0;0.1671;0.3471;-0.3723;-0.2047
0;0.1669;0.3435;-0.3852;-0.1905
1;0.164;0.3206;-0.61;-0.2019
0;0.1635;0.3333;-0.69;-0.2132
0;0.1644;0.3918;-0.5957;-0.2125
2;0.1644;0.342;-0.5957;-0.2098
0;0.1668;0.5466;-0.2111;-0.1847
0;0.168;0.6229;-0.0729;-0.153
0;0.17;0.6564;-0.0083;-0.1091
1;0.1696;0.7083;-0.1298;-0.0766
0;0.1688;0.6967;-0.229;-0.0575
0;0.1688;0.6224;-0.2214;-0.0413
0;0.1677;0.5534;-0.3588;-0.0382
0;0.1656;0.4484;-0.6341;-0.0526
2;0.1671;0.5;-0.5189;-0.0505
0;0.1661;0.4767;-0.6931;-0.0568
0;0.1667;0.5901;-0.6596;-0.0566
0;0.1688;0.664;-0.3085;-0.0374
0;0.1698;0.6653;-0.1596;-0.0141
1;0.17;0.6693;-0.0889;0.006
0;0.171;0.6391;-0.0101;0.0308
0;0.171;0.6085;-0.1404;0.05
0;0.1713;0.5514;-0.1053;0.0668
0;0.174;0.6516;-0.0336;0.1028
0;0.1754;0.7205;-0.1582;0.1418
0;0.1772;0.749;-0.0229;0.1861
0;0.1769;0.7925;-0.0506;0.2167
0;0.1761;0.8604;-0.1379;0.2319
0;0.1781;0.864;-0.1097;0.2576
0;0.1774;0.8834;-0.1837;0.2695
0;0.1733;0.6823;-0.6054;0.2414
0;0.172;0.5909;-0.7415;0.2056
0;0.1731;0.5955;-0.7077;0.1846
0;0.1757;0.6447;-0.4127;0.1885
2;0.175;0.602;-0.5;0.1834
0;0.174;0.5732;-0.619;0.1691
0;0.1749;0.5851;-0.5159;0.1633
1;0.175;0.5248;-0.5079;0.1575
0;0.1767;0.5347;-0.2328;0.1664
0;0.1781;0.5248;-0.127;0.1833
0;0.1801;0.5779;-0.0141;0.2115
0;0.1799;0.5953;-0.0352;0.2297
0;0.1806;0.568;-0.0867;0.2473
0;0.1782;0.5191;-0.3705;0.2382
0;0.1798;0.6823;-0.1813;0.2421
0;0.181;0.756;-0.0957;0.2533
0;0.1802;0.7027;-0.2048;0.2521
0;0.1816;0.6812;-0.056;0.2609
0;0.1819;0.7179;-0.0234;0.2673
0;0.1824;0.774;-0.0484;0.274
0;0.1823;0.7537;-0.1299;0.2753
0;0.182;0.7357;-0.2706;0.2705
0;0.1818;0.6893;-0.3059;0.2622
0;0.1814;0.6319;-0.3765;0.2495
0;0.183;0.6223;-0.1167;0.251
0;0.1832;0.6389;-0.0926;0.2512
0;0.1822;0.5676;-0.3922;0.2402
0;0.1828;0.7197;-0.2641;0.2335
0;0.184;0.7105;-0.0333;0.2364
1;0.183;0.5973;-0.3333;0.2272
0;0.1814;0.5563;-0.7143;0.204
0;0.1781;0.3583;-0.8952;0.1559
0;0.1748;0.2704;-0.9664;0.0882
0;0.1763;0.3145;-0.7658;0.0469
2;0.1753;0.2989;-0.8608;0.0053
0;0.1736;0.2766;-0.9818;-0.0421
0;0.1752;0.3366;-0.7753;-0.0655
0;0.1754;0.3522;-0.7528;-0.081
0;0.176;0.3134;-0.7079;-0.0878
0;0.1746;0.2848;-0.805;-0.1041
0;0.1742;0.2945;-0.8116;-0.1186
1;0.1709;0.2335;-0.973;-0.157
0;0.1723;0.2381;-0.6198;-0.1738
0;0.1687;0.2139;-1.0;-0.2156
0;0.1689;0.233;-0.9338;-0.2451
0;0.1701;0.3137;-0.7941;-0.2551
0;0.1703;0.3759;-0.7794;-0.2591
0;0.1704;0.3241;-0.7647;-0.2583
0;0.17;0.3361;-0.7869;-0.2584
1;0.1711;0.4188;-0.6379;-0.2467
0;0.1716;0.3761;-0.5327;-0.2303
0;0.1722;0.3901;-0.2625;-0.2099
0;0.1723;0.3733;-0.2375;-0.1905
0;0.172;0.405;-0.2875;-0.1754
0;0.1701;0.36;-0.7067;-0.1786
0;0.1692;0.4309;-0.88;-0.1866
0;0.1727;0.5136;-0.1733;-0.1609
0;0.1722;0.6532;-0.2667;-0.143
0;0.1734;0.6809;-0.0411;-0.1178
0;0.1726;0.6022;-0.2468;-0.1034
0;0.1671;0.4084;-0.7133;-0.1378
0;0.1661;0.3832;-0.8112;-0.1714
0;0.1655;0.3791;-0.8741;-0.2011
0;0.1664;0.3723;-0.7832;-0.215
2;0.1655;0.3357;-0.8811;-0.2316
0;0.1647;0.3014;-0.958;-0.2484
0;0.1605;0.242;-0.9756;-0.2946
0;0.1582;0.2213;-1.0;-0.3481
0;0.158;0.2385;-0.9157;-0.3883
0;0.1563;0.2306;-0.9944;-0.43
0;0.1571;0.1317;-0.8653;-0.4514
0;0.1586;0.1916;-0.7513;-0.4512
0;0.1563;0.1339;-0.9275;-0.4653
0;0.1603;0.2682;-0.5819;-0.4377
0;0.1619;0.3853;-0.4335;-0.3977
1;0.1656;0.4891;-0.0065;-0.3306
0;0.1624;0.4442;-0.3229;-0.3011
0;0.1614;0.4111;-0.4198;-0.2832
0;0.1607;0.4149;-0.4844;-0.2718
0;0.1586;0.3957;-0.6846;-0.2777
0;0.1583;0.4559;-0.7764;-0.2822
2;0.1574;0.4836;-0.8278;-0.2908
0;0.1611;0.5569;-0.4636;-0.263
0;0.1626;0.616;-0.3113;-0.2252
0;0.1631;0.6113;-0.2649;-0.1891
0;0.1658;0.6292;-0.013;-0.1351
0;0.1656;0.6787;-0.1486;-0.093
1;0.1665;0.6342;-0.08;-0.0519
0;0.1666;0.6094;-0.0686;-0.0178
0;0.1646;0.4762;-0.2343;-0.0074
0;0.166;0.5993;-0.12;0.0124
0;0.1652;0.6061;-0.2538;0.0209
0;0.1671;0.6678;-0.1404;0.044
0;0.1687;0.7717;-0.0783;0.0754
0;0.1663;0.6916;-0.5111;0.0783
0;0.1656;0.703;-0.6111;0.0745
0;0.1632;0.5544;-0.8679;0.0496
0;0.1612;0.4639;-0.9528;0.013
0;0.1628;0.4919;-0.7717;-0.0029
2;0.1628;0.4135;-0.7717;-0.0154
0;0.163;0.427;-0.7402;-0.0228
0;0.1634;0.4138;-0.6929;-0.025
0;0.1623;0.3855;-0.7879;-0.0356
1;0.1651;0.5122;-0.367;-0.0201
0;0.1674;0.5349;-0.1557;0.0117
0;0.165;0.4954;-0.4508;0.0161
0;0.1654;0.4587;-0.3934;0.0234
0;0.1643;0.3885;-0.5328;0.0191
0;0.1631;0.4152;-0.6803;0.0053
0;0.1654;0.4934;-0.4016;0.0138
2;0.1665;0.5887;-0.2623;0.0301
0;0.1644;0.5825;-0.5246;0.0243
0;0.1672;0.6086;-0.1982;0.0434
0;0.1678;0.6198;-0.1413;0.0632
0;0.1687;0.6316;-0.1308;0.0861
0;0.1702;0.649;-0.1606;0.1158
0;0.1721;0.7066;-0.0467;0.1539
0;0.1712;0.6409;-0.1447;0.1749
0;0.1718;0.6107;-0.1087;0.1948
0;0.1718;0.6947;-0.125;0.2083
0;0.1712;0.6629;-0.1912;0.2117
0;0.17;0.6579;-0.3571;0.2012
2;0.1682;0.6387;-0.6961;0.1759
0;0.1657;0.509;-0.9153;0.1331
0;0.1652;0.4627;-0.9063;0.0933
0;0.1651;0.5232;-0.9141;0.0604
0;0.1619;0.3388;-0.6979;0.007
0;0.1616;0.3067;-0.7191;-0.038
0;0.1618;0.2731;-0.7064;-0.0713
0;0.1613;0.1887;-0.7281;-0.1008
0;0.1634;0.2;-0.555;-0.1052
0;0.1636;0.2206;-0.5202;-0.1065
0;0.1649;0.2605;-0.2901;-0.0949
0;0.1645;0.2534;-0.2968;-0.0882
0;0.1656;0.3158;-0.1935;-0.0729
1;0.1611;0.2618;-0.5755;-0.0977
0;0.1593;0.2599;-0.9391;-0.1322
0;0.1593;0.3;-0.878;-0.158
0;0.161;0.3798;-0.6667;-0.1618
0;0.1588;0.3386;-0.93;-0.1816
0;0.1574;0.3717;-0.9178;-0.2074
0;0.1555;0.3415;-0.9818;-0.2417
0;0.1568;0.3767;-0.8667;-0.2552
0;0.1604;0.4798;-0.5103;-0.2324
0;0.1608;0.4399;-0.4607;-0.2086
0;0.1586;0.3967;-0.5776;-0.2061
0;0.1593;0.3794;-0.4914;-0.1962
1;0.1547;0.321;-0.9398;-0.2256
0;0.1547;0.2952;-0.8052;-0.2457
0;0.1522;0.3183;-0.9641;-0.2804
2;0.1565;0.4491;-0.5868;-0.2684
0;0.1519;0.3832;-0.9651;-0.2953
0;0.1558;0.4234;-0.6279;-0.2799
0;0.1596;0.5115;-0.3023;-0.2324
0;0.1607;0.5476;-0.1656;-0.1833
0;0.1618;0.5924;-0.1214;-0.1334
0;0.1604;0.5525;-0.2428;-0.1048
1;0.1598;0.4913;-0.289;-0.0858
0;0.1633;0.5366;-0.0645;-0.0404
0;0.1646;0.5894;-0.0153;0.0067
0;0.1662;0.6;-0.0442;0.0571
0;0.166;0.6886;-0.0605;0.0945
0;0.1623;0.6126;-0.411;0.0917
0;0.1622;0.6594;-0.5476;0.0873
0;0.161;0.5801;-0.7414;0.0732
0;0.1573;0.6005;-0.9524;0.03
2;0.1564;0.5127;-0.9684;-0.0118
0;0.1592;0.4896;-0.7152;-0.0215
0;0.1585;0.4502;-0.7785;-0.0347
0;0.1581;0.4156;-0.8101;-0.0477
0;0.1583;0.4485;-0.7909;-0.0562
0;0.1589;0.4768;-0.723;-0.0571
1;0.158;0.3523;-0.7812;-0.0647
0;0.1561;0.2711;-0.9828;-0.0862
0;0.156;0.2024;-0.9355;-0.1034
0;0.1548;0.1917;-0.9708;-0.1257
0;0.156;0.3;-0.8394;-0.1315
0;0.1579;0.3765;-0.6423;-0.119
0;0.1555;0.3516;-0.8978;-0.1282
0;0.1582;0.5251;-0.6058;-0.111
0;0.1598;0.5926;-0.4307;-0.0823
1;0.1629;0.6;-0.0682;-0.0329
0;0.164;0.6441;-0.0855;0.0157
0;0.1636;0.6418;-0.125;0.0503
0;0.1633;0.6281;-0.1742;0.0742
0;0.1607;0.5414;-0.4221;0.0702
0;0.1594;0.5312;-0.56;0.0553
0;0.1564;0.506;-0.8533;0.0176
2;0.1532;0.4474;-0.9775;-0.0389
0;0.1514;0.4359;-0.75;-0.0986
0;0.1557;0.4943;-0.5149;-0.1082
0;0.157;0.4848;-0.444;-0.1036
0;0.154;0.4748;-0.6082;-0.1243
0;0.1566;0.4724;-0.4664;-0.1173
0;0.1579;0.4662;-0.3077;-0.0996
1;0.1573;0.3954;-0.3156;-0.0892
0;0.1591;0.4104;-0.0816;-0.0651
0;0.1607;0.4487;-0.0897;-0.032
0;0.1609;0.4593;-0.0717;-0.0034
0;0.1564;0.4295;-0.4689;-0.0195
0;0.156;0.4433;-0.6336;-0.0349
0;0.1566;0.5038;-0.5752;-0.042
0;0.154;0.5148;-0.9061;-0.0688
0;0.1533;0.5382;-0.881;-0.0951
2;0.1566;0.5197;-0.545;-0.0866
0;0.1571;0.5017;-0.503;-0.0755
0;0.1551;0.5238;-0.706;-0.083
0;0.1542;0.4434;-0.7885;-0.095
0;0.1545;0.4146;-0.7147;-0.1012
1;0.1552;0.4464;-0.56;-0.099
0;0.1547;0.3819;-0.5747;-0.1004
2;0.1554;0.3513;-0.4471;-0.0946
0;0.1573;0.407;-0.1176;-0.0726
0;0.1577;0.5434;-0.1184;-0.0515
0;0.1571;0.536;-0.2237;-0.0391
0;0.1557;0.4744;-0.4868;-0.0406
0;0.1539;0.4955;-0.8421;-0.0572
0;0.1537;0.5115;-0.8375;-0.0714
0;0.1536;0.3706;-0.7816;-0.0825
2;0.1523;0.3115;-0.7768;-0.1014
0;0.1491;0.285;-0.9852;-0.1422
0;0.1475;0.2689;-0.9128;-0.187
0;0.1461;0.2325;-0.9944;-0.2319
0;0.15;0.3636;-0.6667;-0.2315
0;0.147;0.3205;-0.9157;-0.2545
0;0.1465;0.2913;-0.7766;-0.274
0;0.1426;0.1834;-0.9278;-0.3199
0;0.1421;0.1676;-0.8311;-0.3567
0;0.145;0.2667;-0.64;-0.3568
0;0.1424;0.2538;-0.7705;-0.3759
0;0.1422;0.271;-0.7765;-0.3881
0;0.1424;0.2772;-0.7654;-0.3925
0;0.1435;0.3099;-0.6704;-0.3818
1;0.1429;0.3182;-0.6894;-0.3746
0;0.142;0.349;-0.6864;-0.3725
0;0.1416;0.3684;-0.7257;-0.3705
0;0.1446;0.4682;-0.1778;-0.3398
0;0.1477;0.4491;0.0;-0.2856
0;0.1486;0.538;-0.0796;-0.2322
0;0.1474;0.5208;-0.2301;-0.1977
0;0.1475;0.6381;-0.2212;-0.1678
1;0.1484;0.673;-0.1062;-0.1348
0;0.145;0.5;-0.531;-0.1356
0;0.1443;0.5583;-0.6283;-0.1412
2;0.1445;0.5685;-0.6018;-0.1424
0;0.1412;0.472;-0.9914;-0.1693
0;0.142;0.4607;-0.8966;-0.1823
0;0.143;0.5035;-0.7672;-0.1818
0;0.1457;0.5865;-0.4159;-0.1566
0;0.1409;0.4867;-0.8667;-0.1762
0;0.1414;0.4324;-0.8148;-0.1856
0;0.1395;0.3168;-0.9457;-0.2069
0;0.1367;0.2543;-1.0;-0.2455
0;0.1373;0.2865;-0.9313;-0.268
2;0.1384;0.3165;-0.8092;-0.2735
0;0.1411;0.3629;-0.5115;-0.2521
0;0.1397;0.3915;-0.6641;-0.2443
0;0.1398;0.4058;-0.6565;-0.235
1;0.1389;0.3859;-0.6098;-0.2327
0;0.1412;0.4985;-0.2073;-0.2092
0;0.1424;0.5072;-0.0465;-0.1784
0;0.1417;0.4721;-0.1512;-0.1576
0;0.141;0.391;-0.2738;-0.1453
0;0.1398;0.4687;-0.5362;-0.1449
0;0.1401;0.4648;-0.557;-0.14
0;0.1389;0.481;-0.8384;-0.1454
0;0.1397;0.5989;-0.6508;-0.141
0;0.1401;0.5936;-0.569;-0.1324
0;0.1408;0.5804;-0.4253;-0.1189
0;0.1409;0.4913;-0.3934;-0.1058
0;0.1405;0.5373;-0.45;-0.0973
1;0.142;0.5874;-0.1167;-0.0777
0;0.1407;0.5705;-0.4167;-0.0722
0;0.1404;0.464;-0.4746;-0.0694
0;0.1388;0.3403;-0.75;-0.0802
0;0.137;0.3088;-0.987;-0.1027
0;0.1356;0.2919;-0.9231;-0.1313
2;0.1354;0.3176;-0.8761;-0.1542
0;0.1361;0.3371;-0.7876;-0.1647
0;0.1358;0.3665;-0.823;-0.1735
0;0.1346;0.2814;-0.881;-0.1894
0;0.1334;0.2303;-0.9394;-0.21
0;0.1319;0.1684;-0.9257;-0.2365
0;0.131;0.1493;-0.8514;-0.2627
0;0.126;0.1124;-0.9944;-0.3227
0;0.1264;0.0632;-0.9576;-0.3631
0;0.1259;0.0658;-0.8743;-0.3958
0;0.1231;0.0576;-0.9755;-0.4405
0;0.1244;0.1245;-0.885;-0.4604
0;0.1262;0.219;-0.75;-0.4557
0;0.1247;0.2174;-0.8412;-0.4603
0;0.1243;0.2158;-0.865;-0.462
0;0.1247;0.2015;-0.7857;-0.4554
1;0.1247;0.2045;-0.7545;-0.4454
0;0.1216;0.1864;-0.9758;-0.459
0;0.122;0.212;-0.9355;-0.4619
0;0.1241;0.3106;-0.6855;-0.4408
0;0.1255;0.3679;-0.5323;-0.4082
0;0.1205;0.3679;-1.0;-0.4204
0;0.1213;0.3783;-0.8873;-0.4191
0;0.1226;0.4254;-0.7535;-0.4023
0;0.1244;0.5298;-0.5704;-0.3693
0;0.1236;0.4814;-0.5146;-0.3459
2;0.1245;0.4574;-0.3884;-0.3161
1;0.122;0.4358;-0.7379;-0.3106
0;0.1276;0.5633;-0.0273;-0.2554
0;0.1265;0.534;-0.3724;-0.2188
0;0.1265;0.534;-0.3724;-0.1876
0;0.125;0.5667;-0.5241;-0.1741
0;0.1238;0.5364;-0.7023;-0.1712
0;0.1234;0.4841;-0.7557;-0.1712
2;0.1281;0.548;-0.2366;-0.1289
0;0.129;0.6805;-0.1374;-0.0865
0;0.1285;0.6557;-0.1908;-0.0563
0;0.1269;0.5917;-0.3902;-0.0457
0;0.1288;0.5917;-0.1789;-0.0213
1;0.1338;0.6817;-0.0281;0.041
0;0.132;0.6286;-0.2304;0.0742
0;0.1325;0.6953;-0.1885;0.1043
0;0.1288;0.5238;-0.466;0.0953
0;0.13;0.5698;-0.3913;0.0974
0;0.1325;0.6081;-0.2721;0.1188
2;0.131;0.6097;-0.4265;0.1219
0;0.1305;0.624;-0.4779;0.1189
0;0.1332;0.6691;-0.1985;0.1379
0;0.1383;0.673;-0.0284;0.1949
0;0.1386;0.6659;-0.0734;0.2402
0;0.137;0.6419;-0.2599;0.2599
0;0.1415;0.7227;-0.0164;0.3109
0;0.1418;0.709;-0.1112;0.3502
0;0.1407;0.6254;-0.2074;0.3677
0;0.1401;0.6556;-0.2499;0.3728
0;0.1411;0.6613;-0.1755;0.3813
0;0.1424;0.7823;-0.0851;0.3955
0;0.1401;0.6992;-0.3502;0.3825
0;0.1379;0.6096;-0.7745;0.35
0;0.1375;0.6363;-0.7944;0.3171
0;0.1382;0.659;-0.6972;0.2932
0;0.1409;0.6596;-0.3486;0.2943
2;0.1392;0.5207;-0.5688;0.2775
0;0.1375;0.4757;-0.7798;0.2474
0;0.1361;0.4788;-0.8898;0.209
0;0.1374;0.3916;-0.7288;0.188
0;0.1363;0.36;-0.8596;0.1598
0;0.1367;0.3962;-0.7609;0.1395
0;0.1369;0.4154;-0.7283;0.1238
0;0.1332;0.3144;-0.9917;0.0781
0;0.132;0.2534;-0.9577;0.0315
0;0.1365;0.4233;-0.5141;0.0327
0;0.1301;0.3575;-1.0;-0.0213
0;0.1298;0.3594;-0.9329;-0.066
0;0.1312;0.3756;-0.7453;-0.089
0;0.1328;0.3509;-0.6025;-0.0922
0;0.1287;0.3228;-0.9565;-0.1283
0;0.127;0.322;-0.8517;-0.1699
0;0.1225;0.291;-0.9959;-0.2396
0;0.1283;0.3769;-0.5911;-0.2424
0;0.1323;0.45;-0.3153;-0.208
0;0.1289;0.4086;-0.5495;-0.2079
0;0.1285;0.4017;-0.5355;-0.2091
0;0.1283;0.4386;-0.5464;-0.2091
1;0.133;0.5108;-0.1913;-0.1676
0;0.1331;0.4557;-0.1803;-0.1318
0;0.1259;0.4467;-0.7322;-0.1634
0;0.1315;0.5191;-0.3005;-0.1388
0;0.1351;0.5417;-0.0843;-0.0876
0;0.134;0.5131;-0.245;-0.0554
0;0.1355;0.5772;-0.2241;-0.0168
0;0.1351;0.5946;-0.2586;0.0102
1;0.1259;0.5363;-1.0;-0.0467
0;0.1222;0.432;-1.0;-0.1226
0;0.1118;0.3006;-0.9538;-0.2694
0;0.108;0.2985;-0.8366;-0.4143
2;0.119;0.424;-0.5335;-0.4309
0;0.1222;0.4532;-0.4449;-0.4121
0;0.116;0.3738;-0.6142;-0.445
0;0.121;0.4161;-0.4764;-0.4238
0;0.1206;0.4594;-0.4456;-0.4062
1;0.1237;0.4372;-0.3539;-0.362
0;0.1237;0.4031;-0.1898;-0.3234
0;0.1194;0.3823;-0.3324;-0.3258
0;0.122;0.3928;-0.2335;-0.3025
0;0.1182;0.373;-0.5897;-0.313
0;0.1169;0.4234;-0.6667;-0.3289
2;0.1271;0.5378;-0.0753;-0.2513
0;0.1226;0.5916;-0.3705;-0.2257
0;0.1274;0.6611;-0.1066;-0.1625
0;0.1263;0.573;-0.2101;-0.1201
0;0.1267;0.5474;-0.1907;-0.0824
1;0.1313;0.6661;-0.0144;-0.0125
0;0.1234;0.5241;-0.4256;-0.0244
0;0.1188;0.4831;-0.6528;-0.0724
0;0.1224;0.4879;-0.5457;-0.0792
0;0.1205;0.4713;-0.6695;-0.0998
0;0.1217;0.5223;-0.6812;-0.1044
2;0.1149;0.4376;-0.9916;-0.1649
0;0.1214;0.5274;-0.5035;-0.1553
0;0.1182;0.5104;-0.6597;-0.1739
0;0.1156;0.3926;-0.7847;-0.2088
0;0.1182;0.458;-0.6562;-0.2114
0;0.1129;0.3623;-0.87;-0.2561
0;0.1049;0.3197;-0.9375;-0.357
0;0.1137;0.4048;-0.5362;-0.3575
0;0.1164;0.3872;-0.371;-0.3314
0;0.1157;0.4346;-0.4064;-0.3134
0;0.1166;0.4803;-0.3604;-0.2879
0;0.1193;0.4712;-0.2332;-0.2426
1;0.1109;0.4211;-0.5507;-0.2752
0;0.1163;0.458;-0.2247;-0.2523
0;0.1206;0.546;-0.0522;-0.1947
0;0.1181;0.4714;-0.2239;-0.1688
0;0.1201;0.5172;-0.1741;-0.1293
0;0.1229;0.564;-0.1561;-0.0734
1;0.1196;0.5113;-0.3805;-0.057
0;0.1203;0.5687;-0.3317;-0.0373
0;0.1202;0.6688;-0.3366;-0.0219
0;0.1228;0.616;-0.161;0.0125
0;0.1207;0.5556;-0.3444;0.0217
2;0.126;0.6195;-0.12;0.0737
0;0.1252;0.5997;-0.1829;0.107
0;0.1243;0.5606;-0.2571;0.1242
0;0.1256;0.714;-0.1957;0.1475
0;0.1247;0.6415;-0.2826;0.1569
0;0.1236;0.5562;-0.3913;0.1534
2;0.1235;0.6114;-0.4058;0.1477
0;0.1241;0.5879;-0.3643;0.1473
0;0.1255;0.5612;-0.2617;0.1571
0;0.1288;0.7177;-0.0561;0.1914
0;0.1286;0.6979;-0.243;0.214
0;0.1326;0.7493;-0.0214;0.2641
1;0.1318;0.695;-0.2025;0.2939
0;0.1292;0.68;-0.4304;0.2921
0;0.127;0.523;-0.6387;0.2685
0;0.1281;0.5694;-0.5355;0.2569
0;0.1266;0.5541;-0.6887;0.2321
2;0.126;0.5105;-0.7619;0.2052
0;0.1277;0.569;-0.7063;0.196
0;0.1251;0.5331;-0.8378;0.165
0;0.1262;0.5576;-0.5561;0.1482
0;0.127;0.5602;-0.5;0.1401
0;0.1249;0.4869;-0.6458;0.1138
0;0.1269;0.4585;-0.2672;0.1091
0;0.1249;0.4282;-0.4733;0.0876
0;0.1267;0.3703;-0.2901;0.0845
0;0.1136;0.2412;-0.8583;-0.0297
0;0.1148;0.2876;-0.7913;-0.1089
0;0.1121;0.2833;-0.8475;-0.1936
0;0.1098;0.2413;-0.961;-0.2779
0;0.1058;0.2261;-0.976;-0.3747
0;0.1081;0.2734;-0.8829;-0.4278
0;0.1103;0.2839;-0.7436;-0.4461
0;0.108;0.2856;-0.8451;-0.4752
0;0.1075;0.2621;-0.868;-0.4976
0;0.11;0.293;-0.6436;-0.4885
1;0.1091;0.302;-0.6134;-0.4843
0;0.1043;0.235;-0.8284;-0.5162
0;0.1066;0.2867;-0.5524;-0.5163
0;0.1086;0.291;-0.3636;-0.4939
0;0.1081;0.4103;-0.4126;-0.4754
0;0.1057;0.3559;-0.6434;-0.4766
0;0.105;0.3809;-0.7063;-0.4781
1;0.104;0.3991;-0.7899;-0.4825
0;0.1017;0.4222;-0.9276;-0.5009
0;0.0984;0.326;-0.9893;-0.5378
0;0.1008;0.3289;-0.7459;-0.541
0;0.097;0.3123;-0.9118;-0.5699
0;0.0942;0.2897;-0.9912;-0.6105
0;0.0913;0.2079;-0.9887;-0.6606
0;0.0865;0.1856;-0.9858;-0.734
0;0.088;0.2511;-0.911;-0.7707
0;0.0927;0.3017;-0.6868;-0.7519
0;0.0939;0.2866;-0.5643;-0.7184
0;0.0944;0.3002;-0.4789;-0.6805
0;0.0937;0.3159;-0.5049;-0.6498
1;0.0971;0.3878;-0.1878;-0.5898
0;0.0948;0.3745;-0.3314;-0.5551
0;0.104;0.5265;-0.0476;-0.4445
0;0.1078;0.6071;-0.0581;-0.3199
0;0.1049;0.5467;-0.2538;-0.2429
0;0.1057;0.6054;-0.2386;-0.1727
0;0.1057;0.6482;-0.2701;-0.1162
0;0.1016;0.6289;-0.4905;-0.1051
0;0.1011;0.7048;-0.5211;-0.0997
2;0.104;0.7154;-0.4042;-0.0698
0;0.1032;0.6592;-0.4735;-0.0518
0;0.1057;0.6717;-0.3561;-0.0156
0;0.1066;0.6759;-0.3861;0.0206
0;0.1041;0.643;-0.6013;0.0274
1;0.1016;0.5634;-0.7603;0.0112
0;0.101;0.5904;-0.8264;-0.0068
0;0.1037;0.496;-0.5207;0.0024
0;0.1021;0.3878;-0.7143;-0.0042
0;0.1005;0.408;-0.8992;-0.0232
0;0.1017;0.4169;-0.7647;-0.0279
0;0.1002;0.3943;-0.9328;-0.0438
0;0.1;0.4631;-0.9048;-0.0578
0;0.1005;0.4866;-0.802;-0.0639
0;0.1;0.3985;-0.8452;-0.0723
0;0.0989;0.3926;-0.8673;-0.087
0;0.1028;0.4306;-0.3367;-0.065
0;0.1031;0.4143;-0.2959;-0.0444
0;0.105;0.5221;-0.1038;-0.0113
0;0.1008;0.4814;-0.6415;-0.021
0;0.1002;0.483;-0.641;-0.0329
1;0.0967;0.3443;-1.0;-0.0721
0;0.0985;0.4202;-0.6513;-0.0871
0;0.0977;0.4358;-0.7237;-0.1049
0;0.1;0.4647;-0.5132;-0.0977
0;0.0993;0.4801;-0.5789;-0.0972
0;0.0996;0.4917;-0.5526;-0.0934
1;0.0991;0.4686;-0.5987;-0.0937
0;0.1007;0.5157;-0.3465;-0.0791
0;0.1037;0.593;-0.0081;-0.0417
0;0.1059;0.5652;-0.0497;0.0072
0;0.1043;0.5247;-0.207;0.0322
0;0.1062;0.5237;-0.1703;0.0675
0;0.108;0.6591;-0.0725;0.1099
0;0.1061;0.6219;-0.2373;0.1262
0;0.112;0.7901;-0.1268;0.1874
0;0.1145;0.796;-0.1321;0.2552
0;0.115;0.8242;-0.1041;0.3104
0;0.1126;0.7329;-0.2767;0.3295
0;0.1139;0.7658;-0.2228;0.3526
0;0.1132;0.7448;-0.2717;0.3613
0;0.1133;0.7595;-0.28;0.365
0;0.1112;0.6884;-0.5133;0.3462
2;0.1122;0.6644;-0.4267;0.3359
0;0.1126;0.6398;-0.4143;0.3281
0;0.1099;0.6113;-0.9307;0.2956
0;0.1102;0.5841;-0.871;0.2687
0;0.1139;0.6158;-0.1842;0.2766
0;0.1107;0.585;-0.7841;0.2524
0;0.1123;0.5083;-0.5341;0.2447
0;0.1117;0.4317;-0.6364;0.2303
1;0.1098;0.3818;-0.9205;0.2006
0;0.1088;0.4094;-0.8468;0.1668
0;0.1073;0.3417;-0.8571;0.1257
0;0.106;0.331;-0.9778;0.0805
0;0.1054;0.3197;-0.9272;0.039
0;0.1097;0.4691;-0.543;0.0428
0;0.1107;0.4691;-0.457;0.0535
0;0.106;0.3832;-0.8362;0.0214
0;0.1062;0.4282;-0.8053;-0.0023
0;0.1093;0.4858;-0.4336;0.0058
1;0.1119;0.4636;-0.2097;0.0338
0;0.1125;0.5357;-0.2319;0.0606
0;0.1109;0.4716;-0.3841;0.0677
0;0.1105;0.4759;-0.4275;0.0687
0;0.1104;0.513;-0.4615;0.0682
0;0.115;0.6152;-0.0224;0.1059
0;0.1139;0.6257;-0.1333;0.1255
0;0.1144;0.6667;-0.0873;0.1441
0;0.1125;0.6331;-0.319;0.1407
0;0.1117;0.5437;-0.5949;0.1301
0;0.1086;0.4586;-0.957;0.0937
2;0.1093;0.5775;-0.7273;0.0697
0;0.1094;0.576;-0.7091;0.0514
0;0.1096;0.5062;-0.6909;0.0377
0;0.1072;0.3693;-0.9391;0.0061
0;0.1065;0.3347;-0.9286;-0.0246
0;0.1107;0.4946;-0.4841;-0.0129
0;0.1117;0.5298;-0.3248;0.0054
0;0.1126;0.5507;-0.0319;0.0274
0;0.113;0.4458;-0.0303;0.0477
0;0.1122;0.4515;-0.1584;0.0561
1;0.1144;0.5;-0.0254;0.0812
0;0.1177;0.6259;-0.0479;0.1282
0;0.119;0.6702;-0.2542;0.1746
0;0.1211;0.8081;-0.1356;0.2272
0;0.1236;0.8237;-0.0087;0.2872
0;0.1246;0.8306;-0.0148;0.3403
0;0.1202;0.6951;-0.3198;0.341
0;0.1181;0.7028;-0.4764;0.3201
0;0.1195;0.7351;-0.377;0.3123
0;0.1195;0.6857;-0.3822;0.3023
0;0.1203;0.6827;-0.4769;0.2981
2;0.1205;0.6733;-0.5566;0.2936
0;0.1202;0.6589;-0.618;0.2844
1;0.1196;0.6653;-0.6973;0.2689
0;0.1209;0.6503;-0.5289;0.2649
0;0.1205;0.5748;-0.5784;0.2556
0;0.1199;0.525;-0.4958;0.2405
0;0.1201;0.4694;-0.5879;0.2279
0;0.1197;0.3603;-0.6981;0.2118
0;0.1194;0.3031;-0.6349;0.1948
2;0.1203;0.5038;-0.4603;0.1865
0;0.121;0.678;-0.3016;0.1844
0;0.124;0.7284;-0.0879;0.2059
0;0.1229;0.6616;-0.2418;0.2116
0;0.126;0.7209;-0.0678;0.2402
1;0.1267;0.7303;-0.048;0.266
0;0.1272;0.7569;-0.125;0.288
0;0.127;0.7784;-0.1458;0.3004
0;0.1277;0.7679;-0.0833;0.3127
0;0.1273;0.7679;-0.1189;0.3159
0;0.1265;0.7544;-0.2373;0.3079
0;0.1241;0.63;-0.5556;0.2778
0;0.1233;0.6176;-0.8235;0.2448
0;0.1218;0.5701;-0.8738;0.2033
2;0.1241;0.6058;-0.5728;0.1883
0;0.1228;0.5462;-0.7476;0.163
0;0.1225;0.4533;-0.7755;0.1387
0;0.1238;0.5253;-0.602;0.1291
0;0.1231;0.3946;-0.6809;0.1143
1;0.1239;0.4011;-0.5341;0.1086
0;0.1228;0.3487;-0.6623;0.0932
0;0.1244;0.4178;-0.1455;0.0936
0;0.1236;0.3738;-0.4394;0.0866
0;0.1251;0.4342;-0.358;0.0923
0;0.126;0.487;-0.2254;0.1042
0;0.1272;0.5981;-0.1548;0.1227
0;0.1244;0.5311;-0.6024;0.1122
0;0.1245;0.5811;-0.5904;0.1034
0;0.1242;0.5026;-0.6386;0.0928
0;0.1255;0.5928;-0.439;0.0944
0;0.127;0.6429;-0.2179;0.1075
0;0.1254;0.5488;-0.5735;0.1025
0;0.1235;0.513;-0.9545;0.0821
0;0.1223;0.4553;-0.9186;0.0549
0;0.1242;0.5388;-0.6207;0.0489
0;0.1271;0.5687;-0.2198;0.0681
0;0.1264;0.5709;-0.3187;0.0767
0;0.1265;0.5391;-0.3077;0.0833
0;0.1282;0.5556;-0.1146;0.1018
1;0.1295;0.5591;-0.0283;0.1269
0;0.1271;0.5703;-0.3302;0.1247
0;0.1316;0.6515;-0.1503;0.1596
0;0.1338;0.6898;-0.0479;0.204
0;0.1346;0.684;-0.0659;0.2439
0;0.1362;0.685;-0.0976;0.2863
0;0.1358;0.7226;-0.2747;0.3134
0;0.1319;0.6627;-0.5604;0.298
0;0.133;0.7092;-0.478;0.2923
0;0.1307;0.6239;-0.6629;0.2649
0;0.1297;0.5535;-0.736;0.232
2;0.1307;0.5882;-0.6573;0.2127
0;0.1304;0.578;-0.8841;0.192
0;0.1329;0.5929;-0.6377;0.1956
0;0.129;0.4906;-0.9655;0.1628
0;0.1284;0.5244;-0.925;0.1302
0;0.1279;0.4189;-0.8702;0.0992
0;0.1295;0.4011;-0.5774;0.0868
0;0.1301;0.3971;-0.4556;0.0819
0;0.1297;0.3413;-0.5268;0.0732
0;0.1333;0.4467;0.0;0.0962
0;0.1343;0.558;-0.1528;0.1217
1;0.1347;0.5431;-0.1589;0.1443
0;0.1347;0.6151;-0.1848;0.1607
0;0.1345;0.6425;-0.208;0.1699
0;0.1372;0.6736;-0.0417;0.1981
0;0.1372;0.6876;-0.0508;0.2182
0;0.1391;0.6757;-0.0352;0.2479
0;0.1385;0.8339;-0.0915;0.2635
0;0.1404;0.8869;-0.0828;0.2892
0;0.1417;0.9206;-0.2216;0.3175
0;0.14;0.8194;-0.4155;0.3221
0;0.1422;0.834;-0.2183;0.3404
0;0.1396;0.7452;-0.4676;0.3292
0;0.1389;0.6652;-0.5748;0.3117
0;0.1441;0.7312;-0.0427;0.3388
0;0.1433;0.6972;-0.2119;0.3493
0;0.1425;0.6735;-0.2991;0.3475
0;0.1414;0.6471;-0.5051;0.3326
0;0.1381;0.5191;-0.9394;0.2894
0;0.1358;0.4738;-0.9044;0.2328
2;0.1395;0.5068;-0.5515;0.2169
0;0.1401;0.5286;-0.4926;0.2073
0;0.1399;0.4913;-0.5074;0.1963
0;0.1407;0.4807;-0.4338;0.192
0;0.1399;0.4969;-0.5147;0.1794
1;0.1408;0.471;-0.4091;0.1754
0;0.1393;0.4949;-0.553;0.158
0;0.1399;0.522;-0.2947;0.1478
0;0.1423;0.4535;-0.2222;0.1584
0;0.1423;0.4737;-0.2745;0.165
0;0.1421;0.4875;-0.3735;0.1665
0;0.1422;0.5242;-0.3494;0.1673
1;0.1425;0.6524;-0.3133;0.168
0;0.1419;0.7439;-0.3976;0.1623
0;0.1415;0.6066;-0.4699;0.1522
0;0.1391;0.4552;-0.8434;0.1224
0;0.1448;0.6452;-0.0133;0.1458
0;0.1427;0.5556;-0.3733;0.145
0;0.1422;0.5677;-0.4533;0.1391
0;0.1417;0.5268;-0.5467;0.1283
0;0.1428;0.6045;-0.3467;0.1282
0;0.144;0.6167;-0.1579;0.1366
2;0.1435;0.5396;-0.275;0.1378
0;0.1469;0.622;-0.0811;0.1658
0;0.1482;0.6538;-0.0916;0.1972
0;0.149;0.6654;-0.1319;0.2269
0;0.1529;0.7161;-0.0435;0.2811
0;0.1525;0.7184;-0.2211;0.3169
0;0.1471;0.5974;-0.5895;0.2962
0;0.145;0.6021;-0.7609;0.2587
0;0.1441;0.4873;-0.8779;0.2192
0;0.1436;0.5204;-0.9133;0.1812
2;0.1453;0.5645;-0.7861;0.1637
0;0.1425;0.5147;-0.9886;0.1241
0;0.1427;0.497;-0.9239;0.0936
0;0.1437;0.4939;-0.8533;0.0769
0;0.1471;0.5644;-0.6087;0.0922
0;0.1437;0.4433;-0.8308;0.0745
0;0.1392;0.3554;-0.9884;0.021
0;0.1386;0.3317;-0.7676;-0.0259
0;0.1377;0.2273;-0.8451;-0.0704
0;0.138;0.2396;-0.8193;-0.1021
0;0.1369;0.2832;-0.9096;-0.1352
0;0.1379;0.3425;-0.8257;-0.1513
0;0.1374;0.3472;-0.8709;-0.167
0;0.1368;0.3459;-0.9225;-0.1828
0;0.1364;0.2867;-0.8939;-0.1966
0;0.1369;0.3485;-0.7802;-0.2014
0;0.1389;0.4056;-0.303;-0.1861
0;0.1386;0.369;-0.3226;-0.1746
0;0.1364;0.2068;-0.7742;-0.1821
0;0.1375;0.3043;-0.5484;-0.1769
1;0.1365;0.3937;-0.6389;-0.1788
0;0.1355;0.3772;-0.8333;-0.1875
2;0.137;0.4743;-0.5556;-0.1793
0;0.1359;0.4247;-0.7639;-0.1808
0;0.1337;0.395;-0.883;-0.1984
0;0.1338;0.3564;-0.8723;-0.2095
0;0.1349;0.4184;-0.7128;-0.2062
0;0.1339;0.408;-0.8272;-0.2099
0;0.133;0.3942;-0.908;-0.2185
0;0.1324;0.3619;-0.9481;-0.2281
0;0.1335;0.3232;-0.7564;-0.2241
0;0.1318;0.2977;-0.8989;-0.2324
0;0.1332;0.4;-0.6966;-0.2246
0;0.1332;0.356;-0.5574;-0.2161
0;0.1328;0.3696;-0.6393;-0.2104
0;0.133;0.407;-0.6066;-0.2024
0;0.1305;0.2717;-0.8625;-0.2149
0;0.1324;0.3834;-0.3965;-0.2067
0;0.1354;0.5539;-0.0513;-0.1725
0;0.1359;0.5667;-0.1099;-0.1392
0;0.1342;0.4793;-0.398;-0.1258
0;0.1323;0.4541;-0.6531;-0.1304
1;0.1334;0.5108;-0.5102;-0.1234
0;0.1332;0.5244;-0.5306;-0.1179
0;0.1324;0.4685;-0.6429;-0.1195
2;0.1318;0.5;-0.7143;-0.1241
0;0.1305;0.4135;-0.9462;-0.1382
0;0.1309;0.4299;-0.8817;-0.1439
0;0.1318;0.4682;-0.7634;-0.1397
0;0.1323;0.48;-0.6882;-0.1303
0;0.1332;0.5833;-0.2593;-0.1143
0;0.1335;0.538;-0.1852;-0.0979
1;0.1326;0.3846;-0.3889;-0.0911
0;0.1318;0.3313;-0.5417;-0.092
0;0.1311;0.363;-0.7083;-0.097
0;0.1297;0.3786;-1.0;-0.1123
0;0.1296;0.3071;-0.7397;-0.1238
0;0.1294;0.3047;-0.7808;-0.1336
0;0.1281;0.2932;-0.8202;-0.1503
0;0.1272;0.2826;-0.85;-0.1698
0;0.1305;0.5031;-0.42;-0.1552
0;0.1298;0.4578;-0.4674;-0.1479
0;0.1271;0.3403;-0.8471;-0.1641
0;0.1276;0.3403;-0.759;-0.1706
0;0.1301;0.4085;-0.2206;-0.1523
0;0.1291;0.3722;-0.4265;-0.1455
0;0.1305;0.4416;-0.1471;-0.126
0;0.1332;0.5373;-0.1226;-0.0865
1;0.134;0.5722;-0.1356;-0.0478
0;0.1306;0.5206;-0.4027;-0.0459
0;0.1284;0.4747;-0.5906;-0.0625
0;0.1326;0.558;-0.2282;-0.0392
0;0.1327;0.585;-0.2215;-0.0197
0;0.1318;0.5865;-0.2953;-0.0114
2;0.1292;0.474;-0.5235;-0.0273
0;0.1264;0.4383;-0.7651;-0.0633
0;0.1257;0.4733;-0.7885;-0.097
0;0.1233;0.4233;-0.9808;-0.1424
0;0.1234;0.3672;-0.8667;-0.176
0;0.1188;0.3224;-0.9951;-0.2396
0;0.1201;0.3191;-0.8079;-0.276
0;0.1187;0.2358;-0.8834;-0.3136
0;0.1175;0.2039;-0.8675;-0.3505
0;0.1179;0.2445;-0.8356;-0.3725
0;0.1199;0.3281;-0.6536;-0.3687
0;0.1188;0.1805;-0.6842;-0.3711
0;0.1169;0.1633;-0.84;-0.3849
0;0.1186;0.2258;-0.6218;-0.3778
0;0.1188;0.2616;-0.4783;-0.3662
0;0.1151;0.2517;-0.9022;-0.3843
0;0.1133;0.2393;-0.9817;-0.4104
0;0.1135;0.2734;-0.8387;-0.4246
0;0.1133;0.2679;-0.8629;-0.4332
0;0.1163;0.4385;-0.5484;-0.4097
0;0.1206;0.5101;-0.1048;-0.3503
0;0.1196;0.5188;-0.216;-0.3085
1;0.1211;0.5777;-0.064;-0.2596
0;0.1207;0.5627;-0.096;-0.221
0;0.1207;0.5185;-0.104;-0.189
0;0.1186;0.4965;-0.312;-0.1789
0;0.1178;0.5204;-0.4;-0.1764
0;0.1168;0.4559;-0.5207;-0.1811
2;0.1161;0.4345;-0.7579;-0.1889
0;0.1128;0.4427;-0.9268;-0.2208
0;0.1142;0.5234;-0.7805;-0.2317
0;0.1134;0.4981;-0.8583;-0.2444
0;0.1114;0.458;-0.9281;-0.2691
0;0.1112;0.3695;-0.9348;-0.287
0;0.111;0.1878;-0.8516;-0.3
0;0.1103;0.1917;-0.8985;-0.3131
0;0.1115;0.1746;-0.7661;-0.3101
0;0.114;0.3028;-0.3673;-0.2826
0;0.1156;0.3629;-0.1633;-0.2447
0;0.1152;0.3981;-0.2143;-0.2156
0;0.1165;0.4615;-0.051;-0.1798
1;0.1154;0.4595;-0.2818;-0.1589
0;0.1158;0.4908;-0.2364;-0.1374
0;0.116;0.6145;-0.2091;-0.1171
0;0.1136;0.4792;-0.54;-0.1204
0;0.1149;0.5477;-0.3854;-0.1104
2;0.1135;0.5707;-0.6111;-0.1133
0;0.1131;0.5619;-0.8824;-0.1177
0;0.1155;0.6306;-0.4265;-0.0994
0;0.1137;0.5932;-0.7324;-0.0991
0;0.1172;0.6377;-0.1127;-0.0688
0;0.1191;0.6265;-0.0928;-0.0275
0;0.117;0.5341;-0.419;-0.0127
1;0.1177;0.5597;-0.3333;0.0052
0;0.117;0.5134;-0.419;0.0132
0;0.1207;0.6169;0.0;0.0512
0;0.1275;0.6995;-0.067;0.1375
0;0.1297;0.7184;-0.035;0.2227
0;0.1277;0.7288;-0.1442;0.2708
0;0.1281;0.7204;-0.1352;0.3092
0;0.1295;0.7674;-0.0554;0.3482
0;0.1307;0.7861;-0.0159;0.3852
0;0.1262;0.6626;-0.3185;0.3722
0;0.1278;0.7154;-0.2123;0.3713
0;0.1268;0.6605;-0.3121;0.3587
0;0.1264;0.6282;-0.6903;0.3416
0;0.1283;0.6997;-0.44;0.3405
2;0.127;0.6601;-0.6667;0.3247
1;0.1264;0.6635;-0.7308;0.3042
0;0.1256;0.5928;-0.8718;0.2773
0;0.127;0.4885;-0.641;0.2653
0;0.1248;0.3817;-0.9206;0.2343
0;0.1261;0.4606;-0.5541;0.2188
0;0.1254;0.4341;-0.6757;0.1982
0;0.1269;0.4363;-0.4189;0.1926
0;0.1251;0.367;-0.7297;0.1707
0;0.1255;0.4791;-0.6377;0.155
1;0.1284;0.5172;-0.1268;0.1658
0;0.1294;0.569;-0.039;0.1806
0;0.1298;0.5923;-0.1398;0.1943
0;0.1288;0.5135;-0.2796;0.1943
0;0.1306;0.6009;-0.0909;0.2077
0;0.1323;0.6529;-0.115;0.2301
0;0.134;0.7115;-0.0081;0.26
0;0.1338;0.6835;-0.1324;0.2795
0;0.1347;0.7864;-0.0979;0.2993
0;0.1362;0.7883;-0.0698;0.3244
0;0.1354;0.7848;-0.1652;0.334
0;0.1346;0.7256;-0.2609;0.3307
0;0.1363;0.8318;-0.0696;0.3393
0;0.1352;0.7758;-0.2075;0.3331
0;0.1358;0.7423;-0.2;0.33
0;0.1344;0.66;-0.5818;0.3121
0;0.1372;0.7043;-0.0179;0.3187
0;0.1354;0.675;-0.5098;0.3052
0;0.1375;0.679;-0.1087;0.3087
0;0.1372;0.64;-0.2083;0.3061
0;0.1354;0.5398;-0.6875;0.2855
1;0.1355;0.5467;-0.6667;0.2669
0;0.1333;0.4628;-0.9375;0.2306
0;0.1359;0.4922;-0.4219;0.2217
2;0.1361;0.5181;-0.375;0.2144
0;0.1371;0.564;-0.2;0.2143
0;0.1377;0.5381;-0.0769;0.2174
0;0.1371;0.5522;-0.2;0.2121
1;0.1379;0.556;-0.0882;0.2124
0;0.1398;0.6444;-0.1212;0.2271
0;0.1393;0.5619;-0.1919;0.2316
0;0.14;0.648;-0.101;0.2387
0;0.1404;0.6057;-0.0864;0.2452
0;0.1372;0.4977;-0.6857;0.2202
0;0.1393;0.6129;-0.3387;0.2162
0;0.1391;0.6027;-0.4154;0.2088
0;0.138;0.6471;-0.6154;0.192
0;0.139;0.6066;-0.4308;0.1848
2;0.1379;0.5596;-0.6308;0.1685
1;0.1363;0.4752;-0.8493;0.1398
0;0.1386;0.5247;-0.4521;0.1351
0;0.1374;0.5087;-0.6575;0.1199
0;0.139;0.5292;-0.3836;0.1201
0;0.1376;0.4397;-0.6164;0.1075
0;0.1387;0.4854;-0.4247;0.1059
0;0.1385;0.4592;-0.4184;0.1015
0;0.1369;0.4109;-0.72;0.0834
0;0.1359;0.4629;-0.8237;0.0594
0;0.1354;0.3761;-0.9051;0.0359
0;0.1341;0.3528;-0.8213;0.0061
0;0.1353;0.4198;-0.6468;-0.0072
0;0.1343;0.362;-0.7709;-0.0265
0;0.1335;0.3669;-0.8624;-0.0481
0;0.1323;0.3773;-0.9159;-0.0748
0;0.1313;0.2583;-0.991;-0.1032
0;0.1341;0.4013;-0.6436;-0.1007
0;0.1339;0.3331;-0.5147;-0.0998
0;0.1325;0.3328;-0.7647;-0.1094
0;0.132;0.2717;-0.7627;-0.12
0;0.133;0.3212;-0.5593;-0.1189
1;0.1314;0.3212;-0.8983;-0.1303
0;0.132;0.369;-0.5974;-0.1331
0;0.1299;0.3333;-0.9219;-0.1516
0;0.1331;0.4719;-0.2969;-0.1374
0;0.133;0.4332;-0.3125;-0.1255
0;0.1332;0.4686;-0.1897;-0.1127
0;0.134;0.5146;-0.3488;-0.0954
0;0.1336;0.5436;-0.3953;-0.0835
1;0.1332;0.5638;-0.4535;-0.0765
0;0.1336;0.4777;-0.407;-0.0676
0;0.1356;0.5611;-0.1047;-0.0422
0;0.137;0.6556;-0.1481;-0.0102
0;0.1363;0.6484;-0.2581;0.0096
0;0.1361;0.6127;-0.3553;0.0231
0;0.1372;0.7186;-0.1711;0.043
0;0.1357;0.6313;-0.4211;0.0453
0;0.1368;0.7605;-0.2368;0.0562
0;0.1385;0.7297;-0.0706;0.0783
0;0.1399;0.7636;0.0;0.1071
0;0.1403;0.7665;-0.04;0.132
0;0.1394;0.7;-0.2388;0.1421
0;0.1402;0.733;-0.1528;0.1554
0;0.1403;0.7558;-0.1389;0.1648
0;0.1394;0.7039;-0.2917;0.1631
0;0.1395;0.6581;-0.2639;0.1613
2;0.1409;0.6581;-0.186;0.1697
0;0.1434;0.7472;-0.0118;0.1955
0;0.1443;0.7754;-0.1383;0.2219
0;0.1449;0.7667;-0.1667;0.245
0;0.1461;0.8701;-0.0421;0.2715
0;0.1455;0.8187;-0.1263;0.284
0;0.1452;0.7727;-0.1684;0.2882
0;0.1464;0.7682;-0.0309;0.2986
0;0.1452;0.6894;-0.2476;0.2934
0;0.1461;0.764;-0.1628;0.2944
0;0.1465;0.7548;-0.119;0.2947
0;0.146;0.725;-0.2698;0.2878
0;0.1454;0.7389;-0.4717;0.2739
0;0.1463;0.7545;-0.2653;0.2681
0;0.147;0.7421;-0.1731;0.2668
0;0.1472;0.6846;-0.3919;0.2643
0;0.1463;0.5969;-0.5405;0.2521
0;0.1473;0.6119;-0.3784;0.2479
0;0.1446;0.4371;-0.8243;0.2197
0;0.1452;0.4867;-0.7297;0.1999
0;0.1532;0.7033;-0.1241;0.2497
0;0.1527;0.6665;-0.1815;0.2823
0;0.1544;0.7367;-0.0616;0.3193
0;0.1554;0.7379;0.0;0.3539
1;0.1533;0.6613;-0.1928;0.3597
0;0.1543;0.6909;-0.1038;0.3686
0;0.1534;0.6831;-0.1854;0.3642
0;0.1532;0.6636;-0.2002;0.3555
0;0.1516;0.6043;-0.3537;0.3313
2;0.1534;0.6312;-0.2422;0.3236
0;0.1534;0.6554;-0.3676;0.3142
0;0.1553;0.6684;-0.0435;0.3192
0;0.156;0.76;-0.026;0.3258
0;0.1545;0.7056;-0.2597;0.3153
1;0.1521;0.4695;-0.6494;0.2832
0;0.1511;0.4545;-0.8182;0.246
0;0.1522;0.4366;-0.6364;0.2237
0;0.1519;0.3922;-0.6883;0.2009
2;0.1549;0.5463;-0.2083;0.2069
0;0.1541;0.4953;-0.4268;0.2025
0;0.1545;0.5337;-0.3659;0.2004
1;0.1592;0.6402;-0.0598;0.2362
0;0.1583;0.6627;-0.1951;0.2544
0;0.1579;0.6176;-0.2358;0.2626
0;0.1585;0.6286;-0.1789;0.2711
0;0.1583;0.5848;-0.1951;0.2735
0;0.1559;0.498;-0.4576;0.252
2;0.1568;0.5588;-0.43;0.2399
0;0.1595;0.6901;-0.3488;0.2511
0;0.1591;0.7137;-0.3876;0.2538
0;0.1554;0.5752;-0.8649;0.2218
0;0.1601;0.6594;-0.3423;0.2339
0;0.1625;0.6506;-0.0965;0.2615
0;0.1609;0.6304;-0.3252;0.2667
0;0.1606;0.6168;-0.3577;0.2653
0;0.1604;0.5283;-0.374;0.26
0;0.1635;0.6096;-0.065;0.279
0;0.1639;0.6267;-0.1111;0.2945
0;0.1632;0.6007;-0.1704;0.2981
0;0.1641;0.6192;-0.0889;0.3052
0;0.1638;0.6775;-0.211;0.3049
0;0.1635;0.6567;-0.3133;0.2994
0;0.1641;0.6183;-0.2289;0.2966
0;0.1654;0.6548;-0.0805;0.3023
0;0.1647;0.7674;-0.1839;0.2973
0;0.1634;0.6185;-0.4;0.2794
0;0.1637;0.551;-0.56;0.265
0;0.1648;0.6714;-0.3;0.2597
0;0.1664;0.7325;-0.0968;0.2671
0;0.1648;0.6534;-0.4833;0.2558
0;0.1648;0.558;-0.4833;0.2442
1;0.165;0.5515;-0.4333;0.2345
0;0.1653;0.5985;-0.3667;0.2271
0;0.1643;0.5075;-0.5833;0.21
2;0.1653;0.5664;-0.3667;0.2031
0;0.1642;0.526;-0.6712;0.186
0;0.1594;0.3575;-0.6124;0.1296
0;0.1622;0.4115;-0.4157;0.1076
0;0.1626;0.4414;-0.3876;0.0926
0;0.1661;0.568;-0.1404;0.1099
0;0.1677;0.594;-0.0281;0.136
0;0.1689;0.5955;-0.0459;0.1647
1;0.1693;0.5697;-0.0857;0.189
0;0.1646;0.4965;-0.3619;0.1665
0;0.1662;0.5292;-0.2667;0.1606
0;0.1642;0.4848;-0.3857;0.1372
0;0.1655;0.5029;-0.5;0.1283
0;0.1659;0.5299;-0.5;0.1233
2;0.168;0.5476;-0.3009;0.1358
0;0.1676;0.562;-0.3456;0.1408
0;0.1698;0.7126;-0.0954;0.1626
0;0.1701;0.6791;-0.0686;0.18
0;0.1706;0.6803;-0.1198;0.196
0;0.1719;0.6443;-0.0623;0.2176
0;0.1722;0.6198;-0.0267;0.2351
0;0.171;0.5566;-0.2324;0.236
0;0.1682;0.4753;-0.575;0.2107
0;0.1674;0.5816;-0.7841;0.1817
0;0.1668;0.5195;-0.8636;0.152
0;0.169;0.646;-0.5376;0.145
2;0.1699;0.639;-0.4086;0.1462
0;0.1702;0.6354;-0.3763;0.1477
0;0.1744;0.6787;0.0;0.1832
0;0.1711;0.5859;-0.3636;0.1816
1;0.1707;0.5236;-0.4091;0.1749
0;0.1694;0.4837;-0.5545;0.1568
0;0.1686;0.452;-0.6455;0.134
0;0.1686;0.4145;-0.6455;0.1146
2;0.1681;0.3941;-0.7;0.0939
0;0.1687;0.4386;-0.7955;0.0815
0;0.1635;0.3876;-0.9504;0.0266
0;0.1664;0.477;-0.7021;0.0073
0;0.1673;0.5104;-0.617;3.0E-4
0;0.1642;0.402;-0.8545;-0.0321
0;0.1646;0.3878;-0.7961;-0.0539
0;0.1647;0.3857;-0.7553;-0.0691
1;0.1648;0.2562;-0.7447;-0.0797
0;0.1661;0.3578;-0.5349;-0.0761
0;0.1649;0.3421;-0.7093;-0.0828
0;0.1679;0.4618;-0.3333;-0.0617
0;0.1633;0.3885;-0.9462;-0.0838
0;0.164;0.4066;-0.8495;-0.094
0;0.1671;0.4807;-0.4409;-0.0749
0;0.1681;0.4883;-0.3187;-0.0507
0;0.1675;0.586;-0.3956;-0.036
0;0.1687;0.5547;-0.2308;-0.0137
1;0.169;0.5391;-0.1978;0.0061
0;0.169;0.6359;-0.1978;0.0217
0;0.1645;0.4981;-0.8022;-0.0043
0;0.1639;0.4816;-0.8778;-0.0295
0;0.1629;0.4594;-0.8922;-0.0573
0;0.1626;0.4207;-0.9314;-0.0814
0;0.1625;0.4436;-0.9143;-0.1002
0;0.1619;0.3377;-0.9043;-0.1195
0;0.1606;0.4118;-0.9302;-0.1444
0;0.1597;0.3598;-0.9034;-0.1701
0;0.1621;0.3315;-0.6966;-0.1679
0;0.1618;0.2775;-0.6774;-0.1671
0;0.1634;0.3656;-0.2405;-0.1509
0;0.1632;0.3046;-0.1857;-0.1386
0;0.1611;0.2538;-0.5571;-0.1454
1;0.1596;0.2326;-0.8143;-0.1616
0;0.1569;0.2591;-0.9574;-0.1955
0;0.1574;0.2917;-0.8842;-0.2159
2;0.1565;0.2932;-0.8261;-0.2373
0;0.1546;0.2654;-0.8207;-0.2682
0;0.1475;0.1886;-1.0;-0.3498
0;0.1482;0.2184;-0.8743;-0.404
0;0.1427;0.1861;-0.9923;-0.4892
0;0.1438;0.2223;-0.8321;-0.5421
0;0.137;0.1189;-1.0;-0.6359
0;0.1447;0.2883;-0.6503;-0.6375
0;0.1402;0.2315;-0.8486;-0.6703
0;0.1464;0.33;-0.5539;-0.636
0;0.1468;0.3505;-0.5297;-0.5988
0;0.1508;0.4119;-0.1975;-0.5296
1;0.1505;0.433;-0.0718;-0.4716
0;0.152;0.4445;-0.0558;-0.4083
0;0.1456;0.3992;-0.4518;-0.4086
0;0.1453;0.4116;-0.4721;-0.4072
0;0.1454;0.4765;-0.467;-0.4011
0;0.15;0.5175;-0.225;-0.353
0;0.1512;0.5938;-0.1355;-0.3009
2;0.1477;0.5406;-0.5818;-0.2866
0;0.1497;0.6488;-0.3545;-0.2549
1;0.1552;0.6296;-0.0483;-0.1805
0;0.1552;0.7084;-0.0738;-0.1199
0;0.156;0.6568;-0.092;-0.064
0;0.1555;0.64;-0.1455;-0.0241
0;0.1518;0.5161;-0.4207;-0.0238
0;0.1533;0.5438;-0.3049;-0.0101
0;0.1563;0.564;-0.0854;0.0259
0;0.1547;0.6599;-0.2012;0.0408
0;0.1503;0.5768;-0.5305;0.0144
0;0.15;0.5714;-0.6977;-0.0087
0;0.1507;0.5128;-0.6357;-0.0211
0;0.1514;0.5029;-0.5736;-0.0252
2;0.152;0.5858;-0.5116;-0.0225
0;0.1492;0.4906;-0.7717;-0.0439
0;0.1485;0.3423;-0.8168;-0.0665
0;0.15;0.3849;-0.6794;-0.0711
0;0.1467;0.3149;-0.9773;-0.1019
0;0.1438;0.2887;-0.8582;-0.1495
0;0.1435;0.3288;-0.8881;-0.1882
0;0.1461;0.3571;-0.6493;-0.1943
0;0.1459;0.2701;-0.6642;-0.1985
0;0.1444;0.2701;-0.806;-0.2129
0;0.1478;0.4427;-0.4925;-0.1928
0;0.1454;0.4014;-0.6449;-0.1957
1;0.1425;0.3418;-0.972;-0.2204
0;0.1446;0.3772;-0.5537;-0.2194
0;0.1478;0.4301;-0.1226;-0.1891
0;0.1499;0.5112;-0.0167;-0.1457
0;0.1516;0.5516;-0.1677;-0.0953
0;0.1555;0.5854;0.0;-0.0212
1;0.155;0.6384;-0.0374;0.0326
0;0.1547;0.6997;-0.1281;0.0725
0;0.1542;0.6955;-0.1576;0.099
0;0.1565;0.6918;-0.0197;0.1384
0;0.1537;0.6291;-0.219;0.1435
0;0.156;0.689;-0.1023;0.1656
0;0.1546;0.6196;-0.2698;0.17
0;0.154;0.6615;-0.4884;0.1661
0;0.1567;0.7678;-0.2059;0.1843
0;0.1592;0.7706;-0.0455;0.2177
1;0.1551;0.632;-0.6023;0.2074
0;0.1585;0.6487;-0.1364;0.2257
0;0.1631;0.6804;-0.0769;0.2769
0;0.1629;0.6316;-0.0909;0.3128
0;0.1583;0.5524;-0.4825;0.2987
0;0.1589;0.5646;-0.4336;0.2894
0;0.1606;0.5941;-0.2937;0.2929
0;0.1634;0.601;-0.0619;0.3169
0;0.1616;0.6203;-0.2566;0.3172
0;0.165;0.6322;-0.0385;0.3426
0;0.1667;0.6747;-0.0143;0.3738
0;0.1606;0.5825;-0.5762;0.3423
0;0.1643;0.5928;-0.235;0.3455
0;0.166;0.5847;-0.1169;0.3585
0;0.1643;0.6212;-0.263;0.3508
0;0.165;0.5921;-0.2968;0.3467
2;0.1625;0.4909;-0.6591;0.3186
0;0.1617;0.4813;-0.764;0.2861
0;0.1622;0.5646;-0.6966;0.2616
0;0.1574;0.4783;-0.9754;0.1994
0;0.1569;0.4448;-0.9328;0.1441
0;0.1532;0.3477;-1.0;0.0672
0;0.1532;0.3675;-0.85;0.006
0;0.1585;0.4039;-0.4919;0.0028
0;0.1611;0.4183;-0.3243;0.022
0;0.1667;0.5892;0.0;0.0842
0;0.1663;0.5326;-0.0874;0.1295
1;0.1652;0.4862;-0.1553;0.1539
0;0.1647;0.5072;-0.1796;0.168
0;0.168;0.5476;-0.0837;0.2048
0;0.17;0.621;-0.0645;0.2486
0;0.1677;0.5923;-0.1774;0.2606
0;0.1707;0.6223;-0.0579;0.2935
0;0.1693;0.6877;-0.1739;0.3042
0;0.1724;0.7257;-0.1389;0.3356
0;0.1732;0.8196;-0.1308;0.3638
0;0.1755;0.8321;-0.0724;0.4018
0;0.1746;0.7756;-0.2073;0.4198
0;0.1755;0.762;-0.1793;0.4373
0;0.1782;0.734;-0.0556;0.4689
0;0.18;0.7619;-0.0311;0.5044
0;0.1796;0.7843;-0.0789;0.5235
0;0.1813;0.81;0.0;0.5471
0;0.1808;0.7674;-0.0935;0.5556
0;0.1788;0.684;-0.2846;0.5395
0;0.1803;0.7734;-0.1919;0.5338
0;0.1797;0.7177;-0.2989;0.5187
0;0.1824;0.7992;-0.0313;0.5246
0;0.1808;0.7045;-0.2644;0.5095
0;0.1794;0.6457;-0.6557;0.4803
0;0.1791;0.5939;-0.7049;0.45
0;0.1812;0.6626;-0.2951;0.4391
0;0.1822;0.6639;-0.0984;0.4342
2;0.1819;0.6019;-0.1639;0.423
0;0.1826;0.5764;-0.0164;0.416
0;0.1814;0.5493;-0.2623;0.3954
1;0.1822;0.5271;-0.2949;0.3821
0;0.1824;0.55;-0.2564;0.3697
0;0.1814;0.582;-0.4231;0.3469
0;0.1819;0.5537;-0.4091;0.3294
2;0.1803;0.5185;-0.697;0.2987
0;0.1799;0.4037;-0.7846;0.2679
0;0.1804;0.483;-0.6429;0.245
0;0.1796;0.5108;-0.7714;0.218
0;0.1784;0.4702;-0.9583;0.1839
0;0.1792;0.4118;-0.6629;0.1621
0;0.1777;0.3099;-0.7831;0.1305
0;0.1788;0.378;-0.6249;0.1135
0;0.1771;0.2965;-0.6971;0.0846
0;0.1779;0.3658;-0.585;0.0674
0;0.1758;0.2751;-0.8067;0.0353
0;0.1766;0.3039;-0.6778;0.0168
0;0.1763;0.3199;-0.7293;-8.0E-4
0;0.1774;0.3473;-0.5561;-0.0054
0;0.1766;0.3679;-0.6736;-0.0154
0;0.1787;0.463;-0.3473;-0.0053
1;0.179;0.4543;-0.274;0.0048
0;0.1771;0.4239;-0.5079;-0.0029
0;0.179;0.5175;-0.1587;0.0067
0;0.1778;0.4593;-0.4265;0.0042
0;0.178;0.5104;-0.3824;0.0044
0;0.1792;0.513;-0.1905;0.0144
0;0.1764;0.4806;-0.7759;-0.0013
0;0.1777;0.4953;-0.5172;-0.003
0;0.1784;0.5795;-0.3014;0.0014
0;0.178;0.545;-0.3562;0.002
0;0.1773;0.5309;-0.4795;-0.004
2;0.1803;0.5806;-0.1778;0.017
1;0.1796;0.5833;-0.2667;0.0276
0;0.1804;0.55;-0.1667;0.0421
0;0.1785;0.4864;-0.4222;0.0367
0;0.1793;0.5625;-0.3111;0.0392
0;0.1801;0.5333;-0.2111;0.0472
0;0.1802;0.5792;-0.2626;0.0543
0;0.1807;0.586;-0.2817;0.0637
0;0.1847;0.6484;-0.0303;0.1039
0;0.184;0.732;-0.1619;0.1287
0;0.1838;0.7017;-0.2088;0.1455
0;0.1841;0.6932;-0.1758;0.1593
0;0.1836;0.6854;-0.2418;0.1642
0;0.1829;0.6893;-0.3529;0.1607
2;0.1827;0.5972;-0.4853;0.154
0;0.1823;0.6143;-0.5441;0.1443
0;0.1831;0.6143;-0.4118;0.1415
0;0.1859;0.7947;-0.1563;0.162
0;0.1888;0.8229;-0.2727;0.2007
0;0.188;0.7714;-0.3545;0.2226
0;0.1881;0.7701;-0.3455;0.2382
1;0.19;0.7906;-0.1364;0.2644
0;0.1895;0.6933;-0.1909;0.2779
0;0.1891;0.7075;-0.2364;0.2821
0;0.1879;0.65;-0.3727;0.2717
0;0.1874;0.6235;-0.422;0.257
0;0.185;0.5459;-0.8824;0.2221
2;0.1845;0.5519;-0.9529;0.188
0;0.1842;0.5489;-0.9643;0.1562
0;0.1839;0.5519;-0.9333;0.1274
0;0.1833;0.5083;-0.9579;0.0984
0;0.1844;0.4437;-0.7813;0.0838
0;0.1872;0.4403;-0.3933;0.0948
0;0.1884;0.5122;-0.1807;0.1125
0;0.1874;0.477;-0.3133;0.1174
0;0.1893;0.474;-0.1771;0.1357
1;0.1878;0.4432;-0.3646;0.1359
0;0.1899;0.522;-0.165;0.1523
0;0.192;0.614;-0.0826;0.1815
0;0.1935;0.6579;-0.0373;0.2154
0;0.1936;0.7562;-0.1438;0.2412
0;0.1921;0.7136;-0.3008;0.2462
0;0.1911;0.6878;-0.4561;0.2389
0;0.1901;0.6609;-0.5818;0.2221
0;0.1896;0.6638;-0.6863;0.2023
0;0.1878;0.584;-0.902;0.1688
2;0.1884;0.533;-0.8019;0.1457
0;0.1881;0.4925;-0.8302;0.1237
0;0.1902;0.5772;-0.5541;0.1231
0;0.1934;0.6071;-0.2152;0.1487
0;0.1919;0.6067;-0.3269;0.1543
0;0.1914;0.5432;-0.3846;0.1527
0;0.189;0.4173;-0.6635;0.129
0;0.1918;0.4581;-0.3365;0.1335
0;0.1912;0.4381;-0.4135;0.1298
2;0.1912;0.4761;-0.4038;0.1262
0;0.191;0.4961;-0.4327;0.1199
0;0.1895;0.4844;-0.5962;0.1014
0;0.1872;0.4396;-0.8333;0.0657
0;0.1876;0.4954;-0.783;0.0404
0;0.1875;0.4769;-0.7528;0.0193
0;0.1879;0.4954;-0.6966;0.0061
0;0.1868;0.401;-0.8539;-0.0144
0;0.1853;0.2419;-0.9789;-0.0426
0;0.1834;0.2356;-0.8387;-0.081
0;0.1831;0.2394;-0.8629;-0.1125
0;0.183;0.2813;-0.8438;-0.1368
0;0.1857;0.2675;-0.5;-0.1323
0;0.1859;0.2961;-0.4706;-0.1251
0;0.1876;0.3743;-0.2745;-0.1038
0;0.1873;0.3721;-0.3137;-0.0887
0;0.188;0.4451;-0.1939;-0.0694
1;0.188;0.5368;-0.2685;-0.0535
0;0.1912;0.625;-0.1343;-0.0138
0;0.1916;0.6395;-0.1712;0.0212
0;0.1917;0.631;-0.1644;0.0493
0;0.1924;0.7055;-0.1145;0.0774
0;0.1921;0.7667;-0.1792;0.0958
0;0.1915;0.8582;-0.2982;0.1043
0;0.1926;0.8889;-0.2079;0.1192
0;0.1904;0.7574;-0.4653;0.111
0;0.1901;0.6879;-0.5618;0.1012
0;0.1916;0.7161;-0.3708;0.1046
0;0.1909;0.6364;-0.4607;0.1004
0;0.1949;0.7419;0.0;0.1299
0;0.1949;0.7288;-0.0865;0.1517
0;0.1938;0.6789;-0.2115;0.1579
1;0.1921;0.5318;-0.4038;0.1468
0;0.191;0.4807;-0.5288;0.1271
0;0.1919;0.5079;-0.4231;0.1182
2;0.1901;0.4335;-0.7831;0.0948
0;0.1893;0.4211;-0.6881;0.0681
0;0.1921;0.5149;-0.3853;0.0701
0;0.1933;0.5169;-0.2569;0.0811
0;0.196;0.6364;-0.0424;0.1118
0;0.2001;0.7049;-0.0636;0.1701
0;0.2006;0.692;-0.0565;0.2178
1;0.2017;0.726;-0.0164;0.2624
0;0.2008;0.6434;-0.0909;0.2876
0;0.2;0.6181;-0.1444;0.2972
0;0.1981;0.597;-0.262;0.2858
0;0.1977;0.6331;-0.314;0.2702
0;0.199;0.6892;-0.3248;0.2665
2;0.2019;0.7153;-0.0894;0.2852
0;0.2009;0.7396;-0.2644;0.2883
0;0.2037;0.7951;-0.3169;0.3115
0;0.2047;0.7791;-0.2316;0.3351
1;0.2046;0.7608;-0.2458;0.3487
0;0.2076;0.7648;-0.034;0.3818
0;0.2075;0.7033;-0.0728;0.4024
0;0.203;0.5556;-0.4253;0.3767
0;0.2038;0.5488;-0.4678;0.3589
0;0.2041;0.5781;-0.4651;0.344
0;0.2047;0.6135;-0.4234;0.3337
2;0.2028;0.613;-0.8784;0.306
0;0.2051;0.6622;-0.527;0.2999
0;0.2056;0.6492;-0.4459;0.2962
0;0.2054;0.5909;-0.493;0.2887
0;0.2034;0.563;-0.8169;0.2631
0;0.2045;0.5209;-0.5192;0.2488
1;0.2026;0.4444;-0.9245;0.2189
0;0.2027;0.4509;-0.8136;0.1938
2;0.203;0.3594;-0.7458;0.1749
0;0.2053;0.4424;-0.2881;0.1777
0;0.2043;0.5424;-0.4915;0.1693
0;0.204;0.5058;-0.5593;0.158
1;0.2049;0.5251;-0.2885;0.1554
0;0.2039;0.4728;-0.5192;0.143
0;0.204;0.5427;-0.4808;0.1332
2;0.2034;0.4315;-0.6346;0.1182
0;0.2046;0.461;-0.3654;0.1153
0;0.2081;0.5825;-0.0588;0.1423
0;0.2073;0.6243;-0.2121;0.1548
0;0.2061;0.5519;-0.4242;0.1528
0;0.2067;0.6429;-0.3182;0.1548
1;0.2058;0.6045;-0.4697;0.1474
0;0.2074;0.6335;-0.197;0.153
2;0.2035;0.4498;-0.7733;0.1232
0;0.2054;0.5297;-0.48;0.1144
0;0.2053;0.537;-0.4933;0.1055
0;0.2066;0.5455;-0.2933;0.1083
0;0.2087;0.6223;0.0;0.1274
0;0.2097;0.6364;-0.1359;0.1492
1;0.2117;0.6887;-0.0744;0.1814
0;0.2124;0.6825;-0.2039;0.2114
0;0.2123;0.6161;-0.2105;0.2321
0;0.2134;0.6682;-0.125;0.2553
0;0.2125;0.6777;-0.2041;0.263
0;0.2141;0.6951;-0.0887;0.28
0;0.2148;0.7376;-0.2086;0.2962
0;0.2165;0.7399;-0.0657;0.3204
0;0.2168;0.9282;-0.1111;0.3382
0;0.2182;0.9261;-0.0614;0.361
0;0.2172;0.8717;-0.2289;0.3664
0;0.2164;0.8177;-0.3374;0.3602
0;0.2152;0.7193;-0.5181;0.3407
0;0.2148;0.6829;-0.5663;0.3188
0;0.2148;0.6312;-0.5949;0.2981
2;0.2187;0.7062;-0.0769;0.3113
0;0.2206;0.7437;-0.1398;0.3351
0;0.221;0.7316;-0.0968;0.3532
0;0.2227;0.799;-0.0459;0.3783
0;0.2203;0.6731;-0.3028;0.3737
0;0.2189;0.6111;-0.4495;0.3544
0;0.2154;0.4726;-0.8257;0.3058
0;0.2164;0.4919;-0.7156;0.2729
0;0.219;0.5174;-0.4486;0.2659
2;0.2175;0.5057;-0.6168;0.2445
0;0.2127;0.4295;-0.9919;0.1844
0;0.2099;0.4073;-0.9059;0.1118
0;0.2099;0.4123;-0.9059;0.0535
0;0.2102;0.4177;-0.882;0.0092
0;0.2113;0.3547;-0.7647;-0.0164
0;0.2085;0.2686;-0.8824;-0.0599
0;0.2085;0.258;-0.8889;-0.0942
0;0.2085;0.2083;-0.8824;-0.1195
0;0.208;0.2258;-0.9216;-0.1425
0;0.2075;0.2347;-0.8803;-0.1636
0;0.2054;0.2515;-0.9298;-0.196
0;0.2041;0.1977;-0.9074;-0.2304
0;0.2059;0.1631;-0.739;-0.2405
0;0.2083;0.2747;-0.5033;-0.2253
0;0.2095;0.4053;-0.3178;-0.2008
0;0.2101;0.5055;-0.0805;-0.1741
0;0.2117;0.5529;0.0;-0.1381
1;0.2113;0.5341;-0.0408;-0.1112
0;0.2092;0.44;-0.2857;-0.1064
0;0.2129;0.619;-0.0175;-0.0708
0;0.2144;0.652;-0.058;-0.0288
0;0.2159;0.6749;-0.0408;0.0171
0;0.2165;0.7008;-0.1469;0.0582
0;0.2172;0.7276;-0.0949;0.0958
0;0.2212;0.8401;-0.0915;0.1588
0;0.221;0.8794;-0.1098;0.2046
0;0.2205;0.8512;-0.1402;0.2348
0;0.2192;0.7773;-0.2317;0.2452
0;0.2212;0.7857;-0.0915;0.2675
0;0.2201;0.7377;-0.2593;0.2728
2;0.2186;0.6639;-0.4299;0.2609
0;0.2173;0.6353;-0.7722;0.2378
0;0.2188;0.7229;-0.5584;0.2302
0;0.2212;0.7064;-0.2308;0.2423
0;0.2187;0.6016;-0.6875;0.228
0;0.2194;0.5865;-0.5625;0.2202
0;0.2164;0.4981;-0.9595;0.1861
0;0.2164;0.4825;-0.8987;0.1572
0;0.2178;0.4115;-0.6962;0.1445
0;0.2169;0.3991;-0.6633;0.1257
0;0.2148;0.3676;-0.9184;0.0912
0;0.2164;0.4358;-0.6121;0.077
0;0.2236;0.5426;0.0;0.1257
0;0.223;0.5548;-0.1029;0.1584
0;0.224;0.604;-0.0221;0.1905
0;0.2242;0.6379;-0.0493;0.2153
1;0.2245;0.6196;-0.142;0.2354
0;0.2284;0.6416;-0.0466;0.2818
0;0.2309;0.7406;-0.0047;0.3365
0;0.2288;0.6764;-0.1409;0.3585
0;0.2307;0.7804;-0.0622;0.3881
0;0.2297;0.75;-0.1677;0.3986
0;0.2296;0.7338;-0.2045;0.4018
0;0.2315;0.777;-0.1083;0.4162
0;0.229;0.767;-0.3529;0.4019
0;0.2302;0.7632;-0.2857;0.3967
0;0.2299;0.6652;-0.4026;0.3861
0;0.2317;0.7101;-0.4687;0.3883
0;0.233;0.7149;-0.3125;0.397
0;0.2316;0.668;-0.4792;0.3878
0;0.239;0.7485;-0.0933;0.4395
0;0.2394;0.7148;-0.1027;0.4792
0;0.2374;0.6298;-0.2503;0.4885
0;0.2405;0.7226;-0.1007;0.5164
0;0.2365;0.6018;-0.3916;0.499
0;0.2394;0.6614;-0.1836;0.505
0;0.2378;0.6288;-0.3774;0.4904
0;0.2347;0.5478;-0.6605;0.4471
0;0.234;0.5795;-0.7715;0.4024
2;0.2362;0.5932;-0.5534;0.382
0;0.2349;0.5746;-0.802;0.3509
0;0.235;0.5526;-0.7921;0.3233
0;0.2355;0.5414;-0.7327;0.3027
0;0.2375;0.5942;-0.3827;0.3001
1;0.2412;0.5392;0.0;0.326
0;0.24;0.5091;-0.1875;0.3326
0;0.2386;0.5202;-0.3542;0.3224
0;0.2383;0.4567;-0.3854;0.3088
0;0.2336;0.4444;-0.9681;0.2548
0;0.2353;0.4149;-0.766;0.2237
2;0.2386;0.515;-0.3617;0.2249
0;0.2382;0.5762;-0.4043;0.2204
0;0.2384;0.597;-0.3871;0.2161
0;0.241;0.603;-0.0645;0.2325
1;0.2443;0.6862;-0.0942;0.2711
0;0.2448;0.6905;-0.0647;0.3023
0;0.2461;0.6997;-0.0705;0.3347
0;0.2454;0.6563;-0.1218;0.3508
0;0.2459;0.6071;-0.0833;0.3642
0;0.2432;0.5688;-0.3014;0.348
0;0.2439;0.6169;-0.2927;0.3375
0;0.2447;0.6367;-0.2195;0.3322
2;0.2439;0.7658;-0.3214;0.3179
0;0.2441;0.7463;-0.5312;0.3048
0;0.2436;0.6686;-0.6094;0.2875
1;0.2462;0.7323;-0.1667;0.2929
0;0.2447;0.6682;-0.4394;0.2809
0;0.247;0.6635;-0.0303;0.2883
0;0.2451;0.5231;-0.4545;0.2749
0;0.2489;0.6026;-0.0652;0.2938
0;0.2493;0.583;-0.0217;0.3087
0;0.2512;0.6414;-0.0345;0.3333
0;0.251;0.6266;-0.0517;0.3477
0;0.2544;0.7676;-0.0634;0.3842
0;0.2527;0.6996;-0.2279;0.394
0;0.2538;0.7043;-0.1918;0.4072
0;0.2533;0.7126;-0.2329;0.4089
0;0.2538;0.7171;-0.1918;0.4103
0;0.2534;0.7171;-0.2727;0.4033
2;0.2604;0.7638;-0.0516;0.4534
0;0.2667;0.8485;-0.0818;0.5413
0;0.2669;0.8378;-0.0937;0.6069
0;0.265;0.8378;-0.2298;0.636
0;0.2693;0.8401;-0.0213;0.6883
0;0.2687;0.8213;-0.0511;0.7171
0;0.2662;0.745;-0.1702;0.7114
0;0.2703;0.7789;0.0;0.7342
0;0.2692;0.7285;-0.0791;0.7347
0;0.2705;0.7793;-0.0412;0.7384
0;0.2663;0.6791;-0.4472;0.698
0;0.2634;0.6349;-0.7236;0.6336
0;0.2619;0.6054;-0.4492;0.5637
0;0.2649;0.6404;-0.3051;0.5277
0;0.253;0.419;-0.8814;0.3933
2;0.2515;0.3149;-0.9534;0.2706
0;0.2548;0.3611;-0.7966;0.1985
0;0.2521;0.3548;-0.8939;0.1166
0;0.25;0.2725;-0.9918;0.0332
0;0.2527;0.3203;-0.8642;-0.01
0;0.2521;0.3347;-0.8625;-0.0484
0;0.251;0.2565;-0.9056;-0.0878
0;0.2521;0.2836;-0.8427;-0.109
0;0.2578;0.3552;-0.2231;-0.0761
1;0.258;0.3964;-0.0926;-0.0471
0;0.2594;0.4488;-0.1024;-0.0119
0;0.2567;0.4348;-0.3465;-0.0071
0;0.2542;0.3642;-0.5748;-0.0249
0;0.2519;0.4809;-0.7795;-0.058
0;0.2526;0.518;-0.6594;-0.0774
0;0.2571;0.5393;-0.4277;-0.0532
2;0.2555;0.5582;-0.5376;-0.0478
0;0.2549;0.5877;-0.578;-0.0482
0;0.2546;0.5379;-0.5954;-0.0502
1;0.2482;0.437;-0.9072;-0.1057
0;0.2479;0.4496;-0.9227;-0.1504
0;0.239;0.3295;-1.0;-0.2601
0;0.2435;0.309;-0.7842;-0.305
0;0.2428;0.2977;-0.8151;-0.3439
0;0.2412;0.2593;-0.8767;-0.3842
0;0.2467;0.3772;-0.584;-0.365
0;0.248;0.4222;-0.521;-0.3349
1;0.249;0.4621;-0.4748;-0.2993
0;0.2494;0.4583;-0.2697;-0.2644
0;0.2495;0.3858;-0.288;-0.2334
0;0.2552;0.4965;-0.0345;-0.1581
0;0.2553;0.5059;-0.1205;-0.0963
0;0.2559;0.5176;-0.1159;-0.0414
0;0.258;0.6489;-0.0242;0.0202
0;0.2554;0.6055;-0.2934;0.0461
0;0.2514;0.7032;-0.629;0.0318
0;0.2498;0.6134;-0.7258;0.0068
0;0.2432;0.5066;-0.917;-0.0689
0;0.2457;0.5656;-0.7948;-0.1069
0;0.2466;0.4985;-0.7467;-0.1275
0;0.2473;0.4879;-0.7118;-0.1364
0;0.2458;0.4464;-0.786;-0.1547
0;0.2438;0.4096;-0.8865;-0.1846
1;0.2431;0.3989;-0.8828;-0.2121
0;0.2427;0.2625;-0.8316;-0.2353
0;0.2455;0.3313;-0.6404;-0.2272
0;0.2469;0.349;-0.4245;-0.2065
0;0.2488;0.3451;-0.2662;-0.1716
0;0.2496;0.3962;-0.2014;-0.1356
0;0.2525;0.5213;-0.0828;-0.0812
1;0.2528;0.5601;-0.0573;-0.0345
0;0.2527;0.7477;-0.0701;0.0012
0;0.2517;0.6716;-0.1718;0.021
0;0.2517;0.6526;-0.1718;0.0365
0;0.25;0.5771;-0.3983;0.0341
0;0.2553;0.7213;-0.1293;0.0766
0;0.2576;0.8178;-0.0526;0.1286
0;0.2582;0.8496;-0.0902;0.1734
0;0.257;0.8196;-0.2269;0.1964
0;0.2562;0.7629;-0.3025;0.2058
1;0.2578;0.765;-0.1513;0.2244
0;0.2593;0.7598;-0.2387;0.2493
0;0.2604;0.7639;-0.3671;0.276
0;0.2586;0.6586;-0.4646;0.2791
0;0.2576;0.6177;-0.523;0.2695
0;0.2599;0.6623;-0.4689;0.2787
0;0.2583;0.6441;-0.5725;0.2694
0;0.2596;0.6637;-0.4861;0.2705
2;0.2589;0.6912;-0.5322;0.2625
0;0.2577;0.564;-0.699;0.2436
0;0.2584;0.5247;-0.7893;0.2322
0;0.2583;0.5021;-0.8055;0.2192
0;0.259;0.5608;-0.6049;0.2127
0;0.2569;0.5189;-0.84;0.1873
0;0.2548;0.4196;-0.942;0.148
0;0.251;0.3001;-0.931;0.0831
0;0.2518;0.2882;-0.8115;0.038
0;0.2524;0.338;-0.7541;0.0072
0;0.2499;0.3133;-0.9836;-0.0389
0;0.2492;0.2186;-0.9624;-0.0808
0;0.2508;0.3023;-0.8148;-0.0994
0;0.2479;0.2155;-1.0;-0.137
0;0.2477;0.2212;-0.8571;-0.1668
0;0.2496;0.3034;-0.6617;-0.1726
0;0.2486;0.2658;-0.6566;-0.1837
0;0.2496;0.3008;-0.5455;-0.1822
0;0.2478;0.2558;-0.7475;-0.1941
0;0.251;0.3778;-0.2561;-0.1744
1;0.2501;0.3969;-0.3462;-0.1645
0;0.2502;0.4791;-0.3333;-0.1542
0;0.2504;0.4615;-0.3077;-0.143
0;0.2517;0.4815;-0.1154;-0.1213
0;0.2537;0.6029;-0.0753;-0.0865
0;0.2505;0.5316;-0.4944;-0.0852
0;0.2523;0.5356;-0.2697;-0.0682
0;0.254;0.652;-0.1414;-0.0391
0;0.2534;0.6379;-0.2692;-0.021
0;0.2569;0.6653;-0.1917;0.0236
0;0.2552;0.6423;-0.3583;0.0434
0;0.2563;0.645;-0.2564;0.0683
0;0.2548;0.6525;-0.47;0.0744
0;0.254;0.5733;-0.56;0.0717
0;0.2521;0.5451;-0.78;0.0522
2;0.2523;0.5488;-0.7895;0.0386
0;0.2555;0.6036;-0.4239;0.0545
0;0.2542;0.55;-0.587;0.0552
0;0.2556;0.5401;-0.413;0.0672
0;0.2567;0.64;-0.175;0.0849
1;0.2546;0.5512;-0.4615;0.08
0;0.2566;0.5564;-0.058;0.0925
0;0.2532;0.4965;-0.6087;0.0728
0;0.2499;0.3601;-0.9877;0.028
0;0.2503;0.3985;-0.7353;-0.0038
2;0.2546;0.4673;-0.2647;0.0072
0;0.2541;0.4864;-0.3137;0.0121
0;0.2597;0.592;-0.0075;0.0631
0;0.258;0.5971;-0.1493;0.0883
0;0.2637;0.6576;-0.0056;0.1553
0;0.2677;0.6659;0.0;0.241
0;0.27;0.7089;-0.0846;0.3247
0;0.269;0.6793;-0.125;0.379
0;0.2715;0.6911;-0.089;0.4387
0;0.2707;0.7173;-0.1283;0.4751
0;0.2708;0.7018;-0.1381;0.4995
0;0.2708;0.7756;-0.1381;0.5134
0;0.272;0.872;-0.1036;0.5287
0;0.2765;0.8874;-0.0463;0.5734
0;0.2737;0.7951;-0.253;0.5786
0;0.2715;0.7558;-0.5197;0.5584
0;0.2758;0.7459;-0.1765;0.5727
0;0.2766;0.7917;-0.1308;0.5846
0;0.2764;0.7416;-0.1633;0.5863
0;0.2761;0.6862;-0.3148;0.5791
0;0.2756;0.6354;-0.3672;0.5628
0;0.2793;0.7182;-0.0265;0.575
0;0.2785;0.6627;-0.1176;0.5725
0;0.2798;0.7025;-0.1856;0.575
0;0.2842;0.7503;0.0;0.6079
0;0.2853;0.7608;-0.1196;0.6373
0;0.2871;0.7661;-0.0068;0.6688
0;0.2854;0.6742;-0.1351;0.6721
0;0.2823;0.6666;-0.3716;0.6412
0;0.2846;0.7505;-0.1959;0.6296
0;0.2851;0.708;-0.1622;0.6176
0;0.2864;0.7149;-0.0826;0.613
2;0.2866;0.7227;-0.2609;0.6043
0;0.2843;0.6655;-0.5;0.5722
0;0.2843;0.6777;-0.6966;0.54
0;0.2829;0.583;-0.8652;0.4976
0;0.2838;0.6185;-0.7528;0.4665
0;0.2784;0.473;-0.9624;0.3909
2;0.2788;0.381;-0.82;0.3309
0;0.2786;0.3444;-0.8333;0.2787
0;0.2812;0.368;-0.64;0.2565
0;0.2816;0.4085;-0.6133;0.2393
0;0.2794;0.4286;-0.7323;0.2051
1;0.2733;0.2622;-0.9167;0.1238
0;0.2697;0.2152;-0.9779;0.0281
0;0.2697;0.1742;-0.8485;-0.0476
0;0.2697;0.1684;-0.8295;-0.1067
0;0.2687;0.1771;-0.8908;-0.1605
0;0.2744;0.3333;-0.5287;-0.1534
0;0.2738;0.3426;-0.5632;-0.1508
0;0.2697;0.2806;-0.8276;-0.182
0;0.2706;0.3592;-0.7403;-0.197
0;0.2701;0.3419;-0.7554;-0.2113
1;0.2724;0.3952;-0.434;-0.2006
2;0.2732;0.3567;-0.3491;-0.1833
0;0.2736;0.3587;-0.32;-0.1639
0;0.2731;0.3805;-0.38;-0.1514
0;0.2716;0.4612;-0.55;-0.1529
0;0.2721;0.564;-0.5833;-0.1479
0;0.2724;0.5701;-0.519;-0.14
0;0.2741;0.6052;-0.3294;-0.118
0;0.276;0.6667;-0.0875;-0.0835
0;0.2758;0.544;-0.2375;-0.057
0;0.2736;0.495;-0.5443;-0.0537
0;0.2723;0.5858;-0.7342;-0.0618
0;0.2764;0.6585;-0.1519;-0.0327
0;0.278;0.7051;-0.1327;0.0041
0;0.2779;0.6615;-0.2404;0.0324
0;0.2772;0.6178;-0.3367;0.0482
0;0.2785;0.635;-0.1939;0.0708
1;0.2788;0.6616;-0.1531;0.0908
0;0.2765;0.6329;-0.4184;0.086
0;0.2683;0.4266;-0.9779;0.0116
0;0.2645;0.3664;-1.0;-0.0796
0;0.2712;0.459;-0.5682;-0.0931
0;0.2685;0.395;-0.7443;-0.1263
0;0.2748;0.4883;-0.3409;-0.0973
0;0.2711;0.4702;-0.5771;-0.1052
0;0.2728;0.5061;-0.5369;-0.0952
1;0.2803;0.5415;-0.2393;-0.0227
0;0.2756;0.4757;-0.4677;-0.0058
0;0.2773;0.4938;-0.3858;0.022
0;0.2807;0.5318;-0.2221;0.0728
0;0.2829;0.5402;-0.1338;0.131
0;0.2866;0.5661;-0.0449;0.2068
0;0.2842;0.5651;-0.1912;0.2437
0;0.285;0.6614;-0.1471;0.2771
0;0.2872;0.7266;-0.0357;0.3187
0;0.2866;0.6754;-0.1205;0.3436
0;0.283;0.6628;-0.404;0.329
0;0.2837;0.6135;-0.3624;0.3194
0;0.2829;0.6635;-0.4257;0.3015
0;0.2876;0.6892;-0.1042;0.3247
0;0.2867;0.5983;-0.241;0.3319
0;0.2876;0.7107;-0.1205;0.3417
0;0.2898;0.7152;-0.0102;0.3641
0;0.2887;0.6498;-0.2609;0.3687
1;0.2875;0.5895;-0.3739;0.3585
0;0.2939;0.6286;-0.0338;0.4008
0;0.2944;0.6939;-0.1183;0.4345
0;0.2918;0.621;-0.3289;0.4343
0;0.2916;0.5836;-0.3681;0.4273
0;0.2912;0.5876;-0.3958;0.4141
0;0.2915;0.685;-0.375;0.4016
0;0.2875;0.5739;-0.6806;0.354
2;0.2798;0.4538;-0.8976;0.2471
0;0.2808;0.3834;-0.8122;0.1686
0;0.2825;0.4299;-0.723;0.1195
0;0.2871;0.492;-0.4836;0.1185
0;0.2851;0.4305;-0.5869;0.0996
0;0.2869;0.4738;-0.4098;0.099
1;0.2893;0.5253;-0.2458;0.118
0;0.2831;0.3477;-0.6313;0.0791
0;0.2861;0.3895;-0.431;0.0728
0;0.2893;0.4673;-0.1867;0.0945
0;0.2886;0.4619;-0.2349;0.1045
0;0.2866;0.4435;-0.4959;0.0945
2;0.2888;0.4682;-0.319;0.1039
0;0.2873;0.4966;-0.4655;0.0973
0;0.2903;0.6489;-0.1724;0.117
0;0.2913;0.6489;-0.0776;0.1396
0;0.2891;0.593;-0.3897;0.1377
0;0.2805;0.4176;-0.9085;0.0614
0;0.2775;0.4075;-0.9891;-0.0245
0;0.2808;0.4277;-0.7053;-0.0644
0;0.2752;0.3446;-0.9541;-0.1425
2;0.2685;0.3405;-0.9895;-0.2598
0;0.2686;0.2965;-0.9068;-0.3487
0;0.2687;0.2427;-0.9003;-0.4134
0;0.2705;0.2801;-0.836;-0.4448
0;0.272;0.3193;-0.7846;-0.4526
0;0.2775;0.3709;-0.3991;-0.4074
1;0.2787;0.4021;-0.2324;-0.3567
0;0.278;0.3508;-0.2757;-0.3192
0;0.2761;0.3198;-0.3892;-0.3022
0;0.2765;0.343;-0.2994;-0.2826
0;0.2881;0.5871;-0.1119;-0.1657
0;0.2855;0.5933;-0.2145;-0.0932
0;0.2812;0.5051;-0.4403;-0.0718
0;0.2801;0.5614;-0.5263;-0.064
0;0.2765;0.6099;-0.7442;-0.0878
0;0.2694;0.5093;-0.956;-0.1658
2;0.2646;0.4569;-0.9669;-0.266
0;0.2632;0.4233;-0.9471;-0.3537
0;0.2646;0.4224;-0.9004;-0.4074
0;0.2633;0.3368;-0.9211;-0.4562
0;0.2642;0.3314;-0.8814;-0.4821
0;0.2649;0.3468;-0.8511;-0.492
0;0.264;0.355;-0.8696;-0.5023
1;0.2636;0.3464;-0.8561;-0.5082
0;0.2641;0.1119;-0.716;-0.5028
0;0.2656;0.1647;-0.4769;-0.4808
0;0.2653;0.1906;-0.4894;-0.4608
0;0.2682;0.2843;-0.3043;-0.4155
0;0.269;0.3495;-0.2261;-0.3684
0;0.2675;0.4512;-0.4257;-0.3405
0;0.2686;0.6294;-0.3519;-0.3057
0;0.2686;0.6903;-0.3519;-0.2751
0;0.2685;0.6525;-0.3611;-0.2487
0;0.2688;0.7308;-0.3636;-0.2231
2;0.2695;0.7266;-0.3544;-0.1943
0;0.2684;0.6466;-0.5063;-0.1788
0;0.2689;0.7109;-0.443;-0.1609
0;0.27;0.7574;-0.4107;-0.1358
0;0.2669;0.5915;-0.8769;-0.1408
0;0.2662;0.5226;-0.8101;-0.1486
0;0.2676;0.5749;-0.5522;-0.1416
0;0.267;0.4507;-0.6567;-0.14
0;0.2671;0.4222;-0.6269;-0.1358
2;0.2679;0.5159;-0.5075;-0.1248
0;0.2686;0.5;-0.3881;-0.1087
1;0.2674;0.4519;-0.5821;-0.1048
0;0.2695;0.535;-0.2388;-0.0829
0;0.2684;0.488;-0.4179;-0.0741
0;0.2701;0.5198;-0.1944;-0.0517
0;0.2671;0.4646;-0.7015;-0.0589
0;0.2658;0.4183;-1.0;-0.0755
0;0.2703;0.5081;-0.1558;-0.0493
0;0.2684;0.5365;-0.4286;-0.0443
0;0.2691;0.5684;-0.3247;-0.0337
0;0.2692;0.5409;-0.3117;-0.0243
0;0.2729;0.6285;-0.1308;0.0142
1;0.2755;0.6643;-0.0394;0.0667
0;0.2769;0.6736;-0.0738;0.1197
0;0.2766;0.6549;-0.1007;0.1571
0;0.2735;0.6098;-0.3289;0.1587
0;0.2726;0.5582;-0.396;0.1506
0;0.2721;0.5719;-0.5517;0.1388
0;0.2728;0.5531;-0.4914;0.1333
2;0.2743;0.6537;-0.3774;0.1408
0;0.2758;0.7143;-0.217;0.1582
0;0.2808;0.7197;-0.0072;0.2126
0;0.2771;0.669;-0.4393;0.2216
1;0.2787;0.6803;-0.3353;0.2403
0;0.2753;0.6012;-0.5549;0.2231
0;0.2766;0.5672;-0.474;0.218
0;0.2757;0.5035;-0.5318;0.204
2;0.2752;0.4655;-0.6424;0.187
0;0.2739;0.4476;-0.9106;0.16
0;0.273;0.4904;-0.7909;0.1301
0;0.2697;0.4444;-0.9753;0.0767
0;0.2678;0.4208;-0.8854;0.0175
0;0.2626;0.3421;-1.0;-0.0728
0;0.2641;0.3405;-0.9029;-0.1308
0;0.2631;0.2973;-0.9185;-0.1836
0;0.26;0.1476;-0.9437;-0.2496
0;0.2588;0.1614;-0.9141;-0.3091
0;0.2566;0.099;-0.9479;-0.3714
0;0.2593;0.2035;-0.8003;-0.3932
0;0.2585;0.159;-0.8385;-0.4131
0;0.257;0.1552;-0.8743;-0.4377
0;0.2581;0.1938;-0.7655;-0.4423
0;0.2629;0.3249;-0.3008;-0.4009
1;0.2621;0.3249;-0.2936;-0.3709
0;0.2639;0.4031;-0.0935;-0.3279
0;0.2648;0.449;-0.0776;-0.2827
0;0.2644;0.5361;-0.1207;-0.248
0;0.2637;0.4921;-0.181;-0.2235
0;0.2646;0.5336;-0.11;-0.1941
0;0.2646;0.6136;-0.1698;-0.1696
0;0.2673;0.6962;-0.0877;-0.1252
0;0.2699;0.8008;-0.0571;-0.0671
0;0.2689;0.7342;-0.2302;-0.0292
0;0.2689;0.7664;-0.2857;0.0017
0;0.2678;0.781;-0.4184;0.016
0;0.269;0.782;-0.2903;0.0379
0;0.2688;0.6975;-0.3226;0.0525
2;0.2713;0.779;-0.0235;0.0851
0;0.269;0.6505;-0.3553;0.0905
0;0.2675;0.5751;-0.6197;0.0806
0;0.2694;0.6316;-0.3485;0.0883
0;0.2711;0.6833;-0.0606;0.1081
0;0.2693;0.6104;-0.3538;0.1071
2;0.2738;0.681;0.0;0.1432
0;0.275;0.6603;-0.0631;0.1802
1;0.2777;0.6629;-0.0822;0.2307
0;0.2798;0.7174;-0.0819;0.286
0;0.2782;0.6724;-0.2404;0.3125
0;0.2762;0.6523;-0.3607;0.313
0;0.275;0.608;-0.4702;0.2999
0;0.2774;0.6451;-0.3397;0.3067
0;0.2743;0.5502;-0.5733;0.2831
2;0.272;0.5485;-0.7671;0.2413
0;0.2724;0.5849;-0.7985;0.2097
0;0.2706;0.5205;-0.9478;0.1671
0;0.2668;0.4294;-0.9286;0.0991
0;0.2659;0.4438;-0.9128;0.0375
0;0.2674;0.3818;-0.7885;0.001
0;0.2669;0.3472;-0.8205;-0.0317
0;0.2635;0.2365;-1.0;-0.0866
0;0.2689;0.3193;-0.541;-0.0831
0;0.2653;0.3003;-0.6897;-0.1097
0;0.2666;0.3478;-0.5931;-0.1187
0;0.2605;0.3015;-0.9682;-0.1758
0;0.2604;0.252;-0.9439;-0.2196
0;0.258;0.2561;-0.6702;-0.2728
0;0.2535;0.241;-0.9031;-0.3499
0;0.2547;0.2563;-0.8367;-0.3968
0;0.2556;0.2887;-0.7857;-0.4218
0;0.2588;0.3858;-0.6071;-0.4098
0;0.259;0.3984;-0.5969;-0.3945
0;0.2617;0.4201;-0.4439;-0.3549
1;0.2664;0.4931;-0.1011;-0.2803
0;0.2657;0.5297;-0.1364;-0.2248
0;0.2662;0.4587;-0.1173;-0.1741
0;0.2699;0.571;-0.066;-0.1012
0;0.2731;0.5952;-0.0588;-0.0155
0;0.2741;0.7327;-0.0962;0.0607
0;0.2763;0.7537;-0.0045;0.1388
0;0.2771;0.8235;-0.0087;0.2058
0;0.2773;0.971;-0.1774;0.258
0;0.2773;0.9696;-0.1901;0.2963
0;0.2762;0.9242;-0.2726;0.314
0;0.2788;0.9222;-0.1168;0.3465
0;0.2799;0.9251;-0.0556;0.3779
0;0.2808;0.9191;-0.0856;0.4064
0;0.2808;0.8982;-0.1876;0.4246
0;0.28;0.8979;-0.2755;0.4281
0;0.2799;0.8854;-0.2981;0.4248
0;0.2824;0.8773;-0.0978;0.4388
0;0.281;0.7682;-0.2609;0.4334
0;0.281;0.7512;-0.2609;0.4246
0;0.2811;0.7062;-0.3402;0.4139
0;0.2789;0.5714;-0.6222;0.3831
0;0.2812;0.6319;-0.3444;0.3744
2;0.2871;0.7345;-0.0161;0.4129
0;0.2875;0.7808;-0.2784;0.4427
0;0.2885;0.7624;-0.2159;0.4702
0;0.2914;0.7828;-0.0461;0.5111
1;0.2931;0.7904;-0.0181;0.552
0;0.2923;0.7637;-0.0882;0.5721
0;0.2953;0.8161;-0.0788;0.6069
0;0.2951;0.8161;-0.119;0.6264
0;0.2949;0.7881;-0.1324;0.6335
0;0.2941;0.8087;-0.2209;0.6253
0;0.2921;0.741;-0.6562;0.5958
0;0.2857;0.5781;-0.9602;0.5114
2;0.2848;0.6046;-0.93;0.4324
0;0.2831;0.5333;-0.9879;0.3507
0;0.2872;0.5035;-0.7874;0.3178
0;0.2951;0.6133;-0.4528;0.3552
0;0.2948;0.596;-0.4646;0.3785
0;0.2962;0.5769;-0.4055;0.4046
0;0.2903;0.4609;-0.6575;0.3707
1;0.29;0.467;-0.6693;0.3378
0;0.2921;0.4541;-0.3515;0.3262
0;0.2897;0.4264;-0.5091;0.2933
0;0.2896;0.4275;-0.5152;0.2635
2;0.2875;0.4128;-0.6545;0.2192
0;0.2892;0.4604;-0.6164;0.196
0;0.2876;0.5299;-0.7329;0.1624
0;0.29;0.5761;-0.5548;0.1546
0;0.294;0.6505;-0.2603;0.1804
0;0.3;0.6675;-0.0859;0.2498
0;0.3014;0.5994;-0.0296;0.3136
0;0.3025;0.6182;-0.0588;0.3699
0;0.2994;0.5474;-0.3559;0.3845
0;0.2998;0.6667;-0.3378;0.395
0;0.2991;0.6561;-0.3739;0.3929
0;0.3028;0.6737;-0.1937;0.4184
0;0.3055;0.7552;-0.0616;0.4575
0;0.3013;0.6658;-0.4479;0.4474
0;0.3028;0.7219;-0.4759;0.4481
0;0.2995;0.6429;-0.7241;0.4156
1;0.3028;0.7;-0.4828;0.4131
0;0.3009;0.646;-0.6207;0.391
2;0.2949;0.5117;-0.7789;0.3185
0;0.2938;0.4102;-0.8392;0.2487
0;0.2884;0.3317;-0.9783;0.1456
0;0.2921;0.3739;-0.746;0.0941
0;0.2956;0.4531;-0.5968;0.0816
0;0.2986;0.4867;-0.4279;0.0969
0;0.3072;0.5784;-0.0857;0.1807
0;0.3089;0.5613;-0.0936;0.259
1;0.3079;0.5251;-0.131;0.31
0;0.318;0.6553;-0.0202;0.4323
0;0.3189;0.6511;-0.0691;0.532
0;0.3247;0.7262;-0.0237;0.6538
0;0.3226;0.6815;-0.0782;0.7247
0;0.322;0.6979;-0.103;0.7681
0;0.3211;0.7713;-0.1508;0.7863
0;0.3204;0.7787;-0.2363;0.7867
0;0.3218;0.8809;-0.183;0.7905
2;0.3202;0.8369;-0.2736;0.7717
0;0.3198;0.8125;-0.4038;0.7448
0;0.3227;0.812;-0.2981;0.7409
0;0.3221;0.7424;-0.3654;0.7245
0;0.3196;0.6696;-0.6176;0.6826
0;0.3238;0.7273;-0.0769;0.6778
0;0.3218;0.5714;-0.3437;0.6503
0;0.3226;0.5684;-0.2604;0.6281
0;0.321;0.4167;-0.4375;0.5904
0;0.3163;0.3745;-0.807;0.515
0;0.3169;0.397;-0.6992;0.4548
2;0.3145;0.3759;-0.9024;0.3829
0;0.3132;0.3655;-1.0;0.3103
0;0.3166;0.4103;-0.7063;0.279
0;0.3166;0.4339;-0.7063;0.2514
0;0.3207;0.515;-0.3571;0.2618
0;0.3182;0.4255;-0.5424;0.2459
0;0.3201;0.4694;-0.3644;0.2473
1;0.318;0.4749;-0.4409;0.2276
0;0.3189;0.4145;-0.3333;0.2176
0;0.3264;0.5675;-0.2198;0.2706
0;0.3214;0.4853;-0.511;0.2677
0;0.3194;0.4794;-0.6571;0.2451
0;0.3181;0.5252;-0.7371;0.2136
0;0.3215;0.5613;-0.5412;0.2158
0;0.3259;0.6419;-0.2647;0.2524
2;0.324;0.633;-0.3882;0.262
0;0.3197;0.5371;-0.7467;0.2304
0;0.3201;0.5422;-0.7133;0.207
0;0.3211;0.5048;-0.6467;0.1942
0;0.3216;0.5468;-0.5354;0.1869
0;0.3226;0.5339;-0.4567;0.187
0;0.3262;0.61;-0.1496;0.216
0;0.33;0.6381;-0.0221;0.2689
0;0.3267;0.5052;-0.3099;0.2801
0;0.3262;0.5752;-0.3521;0.2812
0;0.3279;0.6358;-0.2254;0.2933
0;0.3277;0.6594;-0.2595;0.2981
0;0.3263;0.5847;-0.3769;0.2869
2;0.326;0.5019;-0.4522;0.2727
0;0.3249;0.5202;-0.5565;0.2491
0;0.3253;0.6456;-0.5217;0.231
0;0.3293;0.7008;-0.2267;0.2483
0;0.3284;0.6626;-0.3467;0.2522
0;0.3221;0.5082;-0.8381;0.1988
0;0.3211;0.4739;-0.75;0.146
0;0.3193;0.3706;-0.7748;0.0878
0;0.3159;0.2313;-0.8743;0.0125
2;0.3173;0.3065;-0.7886;-0.035
0;0.3196;0.3728;-0.6514;-0.0531
0;0.3177;0.306;-0.7657;-0.0826
0;0.3141;0.271;-0.8724;-0.1353
0;0.3153;0.312;-0.8111;-0.1658
0;0.3194;0.4004;-0.5865;-0.153
0;0.3188;0.4072;-0.458;-0.146
0;0.3171;0.3804;-0.4571;-0.1534
0;0.3148;0.2758;-0.6952;-0.1775
1;0.3187;0.3614;-0.3048;-0.1619
0;0.3191;0.4495;-0.2571;-0.1439
0;0.319;0.4642;-0.2667;-0.129
0;0.3212;0.5328;-0.1525;-0.0975
0;0.322;0.6156;-0.1638;-0.0646
0;0.3226;0.603;-0.1287;-0.0331
0;0.3218;0.5472;-0.2079;-0.0144
0;0.3202;0.5534;-0.3762;-0.013
0;0.322;0.6795;-0.1881;0.0033
0;0.3233;0.6822;-0.1034;0.0274
0;0.3263;0.6637;-0.2087;0.0707
0;0.3245;0.6271;-0.3739;0.0889
0;0.3238;0.6578;-0.4348;0.0968
0;0.3231;0.7115;-0.6042;0.0956
0;0.3215;0.5815;-0.7812;0.08
0;0.3201;0.5258;-0.8491;0.055
2;0.319;0.5;-0.9439;0.0259
0;0.3193;0.4457;-0.8909;0.0052
0;0.3221;0.5024;-0.6182;0.0126
0;0.3235;0.5234;-0.4818;0.0303
0;0.3212;0.4848;-0.6893;0.0241
0;0.3196;0.4848;-0.775;0.0053
0;0.3196;0.4387;-0.7294;-0.0095
0;0.319;0.3873;-0.7763;-0.0259
0;0.3227;0.4104;-0.2632;-0.0074
2;0.3209;0.4104;-0.5132;-0.008
0;0.3221;0.4587;-0.3421;0.0021
0;0.3239;0.5197;-0.1154;0.0251
0;0.3214;0.4979;-0.4615;0.0215
0;0.3194;0.4857;-0.7308;0.0016
0;0.3185;0.4877;-0.859;-0.022
0;0.3154;0.4234;-0.9434;-0.0667
0;0.3148;0.344;-0.8413;-0.1059
2;0.3163;0.3466;-0.7143;-0.123
0;0.3133;0.3372;-0.9683;-0.1606
0;0.3122;0.3439;-0.8874;-0.1981
0;0.3167;0.4485;-0.5695;-0.1873
0;0.3141;0.418;-0.7431;-0.1991
0;0.3179;0.4215;-0.4265;-0.1736
0;0.3226;0.5253;-0.0588;-0.1119
0;0.3269;0.5656;-0.0169;-0.0254
1;0.3294;0.5732;-0.0338;0.0638
0;0.3284;0.5989;-0.0821;0.1253
0;0.3295;0.6459;-0.0472;0.1821
0;0.3293;0.6584;-0.0613;0.2224
0;0.3309;0.7378;-0.0586;0.2654
0;0.3299;0.7293;-0.1162;0.2885
0;0.3275;0.6648;-0.2988;0.2829
0;0.3265;0.708;-0.4836;0.2676
0;0.3217;0.6332;-0.9098;0.2112
0;0.3224;0.59;-0.6913;0.1709
2;0.3319;0.7306;-0.0755;0.2178
0;0.3357;0.7306;-0.1644;0.2852
0;0.3355;0.6877;-0.1778;0.3328
0;0.3386;0.6761;-0.155;0.3931
1;0.3394;0.6597;-0.1202;0.4436
0;0.339;0.6717;-0.1357;0.4755
0;0.3389;0.6572;-0.1396;0.4947
0;0.3328;0.5493;-0.3935;0.4525
0;0.333;0.5308;-0.3857;0.416
0;0.3346;0.5666;-0.3998;0.3965
2;0.3323;0.5694;-0.8088;0.3576
0;0.3347;0.6122;-0.5502;0.3433
0;0.3346;0.7054;-0.557;0.3276
0;0.3342;0.6897;-0.5822;0.3085
0;0.3359;0.5861;-0.4589;0.3046
0;0.3361;0.509;-0.4452;0.3
1;0.3337;0.4602;-0.5591;0.273
0;0.3269;0.2712;-1.0;0.1911
0;0.3174;0.1773;-1.0;0.0434
0;0.304;0.1285;-0.4881;-0.1866
0;0.2965;0.1111;-0.5986;-0.4294
2;0.3069;0.279;-0.4462;-0.5285
0;0.3147;0.3623;-0.3282;-0.5343
0;0.309;0.3185;-0.4123;-0.5814
0;0.3049;0.3102;-0.4741;-0.6476
0;0.2967;0.257;-0.5883;-0.762
1;0.3025;0.3085;-0.4753;-0.7951
0;0.3017;0.3071;-0.4393;-0.8191
0;0.2968;0.2763;-0.4369;-0.8711
0;0.3078;0.3558;-0.4378;-0.8097
0;0.3024;0.3452;-0.6667;-0.7985
0;0.3087;0.4092;-0.4016;-0.7282
0;0.312;0.4714;-0.1749;-0.6369
0;0.3095;0.5329;-0.1728;-0.5792
0;0.3139;0.6078;-0.0811;-0.4906
0;0.314;0.5506;-0.0766;-0.4148
0;0.3168;0.516;-0.1696;-0.3266
0;0.3108;0.5137;-0.3922;-0.3042
0;0.3068;0.5145;-0.723;-0.3179
0;0.3052;0.5726;-0.8019;-0.3382
0;0.3087;0.5546;-0.6321;-0.3217
0;0.3094;0.5681;-0.5943;-0.2988
2;0.3017;0.5417;-0.8961;-0.3427
0;0.2916;0.361;-0.9458;-0.4595
0;0.2935;0.4187;-0.8855;-0.5307
0;0.2972;0.3902;-0.7681;-0.5497
0;0.3013;0.3989;-0.5699;-0.5244
0;0.313;0.5282;-0.0929;-0.3993
0;0.3168;0.5238;-0.1262;-0.2644
1;0.3103;0.4729;-0.3385;-0.2107
0;0.315;0.4871;-0.1846;-0.126
0;0.3131;0.5172;-0.2462;-0.074
0;0.3145;0.5614;-0.2;-0.0202
0;0.3143;0.5734;-0.2074;0.0208
0;0.3121;0.528;-0.3216;0.0336
0;0.3126;0.5266;-0.3047;0.0481
0;0.3225;0.6652;-0.0227;0.1426
0;0.3256;0.8048;-0.0144;0.242
0;0.3264;0.801;-0.0183;0.325
0;0.3217;0.7199;-0.2949;0.3467
0;0.3166;0.635;-0.5721;0.3168
0;0.3154;0.5256;-0.7273;0.2795
0;0.3222;0.5547;-0.3422;0.3049
0;0.3232;0.6479;-0.2834;0.3305
2;0.3311;0.6714;-0.1797;0.4139
0;0.3354;0.7261;-0.195;0.5121
0;0.329;0.633;-0.4088;0.5294
1;0.32;0.5449;-0.7075;0.4612
0;0.3317;0.6354;-0.3176;0.5021
0;0.3309;0.6252;-0.3459;0.5217
0;0.3256;0.5232;-0.5203;0.4872
2;0.3257;0.5011;-0.579;0.4556
0;0.3236;0.479;-0.7583;0.4081
1;0.321;0.4943;-0.873;0.3436
0;0.3223;0.5469;-0.8157;0.3005
0;0.3218;0.5538;-0.824;0.2594
0;0.3185;0.4673;-0.9693;0.1958
0;0.3173;0.4481;-0.929;0.134
0;0.3163;0.3516;-0.8538;0.075
0;0.3135;0.2729;-0.9906;0.0042
0;0.3177;0.3775;-0.6806;-0.016
0;0.308;0.3715;-0.8496;-0.1143
0;0.3069;0.1561;-0.8982;-0.1995
0;0.2988;0.13;-0.8944;-0.3333
0;0.3049;0.2657;-0.6957;-0.3833
0;0.3135;0.3841;-0.3063;-0.3458
0;0.3128;0.3941;-0.3309;-0.319
0;0.3126;0.4141;-0.2794;-0.2962
0;0.3207;0.4854;-0.0401;-0.2063
1;0.3138;0.4354;-0.3275;-0.1915
0;0.3089;0.4249;-0.507;-0.2191
0;0.3129;0.4662;-0.3627;-0.2054
0;0.3115;0.4642;-0.412;-0.2037
0;0.3103;0.4751;-0.4981;-0.2108
2;0.308;0.423;-0.9006;-0.2335
0;0.3087;0.5062;-0.8596;-0.2433
0;0.3058;0.4898;-0.9516;-0.2727
0;0.3069;0.5828;-0.8291;-0.2832
0;0.3077;0.5317;-0.7889;-0.2821
0;0.3108;0.4637;-0.3621;-0.2522
0;0.3084;0.4447;-0.5333;-0.2463
0;0.3051;0.4129;-0.8558;-0.2666
0;0.3096;0.3585;-0.3673;-0.2416
0;0.3102;0.4448;-0.3061;-0.2146
0;0.3106;0.5286;-0.2653;-0.1877
2;0.3111;0.4656;-0.2041;-0.1597
0;0.3092;0.4552;-0.4082;-0.1522
1;0.3131;0.5507;-0.0833;-0.1114
0;0.3124;0.5821;-0.1667;-0.0846
0;0.3079;0.4875;-0.6563;-0.1006
0;0.3048;0.483;-0.7164;-0.1389
0;0.3069;0.5;-0.5448;-0.149
0;0.3015;0.4151;-0.8725;-0.2015
2;0.2995;0.3414;-0.8531;-0.2577
0;0.2957;0.3282;-0.9598;-0.3316
0;0.2964;0.3722;-0.8106;-0.3807
0;0.2957;0.2719;-0.8414;-0.421
0;0.2897;0.2149;-0.9618;-0.4993
0;0.2967;0.3378;-0.6364;-0.4957
0;0.2939;0.3079;-0.701;-0.5119
0;0.2927;0.3132;-0.7598;-0.529
0;0.2924;0.2447;-0.6739;-0.5393
0;0.2917;0.2447;-0.7029;-0.5481
1;0.2929;0.2992;-0.586;-0.5388
0;0.2909;0.3087;-0.6944;-0.5427
0;0.2925;0.2976;-0.5764;-0.5262
0;0.2911;0.3353;-0.6618;-0.5198
0;0.2881;0.3246;-0.6667;-0.5352
0;0.2908;0.423;-0.4578;-0.5181
0;0.2878;0.3736;-0.6506;-0.5251
0;0.2875;0.3778;-0.6529;-0.5274
0;0.2859;0.4344;-0.7054;-0.5376
0;0.2794;0.1968;-0.8818;-0.5947
0;0.2797;0.2273;-0.8521;-0.6309
0;0.2752;0.2012;-0.8735;-0.6911
0;0.2804;0.3239;-0.6533;-0.6871
0;0.2841;0.3986;-0.4244;-0.6448
0;0.2806;0.3448;-0.5456;-0.634
0;0.2829;0.3987;-0.3992;-0.6
0;0.2872;0.4371;-0.1429;-0.53
1;0.2855;0.434;-0.2418;-0.484
0;0.2847;0.4584;-0.2857;-0.4492
0;0.2841;0.4124;-0.3187;-0.4219
0;0.2895;0.5214;-0.011;-0.3501
0;0.2886;0.514;-0.2059;-0.2972
0;0.2892;0.542;-0.2416;-0.2474
0;0.2947;0.6953;-0.0556;-0.159
0;0.2912;0.6364;-0.349;-0.1171
0;0.2859;0.6236;-0.7151;-0.1286
0;0.2894;0.6088;-0.5;-0.1061
0;0.2888;0.5614;-0.5349;-0.0921
0;0.288;0.6022;-0.5872;-0.0875
2;0.2862;0.5477;-0.8623;-0.0977
0;0.287;0.497;-0.7025;-0.0981
0;0.2829;0.462;-0.9747;-0.1325
0;0.2865;0.5247;-0.7342;-0.1272
0;0.2851;0.5127;-0.8291;-0.1339
0;0.2938;0.5524;0.0;-0.0633
0;0.29;0.5152;-0.339;-0.0398
0;0.2846;0.4529;-0.8;-0.0666
0;0.2798;0.3459;-0.8957;-0.1279
0;0.2827;0.4105;-0.6591;-0.1504
0;0.2837;0.4757;-0.5966;-0.1574
2;0.2897;0.5031;-0.2443;-0.1106
0;0.2927;0.5398;-0.0989;-0.0472
0;0.2909;0.5293;-0.2246;-0.0123
1;0.2898;0.5366;-0.2834;0.0063
0;0.2869;0.4991;-0.4439;-0.0036
0;0.2895;0.5675;-0.2995;0.0107
0;0.2897;0.5347;-0.2888;0.0235
2;0.2856;0.505;-0.5187;-0.0018
0;0.2894;0.4491;-0.3958;0.0109
0;0.296;0.5646;-0.0224;0.0765
0;0.3021;0.6865;-0.1667;0.1796
0;0.3173;0.8269;-0.0195;0.3874
0;0.3156;0.7938;-0.0872;0.5331
1;0.3131;0.7554;-0.158;0.6209
0;0.3072;0.6527;-0.3243;0.6336
0;0.3079;0.6381;-0.3052;0.6426
0;0.3135;0.6923;-0.1471;0.6904
2;0.3146;0.7103;-0.1172;0.7296
0;0.3131;0.7282;-0.1921;0.7406
0;0.3142;0.7207;-0.188;0.7503
0;0.3169;0.7327;-0.1856;0.7729
0;0.3201;0.8007;-0.1063;0.8103
0;0.3202;0.7867;-0.1429;0.832
0;0.3205;0.7586;-0.1353;0.8428
0;0.32;0.7126;-0.1706;0.8373
0;0.3184;0.5204;-0.2922;0.8111
0;0.3179;0.5426;-0.4132;0.7778
0;0.3171;0.5774;-0.4876;0.7359
0;0.3151;0.683;-0.6529;0.6787
2;0.316;0.6858;-0.6542;0.6338
0;0.3247;0.7248;-0.1753;0.6654
0;0.3218;0.6354;-0.3701;0.6586
0;0.3234;0.6918;-0.2597;0.6602
0;0.3235;0.6803;-0.2532;0.6553
1;0.3258;0.6755;-0.0974;0.664
0;0.3256;0.6223;-0.1104;0.6623
0;0.3223;0.5407;-0.3331;0.6258
0;0.3226;0.5408;-0.3135;0.5929
0;0.3226;0.5532;-0.3284;0.5607
0;0.3245;0.6193;-0.336;0.5451
2;0.3211;0.5554;-0.7407;0.4981
0;0.3224;0.5932;-0.5758;0.4673
0;0.3245;0.6614;-0.3283;0.4555
0;0.328;0.6897;-0.1468;0.471
0;0.3273;0.5555;-0.2182;0.4725
0;0.3315;0.6949;-0.0584;0.5041
1;0.3339;0.7043;-0.0314;0.5443
0;0.3347;0.712;-0.1196;0.5768
0;0.3364;0.7057;-0.0722;0.6111
0;0.3373;0.7206;-0.0273;0.6391
0;0.3378;0.8272;-0.096;0.6585
0;0.339;0.8333;-0.0591;0.6767
0;0.3372;0.7778;-0.1948;0.669
0;0.3395;0.7818;-0.0448;0.6756
0;0.3387;0.8635;-0.1154;0.6662
0;0.3427;0.8768;-0.0635;0.6856
0;0.3432;0.8697;-0.1532;0.6986
0;0.343;0.8414;-0.1875;0.6997
0;0.3377;0.6945;-0.6786;0.6478
0;0.3401;0.6732;-0.4857;0.6206
0;0.3382;0.5873;-0.6762;0.5762
0;0.3378;0.5645;-0.6944;0.5317
2;0.3326;0.4311;-0.8889;0.4473
0;0.3354;0.4669;-0.6944;0.3992
0;0.3378;0.5;-0.5208;0.3777
0;0.3351;0.4408;-0.7153;0.3336
0;0.3362;0.4849;-0.6015;0.3053
0;0.3302;0.3703;-0.8414;0.2286
0;0.3286;0.3624;-0.8373;0.1517
0;0.3348;0.399;-0.4518;0.1423
0;0.3403;0.4668;-0.0864;0.1804
0;0.3423;0.4915;-0.0345;0.225
0;0.3458;0.592;-0.0377;0.2875
0;0.3481;0.5911;-0.046;0.3535
1;0.3486;0.623;-0.0251;0.4058
0;0.3477;0.6159;-0.0667;0.4353
0;0.3511;0.7251;-0.0263;0.4828
0;0.3514;0.7078;-0.0709;0.5176
0;0.3523;0.6955;-0.0453;0.5469
0;0.353;0.7556;-0.0645;0.57
0;0.3589;0.7848;-0.0198;0.6325
0;0.3574;0.8867;-0.2029;0.6626
0;0.3562;0.8966;-0.3039;0.6686
0;0.3562;0.8742;-0.3039;0.6662
0;0.3566;0.8465;-0.3129;0.6605
0;0.3568;0.8348;-0.3221;0.6515
2;0.3571;0.8063;-0.3879;0.64
0;0.3575;0.7836;-0.3534;0.6275
0;0.358;0.7836;-0.3673;0.615
0;0.3582;0.8293;-0.3617;0.6004
0;0.3565;0.6871;-0.7536;0.5676
0;0.3586;0.7229;-0.2041;0.5539
0;0.3627;0.7688;-0.0899;0.5719
0;0.3537;0.5141;-0.7937;0.5041
0;0.3459;0.2799;-0.8862;0.3788
0;0.3445;0.2807;-0.9555;0.2644
0;0.3474;0.3581;-0.812;0.1956
0;0.3424;0.3084;-0.9072;0.0969
2;0.3438;0.3286;-0.844;0.0306
0;0.3443;0.3321;-0.8229;-0.0178
0;0.3445;0.3304;-0.8145;-0.0541
0;0.3429;0.3093;-0.8862;-0.0962
0;0.3441;0.3232;-0.7786;-0.1176
1;0.341;0.2961;-0.9355;-0.1598
0;0.3444;0.3629;-0.4756;-0.1623
0;0.3449;0.338;-0.4146;-0.1583
0;0.3429;0.2535;-0.5846;-0.171
0;0.3415;0.3123;-0.8525;-0.1908
0;0.3439;0.464;-0.4426;-0.1836
1;0.3413;0.4433;-0.8889;-0.1984
0;0.3408;0.3745;-0.8472;-0.2121
2;0.3413;0.4751;-0.7778;-0.2166
0;0.3441;0.5064;-0.375;-0.1936
0;0.3419;0.4506;-0.6944;-0.1926
0;0.3411;0.4324;-0.7532;-0.1964
0;0.3399;0.4409;-0.9091;-0.2074
0;0.3408;0.432;-0.7922;-0.2063
0;0.3408;0.4954;-0.7922;-0.2032
0;0.3415;0.4211;-0.7013;-0.1928
0;0.3403;0.3807;-0.8103;-0.1926
0;0.3342;0.3151;-0.9908;-0.2419
0;0.3396;0.466;-0.4274;-0.2325
0;0.3336;0.3333;-0.8571;-0.2733
0;0.3327;0.3523;-0.9211;-0.3109
0;0.3346;0.3994;-0.5903;-0.3206
0;0.3327;0.3659;-0.7292;-0.3415
0;0.3298;0.2774;-0.9306;-0.3784
0;0.3314;0.3333;-0.806;-0.3902
0;0.336;0.4278;-0.4206;-0.3562
0;0.3347;0.4266;-0.4915;-0.3365
0;0.3358;0.4298;-0.3983;-0.3082
0;0.3297;0.3671;-0.7843;-0.3343
0;0.3316;0.3844;-0.5941;-0.3354
0;0.3331;0.4172;-0.4356;-0.3195
2;0.3266;0.4126;-0.9823;-0.3593
0;0.332;0.4126;-0.4956;-0.3411
0;0.3301;0.4554;-0.6637;-0.3389
0;0.3305;0.4724;-0.6283;-0.3302
0;0.3323;0.4697;-0.469;-0.305
0;0.3298;0.4638;-0.6729;-0.3026
1;0.3289;0.4882;-0.6623;-0.305
0;0.3294;0.473;-0.5974;-0.2995
0;0.3247;0.345;-0.8319;-0.332
0;0.3241;0.3516;-0.885;-0.359
0;0.3211;0.3047;-0.84;-0.4023
0;0.3201;0.3524;-0.9054;-0.4404
0;0.3185;0.2979;-0.9868;-0.4791
0;0.3204;0.3042;-0.8618;-0.4887
0;0.3195;0.3686;-0.9211;-0.4985
0;0.3189;0.2044;-0.9605;-0.506
0;0.3154;0.1901;-1.0;-0.5365
0;0.3149;0.1728;-0.9474;-0.5589
0;0.3164;0.1625;-0.768;-0.5582
0;0.3176;0.2247;-0.5495;-0.5417
0;0.3183;0.2611;-0.4615;-0.5164
0;0.313;0.1957;-0.9495;-0.5367
0;0.3108;0.216;-0.9206;-0.5652
0;0.3045;0.1753;-0.8476;-0.635
0;0.3002;0.1682;-0.8898;-0.7199
0;0.293;0.1403;-0.9799;-0.8406
0;0.294;0.1711;-0.943;-0.9177
0;0.2978;0.2105;-0.8154;-0.937
0;0.297;0.211;-0.8425;-0.9491
0;0.318;0.4918;-0.326;-0.7703
0;0.3315;0.616;-0.0792;-0.5063
1;0.3226;0.5494;-0.2887;-0.3685
0;0.3205;0.5264;-0.3376;-0.2736
0;0.319;0.5094;-0.3726;-0.2086
0;0.3164;0.4878;-0.4354;-0.1779
0;0.3141;0.5074;-0.497;-0.1711
2;0.3116;0.5053;-0.5807;-0.185
0;0.3125;0.5551;-0.584;-0.1864
0;0.3101;0.5703;-0.8993;-0.2057
0;0.311;0.6407;-0.7531;-0.2111
0;0.3137;0.6494;-0.6089;-0.1905
0;0.3122;0.6137;-0.5991;-0.1848
0;0.316;0.6429;-0.3944;-0.1464
0;0.3182;0.5021;-0.1322;-0.0962
1;0.3114;0.2542;-0.523;-0.1127
0;0.3131;0.3588;-0.4253;-0.1102
0;0.3127;0.3777;-0.4483;-0.1105
0;0.3124;0.3923;-0.4655;-0.112
0;0.3088;0.3801;-0.6705;-0.1432
2;0.3063;0.3777;-0.7688;-0.1872
0;0.3138;0.5294;-0.3602;-0.156
0;0.3207;0.5954;-0.1168;-0.0709
0;0.325;0.6652;-0.0211;0.0329
0;0.3249;0.657;-0.172;0.1136
0;0.3242;0.6244;-0.1971;0.17
1;0.3251;0.6548;-0.1649;0.2202
0;0.325;0.6188;-0.1685;0.2566
0;0.3252;0.5978;-0.1613;0.2843
0;0.3207;0.6382;-0.3226;0.2652
0;0.3201;0.6079;-0.4344;0.2423
0;0.3215;0.6313;-0.5;0.2335
0;0.322;0.6422;-0.616;0.2283
0;0.3202;0.6801;-0.76;0.2066
2;0.3216;0.7492;-0.5217;0.1991
0;0.3215;0.6653;-0.5326;0.1902
