0;0.4881;0.0;-0.7071;0.0
0;0.4942;1.0;-0.2267;0.0
0;0.4897;0.5764;-0.5814;0.0
0;0.4889;0.5355;-0.6453;0.0
0;0.4871;0.4611;-0.7907;0.0
0;0.4863;0.4346;-0.8547;0.0
0;0.4905;0.5663;-0.5174;0.0
0;0.4899;0.5465;-0.5698;0.0
0;0.4891;0.5261;-0.6279;0.0
0;0.4916;0.5781;-0.436;0.0
0;0.4977;0.6701;-0.134;0.0
1;0.4981;0.6744;-0.212;0.0551
0;0.4938;0.5871;-0.4793;0.069
0;0.4888;0.5097;-0.8;0.0393
0;0.4926;0.5538;-0.5628;0.0471
0;0.4902;0.4468;-0.7368;0.0313
0;0.4857;0.4468;-0.9641;-0.0244
2;0.4863;0.465;-0.9282;-0.0645
0;0.488;0.5127;-0.8206;-0.0793
0;0.4911;0.5599;-0.6368;-0.0599
0;0.4926;0.5277;-0.5426;-0.0273
0;0.4894;0.4944;-0.7217;-0.0346
1;0.4874;0.4785;-0.752;-0.0631
0;0.4852;0.4216;-0.8456;-0.1111
0;0.4837;0.3055;-0.9;-0.1669
0;0.4834;0.2959;-0.8968;-0.2155
0;0.4822;0.3237;-0.9568;-0.2683
0;0.4812;0.368;-0.9441;-0.296
0;0.4806;0.2678;-0.9465;-0.3196
0;0.4841;0.3863;-0.6952;-0.3055
0;0.4836;0.4548;-0.7273;-0.2949
0;0.4816;0.403;-0.8015;-0.3009
0;0.4812;0.3505;-0.8151;-0.3056
0;0.4778;0.2152;-0.9649;-0.3347
0;0.4762;0.1483;-0.9103;-0.3678
2;0.4743;0.1569;-0.9074;-0.406
0;0.4754;0.2165;-0.8011;-0.4224
0;0.4662;0.1623;-0.8833;-0.5092
0;0.4653;0.1658;-0.9258;-0.5798
0;0.4618;0.1482;-0.8157;-0.6593
0;0.4581;0.137;-0.9408;-0.7464
0;0.4572;0.1376;-0.905;-0.8146
0;0.4562;0.1361;-0.9096;-0.8678
0;0.4574;0.0733;-0.8526;-0.8905
0;0.4564;0.0719;-0.892;-0.9077
0;0.4595;0.164;-0.7532;-0.8853
0;0.4569;0.1536;-0.8537;-0.8802
0;0.4493;0.1374;-0.9486;-0.9309
0;0.4489;0.1416;-0.7872;-0.9647
0;0.4476;0.1437;-0.8264;-0.9924
0;0.4474;0.1172;-0.8347;-1.0049
2;0.449;0.2041;-0.7438;-0.9903
0;0.4515;0.2754;-0.6033;-0.947
0;0.4527;0.3386;-0.5045;-0.8934
0;0.45;0.3515;-0.6652;-0.8643
0;0.4474;0.3308;-0.8214;-0.8541
1;0.4455;0.3201;-0.7957;-0.8534
0;0.4439;0.2763;-0.9006;-0.8576
0;0.4436;0.2839;-0.9193;-0.8536
2;0.4461;0.2692;-0.7081;-0.8201
0;0.4456;0.2893;-0.7578;-0.7901
0;0.4444;0.3791;-0.8571;-0.7681
0;0.4484;0.4892;-0.5217;-0.7087
0;0.4532;0.6022;-0.118;-0.6136
1;0.4551;0.6313;-0.1724;-0.5158
0;0.4557;0.6178;-0.133;-0.4283
0;0.456;0.5852;-0.1133;-0.3523
0;0.4576;0.5933;-0.1653;-0.2749
0;0.4578;0.6626;-0.1581;-0.2091
0;0.461;0.7754;-0.0123;-0.1281
0;0.466;0.8693;0.0;-0.0209
0;0.4773;0.9466;-0.165;0.1599
0;0.4764;0.9301;-0.2;0.293
0;0.4802;0.9323;-0.1103;0.4268
0;0.4815;0.9483;-0.0809;0.539
0;0.4788;0.913;-0.1754;0.5984
0;0.4768;0.8598;-0.243;0.6226
0;0.4782;0.8466;-0.1949;0.6469
0;0.475;0.7653;-0.3399;0.6316
0;0.4745;0.751;-0.4211;0.6085
2;0.4748;0.7515;-0.7235;0.5869
0;0.4774;0.7572;-0.5235;0.585
0;0.4768;0.7443;-0.5706;0.5723
0;0.4756;0.6982;-0.6647;0.5462
0;0.4768;0.6637;-0.4786;0.5299
1;0.4751;0.454;-0.5705;0.4976
0;0.471;0.3983;-0.8765;0.4317
0;0.474;0.3811;-0.5092;0.401
0;0.4621;0.2337;-0.9879;0.2715
0;0.4604;0.2406;-0.8116;0.1521
0;0.4629;0.3066;-0.7082;0.0778
0;0.4571;0.2381;-0.946;-0.0311
0;0.4662;0.4048;-0.5556;-0.0394
0;0.4639;0.3898;-0.6529;-0.065
0;0.4689;0.4438;-0.3396;-0.0418
0;0.4697;0.4244;-0.2917;-0.0167
0;0.4701;0.4344;-0.2689;0.0069
1;0.4718;0.4632;-0.1184;0.0399
0;0.4724;0.4574;-0.2119;0.0708
0;0.4703;0.4526;-0.3155;0.0761
0;0.4692;0.4818;-0.3651;0.0707
0;0.4705;0.462;-0.4143;0.0763
0;0.4709;0.6257;-0.414;0.0832
0;0.4719;0.6683;-0.3968;0.0965
2;0.4733;0.6572;-0.3636;0.118
0;0.4712;0.7396;-0.5833;0.1153
1;0.4681;0.5415;-0.7712;0.0861
0;0.4614;0.4555;-0.9952;0.0053
0;0.4624;0.3621;-0.71;-0.0501
0;0.4634;0.3702;-0.6494;-0.0845
2;0.4602;0.3146;-0.8398;-0.1384
0;0.4628;0.3369;-0.649;-0.1573
0;0.4648;0.3683;-0.5388;-0.1535
0;0.4672;0.4467;-0.383;-0.1287
0;0.4639;0.4151;-0.5471;-0.1355
0;0.4645;0.4038;-0.4787;-0.1338
1;0.4617;0.363;-0.6;-0.155
0;0.4622;0.3529;-0.5611;-0.1657
0;0.452;0.2442;-1.0;-0.2595
2;0.4548;0.307;-0.841;-0.3066
0;0.4588;0.3928;-0.6151;-0.3064
0;0.4573;0.4464;-0.6987;-0.3156
0;0.4577;0.4376;-0.6778;-0.3164
0;0.4586;0.4354;-0.5899;-0.306
1;0.4603;0.5021;-0.4692;-0.2801
0;0.4611;0.4748;-0.4218;-0.2504
0;0.4635;0.4816;-0.0828;-0.2035
0;0.4624;0.4283;-0.1716;-0.1738
0;0.4668;0.5423;-0.2585;-0.1113
0;0.4629;0.4782;-0.5;-0.0938
0;0.4678;0.5771;-0.208;-0.0373
0;0.4715;0.6087;-0.0226;0.0392
0;0.4721;0.8041;-0.0711;0.1035
0;0.4748;0.8036;-0.032;0.1764
0;0.4669;0.6101;-0.5672;0.165
0;0.4629;0.5709;-0.8358;0.1201
0;0.4643;0.582;-0.7884;0.0956
0;0.4599;0.5144;-0.9676;0.0373
0;0.4614;0.5127;-0.8704;0.0042
2;0.4575;0.462;-0.9797;-0.0554
0;0.4579;0.438;-0.8736;-0.0979
0;0.4537;0.4096;-0.9329;-0.1664
0;0.4448;0.2914;-0.988;-0.2938
0;0.4471;0.3445;-0.9079;-0.372
0;0.4503;0.3218;-0.7547;-0.4026
0;0.4537;0.3176;-0.5839;-0.3933
0;0.4542;0.3176;-0.5288;-0.3774
0;0.4506;0.2571;-0.682;-0.3912
1;0.4637;0.4702;-0.0227;-0.2874
0;0.462;0.4915;-0.1194;-0.2164
0;0.4651;0.5069;0.0;-0.1323
0;0.4527;0.4424;-0.6146;-0.1696
0;0.4551;0.4497;-0.5124;-0.1769
0;0.4573;0.4988;-0.5022;-0.1618
0;0.4549;0.4764;-0.6419;-0.1684
0;0.4562;0.521;-0.5677;-0.1611
2;0.4587;0.6288;-0.4236;-0.1328
0;0.4616;0.6334;-0.3596;-0.0844
0;0.4602;0.5941;-0.4637;-0.0575
0;0.459;0.5524;-0.5282;-0.0457
0;0.4615;0.5696;-0.3911;-0.0145
0;0.4622;0.6171;-0.3508;0.0166
0;0.4636;0.4996;-0.3039;0.0527
0;0.4615;0.4936;-0.4292;0.0627
0;0.4589;0.4188;-0.5858;0.0477
0;0.4635;0.6783;-0.3128;0.0742
0;0.4615;0.6081;-0.5924;0.0777
0;0.463;0.5972;-0.2854;0.0917
2;0.4644;0.6685;-0.0917;0.1139
0;0.4619;0.5975;-0.4874;0.1092
1;0.462;0.5618;-0.4881;0.1049
0;0.4621;0.5116;-0.4643;0.1017
0;0.4633;0.5665;-0.2738;0.1083
0;0.4649;0.6225;-0.0989;0.1257
0;0.4683;0.6363;-0.1135;0.1673
0;0.4728;0.6835;-0.0796;0.2365
0;0.4735;0.6755;-0.0583;0.2942
0;0.4716;0.6791;-0.1884;0.32
0;0.4782;0.8014;-0.0446;0.3936
0;0.4832;0.8037;-0.0824;0.4893
0;0.4854;0.865;-0.0561;0.5786
0;0.4879;0.8692;-0.1103;0.6638
0;0.4885;0.8659;-0.0938;0.7289
0;0.4868;0.886;-0.1634;0.7579
0;0.4899;0.896;-0.0784;0.7994
0;0.4911;0.8988;-0.0689;0.8332
0;0.4922;0.8988;-0.0164;0.8611
0;0.4955;0.9034;-0.0184;0.9019
0;0.4949;0.8766;-0.1078;0.9188
0;0.4952;0.8602;-0.2672;0.9255
0;0.4953;0.8575;-0.3366;0.9217
0;0.4964;0.919;-0.2683;0.9177
0;0.4946;0.8328;-0.3805;0.8903
0;0.4964;0.8077;-0.2835;0.8738
0;0.4932;0.6745;-0.6644;0.8249
0;0.4941;0.6498;-0.5822;0.7852
0;0.494;0.637;-0.7544;0.745
2;0.4919;0.6232;-0.8273;0.6869
0;0.4875;0.4452;-0.79;0.597
0;0.4859;0.3846;-0.8659;0.5059
0;0.4863;0.3611;-0.838;0.4319
0;0.4812;0.1929;-0.9685;0.3264
0;0.4821;0.2268;-0.7127;0.2468
0;0.4836;0.2644;-0.6364;0.1949
0;0.4828;0.2537;-0.6691;0.1449
0;0.4791;0.1925;-0.8513;0.0728
0;0.4818;0.2772;-0.7126;0.0375
0;0.4869;0.3527;-0.4163;0.0526
0;0.4857;0.3753;-0.3744;0.0537
0;0.4883;0.4089;-0.1518;0.0763
0;0.4845;0.3661;-0.4188;0.0608
1;0.4854;0.4056;-0.356;0.0556
0;0.4832;0.4329;-0.5607;0.0325
0;0.4841;0.4716;-0.4913;0.0215
0;0.4788;0.3984;-0.896;-0.0318
2;0.4839;0.5369;-0.5029;-0.0303
0;0.4882;0.5768;-0.2921;0.0075
0;0.4968;0.6401;-0.1988;0.1103
0;0.5043;0.7001;-0.011;0.2538
0;0.5012;0.707;-0.1271;0.3374
1;0.5011;0.6908;-0.1298;0.399
0;0.5076;0.6993;-0.0074;0.4987
0;0.5064;0.6993;-0.0981;0.5617
0;0.5068;0.6857;-0.0864;0.6086
0;0.503;0.6867;-0.2091;0.6073
0;0.5042;0.6884;-0.1716;0.6097
0;0.5079;0.7398;-0.2028;0.6365
0;0.5106;0.7486;-0.1785;0.6739
0;0.5153;0.8453;-0.0553;0.7359
0;0.5157;0.8301;-0.1027;0.7801
0;0.5107;0.7305;-0.3912;0.7645
0;0.5105;0.6689;-0.4031;0.7421
0;0.5122;0.6139;-0.314;0.7313
0;0.5142;0.695;-0.2093;0.7323
0;0.5149;0.7026;-0.1744;0.7311
2;0.5102;0.5407;-0.4534;0.6827
0;0.5111;0.573;-0.568;0.6444
0;0.5093;0.5371;-0.7101;0.592
0;0.5104;0.6196;-0.6069;0.5541
0;0.5117;0.621;-0.5087;0.5292
0;0.5096;0.5283;-0.6149;0.486
0;0.5093;0.4747;-0.6419;0.4443
0;0.5105;0.3968;-0.5338;0.417
1;0.5075;0.343;-0.7973;0.3661
0;0.5076;0.4265;-0.7905;0.3227
0;0.5129;0.5462;-0.2681;0.3299
0;0.5117;0.4897;-0.3841;0.3219
0;0.5093;0.4052;-0.6087;0.2923
0;0.5076;0.3641;-0.7519;0.2512
1;0.508;0.45;-0.7132;0.2193
0;0.5029;0.3473;-0.9143;0.1483
2;0.4969;0.301;-0.9264;0.0403
0;0.497;0.2782;-0.8061;-0.0439
0;0.4964;0.2404;-0.8367;-0.1156
0;0.5041;0.4215;-0.4898;-0.1056
0;0.5047;0.435;-0.4626;-0.0914
0;0.5111;0.5083;-0.1672;-0.0243
0;0.512;0.5577;-0.1297;0.0359
0;0.5117;0.5536;-0.1399;0.0811
1;0.5123;0.4911;-0.116;0.1202
0;0.5108;0.4879;-0.1809;0.1377
0;0.515;0.5786;-0.1547;0.1851
0;0.5114;0.5498;-0.3259;0.1898
0;0.4998;0.4163;-0.8258;0.093
0;0.4921;0.3956;-0.823;-0.0496
0;0.484;0.3801;-0.692;-0.2298
0;0.4788;0.3449;-0.7946;-0.4136
2;0.4709;0.3071;-0.9509;-0.6211
0;0.4755;0.2731;-0.8601;-0.739
0;0.4747;0.2628;-0.875;-0.8304
0;0.4688;0.1614;-0.9737;-0.9441
0;0.476;0.2393;-0.7924;-0.9623
0;0.4777;0.258;-0.7453;-0.9523
0;0.4785;0.2612;-0.6521;-0.9273
0;0.474;0.2503;-0.7013;-0.9362
0;0.4753;0.2208;-0.5284;-0.9217
1;0.4735;0.2266;-0.5198;-0.9159
0;0.4676;0.247;-0.8473;-0.9515
0;0.4665;0.2755;-0.7824;-0.9791
2;0.4747;0.4188;-0.3264;-0.9206
0;0.478;0.4932;-0.1423;-0.8367
0;0.4734;0.5239;-0.4017;-0.8013
0;0.4742;0.4867;-0.3556;-0.758
0;0.4799;0.5489;-0.0688;-0.6671
1;0.4767;0.5785;-0.2429;-0.616
0;0.4748;0.4866;-0.3441;-0.5851
0;0.4795;0.5187;-0.0935;-0.515
0;0.4846;0.5579;-0.0302;-0.4112
0;0.4836;0.5983;-0.1418;-0.3334
0;0.4784;0.5292;-0.507;-0.3124
0;0.4759;0.5223;-0.6695;-0.3137
0;0.4702;0.5242;-0.9635;-0.3598
0;0.4723;0.5532;-0.751;-0.3749
2;0.4754;0.5066;-0.5837;-0.3564
0;0.4791;0.5106;-0.3837;-0.3065
0;0.4753;0.5199;-0.5878;-0.2961
0;0.4668;0.434;-0.9588;-0.3569
0;0.4654;0.3599;-0.9448;-0.4126
0;0.4739;0.4751;-0.5261;-0.3807
0;0.4747;0.499;-0.4052;-0.3444
2;0.4767;0.4736;-0.2775;-0.2953
0;0.4755;0.4077;-0.348;-0.2639
0;0.486;0.5206;-0.0801;-0.1468
1;0.4956;0.6359;0.0;0.0288
0;0.4924;0.6284;-0.2004;0.1392
0;0.4962;0.7085;-0.0927;0.2568
0;0.4924;0.658;-0.1983;0.3152
0;0.4899;0.6144;-0.2917;0.336
0;0.491;0.598;-0.2662;0.3585
0;0.4904;0.6311;-0.2854;0.3672
0;0.4871;0.6932;-0.3909;0.3418
2;0.4923;0.7385;-0.2254;0.3627
0;0.4999;0.7346;-0.0227;0.4397
0;0.4956;0.6778;-0.2933;0.4596
0;0.4953;0.6631;-0.3111;0.4678
0;0.4988;0.6964;-0.1067;0.499
1;0.5019;0.6531;-0.0397;0.5446
0;0.5033;0.5875;-0.1003;0.5864
0;0.5031;0.6313;-0.1107;0.6112
0;0.5034;0.5967;-0.0969;0.6268
0;0.5009;0.6168;-0.2475;0.6112
0;0.4989;0.6274;-0.4509;0.5756
0;0.4982;0.603;-0.5641;0.5357
0;0.4986;0.6179;-0.5385;0.5018
0;0.4991;0.6881;-0.5625;0.4737
2;0.5047;0.6925;-0.1602;0.4948
0;0.5033;0.5652;-0.2652;0.4939
0;0.5084;0.736;-0.0783;0.5311
1;0.5104;0.7625;-0.092;0.5722
0;0.5113;0.7384;-0.1345;0.6056
0;0.5108;0.6893;-0.1564;0.6216
0;0.5109;0.6712;-0.1527;0.6283
0;0.5099;0.649;-0.2107;0.6185
0;0.5091;0.6234;-0.2968;0.5978
0;0.5146;0.7608;-0.0335;0.6215
0;0.518;0.8443;-0.0237;0.6626
0;0.5153;0.7863;-0.166;0.6647
0;0.5129;0.7238;-0.4713;0.6387
0;0.5078;0.6195;-0.9216;0.5683
0;0.5077;0.5479;-0.8765;0.5062
0;0.505;0.5272;-0.8985;0.4293
2;0.5063;0.4624;-0.797;0.3745
0;0.504;0.3867;-0.9455;0.308
0;0.507;0.4307;-0.7475;0.2782
0;0.506;0.4234;-0.8119;0.2433
0;0.506;0.422;-0.8119;0.2133
0;0.5057;0.4303;-0.7849;0.1841
0;0.502;0.3932;-0.9329;0.1283
0;0.4988;0.2463;-0.9051;0.0559
0;0.4999;0.1849;-0.8098;0.0073
0;0.4961;0.1786;-0.9663;-0.0628
0;0.4979;0.2431;-0.8142;-0.1024
0;0.4958;0.2713;-0.88;-0.1501
0;0.5076;0.4988;-0.109;-0.0861
0;0.5101;0.5667;-0.1165;-0.0141
0;0.5083;0.5268;-0.2088;0.0279
0;0.5102;0.5825;-0.112;0.0769
0;0.5086;0.5218;-0.196;0.101
1;0.5117;0.5742;-0.0547;0.1456
0;0.5026;0.4636;-0.5234;0.1013
0;0.5016;0.4577;-0.5742;0.0569
0;0.5015;0.4943;-0.5781;0.0207
0;0.4983;0.494;-0.7422;-0.0353
0;0.502;0.5226;-0.7085;-0.0473
2;0.5065;0.6073;-0.4171;-0.0186
0;0.5032;0.5532;-0.6332;-0.0236
0;0.5013;0.5549;-0.7588;-0.0436
0;0.4925;0.3372;-0.9172;-0.1335
0;0.4939;0.3215;-0.8168;-0.1912
0;0.4896;0.3046;-0.9277;-0.271
2;0.4913;0.3024;-0.8353;-0.316
0;0.4946;0.3586;-0.6627;-0.3202
0;0.4989;0.3731;-0.4378;-0.2838
0;0.4911;0.3835;-0.8474;-0.3183
0;0.4858;0.3529;-0.9404;-0.3869
0;0.4917;0.4175;-0.6064;-0.3868
0;0.4944;0.4668;-0.446;-0.36
0;0.494;0.4276;-0.4031;-0.3383
2;0.4977;0.4196;-0.2171;-0.2864
0;0.4987;0.4569;-0.243;-0.2341
1;0.506;0.541;-0.022;-0.1281
0;0.5058;0.6351;-0.2103;-0.0452
0;0.5116;0.6652;-0.0634;0.0698
0;0.5064;0.6541;-0.2293;0.1157
0;0.5075;0.6501;-0.1927;0.1603
0;0.5174;0.6881;-0.066;0.2774
0;0.5211;0.6854;-0.136;0.3985
0;0.5184;0.7483;-0.2149;0.4663
0;0.5183;0.8264;-0.2513;0.5141
0;0.5129;0.7147;-0.4645;0.5003
0;0.5196;0.7364;-0.2918;0.5412
0;0.5218;0.7517;-0.1922;0.5858
0;0.5247;0.7486;-0.1815;0.6401
0;0.5276;0.7568;-0.0696;0.7
0;0.5234;0.6633;-0.313;0.7041
0;0.5234;0.6662;-0.3422;0.6999
0;0.5203;0.5869;-0.52;0.6632
0;0.5233;0.6762;-0.3467;0.6525
0;0.5205;0.6302;-0.5111;0.6132
2;0.5272;0.6053;-0.1833;0.6328
0;0.5384;0.6601;-0.0174;0.7369
0;0.5432;0.7213;-0.1111;0.8513
1;0.5399;0.6831;-0.2222;0.9052
0;0.5468;0.7803;-0.0327;0.9964
0;0.5477;0.7566;-0.0573;1.0648
0;0.548;0.7482;-0.0477;1.11
0;0.5441;0.6809;-0.1703;1.1014
0;0.5441;0.6622;-0.1788;1.0822
0;0.5451;0.728;-0.145;1.0648
0;0.5433;0.7011;-0.2924;1.0242
0;0.5438;0.7496;-0.3968;0.9852
2;0.5432;0.7238;-0.4339;0.9395
0;0.5448;0.7809;-0.4079;0.9065
0;0.5494;0.7697;-0.16;0.9101
0;0.5446;0.5892;-0.5415;0.8627
0;0.5439;0.5124;-0.5969;0.8104
0;0.5478;0.625;-0.2892;0.7932
1;0.5493;0.5477;-0.1712;0.7844
0;0.5418;0.4095;-0.7706;0.7051
2;0.5518;0.5448;-0.1809;0.72
0;0.5501;0.5736;-0.2885;0.7097
0;0.5419;0.4776;-0.8068;0.6249
0;0.5436;0.4843;-0.773;0.5658
0;0.5555;0.6036;-0.0751;0.6145
1;0.5488;0.5382;-0.5657;0.5888
0;0.5479;0.5357;-0.6245;0.5552
0;0.5474;0.5202;-0.6531;0.5182
0;0.543;0.4504;-0.8821;0.4464
0;0.5354;0.4318;-1.0;0.3211
2;0.5369;0.4485;-0.908;0.2314
0;0.5347;0.4014;-0.9969;0.1393
0;0.5456;0.4756;-0.514;0.158
0;0.5384;0.4776;-0.7781;0.1097
0;0.5262;0.3353;-0.9753;-0.0327
0;0.5242;0.334;-0.9806;-0.1615
0;0.5245;0.3758;-0.8755;-0.2586
0;0.5335;0.4348;-0.6479;-0.256
0;0.5338;0.3349;-0.6401;-0.2486
0;0.5146;0.2815;-1.0;-0.4034
0;0.5329;0.4216;-0.5889;-0.3657
0;0.5214;0.3783;-0.8463;-0.4294
0;0.5214;0.3946;-0.8463;-0.475
0;0.5089;0.3762;-0.987;-0.6123
0;0.4961;0.3279;-0.7122;-0.8223
0;0.4807;0.295;-0.9504;-1.1103
0;0.4797;0.2293;-0.8599;-1.3339
0;0.4429;0.1845;-1.0;-1.808
0;0.4296;0.1831;-0.7871;-2.2753
0;0.4821;0.3964;-0.3904;-2.1733
0;0.4923;0.4243;-0.2981;-1.9837
0;0.4657;0.3528;-0.4801;-2.0392
0;0.4884;0.4103;-0.2986;-1.868
0;0.4819;0.432;-0.3132;-1.7689
1;0.4957;0.421;-0.1971;-1.5551
0;0.4897;0.431;-0.2477;-1.4211
0;0.4724;0.401;-0.393;-1.4468
0;0.4804;0.4412;-0.3262;-1.3843
0;0.4676;0.4412;-0.702;-1.4289
0;0.4627;0.4613;-0.7993;-1.4906
2;0.4938;0.5268;-0.1211;-1.2596
0;0.4733;0.5617;-0.5187;-1.2379
0;0.4659;0.5756;-0.6965;-1.2704
0;0.4718;0.4734;-0.5687;-1.2323
0;0.4705;0.4409;-0.5974;-1.2009
1;0.4761;0.5317;-0.4454;-1.1158
2;0.4604;0.4104;-0.7935;-1.17
0;0.4455;0.3897;-0.94;-1.3264
0;0.4632;0.4039;-0.6114;-1.2854
0;0.4616;0.4147;-0.6414;-1.2531
0;0.4581;0.4523;-0.6508;-1.2444
0;0.4455;0.3879;-0.92;-1.3308
0;0.4838;0.5448;-0.0193;-1.0596
1;0.4619;0.4981;-0.5202;-1.0207
0;0.4559;0.3906;-0.6573;-1.0302
0;0.4684;0.4851;-0.3726;-0.921
0;0.4471;0.4473;-0.8594;-1.0061
0;0.4293;0.3885;-0.8989;-1.2132
2;0.4526;0.4579;-0.5175;-1.166
0;0.4585;0.4586;-0.4225;-1.0665
0;0.4553;0.4873;-0.4738;-1.0037
0;0.4519;0.517;-0.5275;-0.9719
0;0.4543;0.4744;-0.4543;-0.9161
1;0.4291;0.4177;-0.8714;-1.0764
0;0.4408;0.4579;-0.6418;-1.0926
0;0.4446;0.4976;-0.5668;-1.0614
0;0.4357;0.356;-0.6933;-1.1007
0;0.4516;0.4681;-0.3212;-0.9849
0;0.4558;0.4997;-0.2436;-0.8478
1;0.4484;0.4352;-0.4337;-0.7939
0;0.4483;0.5046;-0.4087;-0.7437
0;0.4518;0.5948;-0.3154;-0.6667
0;0.444;0.4586;-0.5228;-0.6647
0;0.4484;0.4504;-0.4066;-0.6193
2;0.4623;0.5311;-0.0376;-0.4591
0;0.4559;0.5171;-0.219;-0.382
0;0.4575;0.5139;-0.252;-0.3033
0;0.4564;0.6504;-0.3672;-0.2481
1;0.4571;0.6023;-0.3438;-0.1959
0;0.4551;0.5679;-0.4089;-0.1693
2;0.4542;0.6322;-0.4401;-0.1544
0;0.4542;0.5237;-0.4401;-0.141
0;0.451;0.4545;-0.6364;-0.1559
0;0.4589;0.5988;-0.3711;-0.0989
0;0.464;0.6348;-0.1443;-0.0095
0;0.4704;0.6519;-0.0956;0.115
0;0.4658;0.6867;-0.2596;0.1724
0;0.463;0.6288;-0.3579;0.1921
1;0.4586;0.4613;-0.5109;0.1687
0;0.4578;0.5224;-0.541;0.1412
0;0.458;0.5058;-0.5328;0.1201
2;0.4525;0.4564;-0.7268;0.0554
0;0.4564;0.4927;-0.7579;0.0368
0;0.4495;0.4462;-0.8425;-0.0369
0;0.4469;0.4329;-0.6774;-0.1163
0;0.4455;0.422;-0.6996;-0.1894
0;0.4402;0.4062;-0.833;-0.2904
0;0.4371;0.2943;-0.7354;-0.3926
0;0.4411;0.2784;-0.6292;-0.4354
0;0.4341;0.1538;-0.8027;-0.5237
0;0.4386;0.2404;-0.662;-0.5495
0;0.4463;0.3541;-0.3921;-0.4989
0;0.4542;0.4636;-0.0519;-0.3866
0;0.452;0.4537;-0.1332;-0.3124
0;0.4474;0.4206;-0.2935;-0.2895
1;0.4474;0.4586;-0.2935;-0.2684
0;0.4543;0.4842;-0.0618;-0.1903
0;0.4495;0.5006;-0.2903;-0.1676
0;0.4507;0.5315;-0.2531;-0.138
0;0.4538;0.5668;-0.1862;-0.087
0;0.4537;0.6194;-0.2405;-0.0465
0;0.44;0.5212;-0.9486;-0.1306
0;0.4447;0.5261;-0.6923;-0.156
0;0.4481;0.6084;-0.4426;-0.1447
0;0.4429;0.5325;-0.6656;-0.179
0;0.4342;0.4091;-0.9265;-0.2779
0;0.433;0.323;-0.8895;-0.3628
0;0.4338;0.344;-0.8455;-0.4192
0;0.4274;0.3335;-0.9729;-0.5136
0;0.4196;0.2952;-0.9849;-0.6489
0;0.4265;0.2957;-0.7837;-0.6895
0;0.422;0.2969;-0.8998;-0.7527
0;0.4101;0.2416;-0.9724;-0.8954
0;0.391;0.168;-0.9919;-1.1603
0;0.3748;0.1434;-0.9906;-1.4947
0;0.3726;0.1601;-0.9655;-1.7609
0;0.384;0.2137;-0.7976;-1.855
0;0.3728;0.1685;-0.9594;-2.0044
0;0.3751;0.1942;-0.8812;-2.0809
0;0.3644;0.1907;-0.9589;-2.21
0;0.3737;0.2543;-0.8202;-2.21
0;0.3746;0.2553;-0.7998;-2.1785
0;0.3832;0.3206;-0.5217;-2.0576
0;0.396;0.4082;-0.033;-1.8317
0;0.3967;0.3778;-0.1483;-1.6283
1;0.3966;0.3921;-0.1502;-1.4514
0;0.3962;0.4344;-0.1726;-1.3007
0;0.3915;0.5026;-0.2852;-1.2079
0;0.4041;0.6667;-0.0574;-1.0152
0;0.4163;0.7231;0.0;-0.749
0;0.4121;0.6552;-0.1435;-0.5666
0;0.4134;0.7512;-0.118;-0.4062
0;0.4137;0.7448;-0.1798;-0.2729
0;0.4131;0.8552;-0.2052;-0.1697
0;0.4146;0.8366;-0.1627;-0.0746
2;0.4114;0.7916;-0.2613;-0.0261
0;0.4148;0.773;-0.1568;0.0416
0;0.4142;0.6998;-0.358;0.0899
0;0.4078;0.6082;-0.8049;0.0725
0;0.4082;0.6121;-0.7846;0.0613
0;0.4017;0.5474;-0.9719;-0.0039
0;0.4024;0.6012;-0.9147;-0.0492
2;0.402;0.4755;-0.8977;-0.0871
0;0.4;0.24;-0.9521;-0.1332
0;0.4017;0.3198;-0.8818;-0.1536
0;0.4049;0.3613;-0.754;-0.1414
0;0.4082;0.419;-0.6166;-0.1018
0;0.4149;0.5216;-0.135;-0.0131
0;0.4103;0.4509;-0.4096;0.0185
1;0.4103;0.4863;-0.4137;0.0424
0;0.4002;0.3434;-0.9277;-0.0241
0;0.402;0.3711;-0.6572;-0.0616
0;0.3982;0.393;-0.8082;-0.1224
2;0.3977;0.3837;-0.827;-0.173
0;0.3961;0.4308;-0.8931;-0.225
0;0.3991;0.4613;-0.73;-0.2383
0;0.4095;0.5708;-0.3353;-0.1579
0;0.4113;0.6078;-0.2671;-0.0777
0;0.4204;0.6566;-0.037;0.064
0;0.4251;0.6654;-0.0093;0.2147
1;0.4239;0.6331;-0.1166;0.3213
0;0.4293;0.6247;-0.0225;0.4469
0;0.43;0.6821;-0.0967;0.5472
0;0.4232;0.6065;-0.2584;0.5626
0;0.4301;0.7595;-0.0929;0.6278
0;0.4313;0.7572;-0.0843;0.6825
0;0.4303;0.7954;-0.1253;0.7097
0;0.4333;0.8129;-0.031;0.7495
0;0.4383;0.8506;-0.0262;0.8154
0;0.4371;0.8249;-0.1199;0.8481
0;0.4369;0.7844;-0.2075;0.8634
0;0.4338;0.7279;-0.3889;0.8403
0;0.4321;0.6388;-0.475;0.7984
0;0.436;0.6315;-0.2834;0.7897
2;0.4278;0.5396;-0.9037;0.7049
0;0.4302;0.5105;-0.6847;0.6513
0;0.4352;0.5525;-0.3881;0.6444
0;0.4401;0.677;-0.1233;0.6736
0;0.4435;0.6509;-0.1031;0.7183
0;0.4431;0.6356;-0.1221;0.7425
1;0.4406;0.6143;-0.2443;0.7323
0;0.4413;0.5931;-0.2099;0.7225
0;0.4389;0.5071;-0.3244;0.687
0;0.4394;0.5301;-0.2977;0.6565
2;0.4391;0.528;-0.313;0.6228
0;0.4422;0.606;-0.1734;0.6157
0;0.4423;0.6347;-0.3429;0.6043
0;0.432;0.4545;-0.895;0.5012
0;0.4309;0.5426;-0.96;0.4059
0;0.4355;0.5674;-0.67;0.3654
0;0.4402;0.5639;-0.375;0.3691
0;0.4425;0.5336;-0.2654;0.3882
0;0.4378;0.4247;-0.5498;0.359
0;0.434;0.3896;-0.7773;0.3
1;0.4376;0.4644;-0.564;0.2804
0;0.4439;0.5281;-0.1801;0.3163
0;0.4465;0.5796;-0.0237;0.3633
0;0.4494;0.5987;-0.0163;0.4206
0;0.4481;0.5877;-0.1604;0.4506
0;0.4503;0.5799;-0.069;0.4875
0;0.4417;0.4946;-0.5388;0.4384
0;0.4467;0.6377;-0.2629;0.4379
0;0.4436;0.6142;-0.431;0.4068
0;0.4503;0.6284;-0.0685;0.4349
0;0.4473;0.5632;-0.2629;0.4262
0;0.4492;0.5595;-0.2601;0.431
1;0.4554;0.6538;-0.0651;0.4831
0;0.4594;0.7212;-0.16;0.5532
0;0.4652;0.7315;-0.0122;0.6514
0;0.4675;0.7116;-0.1128;0.7412
0;0.4673;0.6954;-0.1178;0.8028
0;0.466;0.6606;-0.1793;0.8315
0;0.4693;0.6975;-0.1117;0.874
0;0.467;0.655;-0.1945;0.8781
0;0.4751;0.8127;-0.0317;0.9411
0;0.4853;0.8291;-0.0227;1.067
0;0.4834;0.8462;-0.0988;1.1389
0;0.4806;0.7832;-0.2219;1.16
0;0.4825;0.8371;-0.1797;1.1803
0;0.4875;0.8462;-0.1823;1.226
0;0.4804;0.7223;-0.4236;1.1888
0;0.4821;0.7101;-0.3753;1.1609
0;0.4817;0.671;-0.4006;1.1239
0;0.4769;0.5929;-0.5994;1.042
0;0.4728;0.5503;-0.917;0.9316
2;0.4726;0.5616;-0.9278;0.8327
0;0.4791;0.5853;-0.5993;0.8009
0;0.4751;0.5695;-0.7705;0.7338
0;0.478;0.5274;-0.6438;0.698
0;0.4759;0.3962;-0.7061;0.6443
0;0.474;0.3962;-0.6845;0.5791
1;0.472;0.4025;-0.8393;0.5042
0;0.4718;0.3745;-0.8266;0.4384
0;0.4763;0.3675;-0.4387;0.4202
0;0.4809;0.506;-0.142;0.4402
0;0.4854;0.5393;-0.1626;0.4897
0;0.4874;0.5638;-0.0584;0.5405
0;0.4863;0.6151;-0.1418;0.5653
1;0.4822;0.6158;-0.3484;0.5443
0;0.4811;0.6028;-0.4051;0.5126
0;0.4795;0.5063;-0.4862;0.4687
0;0.4807;0.5828;-0.4254;0.4393
2;0.4767;0.4814;-0.6769;0.3777
0;0.4753;0.4913;-0.8564;0.313
0;0.4747;0.5113;-0.8145;0.254
0;0.4798;0.609;-0.5294;0.2473
0;0.4817;0.6322;-0.4163;0.2563
0;0.4845;0.6146;-0.2077;0.2843
0;0.4825;0.5238;-0.2541;0.2858
0;0.4806;0.4212;-0.3838;0.2678
1;0.4799;0.373;-0.427;0.2453
0;0.4784;0.368;-0.5297;0.2122
0;0.4787;0.4329;-0.5081;0.1865
2;0.4833;0.5376;-0.1946;0.2035
0;0.4834;0.5694;-0.2901;0.2154
0;0.4825;0.533;-0.3841;0.215
0;0.4858;0.6676;-0.1126;0.2402
1;0.4833;0.6431;-0.3312;0.2365
0;0.4829;0.6467;-0.3636;0.2277
0;0.4821;0.5503;-0.4286;0.2116
0;0.4873;0.6036;-0.15;0.2406
0;0.4846;0.5015;-0.3389;0.2379
0;0.4843;0.5365;-0.4745;0.2305
0;0.4757;0.4236;-0.9774;0.1494
0;0.4751;0.4236;-0.8538;0.0785
0;0.4758;0.4576;-0.8113;0.0279
2;0.4795;0.5116;-0.5682;0.0194
0;0.4829;0.4928;-0.3773;0.0409
0;0.4847;0.5183;-0.2727;0.0729
0;0.491;0.6055;0.0;0.1514
1;0.4973;0.633;-0.0618;0.2649
0;0.4852;0.518;-0.5088;0.249
0;0.4816;0.488;-0.6441;0.2027
0;0.4847;0.5217;-0.5294;0.1904
0;0.4809;0.4437;-0.6706;0.1463
0;0.4864;0.5152;-0.4647;0.1573
2;0.4819;0.4814;-0.7734;0.1257
0;0.4797;0.5343;-0.9346;0.0807
0;0.4847;0.5773;-0.6667;0.0869
0;0.4815;0.5442;-0.8148;0.0638
0;0.4779;0.4877;-0.9202;0.0146
0;0.4774;0.4556;-0.9515;-0.0291
0;0.4738;0.4143;-0.9665;-0.0936
0;0.4761;0.3743;-0.8278;-0.1238
0;0.4697;0.268;-0.9039;-0.2009
0;0.4732;0.3816;-0.7473;-0.2299
0;0.4687;0.3758;-0.939;-0.2881
0;0.4734;0.3943;-0.6992;-0.291
0;0.4771;0.4642;-0.4714;-0.2592
0;0.4796;0.432;-0.293;-0.2098
0;0.4832;0.5129;0.0;-0.1383
0;0.487;0.5719;-0.0613;-0.048
1;0.4841;0.4943;-0.1992;-7.0E-4
0;0.4864;0.5507;-0.1057;0.0554
0;0.4886;0.6147;-0.054;0.118
0;0.4946;0.6662;-0.0451;0.2173
0;0.4945;0.7131;-0.0778;0.2919
0;0.4957;0.7064;-0.0582;0.3577
0;0.4965;0.8213;-0.0205;0.4132
0;0.4995;0.819;-0.1106;0.4777
0;0.5025;0.9242;-0.1378;0.5493
0;0.5065;0.9228;-0.0676;0.6332
0;0.5074;0.917;-0.0425;0.7008
0;0.5042;0.8303;-0.191;0.7187
0;0.5038;0.8026;-0.2389;0.7217
0;0.5091;0.8113;-0.0599;0.7621
0;0.5121;0.8921;-0.1167;0.8109
0;0.5143;0.8922;-0.1595;0.8599
0;0.5159;0.8902;-0.2584;0.9029
0;0.516;0.8677;-0.2783;0.928
0;0.5151;0.8444;-0.315;0.9296
0;0.5161;0.8436;-0.2752;0.93
0;0.5192;0.8546;-0.156;0.9469
0;0.5199;0.8432;-0.1414;0.9556
0;0.5207;0.8309;-0.1829;0.9598
0;0.519;0.7468;-0.3401;0.938
0;0.5195;0.7419;-0.3961;0.9149
0;0.5168;0.7616;-0.6351;0.8646
0;0.516;0.7492;-0.6933;0.809
0;0.5157;0.668;-0.72;0.7538
2;0.5173;0.6432;-0.5867;0.716
0;0.5176;0.601;-0.56;0.6814
0;0.5187;0.5867;-0.4733;0.6557
0;0.5206;0.6301;-0.3133;0.6448
0;0.5206;0.6667;-0.3087;0.6294
1;0.5203;0.6345;-0.3289;0.6085
0;0.5163;0.4135;-0.6644;0.5516
0;0.5185;0.4626;-0.4832;0.5193
0;0.5125;0.323;-0.9304;0.4373
2;0.5167;0.4548;-0.6013;0.4034
0;0.513;0.3878;-0.8494;0.3412
0;0.5147;0.4629;-0.6723;0.3035
0;0.5148;0.478;-0.6667;0.2713
0;0.5175;0.531;-0.4746;0.2661
1;0.5208;0.5561;-0.1625;0.2872
0;0.5219;0.5661;-0.1037;0.3095
0;0.5175;0.4842;-0.4329;0.2871
0;0.5239;0.5412;-0.1887;0.3202
0;0.5223;0.5203;-0.3448;0.3292
0;0.5128;0.4256;-0.8534;0.2525
0;0.5066;0.4082;-0.9615;0.1371
0;0.5068;0.3849;-0.9414;0.046
0;0.5034;0.4053;-0.8472;-0.0555
2;0.5086;0.4179;-0.6729;-0.0906
0;0.5114;0.4843;-0.5764;-0.0928
0;0.5039;0.4003;-0.8284;-0.1576
0;0.5058;0.4192;-0.7668;-0.1912
0;0.513;0.4623;-0.5255;-0.1545
1;0.5101;0.4107;-0.5662;-0.1484
0;0.5021;0.3529;-0.7951;-0.2094
0;0.5021;0.3772;-0.6849;-0.2552
0;0.5;0.2959;-0.7983;-0.307
0;0.5031;0.3405;-0.6345;-0.318
0;0.5029;0.4022;-0.6471;-0.3253
0;0.5043;0.4748;-0.5714;-0.3154
0;0.5028;0.4578;-0.6407;-0.3171
0;0.5099;0.5643;-0.2554;-0.2546
1;0.5129;0.5443;-0.1538;-0.1774
0;0.5173;0.558;-0.0605;-0.0774
0;0.5154;0.6288;-0.2138;-0.0135
0;0.5129;0.5781;-0.3438;0.0151
0;0.5114;0.4803;-0.4076;0.0251
0;0.5125;0.5322;-0.3579;0.0423
0;0.5112;0.6435;-0.4182;0.0437
0;0.5089;0.6002;-0.5174;0.0252
0;0.512;0.6741;-0.5054;0.0371
0;0.5125;0.6463;-0.5258;0.0494
0;0.5121;0.6446;-0.5464;0.0559
0;0.5135;0.6438;-0.4588;0.0721
0;0.5173;0.712;-0.038;0.1163
1;0.5186;0.6527;-0.1111;0.1609
0;0.5192;0.6206;-0.1379;0.1991
0;0.5193;0.5465;-0.1324;0.2284
0;0.5188;0.581;-0.2179;0.2443
0;0.5184;0.6533;-0.2468;0.2515
0;0.5216;0.7561;0.0;0.2813
0;0.5213;0.7288;-0.1267;0.299
0;0.5222;0.7965;-0.0657;0.318
0;0.5255;0.9221;-0.0563;0.3577
0;0.5259;0.9095;-0.2011;0.3886
0;0.5259;0.9029;-0.2063;0.4081
0;0.528;0.9298;-0.0688;0.437
0;0.523;0.7169;-0.3915;0.4133
0;0.5216;0.6091;-0.561;0.3779
0;0.52;0.5366;-0.7817;0.333
0;0.5236;0.5972;-0.5317;0.3242
0;0.5242;0.6055;-0.5086;0.3194
2;0.5267;0.657;-0.25;0.3328
0;0.5313;0.7178;0.0;0.3788
0;0.5283;0.6143;-0.3141;0.3857
1;0.5276;0.606;-0.3718;0.3809
0;0.5268;0.5781;-0.4295;0.3669
0;0.5245;0.4816;-0.6154;0.3321
0;0.5262;0.5041;-0.4808;0.3155
2;0.5259;0.5013;-0.5235;0.2971
0;0.5305;0.5398;-0.1579;0.3185
0;0.529;0.6028;-0.3361;0.319
0;0.5292;0.6366;-0.3393;0.3173
1;0.5252;0.5856;-0.7768;0.279
0;0.5334;0.6404;-0.0526;0.3152
0;0.5331;0.6276;-0.1469;0.3376
0;0.5282;0.5208;-0.5664;0.3105
0;0.5233;0.3926;-0.7594;0.244
0;0.5254;0.46;-0.6203;0.2069
0;0.5231;0.4414;-0.7701;0.1563
2;0.5192;0.4075;-0.9648;0.0818
0;0.522;0.4698;-0.794;0.0456
0;0.5251;0.4878;-0.598;0.0433
0;0.5194;0.4324;-0.9548;-0.0076
0;0.5277;0.4729;-0.4372;0.023
0;0.5226;0.4427;-0.7232;0.0036
1;0.5262;0.4747;-0.3404;0.0185
0;0.5121;0.4054;-0.3971;-0.0893
0;0.5114;0.322;-0.4132;-0.1794
0;0.523;0.4314;-0.1556;-0.1498
2;0.5224;0.4577;-0.1699;-0.1303
0;0.5242;0.5074;-0.1288;-0.0978
0;0.5224;0.4772;-0.1699;-0.087
0;0.5167;0.4537;-0.2952;-0.1255
0;0.516;0.4754;-0.2777;-0.1607
0;0.5087;0.4053;-0.4484;-0.2491
0;0.5026;0.3462;-0.5891;-0.3675
0;0.4891;0.3131;-1.0;-0.5714
0;0.4918;0.2615;-0.7658;-0.7034
0;0.4893;0.2708;-0.8124;-0.8211
0;0.4875;0.2275;-0.8003;-0.9202
0;0.4819;0.2584;-0.9151;-1.0359
0;0.4812;0.2584;-0.9257;-1.1222
0;0.4752;0.0796;-0.9799;-1.2288
0;0.479;0.138;-0.7774;-1.268
0;0.4869;0.217;-0.5496;-1.2182
0;0.4872;0.2272;-0.4049;-1.1633
0;0.4729;0.2002;-0.8624;-1.2295
0;0.4728;0.202;-0.8654;-1.2693
0;0.478;0.2823;-0.6006;-1.2429
0;0.4742;0.2915;-0.7728;-1.2415
0;0.4769;0.3933;-0.6346;-1.2043
2;0.4765;0.3615;-0.65;-1.165
0;0.4762;0.3764;-0.6654;-1.1245
1;0.4821;0.4525;-0.4226;-1.0308
0;0.4829;0.5094;-0.3808;-0.9391
0;0.4824;0.5118;-0.2198;-0.8611
0;0.4824;0.578;-0.2339;-0.7905
0;0.482;0.5354;-0.3471;-0.73
0;0.4822;0.4336;-0.4326;-0.6724
0;0.4829;0.4388;-0.3953;-0.6144
2;0.4858;0.7713;-0.2279;-0.5373
0;0.4785;0.5916;-0.8129;-0.5332
0;0.4846;0.6031;-0.4156;-0.4723
0;0.4829;0.6458;-0.5822;-0.4339
0;0.4814;0.5795;-0.7055;-0.4115
0;0.4815;0.5874;-0.6986;-0.3888
2;0.4816;0.5954;-0.6918;-0.3661
1;0.4816;0.4891;-0.6918;-0.3443
0;0.4941;0.6643;-0.0435;-0.2176
0;0.5003;0.7254;-0.1129;-0.0623
0;0.4935;0.6189;-0.3839;0.0027
0;0.4908;0.59;-0.4935;0.031
0;0.4932;0.607;-0.3994;0.073
0;0.4941;0.6095;-0.3604;0.1137
0;0.4912;0.5524;-0.4773;0.1196
2;0.4845;0.5595;-0.7484;0.0662
0;0.4856;0.5107;-0.7059;0.0325
0;0.4775;0.4483;-0.8445;-0.063
0;0.4656;0.3734;-0.9486;-0.2385
0;0.4648;0.3677;-0.962;-0.3812
0;0.4698;0.4132;-0.8122;-0.4473
0;0.4707;0.4208;-0.7854;-0.487
0;0.4736;0.3278;-0.6812;-0.4883
0;0.4714;0.2386;-0.7506;-0.5028
0;0.4714;0.2723;-0.7087;-0.5088
1;0.4735;0.3197;-0.5802;-0.4902
0;0.4787;0.3569;-0.0792;-0.4268
0;0.4838;0.4056;-0.0912;-0.3287
0;0.487;0.4615;-0.0619;-0.2209
0;0.4871;0.5268;-0.058;-0.1323
0;0.4888;0.5323;-0.0147;-0.0472
0;0.4895;0.6433;-0.0671;0.0265
0;0.4844;0.7692;-0.2752;0.0414
0;0.4769;0.6445;-0.5872;-0.0116
0;0.477;0.5982;-0.5805;-0.0519
0;0.474;0.5428;-0.9589;-0.1087
0;0.4729;0.4902;-0.8058;-0.162
2;0.4827;0.6261;-0.3705;-0.1185
0;0.4838;0.6348;-0.3237;-0.074
0;0.4787;0.5524;-0.5504;-0.0817
0;0.4788;0.5019;-0.5432;-0.0856
0;0.4799;0.451;-0.4043;-0.0787
0;0.4729;0.3389;-0.7702;-0.132
0;0.4726;0.3346;-0.783;-0.1746
0;0.4712;0.2985;-0.8596;-0.2188
0;0.474;0.3302;-0.7135;-0.2275
0;0.4715;0.3499;-0.8635;-0.253
0;0.4692;0.3987;-0.9868;-0.2899
0;0.4796;0.527;-0.28;-0.2272
0;0.4823;0.5864;-0.1028;-0.153
0;0.4849;0.622;-0.0348;-0.0706
0;0.483;0.5033;-0.1493;-0.021
0;0.4842;0.5054;-0.0882;0.0288
1;0.4922;0.653;-0.0691;0.1354
0;0.4935;0.6618;-0.0164;0.2292
0;0.4963;0.6742;-0.0178;0.3244
0;0.4985;0.8022;-0.0982;0.4141
0;0.5023;0.8231;-0.027;0.5132
0;0.5043;0.8566;-0.0324;0.6025
0;0.5066;0.8551;-0.0455;0.6861
0;0.5109;0.9122;-0.0367;0.781
0;0.5097;0.9331;-0.0761;0.837
0;0.5099;0.9144;-0.1636;0.8743
0;0.5086;0.8738;-0.2527;0.8833
0;0.5113;0.8741;-0.1395;0.904
0;0.5104;0.8993;-0.2089;0.903
0;0.5137;0.905;-0.081;0.9207
0;0.5127;0.8487;-0.1576;0.9164
0;0.5098;0.7633;-0.4713;0.8788
0;0.5081;0.697;-0.7983;0.8253
0;0.5074;0.658;-0.7357;0.7687
0;0.5167;0.7129;-0.0854;0.795
0;0.5201;0.7243;-0.0255;0.8358
0;0.5202;0.7057;-0.1273;0.8598
0;0.5203;0.6629;-0.1227;0.8703
0;0.5209;0.6988;-0.0909;0.8743
1;0.5208;0.6941;-0.0955;0.8674
0;0.5232;0.7507;-0.0843;0.873
0;0.5245;0.7381;-0.024;0.8794
0;0.5231;0.7251;-0.1593;0.8632
0;0.5255;0.716;-0.0704;0.8615
0;0.5208;0.6303;-0.4733;0.8112
0;0.5233;0.7204;-0.281;0.7847
0;0.5265;0.7872;-0.1337;0.7827
0;0.5251;0.7675;-0.2384;0.7602
0;0.5265;0.6941;-0.1445;0.7463
0;0.5253;0.6137;-0.2254;0.7177
0;0.5231;0.5578;-0.3815;0.6687
0;0.523;0.5545;-0.3873;0.6222
2;0.5245;0.5701;-0.2832;0.5916
0;0.5241;0.5629;-0.3121;0.5578
0;0.5256;0.5487;-0.2991;0.5384
0;0.5282;0.5697;-0.0421;0.5391
0;0.5329;0.6639;-0.0976;0.5738
1;0.532;0.6145;-0.1646;0.5873
0;0.5293;0.6625;-0.3598;0.5694
0;0.5292;0.622;-0.372;0.5478
0;0.5262;0.4931;-0.6025;0.4999
0;0.526;0.5201;-0.6211;0.4547
2;0.5239;0.4448;-0.7764;0.3968
0;0.5278;0.5478;-0.5532;0.3799
0;0.5195;0.4444;-0.7841;0.2926
0;0.5189;0.4365;-0.8194;0.2152
0;0.5252;0.5099;-0.4612;0.2057
0;0.5252;0.5156;-0.4216;0.196
0;0.5235;0.4711;-0.5245;0.1717
0;0.5173;0.3664;-0.8922;0.0983
0;0.5208;0.3466;-0.6863;0.0688
0;0.517;0.3233;-0.9088;0.0131
0;0.5138;0.3188;-0.8108;-0.0584
0;0.5108;0.2991;-0.8761;-0.1395
0;0.518;0.4182;-0.5169;-0.1406
0;0.5195;0.4372;-0.4426;-0.1273
0;0.5192;0.4524;-0.4591;-0.1182
0;0.5162;0.381;-0.531;-0.1352
0;0.5171;0.4707;-0.3758;-0.1394
1;0.5183;0.4928;-0.2934;-0.1314
0;0.515;0.3685;-0.5263;-0.1512
0;0.5138;0.357;-0.614;-0.1757
0;0.5134;0.3691;-0.6433;-0.1967
0;0.5209;0.5453;-0.1357;-0.147
0;0.5193;0.4804;-0.3688;-0.1204
0;0.5179;0.5116;-0.475;-0.1102
0;0.519;0.5774;-0.3875;-0.0911
0;0.5186;0.625;-0.4187;-0.0786
1;0.5174;0.4868;-0.5125;-0.0784
2;0.5147;0.4088;-0.7125;-0.1001
0;0.5166;0.454;-0.5688;-0.0998
0;0.514;0.4595;-0.7688;-0.1211
0;0.515;0.4611;-0.8284;-0.1282
0;0.5156;0.4512;-0.7687;-0.1267
0;0.5141;0.4805;-0.8776;-0.1376
0;0.5133;0.4901;-0.9048;-0.1511
0;0.5214;0.6218;-0.2517;-0.0918
0;0.5258;0.5815;0.0;-0.0067
0;0.5254;0.6088;-0.1285;0.0575
0;0.5246;0.6216;-0.1844;0.1005
0;0.5195;0.5079;-0.5251;0.0903
1;0.5159;0.4606;-0.771;0.0503
0;0.5168;0.4916;-0.7095;0.026
2;0.5187;0.5591;-0.581;0.0228
0;0.5221;0.5778;-0.352;0.0489
0;0.5191;0.5724;-0.6429;0.0436
0;0.5154;0.5054;-0.9351;0.0073
0;0.5192;0.5431;-0.6364;0.011
0;0.5217;0.5902;-0.4379;0.0349
0;0.52;0.5777;-0.472;0.0393
0;0.5164;0.4359;-0.824;0.0114
0;0.5069;0.2854;-0.8543;-0.0911
0;0.5029;0.2635;-1.0;-0.2046
0;0.5036;0.2785;-0.9698;-0.2863
0;0.498;0.2756;-0.9969;-0.3948
0;0.496;0.2855;-0.9775;-0.493
0;0.5032;0.3703;-0.736;-0.5045
0;0.5031;0.3459;-0.7388;-0.5089
0;0.5046;0.3203;-0.6882;-0.4944
0;0.5049;0.3459;-0.6205;-0.4748
0;0.5052;0.3801;-0.3918;-0.4523
1;0.5058;0.3291;-0.1987;-0.4248
0;0.5053;0.28;-0.1185;-0.4028
0;0.5057;0.3011;-0.1014;-0.3777
0;0.5038;0.3164;-0.3176;-0.3702
0;0.5038;0.4367;-0.3197;-0.3603
0;0.5031;0.5038;-0.618;-0.3543
2;0.5023;0.4695;-0.8667;-0.3529
0;0.5045;0.6757;-0.4524;-0.329
0;0.5072;0.7913;-0.1236;-0.2841
0;0.5033;0.5053;-0.6404;-0.2782
0;0.5012;0.4465;-0.9326;-0.2889
0;0.5;0.3697;-0.8151;-0.3041
0;0.4994;0.3457;-0.7865;-0.3178
0;0.5145;0.6433;-0.0048;-0.1973
0;0.5083;0.5336;-0.3738;-0.1529
0;0.5092;0.5516;-0.3224;-0.1085
0;0.5112;0.5693;-0.2103;-0.0553
0;0.5113;0.5986;-0.2056;-0.012
1;0.5058;0.5233;-0.514;-0.0248
2;0.5084;0.5578;-0.3692;-0.0125
0;0.5058;0.5371;-0.514;-0.0247
0;0.4992;0.4489;-0.8832;-0.0903
0;0.4999;0.427;-0.7573;-0.1353
0;0.4952;0.4197;-0.9186;-0.2091
0;0.4897;0.3942;-0.8593;-0.3112
0;0.4829;0.3566;-0.9578;-0.4466
0;0.4868;0.4;-0.8338;-0.5152
0;0.4905;0.2682;-0.7028;-0.5325
0;0.4927;0.3363;-0.6264;-0.5219
0;0.4923;0.3209;-0.6376;-0.5109
0;0.4917;0.287;-0.5643;-0.5018
1;0.4943;0.3241;-0.3544;-0.4673
0;0.4939;0.3624;-0.2563;-0.4387
0;0.4961;0.3562;-0.0333;-0.393
0;0.4959;0.3776;-0.0497;-0.3543
0;0.4973;0.4726;-0.1913;-0.3087
0;0.4962;0.4481;-0.2945;-0.2787
0;0.4982;0.5459;-0.1951;-0.235
0;0.5037;0.7125;-0.0179;-0.1512
0;0.5008;0.8092;-0.2262;-0.1085
0;0.4996;0.7444;-0.3399;-0.0836
0;0.4981;0.6585;-0.4575;-0.0759
0;0.4979;0.6198;-0.576;-0.0705
0;0.5013;0.6789;-0.256;-0.037
2;0.502;0.7033;-0.2143;-0.0046
0;0.4991;0.5941;-0.5179;-0.0032
0;0.5026;0.6529;-0.1429;0.0279
0;0.5071;0.6793;-0.2294;0.0904
1;0.5063;0.6649;-0.3763;0.1316
0;0.525;0.7839;-0.0497;0.3211
0;0.5392;0.8473;-0.0284;0.5879
0;0.5365;0.8061;-0.0899;0.7691
0;0.5369;0.7886;-0.0851;0.9065
0;0.5439;0.8503;-0.0602;1.0648
0;0.5491;0.8774;-0.0049;1.2224
0;0.5475;0.8763;-0.0576;1.32
0;0.5504;0.8836;-0.0417;1.407
0;0.5545;0.8848;-0.0161;1.4955
0;0.5549;0.8844;-0.0429;1.5529
0;0.5499;0.8583;-0.2409;1.5397
0;0.5444;0.7865;-0.4739;1.4661
0;0.5466;0.7794;-0.3889;1.411
0;0.5496;0.7975;-0.2712;1.3782
0;0.5507;0.7329;-0.2288;1.347
2;0.5575;0.6912;-0.0876;1.3657
0;0.5627;0.76;-0.07;1.41
1;0.5579;0.6922;-0.2918;1.3894
0;0.5558;0.6195;-0.3891;1.3407
0;0.5561;0.5776;-0.3774;1.2903
0;0.5569;0.6065;-0.3385;1.2439
0;0.556;0.5666;-0.4261;1.1864
2;0.5501;0.4504;-0.7304;1.0787
0;0.549;0.4342;-0.7904;0.9732
0;0.5509;0.5111;-0.6943;0.8954
0;0.5551;0.6333;-0.4716;0.8609
0;0.5534;0.585;-0.54;0.8095
0;0.564;0.6518;-0.0816;0.8507
0;0.5684;0.6745;-0.0177;0.9115
1;0.5616;0.5401;-0.305;0.8916
0;0.5616;0.4877;-0.305;0.8665
0;0.5583;0.5041;-0.4433;0.8095
0;0.5579;0.525;-0.4575;0.7532
0;0.5533;0.4703;-0.7656;0.6614
2;0.5587;0.5174;-0.5556;0.628
0;0.5641;0.5727;-0.2593;0.6408
0;0.5583;0.5731;-0.5787;0.5947
0;0.5625;0.6143;-0.3472;0.5879
0;0.5668;0.6298;-0.1193;0.6129
1;0.5588;0.5286;-0.5505;0.5587
0;0.5602;0.5529;-0.4771;0.5215
0;0.5599;0.4626;-0.4908;0.4845
0;0.5618;0.4363;-0.3899;0.466
0;0.5616;0.5009;-0.3991;0.4451
2;0.5581;0.4643;-0.6825;0.3937
0;0.5547;0.4635;-0.633;0.3204
0;0.5496;0.4218;-0.8614;0.2156
0;0.5512;0.4791;-0.7903;0.1443
0;0.5567;0.4808;-0.4719;0.1339
0;0.5601;0.4591;-0.2832;0.153
0;0.5619;0.5408;-0.1903;0.1815
0;0.5685;0.564;-0.0225;0.2579
1;0.5712;0.5485;-0.0168;0.3383
0;0.5706;0.6548;-0.0654;0.393
0;0.5737;0.6702;-0.0387;0.4585
0;0.5708;0.6275;-0.1491;0.4802
0;0.5682;0.5745;-0.2557;0.4706
0;0.5662;0.5508;-0.382;0.4409
0;0.5713;0.6418;-0.1981;0.4558
0;0.5715;0.694;-0.2167;0.4648
2;0.5697;0.7526;-0.3371;0.452
0;0.5667;0.6878;-0.64;0.4113
0;0.5636;0.5879;-0.7;0.3483
0;0.5595;0.4925;-0.9095;0.2606
0;0.5615;0.4947;-0.7876;0.2052
0;0.5636;0.4306;-0.6562;0.1773
0;0.5596;0.3418;-0.8782;0.1198
0;0.5568;0.3224;-0.9763;0.0495
0;0.551;0.2261;-0.968;-0.0559
0;0.5497;0.2357;-0.9054;-0.149
0;0.5473;0.2362;-0.795;-0.2416
0;0.5441;0.2293;-0.7893;-0.3392
0;0.5358;0.0977;-1.0;-0.4828
0;0.5356;0.0921;-0.6856;-0.5923
0;0.5224;0.0731;-0.994;-0.7847
0;0.5297;0.1907;-0.6914;-0.8657
0;0.5163;0.1627;-0.9867;-1.0342
0;0.5254;0.273;-0.5405;-1.0786
0;0.5085;0.2062;-0.8287;-1.2456
0;0.5359;0.3799;-0.3024;-1.1316
0;0.5352;0.3911;-0.3152;-1.0355
0;0.5456;0.4531;-0.0054;-0.8606
0;0.5436;0.4683;-0.0622;-0.7302
0;0.5428;0.47;-0.1023;-0.6269
1;0.5335;0.4437;-0.2929;-0.6177
0;0.5333;0.455;-0.2964;-0.6054
0;0.5346;0.4947;-0.2704;-0.5785
2;0.5488;0.5522;-0.004;-0.4307
0;0.5535;0.6324;-0.0305;-0.2695
0;0.5452;0.5655;-0.3125;-0.21
0;0.5478;0.6463;-0.2303;-0.1391
1;0.5613;0.6601;-0.0135;0.0324
0;0.5605;0.771;-0.0591;0.1607
0;0.5608;0.6808;-0.0904;0.2623
0;0.5568;0.6494;-0.2226;0.3055
0;0.546;0.503;-0.572;0.2452
0;0.5509;0.5479;-0.4263;0.2363
2;0.5576;0.5911;-0.2145;0.2839
0;0.5535;0.6315;-0.3432;0.2837
0;0.5424;0.5517;-0.6944;0.1857
0;0.5419;0.5424;-0.6718;0.103
0;0.5421;0.4536;-0.6667;0.0382
0;0.5431;0.4241;-0.6361;-0.0046
0;0.5488;0.5271;-0.4531;0.0102
0;0.5504;0.5203;-0.3691;0.0355
0;0.5466;0.3677;-0.4931;0.0224
1;0.5473;0.3806;-0.4711;0.0178
0;0.538;0.3232;-0.7713;-0.065
0;0.5277;0.2943;-0.7898;-0.217
0;0.5249;0.3315;-0.8468;-0.3583
2;0.5343;0.3764;-0.561;-0.3863
0;0.5439;0.4022;-0.2675;-0.3225
0;0.539;0.3978;-0.4156;-0.31
0;0.5446;0.517;-0.2468;-0.2499
0;0.5428;0.5064;-0.3013;-0.2151
1;0.5291;0.4187;-0.7195;-0.3018
0;0.5298;0.4168;-0.6573;-0.3604
0;0.5314;0.3847;-0.6113;-0.3898
0;0.5353;0.4028;-0.4936;-0.3755
2;0.538;0.4441;-0.4118;-0.3371
0;0.5491;0.5102;-0.0793;-0.2092
1;0.5451;0.5431;-0.1995;-0.1403
0;0.5482;0.6371;-0.1049;-0.0577
0;0.5474;0.6542;-0.1304;7.0E-4
0;0.5516;0.6277;-0.0051;0.0822
0;0.5436;0.4981;-0.2618;0.0782
0;0.549;0.5749;-0.1296;0.1198
0;0.5338;0.4295;-0.8029;0.0226
0;0.5329;0.4344;-0.8619;-0.0622
0;0.5435;0.6002;-0.3955;-0.0379
2;0.5516;0.637;-0.041;0.0503
0;0.5428;0.5657;-0.4291;0.0441
0;0.5496;0.5797;-0.1306;0.0965
0;0.5582;0.6055;-0.0538;0.2099
1;0.5591;0.5583;-0.0678;0.3043
0;0.5487;0.52;-0.3973;0.2878
0;0.5401;0.4584;-0.6703;0.1987
0;0.5424;0.4745;-0.6254;0.1453
0;0.5483;0.4839;-0.5118;0.1522
0;0.5464;0.5149;-0.6493;0.1402
2;0.5454;0.4801;-0.694;0.1206
0;0.5527;0.6151;-0.3731;0.166
1;0.5414;0.546;-0.8442;0.1038
0;0.5464;0.5167;-0.6304;0.0964
0;0.5561;0.525;-0.221;0.1713
0;0.5532;0.563;-0.2427;0.2039
0;0.5539;0.5279;-0.2092;0.2332
0;0.5488;0.4356;-0.4561;0.2111
1;0.5449;0.4067;-0.6485;0.1582
0;0.5441;0.4653;-0.6862;0.1084
2;0.5364;0.4714;-0.977;0.0021
0;0.536;0.4504;-0.9283;-0.0845
0;0.5283;0.3468;-1.0;-0.2177
0;0.527;0.3499;-0.9427;-0.3313
0;0.5365;0.4388;-0.6412;-0.3369
0;0.54;0.4081;-0.5247;-0.3078
0;0.5567;0.602;-0.0054;-0.14
0;0.5544;0.5549;-0.1282;-0.0261
0;0.5459;0.4284;-0.3795;-0.0075
1;0.545;0.4405;-0.4077;-9.0E-4
0;0.5461;0.444;-0.3744;0.0138
0;0.5544;0.5381;-0.1282;0.0954
2;0.5486;0.5247;-0.3;0.1097
0;0.555;0.568;-0.1325;0.1745
0;0.5463;0.5609;-0.5783;0.1493
0;0.545;0.5544;-0.7571;0.1169
0;0.5434;0.5998;-0.8429;0.077
0;0.5505;0.6438;-0.4363;0.1046
0;0.5531;0.611;-0.2602;0.1472
2;0.5464;0.5414;-0.6809;0.1229
0;0.555;0.4877;-0.1543;0.1748
0;0.5587;0.5308;-0.0193;0.2459
1;0.5606;0.6138;-0.0343;0.3154
0;0.5675;0.6598;-0.0065;0.4252
0;0.5679;0.656;-0.0885;0.5101
0;0.563;0.5648;-0.2566;0.5299
0;0.5667;0.6404;-0.1486;0.5714
0;0.5641;0.5747;-0.25;0.576
0;0.5667;0.6878;-0.1486;0.5955
0;0.5632;0.6616;-0.3636;0.5753
2;0.5625;0.6718;-0.5287;0.5475
0;0.5576;0.5668;-0.8713;0.4781
0;0.5585;0.5524;-0.7278;0.4257
0;0.5608;0.6515;-0.5864;0.3996
0;0.5602;0.5664;-0.5556;0.3697
0;0.5611;0.5318;-0.4938;0.3495
0;0.5613;0.5099;-0.4512;0.3321
1;0.5601;0.3735;-0.5366;0.3046
0;0.5615;0.3949;-0.3947;0.2914
0;0.5607;0.4572;-0.3759;0.2714
0;0.5614;0.3866;-0.3158;0.2585
0;0.5591;0.391;-0.5188;0.226
0;0.5591;0.3136;-0.5111;0.1979
0;0.561;0.4404;-0.3481;0.1898
2;0.5651;0.5581;-0.1169;0.2164
0;0.5639;0.6698;-0.2078;0.2248
0;0.5652;0.6773;-0.1104;0.2401
1;0.5669;0.6667;-0.0248;0.2641
0;0.565;0.6228;-0.3182;0.2642
0;0.5642;0.5789;-0.3687;0.2542
0;0.5646;0.5826;-0.3434;0.2472
0;0.5607;0.5134;-0.5707;0.2062
0;0.5613;0.496;-0.6795;0.1769
2;0.5611;0.5102;-0.8308;0.1505
0;0.5581;0.4301;-0.9533;0.1025
0;0.5556;0.427;-0.8309;0.0424
0;0.5563;0.4433;-0.7923;5.0E-4
0;0.5557;0.3858;-0.8261;-0.0377
0;0.5561;0.2646;-0.774;-0.0644
0;0.5584;0.3644;-0.6215;-0.0651
0;0.559;0.3421;-0.4436;-0.0598
1;0.5594;0.2958;-0.307;-0.0514
0;0.5591;0.3231;-0.3182;-0.0471
0;0.5599;0.3744;-0.5278;-0.0359
0;0.5593;0.3451;-0.567;-0.0319
0;0.5592;0.4442;-0.5993;-0.0291
0;0.5656;0.6128;-0.1711;0.0271
0;0.5647;0.5911;-0.2454;0.0638
0;0.5625;0.6176;-0.4021;0.0736
0;0.562;0.6902;-0.4834;0.0761
0;0.5632;0.6996;-0.3869;0.0876
0;0.5584;0.5615;-0.7727;0.0545
2;0.5579;0.5433;-0.8071;0.0241
0;0.5627;0.5897;-0.4071;0.0405
0;0.5618;0.5566;-0.4857;0.0448
0;0.5649;0.6006;-0.2462;0.0743
0;0.5669;0.6354;-0.0833;0.1136
0;0.5647;0.5793;-0.2727;0.125
1;0.5646;0.5894;-0.2803;0.1319
0;0.5651;0.5971;-0.2537;0.1396
0;0.5658;0.5053;-0.1866;0.1509
0;0.5637;0.4797;-0.3731;0.1397
2;0.5619;0.488;-0.7609;0.1147
0;0.5593;0.4508;-0.9434;0.0717
0;0.5601;0.4419;-0.8349;0.0437
0;0.5655;0.6297;-0.2661;0.0668
0;0.5675;0.6647;-0.0885;0.1013
0;0.5694;0.6279;0.0;0.1435
0;0.5687;0.6342;-0.064;0.1694
0;0.5724;0.6414;-0.1215;0.2189
0;0.5745;0.6438;-0.0466;0.2741
0;0.5717;0.6274;-0.2176;0.2903
0;0.5674;0.5442;-0.4715;0.2638
0;0.567;0.5304;-0.4974;0.2366
0;0.5633;0.4633;-0.9388;0.1816
0;0.5571;0.414;-0.9813;0.0834
2;0.5565;0.4266;-0.9274;-0.0
0;0.5566;0.4613;-0.8206;-0.0643
0;0.5514;0.3885;-0.9928;-0.1592
0;0.5552;0.3632;-0.8345;-0.1998
0;0.5573;0.3647;-0.6701;-0.212
0;0.5489;0.2686;-0.9457;-0.2901
0;0.5469;0.261;-0.8969;-0.3655
0;0.5528;0.2958;-0.6154;-0.3709
0;0.5499;0.2464;-0.7095;-0.3963
0;0.5533;0.3139;-0.4767;-0.3826
2;0.5591;0.4178;-0.0824;-0.3192
0;0.5619;0.4517;-0.0995;-0.2422
1;0.5626;0.4931;-0.1224;-0.1724
0;0.5649;0.5846;-0.1103;-0.0964
0;0.5659;0.6015;-0.0646;-0.0267
0;0.5669;0.6081;-0.0228;0.0366
0;0.567;0.6852;-0.0655;0.0868
0;0.5618;0.5757;-0.3425;0.0813
0;0.5623;0.5599;-0.3239;0.0804
0;0.5638;0.7118;-0.3091;0.0922
0;0.5578;0.638;-0.9758;0.0489
0;0.5603;0.6039;-0.7419;0.0357
0;0.5583;0.6203;-0.9127;0.0079
0;0.5547;0.5198;-0.8083;-0.0442
0;0.552;0.3892;-0.9038;-0.1084
0;0.5528;0.3506;-0.8558;-0.1504
0;0.5514;0.3183;-0.9255;-0.1938
0;0.5497;0.2493;-0.8653;-0.2406
0;0.5507;0.2493;-0.8;-0.266
0;0.5512;0.2362;-0.7737;-0.2796
0;0.549;0.218;-0.8152;-0.3057
0;0.5529;0.3541;-0.6046;-0.2903
0;0.5477;0.2924;-0.8107;-0.319
0;0.5484;0.2746;-0.7466;-0.3323
0;0.5451;0.2985;-0.8482;-0.3675
0;0.547;0.2852;-0.6891;-0.3749
0;0.5413;0.2547;-0.9571;-0.4252
2;0.5462;0.3815;-0.6135;-0.4186
0;0.5451;0.3997;-0.6933;-0.4186
0;0.5502;0.4665;-0.3313;-0.3703
0;0.5502;0.4839;-0.3313;-0.3284
0;0.5518;0.5284;-0.1477;-0.2784
1;0.5443;0.4259;-0.7248;-0.3001
0;0.5527;0.5146;-0.1218;-0.2426
0;0.5647;0.6277;-0.0836;-0.0928
0;0.5735;0.6552;-0.0743;0.1005
0;0.5784;0.7321;-0.0211;0.2934
0;0.5809;0.7394;-0.0197;0.4638
1;0.5846;0.7895;-0.0468;0.6244
0;0.587;0.7911;0.0;0.7651
0;0.5817;0.7951;-0.118;0.8225
0;0.5838;0.7864;-0.0716;0.8768
0;0.5827;0.7864;-0.0967;0.9006
0;0.582;0.7593;-0.1518;0.9038
0;0.5856;0.773;-0.1237;0.928
2;0.5865;0.7705;-0.1538;0.9447
0;0.5919;0.8842;-0.0745;0.9939
0;0.5958;0.875;0.0;1.0549
0;0.5961;0.8432;-0.0404;1.0947
0;0.5939;0.7595;-0.1841;1.0951
0;0.5926;0.7002;-0.2537;1.0733
0;0.5939;0.6888;-0.1841;1.0553
0;0.5947;0.6611;-0.1508;1.0373
0;0.5949;0.6347;-0.1397;1.0135
2;0.5933;0.726;-0.2573;0.97
0;0.6011;0.7765;-0.085;0.9923
0;0.5997;0.7701;-0.2071;0.9875
0;0.6046;0.8162;-0.0989;1.0141
0;0.6078;0.8139;-0.0429;1.0518
0;0.6092;0.8166;-0.0726;1.0823
0;0.6013;0.6224;-0.4735;1.0279
0;0.5968;0.5124;-0.7035;0.9354
0;0.5901;0.4333;-0.8704;0.7961
0;0.5917;0.4754;-0.8037;0.6913
0;0.6023;0.5893;-0.3556;0.6914
2;0.6091;0.6279;-0.0667;0.7422
0;0.6085;0.616;-0.0926;0.7691
0;0.6065;0.5946;-0.1778;0.765
1;0.6079;0.6201;-0.1345;0.7656
0;0.5997;0.4885;-0.4727;0.6888
0;0.6056;0.5447;-0.2291;0.6708
2;0.6032;0.4889;-0.3309;0.6286
0;0.5983;0.427;-0.6186;0.5479
0;0.5989;0.4192;-0.8092;0.4829
0;0.5986;0.4759;-0.8266;0.4244
0;0.6014;0.5425;-0.6416;0.3975
0;0.5998;0.5982;-0.7457;0.3588
0;0.6014;0.5982;-0.6416;0.3379
1;0.5989;0.4588;-0.75;0.2962
0;0.5975;0.339;-0.8636;0.2491
0;0.594;0.3138;-0.8415;0.1796
0;0.5932;0.3233;-0.8671;0.1155
0;0.5939;0.3104;-0.797;0.0697
0;0.5936;0.3946;-0.8196;0.0307
0;0.5935;0.2406;-0.8271;-0.0011
0;0.5977;0.3904;-0.4705;0.0091
0;0.5967;0.4613;-0.5539;0.0088
1;0.5969;0.4523;-0.5388;0.01
0;0.5956;0.4321;-0.5577;3.0E-4
0;0.5942;0.3241;-0.6757;-0.0194
0;0.5962;0.412;-0.4775;-0.0181
2;0.5947;0.3372;-0.6306;-0.0297
0;0.5948;0.3874;-0.6216;-0.0378
0;0.5998;0.5511;-0.2774;-9.0E-4
0;0.6001;0.6622;-0.2482;0.0311
0;0.6028;0.7339;-0.179;0.0785
0;0.603;0.727;-0.2059;0.1165
0;0.6025;0.7206;-0.2353;0.1415
0;0.61;0.7981;-0.0776;0.2227
0;0.6054;0.6372;-0.3182;0.2453
0;0.6034;0.6159;-0.4182;0.2439
0;0.6061;0.6461;-0.3054;0.2628
0;0.6065;0.6772;-0.3455;0.2787
0;0.6092;0.7341;-0.1636;0.3107
2;0.6106;0.7296;-0.1961;0.3446
0;0.6101;0.7529;-0.2647;0.3632
0;0.6129;0.7733;-0.1951;0.398
0;0.6101;0.6657;-0.3902;0.3972
0;0.6101;0.6628;-0.3841;0.3931
0;0.6093;0.6116;-0.4451;0.3782
0;0.6112;0.634;-0.3248;0.3789
0;0.6097;0.6128;-0.5191;0.3628
2;0.6101;0.5018;-0.4885;0.3492
0;0.6124;0.6575;-0.3246;0.355
0;0.6158;0.7593;-0.0726;0.3844
1;0.6139;0.6705;-0.2419;0.3876
0;0.6048;0.4735;-0.811;0.3088
0;0.6032;0.4023;-0.8636;0.2292
0;0.6009;0.3473;-0.9415;0.1453
0;0.6009;0.3533;-0.9124;0.0776
2;0.6065;0.4058;-0.5876;0.0708
0;0.6149;0.5618;-0.125;0.1359
0;0.6277;0.6689;-0.0533;0.2946
0;0.6412;0.7469;-0.0445;0.5306
1;0.6353;0.6761;-0.1781;0.6613
0;0.6346;0.6841;-0.1943;0.7513
0;0.6268;0.611;-0.3745;0.7474
0;0.6254;0.5876;-0.4049;0.7252
0;0.629;0.5886;-0.3239;0.73
2;0.6268;0.5865;-0.394;0.708
0;0.6261;0.6609;-0.5161;0.6772
0;0.6322;0.7055;-0.3887;0.6967
0;0.6268;0.6759;-0.8142;0.6597
1;0.6259;0.6671;-0.8242;0.6153
0;0.6278;0.6501;-0.7033;0.5903
0;0.6219;0.551;-0.7091;0.514
0;0.6158;0.4034;-1.0;0.3967
2;0.6177;0.2671;-0.8219;0.3166
0;0.6161;0.2912;-0.8571;0.2359
0;0.6146;0.2863;-0.9228;0.1571
0;0.6124;0.3262;-0.9164;0.0753
0;0.6107;0.3227;-0.8826;-0.005
0;0.6117;0.2799;-0.7814;-0.0592
0;0.6123;0.3059;-0.7621;-0.0967
0;0.616;0.3747;-0.5323;-0.0937
0;0.6153;0.2607;-0.4346;-0.0964
0;0.6204;0.4088;-0.0485;-0.0536
1;0.6162;0.3745;-0.2848;-0.0548
0;0.6138;0.3192;-0.4544;-0.0765
0;0.618;0.4481;-0.1636;-0.0563
0;0.6174;0.5253;-0.206;-0.0452
0;0.622;0.5612;-0.0945;0.0027
0;0.6212;0.5775;-0.1818;0.0343
0;0.6231;0.6266;-0.3221;0.0748
0;0.6241;0.6785;-0.2751;0.1142
0;0.6248;0.7237;-0.2328;0.1501
0;0.6284;0.744;-0.0365;0.207
0;0.6297;0.7499;-0.0909;0.2611
0;0.6342;0.7551;-0.1722;0.3387
0;0.6329;0.7438;-0.2568;0.3857
0;0.6311;0.6612;-0.3566;0.4027
0;0.6305;0.7439;-0.4115;0.4073
0;0.6327;0.8277;-0.3134;0.4255
0;0.6328;0.7986;-0.3284;0.4361
2;0.63;0.7327;-0.544;0.4156
0;0.6311;0.6932;-0.4943;0.4042
0;0.6268;0.602;-0.8654;0.3545
0;0.6245;0.526;-0.9524;0.2927
0;0.6259;0.5321;-0.8054;0.2522
0;0.6252;0.5064;-0.808;0.2116
0;0.6197;0.3544;-0.9683;0.1312
0;0.6253;0.4342;-0.5681;0.1134
0;0.6319;0.4678;-0.2207;0.1542
0;0.631;0.4725;-0.2676;0.1771
0;0.6382;0.587;-0.0706;0.2547
0;0.6369;0.5757;-0.1294;0.3017
1;0.6369;0.5528;-0.1255;0.3362
0;0.6398;0.5819;-0.0449;0.3842
0;0.6439;0.6592;-0.0594;0.4526
0;0.6453;0.6619;-0.0676;0.5139
0;0.6472;0.7452;-0.0637;0.5726
0;0.6455;0.7549;-0.1687;0.5984
0;0.6474;0.758;-0.1013;0.6283
0;0.6502;0.7862;-0.055;0.6694
0;0.6532;0.905;0.0;0.7196
0;0.6484;0.7846;-0.2727;0.7107
0;0.6498;0.7531;-0.2197;0.7082
0;0.652;0.7864;-0.0873;0.7177
0;0.6593;0.7869;-0.0052;0.7797
0;0.6567;0.7593;-0.19;0.7975
0;0.6637;0.7964;-0.0802;0.8628
0;0.6608;0.7332;-0.2784;0.881
0;0.6593;0.6813;-0.3621;0.873
0;0.6616;0.6879;-0.2605;0.8772
0;0.661;0.6638;-0.2899;0.8658
0;0.6659;0.725;-0.0681;0.8894
0;0.6724;0.7504;0.0;0.9538
0;0.6695;0.6922;-0.1416;0.9694
0;0.6732;0.697;-0.0596;1.0032
0;0.6726;0.7595;-0.0976;1.0139
0;0.6761;0.7697;-0.0261;1.041
0;0.6748;0.7388;-0.0909;1.0408
0;0.6762;0.7015;-0.1107;1.041
0;0.6793;0.7679;0.0;1.0565
0;0.6864;0.7684;-0.0158;1.1181
0;0.6837;0.77;-0.1411;1.1313
0;0.6856;0.8079;-0.0641;1.1464
0;0.6856;0.7951;-0.102;1.1453
0;0.6794;0.7002;-0.4942;1.0805
0;0.6811;0.6771;-0.482;1.0316
2;0.6862;0.6663;-0.1801;1.0257
0;0.6843;0.6838;-0.2928;0.9941
0;0.6896;0.6956;-0.0377;1.0037
0;0.6941;0.735;-0.0416;1.0388
0;0.6982;0.7388;-0.0226;1.0905
0;0.6958;0.7205;-0.1562;1.0991
0;0.699;0.7312;-0.0854;1.1216
0;0.703;0.7357;-0.011;1.1611
0;0.7052;0.7072;-0.0265;1.1989
0;0.7063;0.7592;-0.0421;1.2252
0;0.7062;0.7462;-0.0473;1.2321
0;0.7112;0.7746;0.0;1.2664
0;0.712;0.8935;-0.0199;1.2869
0;0.7086;0.8187;-0.2129;1.2604
0;0.709;0.7967;-0.1881;1.23
0;0.7143;0.8584;-0.0792;1.238
0;0.7104;0.7561;-0.3141;1.1975
0;0.7169;0.7679;0.0;1.2087
0;0.7164;0.7327;-0.1494;1.2001
0;0.7269;0.8302;-0.0112;1.2699
0;0.7307;0.8321;-0.028;1.3434
0;0.733;0.8262;-0.0194;1.4069
0;0.7366;0.8311;-0.0087;1.4726
0;0.7435;0.8494;0.0;1.5667
0;0.7379;0.7699;-0.2105;1.5769
0;0.7409;0.7623;-0.1292;1.5941
0;0.7376;0.7162;-0.2316;1.5625
0;0.7292;0.6611;-0.5287;1.4501
0;0.7329;0.6773;-0.4613;1.3775
2;0.7374;0.6734;-0.347;1.3438
0;0.7401;0.7276;-0.2415;1.3258
0;0.7439;0.7155;-0.083;1.3297
0;0.7346;0.628;-0.4964;1.2401
1;0.7502;0.6525;-0.031;1.2883
0;0.7543;0.6542;-0.1286;1.3477
0;0.7479;0.5918;-0.3034;1.3253
0;0.7596;0.6293;-0.0188;1.3935
0;0.7627;0.6129;-0.0271;1.4585
0;0.7683;0.6783;-0.0579;1.5415
0;0.7587;0.5971;-0.335;1.5096
0;0.7662;0.6492;-0.129;1.5318
0;0.7653;0.704;-0.1538;1.5254
0;0.7694;0.7055;-0.0812;1.5393
0;0.7663;0.665;-0.2308;1.5072
0;0.7573;0.5916;-0.5804;1.3896
0;0.7657;0.6106;-0.3017;1.3532
0;0.771;0.6924;-0.1137;1.3552
0;0.7613;0.563;-0.6209;1.2607
0;0.769;0.5797;-0.218;1.2378
0;0.7684;0.619;-0.2512;1.2012
1;0.7656;0.5385;-0.3981;1.1361
0;0.7711;0.5525;-0.109;1.1192
0;0.7719;0.524;-0.1005;1.1009
0;0.7819;0.6539;-0.0344;1.1603
0;0.788;0.6472;-0.0647;1.2459
0;0.7862;0.6402;-0.1291;1.2856
0;0.792;0.6478;-0.0301;1.3521
0;0.7913;0.6691;-0.0532;1.384
0;0.7965;0.7795;-0.0135;1.4388
0;0.7953;0.7357;-0.3042;1.4567
0;0.79;0.651;-0.4417;1.41
0;0.7865;0.7207;-0.5533;1.3283
0;0.7936;0.7183;-0.407;1.3105
0;0.7759;0.551;-0.8779;1.132
2;0.7789;0.5905;-0.7966;1.0054
0;0.7625;0.4497;-1.0;0.7559
0;0.7673;0.4745;-0.7747;0.592
0;0.7618;0.3805;-0.8773;0.4098
0;0.758;0.3173;-0.9479;0.2295
0;0.7651;0.3787;-0.6791;0.1451
0;0.7692;0.3666;-0.5993;0.1116
0;0.7712;0.3848;-0.5585;0.1017
0;0.7672;0.3291;-0.5477;0.0583
0;0.7586;0.3029;-0.7022;-0.0496
1;0.7692;0.3943;-0.3234;-0.0441
0;0.7692;0.409;-0.2614;-0.0393
0;0.7757;0.405;-0.2053;0.0202
0;0.7823;0.5386;-0.0211;0.1231
0;0.7687;0.4454;-0.426;0.0874
0;0.7484;0.4276;-0.8858;-0.1138
0;0.7537;0.4303;-0.7534;-0.2265
0;0.7664;0.5219;-0.4315;-0.2045
0;0.7731;0.5699;-0.2626;-0.1281
2;0.788;0.5988;-0.0635;0.0596
0;0.7855;0.5712;-0.1947;0.1852
1;0.7778;0.5271;-0.3439;0.2169
0;0.7847;0.5714;-0.2088;0.2988
0;0.7842;0.6115;-0.2193;0.3555
0;0.7861;0.5797;-0.1825;0.4125
2;0.796;0.6154;-0.0019;0.5369
0;0.8025;0.6154;-0.0647;0.6845
0;0.8051;0.6018;-0.0441;0.8159
0;0.8084;0.6948;-0.0603;0.9384
0;0.8123;0.8738;-0.0587;1.058
0;0.8152;0.8702;0.0;1.1656
0;0.8189;0.8543;-0.0772;1.2695
0;0.8189;0.8398;-0.2266;1.338
0;0.8164;0.7591;-0.2752;1.3569
0;0.8168;0.7973;-0.3143;1.3605
0;0.8355;0.9531;-0.0093;1.5073
0;0.8359;0.9477;-0.0667;1.6108
0;0.8372;0.9577;-0.1086;1.686
0;0.8366;0.9471;-0.1295;1.7227
0;0.8385;0.9384;-0.0833;1.7495
0;0.8409;0.9327;-0.0315;1.7721
0;0.8443;0.9339;-0.0513;1.8003
0;0.844;0.9208;-0.1956;1.8003
0;0.847;0.919;-0.2105;1.8066
0;0.8494;0.9181;-0.1487;1.8131
0;0.855;0.9218;-0.0107;1.8467
0;0.8497;0.8195;-0.2238;1.8082
0;0.8498;0.8636;-0.2202;1.7595
0;0.8484;0.8375;-0.2744;1.6909
0;0.8455;0.6618;-0.3899;1.5943
0;0.8366;0.5092;-0.7803;1.4259
2;0.8334;0.4541;-0.9064;1.2505
0;0.8425;0.5588;-0.5281;1.1767
0;0.8216;0.3775;-0.9512;0.9284
0;0.8112;0.3075;-0.9132;0.6346
0;0.8096;0.2692;-0.8929;0.3825
0;0.8193;0.3547;-0.7;0.2629
0;0.8128;0.3067;-0.8286;0.1105
0;0.8044;0.2613;-0.9789;-0.0822
0;0.7995;0.2033;-0.9734;-0.2746
0;0.8069;0.2762;-0.7795;-0.3606
0;0.7989;0.2542;-0.9412;-0.4927
0;0.7864;0.2297;-0.9666;-0.6968
0;0.7897;0.2575;-0.8722;-0.8224
0;0.7901;0.2815;-0.8643;-0.9095
0;0.7886;0.2863;-0.8905;-0.9808
0;0.7887;0.2187;-0.8886;-1.0259
0;0.7931;0.3199;-0.6624;-1.0133
1;0.7944;0.3799;-0.5475;-0.9818
0;0.7955;0.3986;-0.5019;-0.9372
0;0.7991;0.3404;-0.3498;-0.8612
0;0.808;0.4632;-0.0183;-0.717
0;0.8144;0.5785;-0.0117;-0.5416
0;0.8124;0.606;-0.1505;-0.4147
0;0.8084;0.5127;-0.2688;-0.3445
0;0.8125;0.628;-0.1513;-0.2498
0;0.8128;0.819;-0.1429;-0.1703
0;0.8206;0.8367;0.0;-0.0399
0;0.822;0.8405;-0.031;0.0756
0;0.8185;0.8045;-0.2803;0.1355
0;0.8131;0.7244;-0.5679;0.1356
0;0.8052;0.6041;-0.969;0.0668
0;0.7948;0.5027;-0.9973;-0.0763
0;0.7947;0.4938;-0.9125;-0.1891
2;0.7916;0.4421;-0.9322;-0.3023
0;0.7912;0.3526;-0.8818;-0.3913
0;0.7983;0.3608;-0.7112;-0.3969
0;0.7967;0.3631;-0.7505;-0.411
0;0.7902;0.3481;-0.9059;-0.4728
0;0.7969;0.3739;-0.6778;-0.4599
0;0.7903;0.3356;-0.8557;-0.5006
0;0.7813;0.2186;-0.9862;-0.6033
0;0.7845;0.2375;-0.7909;-0.6507
0;0.8011;0.3974;0.0;-0.5401
0;0.8164;0.5174;-0.0075;-0.3179
0;0.8196;0.5804;-0.0205;-0.1124
0;0.8208;0.6617;-0.2567;0.0608
1;0.8315;0.7024;-0.0587;0.288
0;0.8394;0.7495;-0.0046;0.5305
0;0.8363;0.7287;-0.0641;0.6897
0;0.8324;0.6785;-0.1298;0.7744
0;0.8429;0.7218;-0.0283;0.9228
0;0.8406;0.7514;-0.0785;1.0098
0;0.8428;0.74;-0.1288;1.0869
0;0.8405;0.7739;-0.2064;1.116
0;0.8432;0.8622;-0.1961;1.1504
0;0.8501;0.8678;-0.0132;1.2233
0;0.8469;0.8022;-0.2463;1.2407
0;0.8452;0.7324;-0.3134;1.2273
0;0.8522;0.7476;-0.0747;1.2626
0;0.8491;0.7089;-0.2644;1.2506
0;0.847;0.6316;-0.3738;1.2109
0;0.8491;0.5918;-0.3;1.1846
0;0.846;0.5908;-0.4944;1.1242
0;0.8584;0.7105;-0.0229;1.17
0;0.8606;0.665;-0.1483;1.2123
0;0.8539;0.6155;-0.4576;1.1762
0;0.8519;0.5787;-0.5508;1.1182
0;0.8572;0.6384;-0.3051;1.1056
0;0.8615;0.6475;-0.1059;1.1204
0;0.8606;0.5948;-0.1441;1.1131
0;0.8658;0.6635;-0.0231;1.139
0;0.8684;0.6972;-0.1016;1.1698
0;0.8689;0.6597;-0.1604;1.1855
0;0.8754;0.7363;-0.0846;1.2406
0;0.8789;0.7782;-0.0835;1.3006
0;0.8736;0.7029;-0.2158;1.2896
0;0.8729;0.7328;-0.312;1.2609
0;0.87;0.6198;-0.4306;1.2
0;0.8665;0.5595;-0.6473;1.1097
0;0.8636;0.606;-0.7647;1.0026
2;0.8605;0.5916;-0.8252;0.881
0;0.8544;0.4713;-0.9069;0.7244
0;0.8679;0.5568;-0.4655;0.708
0;0.8679;0.5649;-0.4655;0.6876
0;0.8652;0.4947;-0.5389;0.6408
0;0.8557;0.3954;-0.8416;0.5168
0;0.8378;0.3012;-0.9797;0.2616
0;0.8395;0.2556;-0.9247;0.0725
0;0.8397;0.2205;-0.9194;-0.0757
0;0.8332;0.2165;-0.9627;-0.247
0;0.8514;0.3789;-0.4283;-0.2249
0;0.8453;0.366;-0.5598;-0.2565
0;0.8463;0.3875;-0.5378;-0.2702
0;0.8458;0.3977;-0.5498;-0.2827
0;0.8461;0.4144;-0.5107;-0.2873
1;0.8505;0.4761;-0.1036;-0.2504
0;0.8487;0.3645;-0.1912;-0.2335
0;0.8483;0.3621;-0.2069;-0.2216
0;0.8417;0.3439;-0.4295;-0.2653
0;0.8366;0.3649;-0.605;-0.3405
0;0.8441;0.5525;-0.5692;-0.3322
0;0.8485;0.5714;-0.3231;-0.2847
0;0.8666;0.6659;-0.0914;-0.0914
0;0.8654;0.7129;-0.1274;0.0517
0;0.8706;0.6535;-0.1487;0.2084
1;0.8707;0.724;-0.1465;0.3304
0;0.8685;0.6916;-0.2014;0.4043
0;0.8705;0.7085;-0.151;0.4754
0;0.8712;0.7108;-0.1327;0.5326
0;0.8698;0.6699;-0.1796;0.5595
0;0.8736;0.7114;-0.0912;0.6075
0;0.8642;0.617;-0.4891;0.5586
0;0.8668;0.6958;-0.3841;0.5367
0;0.8523;0.607;-0.8889;0.3905
0;0.8327;0.4333;-1.0;0.1051
0;0.8266;0.3741;-0.9834;-0.1732
0;0.8281;0.2276;-0.9434;-0.3781
0;0.817;0.1998;-0.9451;-0.6291
0;0.8225;0.2025;-0.8539;-0.7734
0;0.8131;0.1804;-0.9544;-0.9592
0;0.7975;0.1572;-0.98;-1.2272
0;0.7961;0.1384;-0.9374;-1.4378
0;0.8021;0.1808;-0.8457;-1.537
0;0.8156;0.275;-0.592;-1.4842
0;0.8275;0.3202;-0.1542;-1.3261
0;0.837;0.394;-0.002;-1.1072
0;0.8544;0.4566;0.0;-0.7748
1;0.8494;0.489;-0.0826;-0.5476
0;0.8507;0.5777;-0.0623;-0.3519
0;0.8525;0.6167;-0.0333;-0.1784
0;0.8471;0.5827;-0.1188;-0.0858
0;0.8422;0.6157;-0.2074;-0.0534
0;0.849;0.6202;-0.1121;0.0305
0;0.8472;0.6663;-0.1853;0.0806
0;0.8434;0.7525;-0.3838;0.0869
0;0.8434;0.7648;-0.6002;0.091
0;0.8434;0.7477;-0.7288;0.0933
1;0.8457;0.7085;-0.5686;0.1137
0;0.8527;0.6876;-0.2623;0.1883
0;0.8475;0.5839;-0.5448;0.2011
0;0.864;0.5773;-0.0428;0.3489
0;0.8571;0.5602;-0.3105;0.4027
0;0.8598;0.5703;-0.2542;0.4643
0;0.8638;0.5839;-0.1104;0.5418
0;0.865;0.6419;-0.0669;0.6073
0;0.8654;0.6974;-0.0867;0.6555
0;0.8664;0.6643;-0.05;0.6953
0;0.8609;0.6209;-0.3561;0.6721
0;0.8591;0.6441;-0.4125;0.6317
0;0.8695;0.7009;-0.1385;0.6812
0;0.8696;0.7013;-0.1613;0.7138
0;0.8663;0.6564;-0.4053;0.7043
0;0.8712;0.6449;-0.1263;0.7311
0;0.888;0.7681;0.0;0.8866
1;0.8812;0.631;-0.2104;0.9424
0;0.9014;0.7808;-0.0611;1.1476
0;0.8983;0.743;-0.2363;1.2711
0;0.9005;0.7368;-0.198;1.3731
0;0.902;0.7378;-0.1856;1.4514
0;0.9093;0.7593;-0.0651;1.5597
0;0.9066;0.7328;-0.1285;1.6057
0;0.9093;0.7902;-0.0787;1.6478
0;0.9095;0.8079;-0.0875;1.6657
0;0.911;0.7845;-0.1983;1.6748
0;0.9061;0.7348;-0.4049;1.6225
0;0.9077;0.7716;-0.4231;1.5775
0;0.9159;0.7811;-0.1378;1.5952
0;0.8936;0.5332;-0.993;1.4028
0;0.8967;0.595;-0.7538;1.2624
0;0.8992;0.4826;-0.6727;1.1595
0;0.9182;0.6249;-0.0541;1.228
0;0.9141;0.5832;-0.2623;1.2336
0;0.916;0.5856;-0.2049;1.2415
1;0.9257;0.5969;-0.0319;1.3162
0;0.9273;0.6242;-0.1213;1.3752
0;0.9277;0.6135;-0.1128;1.4103
0;0.9253;0.5944;-0.1681;1.4025
0;0.9237;0.576;-0.2043;1.3681
0;0.9381;0.672;-0.0305;1.4483
0;0.9352;0.646;-0.2417;1.4718
0;0.9376;0.6226;-0.1765;1.4951
0;0.9306;0.7529;-0.4381;1.4378
0;0.9193;0.639;-0.8066;1.2816
0;0.9257;0.6554;-0.6387;1.1992
2;0.9211;0.5203;-0.7968;1.083
0;0.9341;0.6259;-0.3452;1.09
0;0.9303;0.5877;-0.4774;1.0518
0;0.9341;0.5558;-0.3452;1.0427
1;0.9305;0.5203;-0.471;0.9938
0;0.9351;0.5454;-0.233;0.984
0;0.9337;0.5522;-0.2375;0.9541
0;0.932;0.5516;-0.3065;0.9063
0;0.931;0.4478;-0.3714;0.8504
0;0.9316;0.4723;-0.3972;0.802
0;0.928;0.4274;-0.5794;0.7247
2;0.9362;0.5418;-0.2288;0.7261
0;0.9411;0.6785;-0.0287;0.7606
0;0.9412;0.6421;-0.0951;0.7813
0;0.9397;0.6786;-0.2629;0.7759
0;0.9349;0.5094;-0.5067;0.723
1;0.9392;0.6008;-0.2868;0.7101
0;0.9457;0.6241;-0.0352;0.7478
0;0.9523;0.7191;-0.0301;0.8257
0;0.955;0.7078;-0.042;0.9012
0;0.9571;0.7403;-0.0104;0.9686
0;0.9621;0.7891;-0.0427;1.0541
0;0.9617;0.7991;-0.0556;1.1072
0;0.9621;0.7983;-0.0432;1.1404
0;0.9703;0.8797;-0.005;1.224
0;0.9631;0.7449;-0.2075;1.2153
0;0.9557;0.6276;-0.45;1.1329
0;0.9557;0.6264;-0.5159;1.0561
0;0.9549;0.6358;-0.7359;0.978
0;0.9501;0.6347;-0.8014;0.8649
2;0.9583;0.6584;-0.4838;0.8363
0;0.9676;0.6736;-0.1227;0.884
0;0.9812;0.7061;-0.0512;1.0278
0;0.9764;0.6477;-0.178;1.0889
0;0.9749;0.6242;-0.2171;1.1129
1;0.9858;0.6526;-0.0245;1.2126
0;0.9848;0.6472;-0.0697;1.2695
0;0.9786;0.5982;-0.2135;1.2487
0;0.9752;0.5306;-0.2987;1.1897
0;0.9868;0.6421;-0.0314;1.2296
0;0.9867;0.7033;-0.0439;1.2471
0;0.9826;0.6674;-0.3807;1.2129
0;0.9924;0.7094;-0.1076;1.2562
0;0.9854;0.6928;-0.4064;1.2176
0;0.9884;0.6742;-0.2789;1.1996
0;0.9862;0.6169;-0.4105;1.1537
0;0.9796;0.489;-0.7162;1.0499
0;0.9823;0.5419;-0.6126;0.9791
2;0.9627;0.4307;-0.8715;0.7469
0;0.9528;0.3105;-0.9436;0.4721
0;0.9356;0.2617;-0.983;0.1043
0;0.9489;0.3654;-0.7623;-0.0735
0;0.9439;0.3605;-0.8314;-0.2547
0;0.9551;0.3579;-0.6286;-0.2998
0;0.9525;0.35;-0.6643;-0.3543
0;0.9526;0.3636;-0.6626;-0.3927
1;0.9518;0.2989;-0.6463;-0.4258
0;0.9518;0.3211;-0.6449;-0.4475
0;0.9504;0.2944;-0.5015;-0.4716
0;0.9535;0.3253;-0.236;-0.4588
0;0.9329;0.2827;-0.9861;-0.6186
0;0.9312;0.2605;-0.7337;-0.753
0;0.9336;0.3375;-0.6707;-0.8303
0;0.9304;0.3649;-0.753;-0.9093
0;0.9387;0.5215;-0.5284;-0.8915
2;0.9315;0.3714;-0.721;-0.9297
0;0.9422;0.488;-0.437;-0.8589
0;0.9429;0.4032;-0.4173;-0.7878
0;0.938;0.3889;-0.5481;-0.7653
1;0.9483;0.4717;-0.0667;-0.6516
0;0.9509;0.4946;-0.0092;-0.533
0;0.943;0.4487;-0.4071;-0.5011
0;0.9573;0.5351;-0.0063;-0.3497
0;0.9597;0.5315;0.0;-0.2061
0;0.962;0.6835;-0.0242;-0.071
0;0.9712;0.7309;-0.0495;0.1137
0;0.9675;0.693;-0.2117;0.227
0;0.9687;0.7229;-0.1821;0.3241
0;0.9707;0.7009;-0.151;0.414
0;0.9686;0.75;-0.2073;0.4628
0;0.9661;0.6808;-0.2764;0.4749
2;0.9734;0.7096;-0.1012;0.5415
0;0.9699;0.7242;-0.2486;0.5587
0;0.9737;0.6961;-0.1627;0.5983
0;0.9744;0.6871;-0.1776;0.6294
0;0.9799;0.8056;0.0;0.6935
1;0.9764;0.6932;-0.2834;0.7071
0;0.9741;0.6453;-0.4171;0.6905
0;0.9852;0.699;-0.1331;0.7648
0;0.9811;0.5933;-0.3004;0.7802
0;0.9814;0.6391;-0.3262;0.7864
0;0.9827;0.6398;-0.2672;0.7942
0;0.9936;0.6943;-0.0231;0.8842
0;0.9965;0.7331;-0.1337;0.9705
0;1.0074;0.803;-0.0147;1.1205
0;1.0134;0.7992;-0.0788;1.2778
0;1.0124;0.8294;-0.1017;1.3794
0;1.0084;0.7689;-0.2063;1.4114
0;1.0195;0.8008;-0.027;1.5156
0;1.005;0.6499;-0.3472;1.4589
0;1.005;0.6779;-0.3736;1.3988
0;0.9998;0.6543;-0.4989;1.292
0;1.0003;0.6034;-0.734;1.1981
0;0.9788;0.487;-0.9274;0.929
2;0.9745;0.4635;-0.8913;0.6714
0;0.9865;0.5184;-0.6594;0.5632
0;0.984;0.4503;-0.7083;0.4505
0;0.9608;0.347;-0.9922;0.1602
0;0.9845;0.4115;-0.5591;0.1305
0;0.9579;0.315;-0.9491;-0.1196
0;0.95;0.301;-1.0;-0.3832
0;0.9302;0.2734;-0.9878;-0.7548
0;0.9104;0.1992;-0.8473;-1.2076
0;0.9216;0.2659;-0.7147;-1.4559
0;0.9082;0.2473;-0.8459;-1.75
0;0.9262;0.32;-0.6697;-1.8102
0;0.9309;0.3338;-0.5871;-1.7986
0;0.9418;0.4066;-0.4703;-1.6779
0;0.9499;0.4389;-0.373;-1.4966
0;0.9631;0.4422;-0.0444;-1.2255
1;0.9678;0.4604;-0.0195;-0.9592
0;0.9766;0.5413;-0.0186;-0.6643
0;0.9834;0.4968;-0.001;-0.3676
0;0.9906;0.6056;0.0;-0.0686
0;1.0045;0.6698;-0.001;0.2856
0;1.0114;0.7751;-0.0406;0.6205
0;1.0084;0.8746;-0.0814;0.8522
0;1.0193;0.8742;-0.0134;1.1182
0;1.0212;0.9748;-0.0601;1.3318
0;1.023;0.9708;-0.0436;1.501
0;1.0154;0.8996;-0.1783;1.5539
0;1.0212;0.8946;-0.0868;1.6285
0;1.022;0.8864;-0.1079;1.6771
0;1.0205;0.8517;-0.1448;1.6849
0;1.0235;0.8486;-0.1533;1.6986
0;1.015;0.7409;-0.4854;1.619
0;1.0163;0.7219;-0.5196;1.5502
0;1.0213;0.7132;-0.2882;1.5217
0;1.0206;0.6374;-0.3188;1.4776
0;1.0152;0.5328;-0.5721;1.381
2;1.0188;0.5895;-0.405;1.3207
1;1.0095;0.4128;-0.8879;1.1806
0;1.0078;0.3806;-0.972;1.0432
0;1.0126;0.4125;-0.7204;0.9649
0;1.0224;0.5578;-0.2568;0.9763
0;1.0204;0.493;-0.3559;0.9573
0;1.0249;0.5235;-0.1396;0.9706
0;1.0174;0.4771;-0.5314;0.9075
1;1.0159;0.4422;-0.5983;0.8353
0;1.0249;0.575;-0.2008;0.8458
0;1.025;0.567;-0.1967;0.8458
0;1.0206;0.4944;-0.3933;0.7992
0;1.0035;0.3939;-0.9683;0.6089
0;1.008;0.4551;-0.6253;0.491
0;0.9864;0.3346;-0.9913;0.2093
0;0.9819;0.3519;-0.9384;-0.0525
2;0.9706;0.3189;-0.9599;-0.3544
0;0.983;0.3656;-0.7539;-0.4835
0;1.0088;0.4462;-0.3245;-0.3604
0;0.9969;0.414;-0.5219;-0.3606
0;1.0082;0.4415;-0.2898;-0.2615
0;0.9849;0.3976;-0.674;-0.3779
1;0.9879;0.4124;-0.5726;-0.4407
0;0.9923;0.3953;-0.4765;-0.4478
2;0.9949;0.4047;-0.4213;-0.4271
0;0.9951;0.4174;-0.4151;-0.4038
0;0.9877;0.4453;-0.6013;-0.4445
0;0.9872;0.4259;-0.8271;-0.4758
0;0.9803;0.4759;-0.9704;-0.554
0;0.9755;0.4745;-0.9144;-0.6506
0;0.997;0.5972;-0.3401;-0.537
0;1.0049;0.5833;-0.0282;-0.3753
0;0.9912;0.426;-0.4382;-0.3601
0;0.9878;0.4587;-0.5393;-0.3732
0;0.9895;0.4076;-0.4888;-0.3652
1;0.9823;0.4845;-0.7022;-0.4159
0;0.968;0.3973;-0.8813;-0.5725
2;0.9827;0.4549;-0.5407;-0.5655
0;0.9567;0.3534;-0.8349;-0.7745
0;0.9625;0.3795;-0.7372;-0.882
0;0.98;0.4738;-0.4391;-0.8082
0;0.9653;0.4315;-0.6891;-0.8666
0;0.9659;0.453;-0.6705;-0.8985
0;0.9643;0.4626;-0.6985;-0.9278
1;0.9585;0.3569;-0.7202;-0.99
0;0.967;0.3601;-0.5138;-0.9562
0;0.9458;0.3413;-0.989;-1.0991
0;0.9524;0.3786;-0.6742;-1.1447
0;0.9678;0.432;-0.3079;-1.0378
0;0.9574;0.4234;-0.5551;-1.0307
0;0.9678;0.4991;-0.1421;-0.9261
0;0.9549;0.4117;-0.5155;-0.9428
1;0.9424;0.4504;-0.8225;-1.0518
0;0.9478;0.4489;-0.6736;-1.0808
2;0.9481;0.3733;-0.6301;-1.0898
0;0.9298;0.363;-0.7616;-1.2409
0;0.9409;0.4111;-0.5434;-1.2521
0;0.9487;0.4467;-0.3919;-1.1819
0;0.9441;0.4505;-0.4806;-1.1526
0;0.9511;0.4447;-0.3438;-1.0579
0;0.9536;0.5311;-0.2808;-0.9511
1;0.9528;0.502;-0.1374;-0.8633
0;0.9578;0.4541;-0.0765;-0.7431
0;0.9626;0.5256;-0.0166;-0.5992
0;0.9778;0.5464;-0.0567;-0.3512
0;0.975;0.6028;-0.1443;-0.1755
0;0.9818;0.7135;-0.0382;0.0221
0;0.9734;0.6345;-0.2267;0.1065
0;0.9668;0.5923;-0.3918;0.1161
0;0.9751;0.7482;-0.207;0.1927
0;0.9522;0.5546;-0.9141;0.0565
0;0.9574;0.5434;-0.7534;-0.0071
2;0.9467;0.5118;-0.9949;-0.1483
0;0.9352;0.4282;-0.9807;-0.3556
0;0.9495;0.4834;-0.6898;-0.3933
0;0.9436;0.464;-0.8092;-0.4689
0;0.9612;0.5121;-0.4309;-0.3741
0;0.9501;0.4574;-0.6653;-0.3899
0;0.965;0.4567;-0.3507;-0.2714
1;0.9672;0.4734;-0.1758;-0.1567
0;0.974;0.4734;-0.1068;-0.0073
0;0.9795;0.5212;-0.0721;0.1573
0;0.9698;0.51;-0.271;0.2029
0;0.9544;0.4326;-0.6391;0.1059
0;0.9525;0.5011;-0.6815;0.0123
0;0.9544;0.4883;-0.7133;-0.0455
0;0.9659;0.5737;-0.4265;0.0071
2;0.9568;0.5848;-0.6517;-0.0281
0;0.943;0.4746;-0.8861;-0.1727
0;0.9477;0.5162;-0.7827;-0.2452
0;0.9431;0.42;-0.7891;-0.3385
0;0.9521;0.509;-0.6031;-0.3325
0;0.9527;0.4359;-0.5247;-0.3194
0;0.9638;0.4838;-0.1387;-0.2112
1;0.9707;0.4847;-0.0195;-0.0648
0;0.9564;0.399;-0.3878;-0.0707
0;0.9561;0.4348;-0.3951;-0.077
0;0.9568;0.5137;-0.3756;-0.0747
0;0.9491;0.4827;-0.5732;-0.1375
0;0.9471;0.4625;-0.6244;-0.2025
2;0.9531;0.4298;-0.637;-0.2006
0;0.954;0.4827;-0.6073;-0.1898
0;0.9552;0.587;-0.5644;-0.1687
0;0.9555;0.5594;-0.5545;-0.1479
0;0.9614;0.6364;-0.3136;-0.0799
1;0.9566;0.5364;-0.4096;-0.0659
0;0.9582;0.5433;-0.3454;-0.0412
0;0.9548;0.4201;-0.4859;-0.0496
0;0.9435;0.2744;-0.8481;-0.1517
0;0.9524;0.4635;-0.5194;-0.1555
2;0.9545;0.4857;-0.4417;-0.139
0;0.9464;0.4182;-0.742;-0.1932
0;0.9432;0.4503;-0.8265;-0.2605
0;0.9479;0.5061;-0.6599;-0.2712
0;0.9651;0.5818;-0.0664;-0.1306
0;0.9609;0.5453;-0.2126;-0.054
0;0.9556;0.5024;-0.3987;-0.0383
0;0.9564;0.5053;-0.3721;-0.019
1;0.9685;0.5408;-0.0125;0.0997
0;0.973;0.5939;-0.0055;0.2301
0;0.9837;0.6324;-0.162;0.4208
0;0.9888;0.6731;-0.0669;0.6102
0;0.9854;0.7321;-0.158;0.7238
0;0.9813;0.669;-0.3127;0.7707
0;0.971;0.5884;-0.5693;0.7124
0;0.9659;0.6079;-0.6964;0.6159
0;0.9689;0.6419;-0.6515;0.5585
2;0.9691;0.6232;-0.7344;0.509
0;0.9594;0.4636;-0.9204;0.3824
0;0.9585;0.4835;-0.9201;0.2706
0;0.9579;0.5161;-0.8097;0.1747
0;0.9589;0.5181;-0.7859;0.1062
0;0.9507;0.3664;-0.9599;-0.0188
0;0.9446;0.2922;-0.9074;-0.1691
0;0.9385;0.1465;-1.0;-0.3369
0;0.9409;0.1082;-0.8949;-0.4452
0;0.9473;0.2033;-0.7231;-0.4714
0;0.9508;0.2598;-0.623;-0.4577
0;0.9423;0.2671;-0.8036;-0.5144
0;0.934;0.2541;-0.8613;-0.6236
0;0.9424;0.3111;-0.6098;-0.6322
0;0.9459;0.3424;-0.5029;-0.6022
0;0.9615;0.5133;-0.0537;-0.4397
0;0.9567;0.4897;-0.1949;-0.3476
0;0.9589;0.5062;-0.1958;-0.2527
1;0.956;0.4829;-0.2768;-0.2004
0;0.9516;0.5058;-0.3943;-0.1937
0;0.9496;0.5322;-0.4491;-0.2035
2;0.9546;0.6034;-0.3133;-0.1667
0;0.9358;0.473;-0.8449;-0.2953
0;0.9337;0.4243;-0.9548;-0.4115
0;0.9434;0.4616;-0.6695;-0.4164
0;0.9431;0.5049;-0.678;-0.4184
0;0.9408;0.5415;-0.6286;-0.435
0;0.9477;0.5333;-0.3871;-0.3849
0;0.9367;0.4477;-0.6762;-0.4349
1;0.9427;0.3802;-0.4957;-0.4184
0;0.9536;0.4813;-0.1719;-0.3091
0;0.9607;0.5097;-0.0547;-0.1595
0;0.956;0.5;-0.1823;-0.0798
0;0.9621;0.5562;-0.1209;0.0358
0;0.9687;0.5978;-0.053;0.1827
0;0.9588;0.5206;-0.2712;0.2127
0;0.9616;0.6493;-0.2578;0.2576
0;0.9613;0.6633;-0.2779;0.2879
0;0.9598;0.6073;-0.3986;0.2956
0;0.96;0.6106;-0.4128;0.3002
2;0.9499;0.5542;-0.7865;0.2153
0;0.9416;0.4641;-0.8953;0.0753
0;0.9487;0.5734;-0.6802;0.0244
0;0.9555;0.5774;-0.4738;0.0418
0;0.9565;0.5205;-0.3579;0.064
0;0.9601;0.4958;-0.2516;0.1109
0;0.9583;0.5174;-0.3137;0.1313
1;0.9562;0.4522;-0.3856;0.128
0;0.9631;0.4547;-0.1558;0.1826
0;0.9492;0.4271;-0.6266;0.1058
0;0.9471;0.3892;-0.6981;0.0262
0;0.9561;0.4646;-0.4261;0.0397
0;0.9486;0.4303;-0.7007;-0.0135
0;0.9457;0.4141;-0.6379;-0.0796
2;0.9435;0.4573;-0.7019;-0.1496
0;0.9467;0.5363;-0.61;-0.1764
0;0.9568;0.5557;-0.3148;-0.1093
0;0.952;0.4757;-0.454;-0.096
0;0.9515;0.464;-0.4044;-0.0894
0;0.9465;0.4056;-0.4908;-0.1255
1;0.9225;0.3103;-0.987;-0.3559
0;0.8961;0.2466;-0.3722;-0.7581
2;0.8759;0.1694;-0.4912;-1.2382
0;0.9182;0.4033;-0.2419;-1.2443
0;0.9289;0.4463;-0.1787;-1.145
0;0.9188;0.3903;-0.2385;-1.1407
0;0.9073;0.3813;-0.3062;-1.2227
0;0.889;0.3503;-0.4138;-1.4292
1;0.9012;0.3938;-0.3421;-1.4734
0;0.8943;0.3711;-0.3515;-1.5508
0;0.8815;0.3169;-0.3484;-1.7044
0;0.9069;0.4002;-0.41;-1.5917
0;0.8903;0.3738;-0.717;-1.627
0;0.8951;0.3939;-0.6312;-1.5966
0;0.8971;0.4423;-0.5874;-1.5385
0;0.9009;0.5122;-0.4022;-1.4444
1;0.9113;0.5943;-0.1656;-1.2665
0;0.9134;0.4836;-0.1198;-1.0957
0;0.9156;0.4521;-0.2402;-0.9306
0;0.9016;0.4399;-0.4982;-0.9096
0;0.8991;0.4694;-0.6696;-0.9046
0;0.9001;0.5476;-0.6455;-0.8821
0;0.8977;0.4838;-0.7002;-0.8755
0;0.8928;0.4926;-0.8413;-0.9028
2;0.8785;0.4859;-0.9558;-1.036
0;0.8821;0.3535;-0.7663;-1.0996
0;0.8982;0.547;-0.5008;-1.0012
0;0.9012;0.5369;-0.4515;-0.8877
0;0.8995;0.5141;-0.3216;-0.8036
0;0.9068;0.5344;-0.1426;-0.6665
1;0.9148;0.5209;-0.0122;-0.4835
0;0.9019;0.439;-0.2846;-0.4439
0;0.9169;0.5063;-0.0797;-0.2802
0;0.9179;0.5868;-0.0616;-0.1401
0;0.9207;0.6148;-0.0974;-0.0044
0;0.9267;0.6339;-0.1019;0.1533
0;0.9215;0.6165;-0.2166;0.2316
0;0.9126;0.5934;-0.4119;0.2155
0;0.9379;0.7539;-0.0363;0.4152
0;0.9484;0.7677;-0.0122;0.6575
0;0.9455;0.7138;-0.0646;0.8168
0;0.9421;0.6843;-0.1478;0.9049
0;0.9425;0.6963;-0.1511;0.968
1;0.9609;0.724;-0.0492;1.1632
0;0.9684;0.7229;-0.0843;1.3685
0;0.9648;0.784;-0.1391;1.4854
0;0.9672;0.7561;-0.1047;1.5822
0;0.97;0.7606;-0.0695;1.6654
0;0.9786;0.7737;-0.0359;1.7863
0;0.9753;0.736;-0.2158;1.8347
0;0.9863;0.7979;-0.0323;1.9467
0;0.9843;0.8515;-0.0721;1.9972
0;0.9841;0.8005;-0.0856;2.0141
0;0.9879;0.7813;-0.0533;2.038
0;0.9839;0.7696;-0.19;2.0016
0;0.9735;0.7004;-0.5518;1.8632
0;0.9794;0.72;-0.3478;1.7843
0;0.9834;0.662;-0.2658;1.7369
0;0.968;0.4975;-0.978;1.5508
2;0.9642;0.4963;-0.9491;1.3558
0;0.9772;0.5565;-0.4618;1.2976
0;0.9799;0.556;-0.36;1.2609
0;0.9912;0.5693;-0.0425;1.3145
0;0.9894;0.5792;-0.1013;1.3281
0;0.9966;0.5604;-0.0844;1.3857
1;0.9995;0.588;-0.0576;1.4404
0;0.9924;0.5443;-0.2406;1.4079
0;0.9916;0.5205;-0.2607;1.3608
0;0.9956;0.5647;-0.1579;1.343
0;0.9846;0.5611;-0.4767;1.2215
0;0.9955;0.5841;-0.1908;1.2053
2;0.9925;0.5481;-0.3907;1.1542
0;0.9802;0.5667;-0.8216;0.9976
0;1.0012;0.67;-0.0186;1.042
0;1.0048;0.639;-0.0535;1.0964
0;0.996;0.5767;-0.3365;1.0534
0;0.9934;0.5116;-0.4214;0.986
0;0.9982;0.5439;-0.2673;0.963
1;0.9889;0.4618;-0.5692;0.8553
0;0.9934;0.4709;-0.4214;0.8002
2;1.0127;0.5877;-0.1279;0.9118
0;1.0236;0.627;-0.0463;1.0825
0;1.0079;0.5449;-0.3928;1.0725
0;0.9915;0.5241;-0.7516;0.9138
1;0.9879;0.4721;-0.8301;0.7485
0;0.9989;0.5223;-0.5902;0.7037
0;1.0065;0.5944;-0.4246;0.7253
2;1.0087;0.5311;-0.3758;0.7535
0;1.0038;0.496;-0.482;0.7266
0;1.0117;0.5649;-0.3147;0.7645
1;1.0093;0.5658;-0.3685;0.7656
0;0.999;0.5031;-0.576;0.6708
0;0.9772;0.4579;-0.7894;0.4042
0;0.9813;0.456;-0.7035;0.2245
0;0.9763;0.353;-0.8078;0.0384
2;0.9649;0.2639;-0.9377;-0.2052
0;0.9546;0.2758;-0.9522;-0.4823
0;0.9489;0.3031;-0.8196;-0.7443
0;0.9554;0.3538;-0.7385;-0.8875
0;0.9435;0.2528;-0.8862;-1.0916
0;0.9617;0.3175;-0.6273;-1.0864
0;0.9433;0.2644;-0.8394;-1.2268
0;0.9482;0.2994;-0.7351;-1.2831
0;0.9312;0.2276;-0.8106;-1.4583
0;0.933;0.2411;-0.7143;-1.5652
0;0.9409;0.2995;-0.5636;-1.566
0;0.9375;0.3431;-0.5915;-1.5788
0;0.984;0.5081;-0.0227;-1.1776
0;0.9935;0.5496;-0.1341;-0.7681
1;0.9946;0.5909;-0.122;-0.4283
0;1.0157;0.6756;-0.0296;0.023
0;1.015;0.6959;-0.04;0.3726
0;1.0057;0.6465;-0.1313;0.5648
0;1.0128;0.7075;-0.0618;0.7705
0;1.0104;0.6613;-0.1007;0.9045
0;0.9778;0.6041;-0.4857;0.7231
2;0.992;0.6253;-0.3647;0.6931
0;0.9917;0.6915;-0.5629;0.6596
0;0.9893;0.6777;-0.6108;0.6064
0;0.989;0.6596;-0.6168;0.5556
0;0.9902;0.6774;-0.5928;0.5196
1;0.9951;0.5518;-0.4478;0.527
0;0.9968;0.5167;-0.4087;0.5421
0;1.0137;0.5833;-0.0898;0.6918
0;1.0203;0.523;-0.0926;0.8582
0;1.0261;0.5525;0.0;1.0292
0;1.0195;0.5673;-0.1284;1.0973
0;1.0281;0.5737;-0.0206;1.2124
0;1.0421;0.6364;-0.0014;1.4084
0;1.0362;0.8277;-0.1646;1.4979
0;1.0306;0.7399;-0.2849;1.5051
0;1.0503;0.7933;-0.0035;1.662
0;1.0485;0.7979;-0.0655;1.753
0;1.0447;0.7705;-0.1712;1.7736
0;1.0432;0.7569;-0.205;1.7586
0;1.0456;0.7509;-0.1509;1.748
0;1.0405;0.7099;-0.268;1.6779
2;1.0466;0.6761;-0.2159;1.6565
0;1.0495;0.663;-0.1393;1.6469
0;1.0551;0.6623;-0.0949;1.6693
0;1.0546;0.7106;-0.2238;1.6651
0;1.0556;0.6813;-0.2063;1.6524
1;1.0521;0.5774;-0.3287;1.5958
0;1.0456;0.5714;-0.5629;1.4786
0;1.053;0.6657;-0.2972;1.4337
0;1.0509;0.5059;-0.4496;1.3649
0;1.0519;0.5337;-0.4254;1.3045
2;1.0628;0.6603;-0.1196;1.3361
0;1.061;0.6558;-0.2105;1.3311
0;1.0602;0.6319;-0.2638;1.3064
0;1.0691;0.7417;-0.0381;1.3488
0;1.0675;0.6918;-0.1812;1.3545
0;1.0599;0.5875;-0.425;1.2798
0;1.0696;0.6142;-0.1156;1.2897
0;1.0637;0.5661;-0.3223;1.2339
0;1.0672;0.5816;-0.319;1.2068
0;1.0718;0.6356;-0.1591;1.2117
0;1.0704;0.6836;-0.2651;1.1902
1;1.0687;0.627;-0.3442;1.1466
0;1.0674;0.6361;-0.4046;1.0892
0;1.0736;0.6647;-0.251;1.0848
0;1.0762;0.6163;-0.1804;1.0923
0;1.076;0.6335;-0.1917;1.0841
0;1.0793;0.6628;-0.0873;1.0945
0;1.0866;0.6535;-0.0528;1.1533
0;1.1038;0.7493;-0.2092;1.333
0;1.1126;0.8568;-0.1097;1.5352
0;1.1125;0.8338;-0.1119;1.6774
0;1.11;0.8808;-0.157;1.7508
0;1.1119;0.8775;-0.125;1.8059
0;1.106;0.7828;-0.2623;1.7802
0;1.1047;0.7841;-0.2996;1.7295
2;1.1018;0.7691;-0.3646;1.6471
0;1.0979;0.7374;-0.4668;1.5314
0;1.1045;0.739;-0.5314;1.4797
0;1.1039;0.721;-0.5597;1.4183
0;1.0993;0.6745;-0.683;1.3158
0;1.1057;0.6891;-0.3884;1.276
0;1.1044;0.6386;-0.4;1.2194
1;1.114;0.5903;-0.1089;1.2434
0;1.1233;0.5938;-0.0946;1.3281
0;1.1203;0.5656;-0.1805;1.3558
0;1.119;0.576;-0.2206;1.3516
0;1.1124;0.5039;-0.4364;1.2782
0;1.121;0.6133;-0.1697;1.28
0;1.115;0.5734;-0.3545;1.2171
2;1.1127;0.5774;-0.4764;1.1347
0;1.1054;0.5513;-0.7679;0.9963
0;1.1113;0.5467;-0.5556;0.926
0;1.1065;0.5172;-0.7283;0.8206
0;1.1117;0.5805;-0.4943;0.7733
0;1.1183;0.5807;-0.2347;0.7831
0;1.1138;0.5586;-0.3802;0.7448
1;1.1154;0.5099;-0.3139;0.7201
0;1.1117;0.4141;-0.4515;0.662
0;1.1126;0.4408;-0.4085;0.6168
0;1.1295;0.5656;-0.0493;0.7178
0;1.1322;0.6291;-0.1736;0.8124
0;1.1421;0.6355;-0.0581;0.9629
0;1.1417;0.6846;-0.1202;1.0678
0;1.1424;0.7104;-0.1034;1.1451
0;1.1543;0.8244;-0.0371;1.2942
0;1.1544;0.8099;-0.0426;1.3989
0;1.1522;0.8409;-0.1526;1.448
0;1.1555;0.8361;-0.0934;1.499
0;1.1484;0.7304;-0.2725;1.4638
0;1.1507;0.7913;-0.3039;1.4399
0;1.1393;0.6631;-0.8043;1.3085
0;1.1497;0.7374;-0.4396;1.28
0;1.1462;0.7029;-0.5714;1.2137
2;1.1489;0.6417;-0.4689;1.1721
0;1.158;0.6724;-0.1319;1.204
0;1.1408;0.4916;-0.7701;1.0697
1;1.1498;0.5445;-0.4343;1.0296
0;1.1664;0.6122;-0.0415;1.1278
0;1.1773;0.6086;-0.0181;1.2853
0;1.1967;0.669;-0.0172;1.5607
0;1.1966;0.6803;-0.0382;1.7603
0;1.2063;0.6961;-0.1166;1.9809
0;1.2099;0.7435;-0.0717;2.1647
0;1.2086;0.7313;-0.0875;2.2756
0;1.212;0.8104;-0.0462;2.3673
0;1.2128;0.7934;-0.0615;2.4211
0;1.2127;0.8197;-0.0768;2.437
0;1.2135;0.8162;-0.0841;2.4304
0;1.2152;0.8021;-0.1223;2.4144
0;1.2135;0.9589;-0.3704;2.3612
0;1.2148;0.9545;-0.3919;2.3059
0;1.2357;0.957;-0.1188;2.4145
0;1.2346;0.9342;-0.2263;2.4653
0;1.2347;0.907;-0.2238;2.48
0;1.2335;0.8864;-0.2759;2.4552
0;1.2321;0.8275;-0.313;2.3979
0;1.2347;0.8226;-0.244;2.3491
2;1.2309;0.7729;-0.3581;2.2539
0;1.2279;0.6959;-0.4435;2.129
0;1.2355;0.7396;-0.2314;2.0725
0;1.2371;0.75;-0.2454;2.0203
0;1.2317;0.6703;-0.6321;1.9116
0;1.2223;0.5581;-0.905;1.7262
0;1.2219;0.571;-0.9027;1.5584
0;1.2257;0.5873;-0.7345;1.4416
0;1.2199;0.3326;-0.8427;1.2848
2;1.2177;0.3252;-0.9251;1.1293
0;1.217;0.3192;-0.9513;0.9889
0;1.2211;0.3798;-0.7978;0.9021
0;1.2156;0.3522;-0.9085;0.7781
0;1.2067;0.2746;-0.9917;0.596
0;1.1871;0.219;-0.9453;0.2804
0;1.1968;0.3162;-0.6784;0.1108
0;1.191;0.2312;-0.8079;-0.0733
0;1.191;0.2153;-0.7977;-0.2176
0;1.1831;0.2091;-0.9588;-0.3956
0;1.1862;0.266;-0.8878;-0.5054
0;1.179;0.2443;-0.9808;-0.6482
0;1.1776;0.2055;-0.948;-0.7655
0;1.1822;0.2664;-0.8278;-0.8102
0;1.191;0.3466;-0.4999;-0.7627
0;1.1865;0.3322;-0.5128;-0.7551
0;1.1852;0.2967;-0.5684;-0.752
0;1.1826;0.3066;-0.6795;-0.7636
1;1.185;0.3625;-0.5769;-0.7443
0;1.1893;0.517;-0.3932;-0.685
0;1.1879;0.4194;-0.453;-0.6428
0;1.1865;0.456;-0.5128;-0.6146
0;1.1742;0.3669;-0.9799;-0.6903
0;1.1834;0.5023;-0.459;-0.6643
0;1.168;0.3816;-0.9301;-0.7674
0;1.1705;0.4414;-0.8147;-0.8194
0;1.1782;0.5038;-0.5057;-0.7867
0;1.1744;0.4493;-0.6491;-0.7847
0;1.1685;0.3493;-0.8717;-0.8245
0;1.1714;0.3965;-0.7605;-0.8227
1;1.1809;0.4737;-0.364;-0.7316
0;1.1864;0.5225;-0.1508;-0.6057
0;1.1799;0.4713;-0.4087;-0.5549
0;1.1697;0.396;-0.8175;-0.5958
0;1.184;0.4819;-0.246;-0.5003
0;1.1857;0.4963;-0.1786;-0.4055
0;1.1647;0.4589;-0.9179;-0.5051
2;1.1732;0.4556;-0.6107;-0.5058
0;1.1799;0.5559;-0.3679;-0.4437
0;1.18;0.5457;-0.3643;-0.3891
0;1.1836;0.5273;-0.2357;-0.3117
0;1.1794;0.5247;-0.332;-0.2837
1;1.1842;0.5787;-0.1304;-0.2172
0;1.1898;0.5897;-0.1266;-0.1154
0;1.1683;0.4448;-0.8101;-0.216
0;1.1716;0.434;-0.7057;-0.2652
0;1.1745;0.4748;-0.6178;-0.2767
0;1.1675;0.4896;-0.8408;-0.3418
0;1.1768;0.4638;-0.5446;-0.3111
2;1.1462;0.3469;-0.9504;-0.5432
0;1.138;0.3855;-0.9774;-0.7894
0;1.1408;0.3534;-0.9286;-0.9514
0;1.1266;0.2738;-0.9376;-1.1895
0;1.1283;0.2835;-0.9066;-1.3501
0;1.1318;0.2829;-0.8438;-1.4328
0;1.1377;0.3281;-0.7472;-1.4322
0;1.1491;0.3621;-0.5336;-1.3204
0;1.1454;0.3233;-0.5791;-1.2495
1;1.1519;0.426;-0.4536;-1.1247
0;1.1455;0.3854;-0.3399;-1.0693
0;1.1407;0.3542;-0.4747;-1.0548
0;1.1424;0.3863;-0.427;-1.0178
0;1.1432;0.3356;-0.4162;-0.9712
0;1.1586;0.5714;-0.0165;-0.7934
0;1.1625;0.6478;-0.131;-0.6121
0;1.1948;0.7407;-0.2738;-0.188
0;1.1872;0.7867;-0.37;0.0833
0;1.1766;0.7106;-0.5037;0.2058
0;1.158;0.6011;-0.7497;0.1426
0;1.1552;0.5691;-0.7974;0.0677
0;1.1556;0.5284;-0.7923;0.0113
2;1.1577;0.554;-0.7949;-0.0156
0;1.1536;0.5074;-0.9197;-0.0713
0;1.15;0.5208;-0.9708;-0.1451
0;1.1274;0.4474;-0.9499;-0.3935
0;1.1307;0.4543;-0.8266;-0.557
0;1.1413;0.4931;-0.6385;-0.5899
0;1.1313;0.397;-0.7626;-0.6944
0;1.1248;0.3607;-0.7918;-0.8246
0;1.113;0.1429;-1.0;-1.0186
0;1.1138;0.1595;-0.9228;-1.1538
0;1.1196;0.2233;-0.8049;-1.1988
0;1.1194;0.2718;-0.7991;-1.2233
0;1.1206;0.2914;-0.735;-1.2194
0;1.111;0.258;-0.6375;-1.2849
0;1.1099;0.2379;-0.6599;-1.3321
0;1.1226;0.3447;-0.3875;-1.2475
0;1.1536;0.5142;-0.0066;-0.9044
0;1.1589;0.6433;-0.012;-0.5795
0;1.1499;0.583;-0.2895;-0.3939
0;1.1589;0.5772;-0.1767;-0.167
1;1.1588;0.6321;-0.1779;0.0126
0;1.1602;0.6788;-0.1604;0.1659
0;1.1566;0.7401;-0.2055;0.2543
0;1.1531;0.7102;-0.27;0.2916
0;1.1544;0.6955;-0.3049;0.3289
0;1.1596;0.7138;-0.2839;0.3989
0;1.1591;0.7063;-0.4064;0.4456
2;1.151;0.7179;-0.6433;0.4089
0;1.1549;0.7378;-0.4209;0.4087
0;1.1521;0.6741;-0.5216;0.3805
