0;0.6766;0.4332;-0.411;-0.2478
0;0.6655;0.3687;-0.7161;-0.3633
0;0.6599;0.3589;-0.832;-0.5107
0;0.6604;0.3681;-0.8178;-0.6248
0;0.6643;0.4206;-0.7166;-0.677
0;0.6918;0.5097;-0.1359;-0.4314
0;0.7033;0.5693;-0.1558;-0.1053
0;0.6955;0.5591;-0.2866;0.0795
1;0.7007;0.581;-0.199;0.2883
0;0.7027;0.5663;-0.1649;0.4814
0;0.7006;0.5862;-0.2017;0.6135
0;0.6941;0.5389;-0.3108;0.6455
2;0.6978;0.6783;-0.2614;0.7126
0;0.6916;0.5884;-0.4029;0.6668
0;0.6923;0.5833;-0.7239;0.6296
0;0.6974;0.6807;-0.5426;0.6364
0;0.7111;0.766;-0.0257;0.7514
0;0.7051;0.7198;-0.2865;0.7834
0;0.7058;0.7108;-0.2622;0.8063
1;0.7053;0.5944;-0.2811;0.8111
0;0.7023;0.4926;-0.3838;0.7813
0;0.7;0.5388;-0.4649;0.7297
2;0.6895;0.4113;-0.8297;0.5925
0;0.6761;0.3212;-0.7101;0.3643
0;0.6766;0.3351;-0.7012;0.1846
0;0.6812;0.4085;-0.6139;0.0799
0;0.6748;0.3432;-0.7352;-0.0574
0;0.6747;0.3744;-0.7367;-0.1656
0;0.6809;0.4217;-0.6183;-0.1964
0;0.6878;0.4361;-0.4813;-0.1601
0;0.6892;0.3246;-0.3494;-0.1179
0;0.694;0.4094;-0.2222;-0.0426
0;0.7071;0.509;-0.1011;0.1284
1;0.6936;0.4324;-0.406;0.1466
0;0.6977;0.4735;-0.3171;0.1942
0;0.7059;0.5315;-0.1515;0.2995
0;0.6978;0.5455;-0.3412;0.3107
0;0.7003;0.6506;-0.3216;0.3374
2;0.6991;0.6386;-0.4222;0.3443
0;0.704;0.6403;-0.3204;0.3882
0;0.7023;0.6784;-0.3892;0.4035
0;0.7054;0.6919;-0.2665;0.4383
0;0.7043;0.6556;-0.1727;0.4511
0;0.7019;0.5996;-0.2842;0.4361
0;0.6936;0.5281;-0.8087;0.3492
0;0.696;0.5129;-0.6739;0.2974
0;0.6894;0.3703;-0.9023;0.1975
2;0.6888;0.4567;-0.7678;0.1115
0;0.6971;0.4948;-0.4365;0.1129
0;0.6999;0.4451;-0.322;0.1372
0;0.7017;0.5403;-0.2508;0.1701
0;0.6981;0.4772;-0.3322;0.1632
0;0.7044;0.5486;-0.0548;0.2093
1;0.6976;0.4426;-0.3505;0.1862
0;0.7044;0.5178;-0.0481;0.224
0;0.7058;0.5033;-0.0232;0.2632
0;0.7002;0.4684;-0.3031;0.2439
0;0.7013;0.4957;-0.379;0.2353
0;0.7279;0.7128;-0.0608;0.4518
0;0.721;0.647;-0.329;0.5589
0;0.7233;0.7098;-0.2729;0.6572
0;0.7261;0.7246;-0.2075;0.7507
0;0.7263;0.6949;-0.232;0.8183
0;0.7342;0.7141;-0.0486;0.93
0;0.7309;0.6787;-0.2336;0.9799
0;0.729;0.6939;-0.2761;0.993
0;0.7211;0.6029;-0.4665;0.9256
0;0.7229;0.6653;-0.4485;0.8779
0;0.7275;0.6555;-0.5682;0.8704
2;0.7277;0.6497;-0.5617;0.8567
0;0.7258;0.6846;-0.6396;0.8209
0;0.7332;0.7108;-0.3312;0.8466
1;0.7305;0.5247;-0.4448;0.8348
0;0.7322;0.6201;-0.3731;0.8311
0;0.7222;0.4897;-0.7416;0.7349
0;0.7269;0.5075;-0.5007;0.6909
0;0.7281;0.5162;-0.4365;0.6595
2;0.7342;0.5001;-0.3616;0.6793
0;0.742;0.5932;-0.039;0.7538
0;0.7533;0.6755;-0.0812;0.9002
1;0.752;0.7475;-0.1699;0.9954
0;0.7541;0.7488;-0.1567;1.0777
0;0.7509;0.6899;-0.2351;1.1034
0;0.7438;0.6177;-0.4049;1.0518
0;0.7582;0.7;-0.2198;1.1222
0;0.7646;0.6966;-0.1069;1.2206
0;0.7666;0.7279;-0.1294;1.3016
0;0.7825;0.7694;-0.0147;1.4871
0;0.7829;0.8617;-0.0646;1.6201
0;0.7769;0.7941;-0.266;1.6575
0;0.7781;0.794;-0.2414;1.6792
0;0.7744;0.7429;-0.3202;1.6469
0;0.765;0.6362;-0.5189;1.5239
0;0.7537;0.5023;-0.8088;1.3152
2;0.7642;0.5649;-0.5884;1.2259
0;0.7592;0.5262;-0.704;1.1003
0;0.7509;0.5;-0.8971;0.919
0;0.7664;0.6027;-0.5379;0.8979
0;0.7703;0.5607;-0.4477;0.9047
0;0.7639;0.4961;-0.5599;0.8464
0;0.758;0.4585;-0.6357;0.7419
0;0.7543;0.3447;-0.7531;0.62
0;0.7478;0.3195;-0.9584;0.4618
0;0.7565;0.3977;-0.5797;0.4064
2;0.7465;0.3548;-0.8447;0.2738
0;0.7438;0.3581;-0.8519;0.1433
0;0.7392;0.3749;-0.9654;1.0E-4
0;0.7366;0.4096;-0.8333;-0.1346
0;0.7406;0.3656;-0.7539;-0.2056
0;0.7484;0.4402;-0.484;-0.1932
0;0.7531;0.513;-0.3155;-0.1412
0;0.76;0.4592;-0.0915;-0.0405
0;0.7655;0.4703;-0.0245;0.0861
1;0.7696;0.5366;-0.0603;0.2193
0;0.7775;0.6221;-0.1835;0.3892
0;0.7802;0.6647;-0.1382;0.5421
0;0.7792;0.7149;-0.155;0.6483
0;0.7843;0.7002;-0.0765;0.7686
0;0.7929;0.8402;-0.0766;0.9279
0;0.7944;0.8779;-0.0584;1.0561
0;0.7942;0.9402;-0.1147;1.1445
0;0.7924;0.9521;-0.1685;1.1869
0;0.7976;0.953;-0.0708;1.2513
0;0.8083;0.9551;-0.1152;1.3799
0;0.8097;0.9527;-0.1022;1.4784
0;0.8078;0.9161;-0.3061;1.5246
0;0.8345;0.9387;-0.0743;1.7713
0;0.8071;0.6837;-0.5712;1.7137
0;0.8071;0.6573;-0.5937;1.6508
0;0.8214;0.6946;-0.33;1.7046
0;0.805;0.6063;-0.634;1.5895
0;0.8135;0.6171;-0.5323;1.5547
2;0.8244;0.6242;-0.3393;1.6032
0;0.8113;0.5609;-0.6411;1.5128
0;0.812;0.564;-0.608;1.4321
0;0.8033;0.5373;-0.8031;1.2794
0;0.8022;0.5161;-0.6491;1.1355
0;0.7676;0.3775;-0.9657;0.7172
2;0.7687;0.3763;-0.6354;0.3893
0;0.7813;0.4248;-0.5032;0.2335
0;0.7624;0.2861;-0.6972;-0.052
0;0.7459;0.3059;-0.8741;-0.417
0;0.7242;0.2686;-0.8328;-0.8837
0;0.7491;0.3097;-0.5942;-1.0305
0;0.7591;0.3751;-0.4947;-1.0504
0;0.7571;0.3405;-0.5131;-1.0722
0;0.7652;0.33;-0.349;-1.009
0;0.7555;0.3366;-0.385;-1.0314
1;0.769;0.3826;-0.2253;-0.9234
0;0.7695;0.4036;-0.2049;-0.8239
0;0.7469;0.3597;-0.372;-0.9283
0;0.7567;0.4682;-0.2311;-0.9179
0;0.7563;0.4637;-0.4872;-0.9033
0;0.7551;0.4182;-0.5357;-0.8921
0;0.7491;0.4546;-0.7481;-0.9255
2;0.7484;0.5098;-0.6308;-0.9473
1;0.7512;0.6203;-0.5578;-0.9306
0;0.7406;0.4566;-0.8337;-0.9977
0;0.7444;0.4201;-0.7343;-1.0075
0;0.7609;0.518;-0.25;-0.8647
0;0.7678;0.5123;-0.087;-0.6846
0;0.7727;0.5861;-0.0785;-0.4938
0;0.7758;0.5383;-0.0414;-0.3117
1;0.7703;0.5041;-0.1909;-0.212
0;0.769;0.6497;-0.2207;-0.1424
0;0.7811;0.6605;-0.1036;0.0166
0;0.7907;0.7018;-0.0137;0.2232
0;0.8011;0.7436;-0.0697;0.4725
0;0.8047;0.8029;-0.0862;0.6943
0;0.8194;0.8349;-0.0105;0.9863
0;0.8157;0.8013;-0.1604;1.1741
0;0.8236;0.8981;-0.0711;1.3765
0;0.8199;0.8626;-0.1195;1.4902
0;0.8328;0.8578;-0.0331;1.674
0;0.8272;0.7994;-0.1506;1.7533
0;0.8178;0.7171;-0.337;1.7169
0;0.8161;0.6964;-0.4492;1.6555
0;0.7985;0.6232;-0.8086;1.4404
0;0.7893;0.583;-0.9354;1.1775
2;0.7922;0.5493;-0.761;0.983
0;0.7706;0.4198;-0.8378;0.6358
0;0.7517;0.315;-0.8934;0.1951
0;0.7551;0.3138;-0.8581;-0.1257
0;0.7405;0.204;-0.9701;-0.5003
0;0.7492;0.2595;-0.7709;-0.7166
0;0.7465;0.2102;-0.7979;-0.9025
0;0.757;0.2753;-0.6864;-0.95
0;0.7333;0.1695;-0.915;-1.1788
0;0.7413;0.2194;-0.7622;-1.2782
0;0.7415;0.2347;-0.7602;-1.3417
0;0.7361;0.2288;-0.7622;-1.4232
0;0.7497;0.3299;-0.4261;-1.357
2;0.7498;0.3533;-0.4232;-1.2891
1;0.7574;0.3747;-0.2841;-1.1576
0;0.7601;0.4561;-0.2353;-1.0193
0;0.7699;0.582;-0.0545;-0.8159
0;0.7544;0.4971;-0.34;-0.779
0;0.7634;0.5972;-0.1736;-0.6647
0;0.7651;0.5716;-0.1435;-0.5537
0;0.763;0.5749;-0.1822;-0.4783
0;0.7594;0.5113;-0.2484;-0.4444
2;0.7546;0.6265;-0.5694;-0.4536
0;0.7383;0.4839;-0.9673;-0.5937
0;0.7278;0.4333;-0.9717;-0.7876
0;0.7343;0.4916;-0.8232;-0.8761
0;0.7272;0.3848;-0.9501;-0.997
0;0.7159;0.3437;-0.9496;-1.1782
0;0.7053;0.2666;-0.9391;-1.3983
0;0.6918;0.2214;-0.9849;-1.6712
0;0.6886;0.1491;-0.9151;-1.8957
0;0.6851;0.1664;-0.9371;-2.0825
0;0.7017;0.2234;-0.69;-2.0658
0;0.7048;0.2332;-0.5849;-2.0048
0;0.7189;0.3237;-0.336;-1.8157
0;0.7336;0.4055;-0.0853;-1.5224
0;0.7305;0.4105;-0.141;-1.3018
1;0.7253;0.447;-0.2624;-1.1588
0;0.7194;0.4647;-0.358;-1.0837
0;0.7053;0.3849;-0.5873;-1.1328
0;0.7108;0.4343;-0.4968;-1.1123
2;0.7193;0.5142;-0.4319;-1.0124
0;0.7301;0.6018;-0.3032;-0.8312
0;0.726;0.6521;-0.4126;-0.7142
0;0.6952;0.5235;-0.9105;-0.8766
0;0.6812;0.4873;-0.8486;-1.1136
0;0.694;0.4736;-0.6685;-1.1801
0;0.693;0.4591;-0.6452;-1.2286
2;0.685;0.3776;-0.7713;-1.3216
0;0.6832;0.2993;-0.7998;-1.3962
0;0.6789;0.2965;-0.8677;-1.4767
0;0.6833;0.3337;-0.7973;-1.4865
0;0.6981;0.421;-0.5429;-1.3534
0;0.7055;0.5009;-0.4;-1.171
0;0.7054;0.4777;-0.0787;-1.0163
0;0.6966;0.4078;-0.3589;-0.958
1;0.6916;0.336;-0.5096;-0.9439
0;0.6854;0.3301;-0.6986;-0.9753
0;0.6789;0.4143;-0.8584;-1.0456
2;0.6817;0.5028;-0.7763;-1.0659
0;0.6726;0.3668;-0.9723;-1.1478
0;0.6495;0.2877;-0.9147;-1.3964
0;0.6263;0.2505;-0.9758;-1.7743
0;0.6293;0.2736;-0.7979;-2.0272
0;0.6455;0.3723;-0.6264;-2.0679
0;0.6311;0.3142;-0.7602;-2.2005
0;0.6401;0.2851;-0.6313;-2.2051
0;0.6102;0.1972;-0.8429;-2.4387
0;0.626;0.2705;-0.6675;-2.4632
0;0.6232;0.2803;-0.6846;-2.4796
0;0.6144;0.274;-0.767;-2.5408
0;0.6082;0.2739;-0.6433;-2.6152
0;0.6001;0.2715;-0.7299;-2.7146
0;0.6083;0.2937;-0.6141;-2.6943
0;0.6037;0.3012;-0.6523;-2.6889
0;0.6082;0.3664;-0.5842;-2.6183
0;0.6345;0.5261;-0.1828;-2.3113
0;0.6495;0.5594;-0.186;-1.9179
1;0.6519;0.5206;-0.1572;-1.567
0;0.6486;0.5606;-0.1963;-1.3019
0;0.6497;0.5352;-0.1833;-1.0699
0;0.6402;0.6288;-0.2958;-0.9562
0;0.6294;0.5152;-0.5443;-0.9488
0;0.6281;0.5221;-0.5635;-0.9436
2;0.6248;0.5494;-0.6138;-0.9576
0;0.639;0.6367;-0.5062;-0.8381
0;0.6581;0.7345;-0.1667;-0.5726
0;0.6732;0.7485;-0.0217;-0.2291
0;0.6712;0.7636;-0.1143;0.0266
0;0.6709;0.7531;-0.1197;0.2251
1;0.6724;0.6912;-0.1848;0.3918
0;0.6616;0.5638;-0.3525;0.4274
0;0.6459;0.4722;-0.5961;0.3178
2;0.654;0.5239;-0.4758;0.297
0;0.6668;0.5685;-0.2765;0.3858
0;0.6661;0.6116;-0.4246;0.4456
0;0.6612;0.6449;-0.5712;0.4465
0;0.6679;0.6726;-0.4055;0.4993
1;0.652;0.6067;-0.7973;0.4013
0;0.6353;0.4861;-0.8139;0.1781
0;0.6271;0.3701;-0.8131;-0.0699
0;0.6357;0.3336;-0.654;-0.1916
0;0.6262;0.313;-0.8292;-0.3657
2;0.6033;0.2635;-0.9739;-0.6935
0;0.5858;0.2276;-1.0;-1.0927
0;0.5781;0.2321;-0.9211;-1.4612
0;0.5706;0.2449;-0.9751;-1.7995
0;0.5842;0.2721;-0.7994;-1.9313
0;0.6004;0.2879;-0.5231;-1.8775
0;0.5945;0.2788;-0.5992;-1.8647
0;0.6027;0.3228;-0.4923;-1.7654
0;0.5785;0.2551;-0.7963;-1.8742
1;0.5891;0.3225;-0.5668;-1.8499
0;0.6008;0.3999;-0.1607;-1.7115
0;0.5978;0.4123;-0.2304;-1.6103
0;0.6009;0.3926;-0.1589;-1.4868
2;0.5845;0.3765;-0.5304;-1.5128
0;0.5786;0.4187;-0.8322;-1.5673
0;0.5857;0.4997;-0.6145;-1.5335
0;0.5976;0.5672;-0.2617;-1.3897
0;0.6053;0.619;-0.0761;-1.1967
0;0.5997;0.5561;-0.24;-1.0795
0;0.5958;0.4818;-0.3792;-1.0085
1;0.5905;0.4839;-0.5411;-0.9866
0;0.5908;0.4491;-0.5314;-0.9562
0;0.619;0.668;-0.1906;-0.6828
0;0.6177;0.6283;-0.2155;-0.4716
0;0.6053;0.52;-0.4677;-0.4051
0;0.6082;0.5465;-0.4573;-0.3244
0;0.5962;0.4804;-0.7167;-0.3589
0;0.6038;0.5862;-0.5512;-0.3175
2;0.6057;0.6255;-0.5102;-0.2655
0;0.6195;0.6474;-0.2116;-0.1046
0;0.6229;0.6192;-0.1382;0.0519
0;0.6187;0.5656;-0.3257;0.1392
0;0.6465;0.6877;-0.1637;0.4425
0;0.6537;0.7259;-0.0476;0.7376
0;0.6682;0.7827;-0.0425;1.0853
0;0.6693;0.7839;-0.0657;1.357
0;0.6736;0.7388;-0.0851;1.5934
0;0.6683;0.7142;-0.1582;1.718
0;0.6727;0.8056;-0.1162;1.8347
0;0.6749;0.8045;-0.0926;1.9258
0;0.6767;0.9049;-0.0663;1.9926
0;0.6785;0.899;-0.0505;2.0394
0;0.669;0.8127;-0.321;1.9741
0;0.6707;0.7872;-0.4313;1.9158
0;0.6651;0.7315;-0.8681;1.8025
0;0.671;0.7813;-0.461;1.7438
0;0.6732;0.6982;-0.3617;1.6979
2;0.678;0.6873;-0.2891;1.6847
0;0.6769;0.5847;-0.3304;1.647
0;0.6739;0.5432;-0.4425;1.5743
1;0.6889;0.6194;-0.2435;1.6279
0;0.6737;0.536;-0.6287;1.5233
0;0.6424;0.3504;-0.9454;1.1594
0;0.6442;0.3474;-0.8889;0.8752
0;0.6447;0.3391;-0.8798;0.6467
0;0.6557;0.395;-0.7003;0.5532
2;0.6499;0.4087;-0.7959;0.424
0;0.6497;0.3986;-0.7984;0.3164
1;0.6549;0.4505;-0.7132;0.2725
0;0.6421;0.3688;-0.913;0.1263
0;0.6181;0.2911;-0.9159;-0.1937
0;0.6173;0.2625;-0.9133;-0.4505
0;0.6117;0.2536;-0.9215;-0.6957
0;0.5789;0.2069;-0.9845;-1.1602
0;0.5851;0.1615;-0.9078;-1.4608
0;0.5829;0.1765;-0.9133;-1.7009
0;0.5801;0.2214;-0.9463;-1.8962
0;0.5865;0.2525;-0.8664;-1.9755
0;0.5944;0.2969;-0.7604;-1.9499
1;0.5936;0.2269;-0.75;-1.9157
0;0.5885;0.2285;-0.7327;-1.9114
0;0.5907;0.2431;-0.6526;-1.8697
0;0.6089;0.3199;-0.0584;-1.6625
0;0.6;0.3301;-0.3909;-1.5568
0;0.5981;0.4017;-0.4385;-1.4732
0;0.5918;0.381;-0.6181;-1.4454
0;0.551;0.2871;-0.9657;-1.754
0;0.5397;0.3381;-0.9836;-2.0746
2;0.5295;0.2774;-0.9527;-2.3918
0;0.52;0.2621;-0.9861;-2.6969
0;0.5179;0.2635;-0.9328;-2.9268
0;0.5056;0.2056;-1.0;-3.1809
0;0.5101;0.1855;-0.9348;-3.3091
0;0.5087;0.1846;-0.942;-3.3871
0;0.5216;0.265;-0.8028;-3.3031
0;0.519;0.2492;-0.7784;-3.224
0;0.5221;0.1609;-0.6423;-3.1007
1;0.5007;0.1465;-0.9172;-3.1526
0;0.5;0.1477;-0.8783;-3.1661
0;0.5055;0.1881;-0.643;-3.0968
0;0.5189;0.3554;-0.3167;-2.8952
0;0.5295;0.4538;-0.0595;-2.6156
0;0.5392;0.5439;-0.0316;-2.2857
0;0.54;0.5986;-0.0972;-1.9948
1;0.548;0.6408;-0.0321;-1.676
0;0.5279;0.5971;-0.3717;-1.5777
0;0.4948;0.4465;-0.9318;-1.7648
0;0.5051;0.4881;-0.758;-1.8063
0;0.4933;0.4064;-0.9572;-1.9198
0;0.5002;0.4395;-0.8443;-1.9305
2;0.505;0.4454;-0.7624;-1.8774
0;0.4835;0.4454;-0.9882;-1.9977
0;0.4907;0.4715;-0.858;-2.0108
0;0.4855;0.439;-0.9324;-2.0435
0;0.5159;0.4917;-0.3881;-1.7896
0;0.5207;0.4747;-0.1103;-1.5301
0;0.515;0.4292;-0.2577;-1.3574
1;0.5403;0.5008;-0.1066;-0.9927
0;0.5304;0.4552;-0.255;-0.7787
0;0.5249;0.4917;-0.3376;-0.6484
0;0.5116;0.5519;-0.5375;-0.6518
0;0.5157;0.534;-0.4765;-0.6131
0;0.5131;0.5676;-0.5378;-0.5977
2;0.5067;0.5223;-0.7029;-0.6339
0;0.5012;0.487;-0.9462;-0.7024
0;0.5032;0.5772;-0.8471;-0.7313
0;0.5059;0.5621;-0.7951;-0.7234
0;0.5219;0.6357;-0.413;-0.5743
0;0.5101;0.4748;-0.6076;-0.5508
0;0.5052;0.4331;-0.6891;-0.5676
1;0.5137;0.4943;-0.34;-0.5032
0;0.5282;0.4437;-0.1342;-0.3242
0;0.5219;0.4594;-0.2977;-0.2324
0;0.5244;0.4976;-0.4153;-0.1366
0;0.526;0.5809;-0.3834;-0.0463
0;0.5018;0.4366;-0.846;-0.18
0;0.5007;0.4424;-0.848;-0.2929
2;0.5088;0.5098;-0.6899;-0.3098
0;0.5097;0.5406;-0.6732;-0.3125
0;0.4913;0.4507;-0.9811;-0.4673
0;0.4981;0.4689;-0.8038;-0.5262
0;0.504;0.4223;-0.7044;-0.5177
0;0.4956;0.4352;-0.8327;-0.5765
0;0.4914;0.4377;-0.7746;-0.6524
0;0.4538;0.2866;-0.9357;-1.0244
0;0.4626;0.2567;-0.6452;-1.2315
0;0.4758;0.3369;-0.4955;-1.2701
0;0.4682;0.3084;-0.5817;-1.3512
0;0.4563;0.2779;-0.6764;-1.5021
0;0.4567;0.3305;-0.6573;-1.6017
1;0.4571;0.3357;-0.6508;-1.6591
0;0.4643;0.3309;-0.5318;-1.6259
0;0.4416;0.2782;-0.8557;-1.7751
0;0.4566;0.3843;-0.5368;-1.7468
0;0.4508;0.341;-0.6441;-1.7552
0;0.4266;0.2688;-0.9687;-1.9487
0;0.4286;0.2918;-0.9307;-2.0636
0;0.4083;0.2654;-0.7274;-2.3038
0;0.3923;0.3023;-0.8726;-2.6044
0;0.3798;0.2396;-0.9541;-2.9204
0;0.3536;0.1452;-1.0;-3.3607
0;0.3328;0.1348;-0.9;-3.8483
0;0.3748;0.311;-0.6067;-3.8347
0;0.3588;0.2883;-0.7183;-3.9192
0;0.337;0.2621;-0.8627;-4.1293
0;0.3566;0.2967;-0.7075;-4.0848
0;0.3547;0.3219;-0.6495;-4.0226
1;0.3719;0.3281;-0.4654;-3.785
0;0.3694;0.3326;-0.3596;-3.5786
0;0.3416;0.3277;-0.692;-3.6138
0;0.3704;0.3935;-0.3112;-3.3593
0;0.3602;0.4085;-0.4462;-3.2097
0;0.3372;0.3981;-0.75;-3.2523
0;0.3894;0.5155;-0.0155;-2.8088
0;0.3965;0.5738;-0.2354;-2.3695
0;0.4036;0.6279;-0.1915;-1.9374
0;0.4173;0.5855;-0.0361;-1.4602
0;0.4208;0.6312;-0.0289;-1.0397
1;0.4269;0.7039;-0.0798;-0.6454
0;0.3975;0.5887;-0.3665;-0.5778
0;0.3667;0.5233;-0.6656;-0.7792
0;0.3736;0.5035;-0.6231;-0.871
0;0.3701;0.5014;-0.7408;-0.964
0;0.3527;0.5231;-0.8938;-1.1748
2;0.3411;0.4341;-0.9575;-1.4272
0;0.3462;0.4678;-0.7304;-1.5673
0;0.3292;0.481;-0.8702;-1.8053
0;0.3303;0.3158;-0.8609;-1.9642
0;0.3173;0.262;-0.8961;-2.1788
0;0.3006;0.2071;-0.9977;-2.4664
0;0.2977;0.1376;-0.9664;-2.6919
0;0.3175;0.2154;-0.7191;-2.6729
0;0.3269;0.2293;-0.5091;-2.5499
0;0.3223;0.2649;-0.4937;-2.4647
0;0.3311;0.3709;-0.3267;-2.2966
0;0.3419;0.3884;-0.1489;-2.0479
1;0.3199;0.3435;-0.4404;-2.0174
0;0.3265;0.4123;-0.3167;-1.9162
0;0.3246;0.4412;-0.3514;-1.8318
0;0.3144;0.3901;-0.5445;-1.833
0;0.3171;0.4537;-0.4932;-1.7914
2;0.3437;0.5429;-0.1134;-1.5135
0;0.3274;0.5317;-0.3873;-1.4168
0;0.3343;0.6125;-0.2713;-1.267
0;0.323;0.5802;-0.4615;-1.2315
1;0.3144;0.4896;-0.6059;-1.2634
0;0.3107;0.4429;-0.668;-1.3064
2;0.3361;0.5426;-0.2416;-1.1113
0;0.329;0.4935;-0.3603;-1.0057
0;0.3294;0.4582;-0.3536;-0.9084
0;0.3308;0.5423;-0.4463;-0.8106
0;0.3298;0.5137;-0.3497;-0.7331
1;0.3221;0.4901;-0.5657;-0.7303
2;0.3218;0.5313;-0.5418;-0.7224
0;0.3251;0.5335;-0.4439;-0.6806
0;0.3208;0.3824;-0.5728;-0.6772
0;0.3309;0.5189;-0.2721;-0.5815
0;0.3423;0.5414;-0.107;-0.4033
0;0.363;0.6898;-0.0512;-0.083
0;0.3703;0.7687;-0.0876;0.2329
0;0.3715;0.7992;-0.092;0.4888
1;0.359;0.6295;-0.2987;0.5796
0;0.3593;0.685;-0.2947;0.6471
0;0.3565;0.6613;-0.34;0.6703
0;0.3508;0.6134;-0.4347;0.6331
0;0.3406;0.555;-0.6314;0.5099
2;0.3305;0.5421;-0.9462;0.3217
0;0.3285;0.5331;-0.8064;0.1536
0;0.3406;0.5701;-0.6061;0.1217
0;0.3237;0.5121;-0.8865;-0.0477
0;0.3391;0.5319;-0.5475;-0.0506
0;0.339;0.4859;-0.5124;-0.053
0;0.3367;0.3667;-0.5621;-0.0734
0;0.345;0.3724;-0.2915;-0.0186
0;0.3467;0.3759;-0.1663;0.0391
1;0.3468;0.4304;-0.2372;0.0855
0;0.3265;0.348;-0.7546;-0.0511
0;0.3394;0.4271;-0.475;-0.0493
0;0.3273;0.405;-0.8182;-0.1501
0;0.3376;0.4881;-0.525;-0.1401
0;0.34;0.541;-0.4678;-0.1101
2;0.3461;0.5728;-0.2912;-0.0337
1;0.3477;0.5325;-0.2442;0.0405
0;0.3468;0.6219;-0.2724;0.0904
0;0.3258;0.4337;-0.8822;-0.0495
0;0.3268;0.4395;-0.8434;-0.1508
0;0.3229;0.4328;-0.7485;-0.2614
0;0.328;0.4143;-0.6267;-0.3031
2;0.3114;0.3454;-0.9758;-0.4737
0;0.3077;0.3339;-0.9628;-0.6341
0;0.3044;0.3901;-0.976;-0.7818
0;0.2942;0.2697;-0.8814;-0.9766
0;0.2792;0.2621;-0.9879;-1.2469
0;0.2871;0.244;-0.8141;-1.3792
0;0.2747;0.1993;-0.9134;-1.5741
0;0.265;0.1386;-0.9918;-1.7934
0;0.2547;0.1153;-0.9959;-2.0345
0;0.2391;0.1028;-0.9818;-2.3355
0;0.2379;0.1204;-0.9681;-2.5583
0;0.2456;0.1687;-0.8694;-2.6412
0;0.2381;0.1638;-0.9583;-2.7419
0;0.2439;0.1686;-0.8643;-2.7432
0;0.2512;0.244;-0.7124;-2.6533
0;0.2674;0.3454;-0.3633;-2.416
1;0.2696;0.3649;-0.2424;-2.1856
0;0.2725;0.4108;-0.0255;-1.9562
0;0.2706;0.4604;-0.1386;-1.7704
0;0.2741;0.4374;-0.1912;-1.5758
0;0.279;0.5222;-0.0883;-1.3638
0;0.2734;0.5455;-0.2054;-1.2297
0;0.2689;0.5817;-0.3178;-1.1496
0;0.2637;0.6614;-0.482;-1.1183
0;0.2876;0.7512;0.0;-0.8789
0;0.2925;0.7439;-0.1432;-0.6397
0;0.3003;0.822;-0.1352;-0.3784
0;0.3132;0.8344;-0.0032;-0.0586
0;0.3041;0.7506;-0.1861;0.1163
1;0.2878;0.5963;-0.5113;0.1146
0;0.2883;0.59;-0.5016;0.1162
0;0.2871;0.5718;-0.5277;0.1066
0;0.3014;0.6344;-0.241;0.2189
2;0.3054;0.6359;-0.1758;0.3388
0;0.3092;0.6323;-0.1163;0.462
0;0.2969;0.597;-0.4564;0.4496
0;0.2987;0.6264;-0.4049;0.4508
0;0.3172;0.7037;-0.006;0.6039
0;0.301;0.5541;-0.4085;0.5804
0;0.3001;0.5318;-0.4306;0.5483
0;0.3044;0.5178;-0.3239;0.5536
0;0.311;0.49;-0.2344;0.6083
0;0.3105;0.5316;-0.2552;0.6401
2;0.2956;0.539;-0.8012;0.5318
0;0.2969;0.543;-0.7507;0.4526
0;0.3022;0.5719;-0.5579;0.4301
0;0.3073;0.5309;-0.3709;0.4511
0;0.3137;0.5425;-0.0906;0.5172
0;0.3198;0.5529;-0.0972;0.6153
1;0.3148;0.5962;-0.2558;0.6435
0;0.3285;0.642;-0.0376;0.7758
0;0.3245;0.5403;-0.2914;0.8374
0;0.3339;0.6963;-0.0914;0.9568
0;0.3417;0.7295;0.0;1.1074
0;0.3496;0.7397;-0.0149;1.281
0;0.3616;0.7537;-0.0013;1.5063
0;0.3561;0.7183;-0.15;1.6213
0;0.375;0.8659;-0.0012;1.8543
0;0.3659;0.7966;-0.1419;1.9412
0;0.3608;0.7526;-0.2417;1.946
0;0.3514;0.6832;-0.4567;1.8492
0;0.3554;0.6768;-0.3909;1.7874
0;0.3518;0.6387;-0.5999;1.6892
2;0.363;0.6983;-0.3396;1.6891
0;0.3651;0.6662;-0.3526;1.6884
0;0.3647;0.6895;-0.3642;1.6672
1;0.3542;0.5945;-0.737;1.5432
0;0.3513;0.5468;-0.8333;1.4048
0;0.3613;0.556;-0.4702;1.3656
0;0.3565;0.4735;-0.6458;1.2793
2;0.3626;0.533;-0.441;1.2498
0;0.3669;0.452;-0.2764;1.2501
0;0.3903;0.6248;-0.0208;1.435
1;0.4025;0.6989;-0.0333;1.6696
0;0.3957;0.7168;-0.1534;1.7791
0;0.4137;0.7509;-0.0405;1.9992
0;0.4308;0.8044;-0.0568;2.2959
0;0.4322;0.7885;-0.0463;2.5177
0;0.4283;0.7596;-0.102;2.6325
0;0.4279;0.7591;-0.1069;2.6915
0;0.4145;0.7416;-0.2892;2.5955
0;0.4209;0.771;-0.2484;2.5465
0;0.4052;0.6636;-0.6365;2.3475
2;0.3995;0.6596;-0.8143;2.118
0;0.3972;0.6321;-0.9064;1.8952
0;0.4006;0.6293;-0.8296;1.7281
0;0.3963;0.5273;-0.927;1.542
0;0.3837;0.4154;-0.9461;1.2721
0;0.3589;0.3576;-0.8736;0.8355
0;0.3381;0.2136;-0.98;0.3056
0;0.348;0.1688;-0.8625;-0.031
0;0.3426;0.1524;-0.921;-0.3411
0;0.3489;0.1976;-0.8278;-0.5282
0;0.3477;0.1964;-0.8329;-0.6805
0;0.3455;0.2146;-0.8649;-0.8119
1;0.3341;0.1553;-0.9764;-1.0041
0;0.3319;0.1739;-0.9211;-1.1636
0;0.3194;0.164;-0.982;-1.3825
0;0.3236;0.1959;-0.8706;-1.5048
0;0.3215;0.1701;-0.922;-1.6026
0;0.3244;0.1963;-0.8501;-1.6383
0;0.3309;0.2646;-0.6879;-1.5942
0;0.3306;0.3386;-0.694;-1.5446
1;0.3384;0.5022;-0.3945;-1.4232
0;0.344;0.4721;-0.0515;-1.2645
0;0.3384;0.4699;-0.2989;-1.174
0;0.3453;0.4742;-0.0575;-1.0319
0;0.352;0.5277;-0.144;-0.8521
0;0.3436;0.4886;-0.357;-0.7722
0;0.3432;0.5638;-0.3674;-0.7046
0;0.3467;0.6013;-0.3011;-0.6146
0;0.3456;0.7122;-0.4083;-0.5463
0;0.3539;0.7301;-0.1437;-0.4165
0;0.3548;0.7573;-0.116;-0.3015
0;0.3538;0.7334;-0.3387;-0.2167
0;0.3511;0.6708;-0.4274;-0.1706
0;0.3583;0.7092;-0.1909;-0.0713
0;0.3613;0.6867;-0.0914;0.0334
0;0.3637;0.6691;-0.0471;0.1358
0;0.376;0.7903;-0.0447;0.3195
0;0.3857;0.799;-0.0842;0.5429
0;0.3781;0.6906;-0.248;0.6486
0;0.3749;0.7474;-0.3566;0.6984
0;0.3828;0.7798;-0.1704;0.7968
0;0.3851;0.7762;-0.1156;0.8855
0;0.3706;0.6509;-0.4584;0.8233
2;0.3648;0.5677;-0.7139;0.7157
0;0.3616;0.5411;-0.9003;0.5968
0;0.3595;0.5341;-0.8978;0.4785
0;0.3696;0.6014;-0.601;0.4658
0;0.3789;0.6105;-0.2653;0.5301
0;0.3893;0.639;-0.1407;0.6634
0;0.3986;0.6621;-0.0917;0.84
0;0.395;0.5962;-0.1675;0.94
1;0.428;0.6734;-0.0603;1.2893
0;0.4216;0.6799;-0.158;1.4961
0;0.4103;0.6368;-0.3033;1.547
0;0.4029;0.5779;-0.3987;1.5077
0;0.3998;0.5568;-0.4569;1.4347
0;0.4003;0.6283;-0.5348;1.3663
2;0.406;0.6786;-0.5152;1.3462
0;0.4089;0.7052;-0.5771;1.3406
0;0.4174;0.7383;-0.3929;1.3943
0;0.4171;0.7125;-0.4277;1.4189
0;0.4242;0.7066;-0.2474;1.4836
0;0.421;0.6551;-0.1277;1.4921
0;0.4301;0.6545;-0.059;1.5601
0;0.4325;0.6858;-0.08;1.6175
0;0.4368;0.5606;-0.0519;1.682
0;0.438;0.6222;-0.0515;1.7248
0;0.4366;0.7315;-0.1099;1.729
0;0.439;0.8485;-0.0601;1.7336
0;0.4326;0.7976;-0.2853;1.6648
0;0.4278;0.7316;-0.5439;1.5523
0;0.4256;0.675;-0.6351;1.4283
0;0.4384;0.724;-0.131;1.4241
0;0.4512;0.7409;-0.2057;1.5143
0;0.4473;0.7052;-0.3182;1.5364
0;0.4304;0.5376;-0.8062;1.3945
0;0.4246;0.5206;-0.7584;1.2181
0;0.4318;0.5103;-0.5948;1.1279
0;0.4319;0.4965;-0.5929;1.0456
2;0.4278;0.445;-0.6859;0.9346
0;0.432;0.465;-0.5911;0.873
0;0.4352;0.4919;-0.5186;0.8426
1;0.4267;0.4343;-0.71;0.7374
0;0.4287;0.4781;-0.6505;0.6636
0;0.4337;0.5335;-0.3658;0.6412
0;0.4276;0.5107;-0.3736;0.5641
0;0.4394;0.5054;-0.1847;0.5977
0;0.4415;0.4405;-0.1034;0.636
1;0.4286;0.3965;-0.6414;0.5501
0;0.4182;0.427;-0.96;0.3882
0;0.4219;0.4833;-0.67;0.2874
0;0.4121;0.3825;-0.9082;0.1222
0;0.3989;0.3299;-0.9496;-0.1214
2;0.3944;0.3288;-0.9677;-0.3499
0;0.39;0.2851;-0.9939;-0.5633
0;0.4032;0.351;-0.7519;-0.614
0;0.3948;0.3515;-0.9056;-0.7183
0;0.3987;0.3628;-0.7871;-0.7598
0;0.3973;0.3276;-0.8091;-0.7964
0;0.4006;0.3686;-0.6757;-0.7892
1;0.4147;0.3828;-0.2195;-0.6549
0;0.414;0.3672;-0.0934;-0.5485
0;0.4279;0.4965;-0.0276;-0.3408
0;0.4193;0.5054;-0.2462;-0.2463
0;0.4223;0.5023;-0.1753;-0.1439
0;0.419;0.5359;-0.263;-0.0899
0;0.4223;0.6363;-0.1753;-0.0182
0;0.4373;0.7223;-0.0073;0.1659
0;0.4377;0.7577;-0.0327;0.3126
0;0.4335;0.6812;-0.1533;0.3889
0;0.4286;0.7103;-0.3728;0.4031
0;0.4308;0.7042;-0.3333;0.4291
0;0.4386;0.7429;-0.1128;0.5108
0;0.4331;0.6864;-0.314;0.523
0;0.4411;0.6626;-0.0213;0.5951
0;0.4371;0.637;-0.1677;0.6115
0;0.4367;0.5625;-0.2622;0.6152
0;0.4477;0.6941;-0.1441;0.7042
0;0.4482;0.6832;-0.2068;0.7711
0;0.4481;0.7162;-0.2094;0.8149
0;0.4557;0.7331;-0.1711;0.9052
0;0.4651;0.7109;-0.026;1.0473
0;0.4638;0.6949;-0.1063;1.1368
0;0.4622;0.7237;-0.1437;1.1818
0;0.4584;0.7361;-0.256;1.1722
0;0.4633;0.7468;-0.1714;1.194
0;0.4671;0.7305;-0.1339;1.2302
0;0.4639;0.7591;-0.2697;1.2189
0;0.4594;0.6637;-0.4689;1.1588
0;0.4539;0.6464;-0.7109;1.0525
0;0.4453;0.5653;-0.9017;0.8848
0;0.4525;0.539;-0.6532;0.804
2;0.4592;0.5807;-0.422;0.7885
0;0.458;0.5716;-0.4624;0.758
0;0.4623;0.5505;-0.3121;0.7627
0;0.4595;0.4522;-0.4104;0.7343
1;0.4601;0.468;-0.3547;0.709
0;0.458;0.464;-0.3882;0.6639
0;0.4511;0.441;-0.5961;0.5627
0;0.4681;0.5325;-0.0638;0.6219
0;0.4835;0.5955;-0.0528;0.7921
0;0.4981;0.6758;-0.0354;1.0423
0;0.5183;0.7605;-0.0133;1.3995
0;0.5133;0.7639;-0.086;1.6236
1;0.5072;0.7812;-0.1743;1.7313
0;0.5036;0.7396;-0.2276;1.7667
0;0.5096;0.7382;-0.1392;1.8274
0;0.513;0.7542;-0.0908;1.8842
2;0.5068;0.7023;-0.1984;1.8566
0;0.5054;0.7114;-0.2631;1.8031
0;0.5016;0.6861;-0.4763;1.71
0;0.4933;0.6497;-0.8228;1.5478
0;0.4814;0.6233;-0.9841;1.3024
0;0.4815;0.5629;-0.939;1.096
0;0.4809;0.4858;-0.8926;0.9168
0;0.5161;0.5802;-0.0309;1.0644
0;0.5213;0.5155;-0.0682;1.214
0;0.505;0.4615;-0.4538;1.1803
0;0.5141;0.5311;-0.2755;1.219
0;0.5161;0.5574;-0.2366;1.2535
1;0.5156;0.5288;-0.2464;1.2632
0;0.4977;0.4355;-0.5956;1.105
2;0.49;0.4299;-0.7458;0.9031
0;0.4857;0.4199;-0.829;0.6982
0;0.5012;0.4984;-0.554;0.6611
0;0.4995;0.5243;-0.5883;0.6106
0;0.5083;0.6077;-0.4082;0.6391
0;0.5005;0.5714;-0.4614;0.5878
0;0.514;0.6134;-0.1159;0.6559
1;0.5187;0.5113;-0.037;0.7424
0;0.5276;0.5266;-0.0204;0.8789
0;0.5335;0.6314;-0.1042;1.0269
0;0.5367;0.6099;-0.0747;1.1597
0;0.5266;0.5474;-0.2796;1.1666
0;0.5326;0.573;-0.1787;1.2102
0;0.5275;0.6442;-0.2888;1.1882
0;0.5299;0.7038;-0.2365;1.179
0;0.537;0.7544;-0.1028;1.219
0;0.5406;0.7217;-0.2055;1.269
0;0.5407;0.7358;-0.2438;1.2955
0;0.55;0.7371;-0.0658;1.3811
0;0.5699;0.8479;-0.0182;1.6033
0;0.5641;0.7723;-0.1325;1.7122
0;0.5688;0.7721;-0.0868;1.819
0;0.5874;0.7937;-0.0554;2.042
0;0.5879;0.7822;-0.0548;2.2002
0;0.5859;0.7584;-0.0881;2.2844
0;0.5823;0.8136;-0.1693;2.2959
0;0.5766;0.7486;-0.2748;2.2322
0;0.5821;0.8074;-0.1968;2.2053
0;0.5946;0.827;-0.0122;2.2668
0;0.5933;0.8027;-0.4182;2.2805
0;0.6033;0.8152;-0.2336;2.3519
0;0.6056;0.8192;-0.2125;2.4024
0;0.6068;0.8036;-0.1956;2.4267
0;0.6082;0.755;-0.1829;2.4322
0;0.609;0.8204;-0.1634;2.4178
0;0.6218;0.8391;-0.0673;2.4891
0;0.6169;0.7292;-0.1603;2.4775
0;0.6092;0.6487;-0.3596;2.3766
0;0.6124;0.682;-0.4042;2.2989
0;0.6044;0.6435;-0.6955;2.1457
0;0.6071;0.7059;-0.6061;2.025
2;0.6049;0.6611;-0.6788;1.8899
0;0.6064;0.5989;-0.6285;1.7763
0;0.6076;0.6194;-0.5894;1.6779
0;0.6034;0.5008;-0.7291;1.5469
0;0.5973;0.4282;-0.8125;1.3754
0;0.6016;0.4573;-0.6013;1.262
0;0.6048;0.4733;-0.4718;1.187
0;0.5939;0.3963;-0.7242;1.0228
0;0.5953;0.2851;-0.6727;0.8946
0;0.5991;0.3528;-0.4496;0.8163
0;0.6222;0.5858;-0.1027;0.9417
0;0.6342;0.629;-0.067;1.1323
0;0.6303;0.6611;-0.1422;1.2378
1;0.6237;0.5984;-0.2712;1.2514
0;0.6081;0.5163;-0.5752;1.1165
0;0.6072;0.5039;-0.5931;0.9904
0;0.6191;0.5532;-0.3611;0.9818
2;0.6077;0.5186;-0.6113;0.8677
0;0.6241;0.607;-0.3188;0.9082
0;0.6107;0.534;-0.6888;0.8165
0;0.5991;0.4801;-0.8907;0.6375
0;0.5736;0.4354;-0.5492;0.2727
0;0.563;0.4031;-0.6328;-0.1071
0;0.5991;0.5;-0.2799;-0.0987
2;0.6027;0.4457;-0.2322;-0.0609
0;0.6149;0.4464;-0.114;0.0734
0;0.6056;0.4331;-0.2045;0.0989
0;0.5892;0.4115;-0.3626;-0.021
1;0.588;0.4444;-0.3245;-0.1253
0;0.5715;0.409;-0.4969;-0.3465
0;0.5587;0.3468;-0.6297;-0.6252
2;0.5316;0.3213;-0.9811;-1.0681
0;0.5448;0.3106;-0.7354;-1.2939
0;0.5329;0.3129;-0.8531;-1.5591
0;0.5298;0.3261;-0.8299;-1.778
0;0.5338;0.3883;-0.7912;-1.8972
0;0.5496;0.4634;-0.5811;-1.837
0;0.5416;0.3145;-0.6342;-1.8381
0;0.5312;0.2793;-0.7542;-1.9076
0;0.5429;0.2771;-0.4625;-1.8426
1;0.5427;0.2936;-0.2292;-1.7739
0;0.516;0.275;-0.8875;-1.9274
2;0.5072;0.2628;-0.9925;-2.1023
0;0.5149;0.3248;-0.7882;-2.1526
0;0.5207;0.377;-0.6643;-2.12
0;0.5391;0.5258;-0.2528;-1.9156
0;0.5517;0.5238;-0.0546;-1.6276
0;0.547;0.5511;-0.2578;-1.4235
1;0.5694;0.6261;-0.0116;-1.0572
0;0.5656;0.6013;-0.0699;-0.7895
0;0.5676;0.5628;-0.0401;-0.5538
0;0.5735;0.613;-0.0217;-0.3121
0;0.5736;0.6619;-0.1442;-0.1177
0;0.5593;0.5614;-0.3745;-0.0843
0;0.5692;0.5927;-0.2685;0.0267
0;0.569;0.7275;-0.3086;0.1124
0;0.5803;0.8071;-0.1231;0.2747
0;0.5679;0.7142;-0.5271;0.2944
0;0.532;0.5365;-0.9292;0.0016
0;0.5295;0.4651;-0.972;-0.2498
0;0.5254;0.3983;-0.8817;-0.4803
0;0.5227;0.4046;-0.9058;-0.6798
2;0.5178;0.265;-0.9126;-0.8712
0;0.5342;0.3715;-0.6736;-0.8738
0;0.5462;0.4195;-0.4975;-0.7642
0;0.5456;0.3906;-0.5062;-0.6747
0;0.5429;0.3821;-0.537;-0.62
0;0.5437;0.4329;-0.3189;-0.5639
1;0.5464;0.3957;-0.135;-0.4907
0;0.5432;0.385;-0.2749;-0.4551
0;0.5224;0.262;-0.7563;-0.5992
0;0.5332;0.3553;-0.5068;-0.6146
0;0.5391;0.5393;-0.4;-0.5701
0;0.5332;0.5194;-0.6341;-0.5792
2;0.562;0.6548;-0.0939;-0.3352
0;0.5732;0.6993;-0.037;-0.0441
1;0.581;0.7437;-0.0192;0.2515
0;0.5791;0.6947;-0.14;0.4653
0;0.5681;0.5957;-0.3011;0.5356
0;0.5672;0.5944;-0.3135;0.5782
0;0.575;0.6342;-0.2033;0.6715
0;0.5881;0.6684;-0.0296;0.8489
0;0.5868;0.655;-0.0628;0.9689
0;0.5879;0.6744;-0.108;1.0625
0;0.5833;0.7722;-0.3072;1.0861
0;0.5833;0.7473;-0.3185;1.0924
0;0.5857;0.7384;-0.2434;1.1067
2;0.5826;0.7599;-0.3392;1.0796
0;0.5569;0.4724;-0.8643;0.8291
0;0.5493;0.3644;-0.9526;0.5581
0;0.5505;0.3133;-0.9271;0.3488
0;0.5467;0.3065;-0.8806;0.1485
0;0.5602;0.4544;-0.6274;0.1037
0;0.5603;0.4595;-0.5962;0.0681
0;0.5486;0.3521;-0.8333;-0.0602
0;0.5484;0.2403;-0.8282;-0.162
0;0.5374;0.213;-0.9844;-0.3342
0;0.5173;0.164;-0.9406;-0.6371
0;0.5158;0.169;-0.8277;-0.8813
2;0.5206;0.2062;-0.7524;-1.0239
0;0.5362;0.2934;-0.5047;-0.9928
0;0.5272;0.2797;-0.6474;-1.0341
0;0.519;0.3247;-0.7602;-1.1256
0;0.5288;0.4074;-0.5568;-1.1021
1;0.5382;0.4481;-0.3212;-0.9927
0;0.5488;0.5081;-0.1313;-0.8059
0;0.5384;0.4108;-0.3367;-0.7381
0;0.5476;0.4516;-0.1549;-0.599
0;0.5386;0.4611;-0.4328;-0.5594
0;0.542;0.4755;-0.3538;-0.4935
0;0.545;0.5305;-0.2981;-0.4112
2;0.5328;0.567;-0.5942;-0.4449
0;0.5326;0.5729;-0.7305;-0.469
0;0.5313;0.5481;-0.8155;-0.4938
0;0.5344;0.491;-0.7166;-0.4814
0;0.541;0.5714;-0.5107;-0.4111
0;0.5453;0.6425;-0.3743;-0.3145
0;0.5425;0.5801;-0.4626;-0.2589
0;0.5319;0.4637;-0.754;-0.3025
1;0.5484;0.4982;-0.123;-0.193
0;0.5424;0.5226;-0.3266;-0.1559
0;0.5478;0.501;-0.1145;-0.0796
0;0.5601;0.6225;-0.0681;0.0858
0;0.5649;0.6286;-0.2395;0.2563
0;0.5674;0.6264;-0.211;0.4088
0;0.5631;0.6877;-0.3044;0.4885
0;0.5824;0.7498;-0.0592;0.7098
0;0.5822;0.7582;-0.1186;0.8751
0;0.5812;0.7423;-0.1442;0.9874
0;0.5878;0.7423;-0.0709;1.1209
0;0.5942;0.7478;-0.0356;1.2689
0;0.5962;0.7743;-0.0617;1.3887
0;0.6068;0.8828;-0.1109;1.5583
0;0.6058;0.8492;-0.1284;1.6675
0;0.5952;0.8043;-0.3265;1.6458
0;0.5962;0.794;-0.3767;1.6199
0;0.5862;0.6631;-0.714;1.4972
0;0.6058;0.7156;-0.1854;1.5511
2;0.607;0.7117;-0.1667;1.5873
0;0.605;0.7289;-0.2382;1.5816
0;0.6084;0.6719;-0.2005;1.5892
0;0.6053;0.6472;-0.2874;1.5524
1;0.6016;0.6255;-0.3937;1.4752
0;0.6051;0.6109;-0.2947;1.4282
0;0.5997;0.5358;-0.4469;1.3307
0;0.5984;0.5144;-0.4855;1.2282
2;0.5924;0.4;-0.7344;1.084
0;0.5888;0.3857;-0.7758;0.9285
0;0.6052;0.562;-0.2999;0.9346
0;0.6087;0.5756;-0.1953;0.9599
0;0.5997;0.5824;-0.3989;0.8928
0;0.5915;0.3979;-0.6648;0.7609
0;0.5729;0.3053;-0.9424;0.4908
0;0.5583;0.2672;-0.9501;0.1496
0;0.5389;0.2011;-0.9907;-0.2861
2;0.5433;0.2365;-0.8904;-0.5886
0;0.5362;0.2299;-0.9042;-0.8808
0;0.5338;0.203;-0.9327;-1.122
0;0.5519;0.3195;-0.7176;-1.1471
0;0.5431;0.3027;-0.7991;-1.2287
0;0.5469;0.3348;-0.7486;-1.248
0;0.5432;0.3346;-0.6991;-1.2811
0;0.5587;0.3304;-0.2654;-1.1624
1;0.5535;0.3007;-0.2086;-1.1008
0;0.5497;0.3126;-0.3262;-1.0725
0;0.5447;0.3202;-0.484;-1.0816
0;0.5613;0.455;-0.0193;-0.9359
0;0.5688;0.543;-0.0515;-0.7481
0;0.5683;0.6444;-0.065;-0.5959
0;0.5688;0.6298;-0.0889;-0.466
0;0.5657;0.6567;-0.2704;-0.3848
0;0.5567;0.6138;-0.5595;-0.3929
0;0.5519;0.5;-0.7038;-0.4364
2;0.548;0.5295;-0.8177;-0.4987
0;0.5448;0.4875;-0.9184;-0.5693
0;0.5508;0.5451;-0.7713;-0.5682
0;0.5487;0.4296;-0.8378;-0.5793
0;0.5501;0.4746;-0.7952;-0.5704
0;0.5554;0.5416;-0.6277;-0.5116
0;0.5404;0.4729;-0.9015;-0.5875
0;0.5483;0.4066;-0.6337;-0.5743
0;0.5519;0.3721;-0.3584;-0.5274
0;0.5557;0.4091;-0.0931;-0.4523
0;0.553;0.3905;-0.2186;-0.4107
0;0.554;0.416;-0.1741;-0.3656
1;0.5556;0.4911;-0.0972;-0.3125
0;0.5553;0.5296;-0.1134;-0.2702
0;0.5574;0.5838;-0.0121;-0.2159
0;0.5671;0.678;-0.0725;-0.0882
0;0.5718;0.6709;-0.1547;0.0525
0;0.5764;0.7172;-0.0361;0.202
0;0.5876;0.7552;-0.1096;0.4133
0;0.5926;0.7538;-0.1248;0.6174
0;0.5901;0.9099;-0.175;0.7506
0;0.589;0.878;-0.208;0.8382
0;0.5992;0.8912;-0.0579;0.9845
0;0.5964;0.8432;-0.1139;1.0662
0;0.5985;0.8866;-0.0956;1.1366
0;0.619;0.9149;-0.0164;1.354
0;0.6127;0.8436;-0.1938;1.4573
0;0.6075;0.7969;-0.3382;1.479
0;0.6122;0.8028;-0.2823;1.5209
0;0.6212;0.8011;-0.056;1.614
0;0.617;0.7533;-0.1736;1.6346
0;0.5981;0.6046;-0.7655;1.4726
0;0.6027;0.5775;-0.6263;1.3685
0;0.5913;0.4938;-0.9424;1.1756
0;0.5934;0.5162;-0.8797;1.0292
2;0.6004;0.5522;-0.6767;0.9617
0;0.6064;0.5346;-0.4764;0.9498
0;0.6063;0.548;-0.4817;0.9289
0;0.6097;0.554;-0.377;0.9316
1;0.6144;0.4737;-0.2145;0.9637
0;0.621;0.5475;-0.0288;1.0353
0;0.624;0.5961;-0.0195;1.1055
0;0.6242;0.5736;-0.0752;1.1513
0;0.6197;0.4905;-0.1991;1.1372
0;0.6208;0.5255;-0.1925;1.1228
0;0.6134;0.6234;-0.4425;1.0368
0;0.6227;0.6497;-0.1836;1.0369
0;0.6206;0.7549;-0.2759;1.0084
2;0.6275;0.7735;-0.1726;1.0336
0;0.6094;0.5612;-0.8248;0.8886
0;0.6033;0.4789;-0.9347;0.7139
0;0.6079;0.5105;-0.7841;0.6074
0;0.6211;0.5654;-0.4639;0.6293
0;0.6186;0.5249;-0.5315;0.6187
2;0.6024;0.4018;-0.9698;0.466
0;0.5977;0.3641;-0.8295;0.3007
0;0.6161;0.4645;-0.4534;0.3233
0;0.6168;0.4869;-0.4376;0.3442
0;0.6089;0.4498;-0.5993;0.29
0;0.6189;0.5228;-0.3954;0.3288
0;0.6193;0.485;-0.3866;0.3595
1;0.6124;0.465;-0.5272;0.3215
0;0.6155;0.4466;-0.293;0.3137
0;0.6077;0.492;-0.4513;0.2386
0;0.5987;0.478;-0.6755;0.1004
0;0.5815;0.3882;-0.9322;-0.1555
2;0.5868;0.3437;-0.814;-0.3109
0;0.5936;0.3907;-0.6589;-0.3717
0;0.6117;0.5399;-0.2519;-0.2625
0;0.6173;0.5837;-0.1122;-0.1263
0;0.6247;0.5409;-0.0611;0.0458
1;0.6251;0.539;-0.0952;0.1838
0;0.6301;0.6028;-0.026;0.3328
0;0.6297;0.5581;-0.0614;0.4438
0;0.6325;0.5689;-0.047;0.5499
0;0.634;0.6196;-0.0541;0.6407
0;0.6351;0.6115;-0.0931;0.7149
0;0.6358;0.673;-0.1746;0.7717
0;0.6353;0.7518;-0.2179;0.8038
0;0.6291;0.8858;-0.4367;0.7681
0;0.6333;0.8839;-0.4484;0.7675
0;0.6382;0.8799;-0.2222;0.8005
0;0.6312;0.7045;-0.6449;0.7582
0;0.6337;0.684;-0.5093;0.738
0;0.6278;0.536;-0.8271;0.6646
0;0.6197;0.4467;-0.8242;0.5305
0;0.6211;0.4055;-0.6423;0.4317
2;0.6237;0.4392;-0.5668;0.371
0;0.6253;0.4263;-0.5189;0.3332
0;0.6284;0.4441;-0.4282;0.3261
0;0.6449;0.575;-0.0563;0.4571
1;0.6481;0.5906;-0.0617;0.5824
0;0.6435;0.5568;-0.1728;0.6356
0;0.649;0.6398;-0.0604;0.7181
0;0.6539;0.6432;-0.1851;0.8171
0;0.6748;0.708;-0.0388;1.0636
0;0.6854;0.7962;-0.0652;1.3362
0;0.6832;0.7719;-0.1258;1.5185
0;0.6831;0.8231;-0.1423;1.6446
0;0.6773;0.8469;-0.2785;1.6776
0;0.674;0.8109;-0.3685;1.6574
0;0.6813;0.8211;-0.2245;1.6866
2;0.6842;0.8234;-0.1791;1.7157
0;0.6868;0.8226;-0.125;1.7431
0;0.683;0.744;-0.2489;1.7132
0;0.6858;0.7429;-0.3206;1.6956
1;0.6825;0.7562;-0.4698;1.636
0;0.6716;0.6386;-0.9508;1.4792
0;0.6622;0.5482;-0.8005;1.2602
2;0.6662;0.4377;-0.6925;1.1079
0;0.6738;0.4125;-0.4859;1.0407
0;0.6695;0.3994;-0.6033;0.9401
0;0.6588;0.3461;-0.8819;0.76
0;0.6526;0.3445;-0.932;0.558
0;0.6591;0.41;-0.7601;0.4479
0;0.6621;0.3763;-0.6915;0.3813
0;0.6649;0.3764;-0.4946;0.349
0;0.6739;0.4232;-0.1265;0.3961
0;0.6507;0.3445;-0.9337;0.2326
0;0.6537;0.345;-0.8313;0.1262
0;0.6463;0.332;-0.8239;-0.0213
0;0.6441;0.3609;-0.885;-0.1563
0;0.6406;0.384;-0.9789;-0.2903
2;0.6378;0.3455;-0.9574;-0.417
0;0.6406;0.3099;-0.8476;-0.4882
0;0.6278;0.2822;-0.9861;-0.6484
0;0.6299;0.3347;-0.9425;-0.7493
0;0.6446;0.4581;-0.6302;-0.6963
0;0.6378;0.389;-0.6676;-0.705
0;0.6392;0.379;-0.5172;-0.6927
0;0.6405;0.3686;-0.4655;-0.6646
1;0.6436;0.3261;-0.3414;-0.6091
0;0.6389;0.4138;-0.5276;-0.5984
2;0.6228;0.3115;-0.9826;-0.72
0;0.6153;0.3109;-0.8161;-0.872
0;0.6154;0.3203;-0.8142;-0.9817
0;0.6185;0.3609;-0.7452;-1.0313
0;0.6226;0.4058;-0.6552;-1.025
0;0.628;0.4243;-0.4863;-0.963
0;0.6385;0.5662;-0.2304;-0.8153
1;0.6414;0.5704;-0.1586;-0.6653
0;0.6404;0.4689;-0.1839;-0.5488
0;0.6455;0.558;-0.0862;-0.408
0;0.6563;0.613;-0.0355;-0.2012
0;0.6483;0.5477;-0.2066;-0.1035
0;0.6335;0.4463;-0.5852;-0.1515
0;0.6212;0.4129;-0.8896;-0.2919
0;0.6233;0.5025;-0.9138;-0.3817
0;0.6148;0.4971;-0.9635;-0.5203
2;0.6156;0.501;-0.9196;-0.6174
0;0.6007;0.4116;-0.9327;-0.8141
0;0.6091;0.4362;-0.7952;-0.8886
0;0.6224;0.4752;-0.5792;-0.825
0;0.6295;0.4592;-0.4132;-0.706
0;0.6276;0.4366;-0.364;-0.6209
0;0.6159;0.3975;-0.5324;-0.647
1;0.6059;0.3412;-0.7423;-0.7449
0;0.61;0.3035;-0.6312;-0.7798
0;0.6102;0.3271;-0.6241;-0.7967
2;0.6086;0.3717;-0.669;-0.8156
0;0.6074;0.4195;-0.7333;-0.832
0;0.5847;0.3187;-0.9982;-1.0289
0;0.5816;0.3356;-0.8266;-1.1996
0;0.5449;0.242;-0.9912;-1.6328
0;0.5419;0.2652;-0.8863;-1.9817
0;0.507;0.1631;-0.9931;-2.5317
0;0.5384;0.2522;-0.7443;-2.672
0;0.4992;0.1769;-0.9877;-3.087
0;0.5117;0.227;-0.8124;-3.275
0;0.5369;0.3252;-0.6208;-3.1742
0;0.5452;0.3644;-0.5154;-2.9911
0;0.5411;0.3463;-0.4657;-2.8498
0;0.5406;0.3449;-0.3782;-2.7119
1;0.5124;0.3083;-0.6353;-2.8144
0;0.5003;0.2955;-0.7805;-2.9678
0;0.5076;0.3436;-0.66;-2.9952
2;0.5284;0.3993;-0.3171;-2.8086
0;0.5364;0.482;-0.1851;-2.564
0;0.5313;0.4775;-0.3412;-2.3875
0;0.546;0.5897;-0.0327;-2.0977
1;0.5617;0.5578;-0.0246;-1.7144
0;0.5741;0.7142;-0.0562;-1.2886
0;0.5813;0.7053;-0.0438;-0.8782
0;0.5743;0.6234;-0.1637;-0.6054
0;0.5567;0.536;-0.3818;-0.5332
0;0.5458;0.514;-0.5199;-0.5636
0;0.5643;0.5637;-0.3724;-0.4244
0;0.5461;0.596;-0.6474;-0.4644
2;0.5373;0.6072;-0.7816;-0.5663
0;0.5425;0.6023;-0.7216;-0.5963
0;0.5465;0.5589;-0.6595;-0.5797
0;0.548;0.5396;-0.6351;-0.5472
0;0.5593;0.5914;-0.4608;-0.4205
0;0.5685;0.576;-0.0683;-0.238
1;0.5578;0.4863;-0.2952;-0.1825
0;0.5526;0.4207;-0.4041;-0.1804
0;0.5306;0.331;-0.8727;-0.3643
0;0.5106;0.3047;-0.8552;-0.675
0;0.5174;0.3712;-0.7591;-0.8544
2;0.5392;0.4798;-0.455;-0.8021
0;0.5459;0.4392;-0.3613;-0.6956
0;0.5384;0.4725;-0.4659;-0.6677
0;0.5423;0.5186;-0.4112;-0.6055
1;0.5261;0.4443;-0.5809;-0.6873
0;0.5065;0.3769;-0.8987;-0.9113
0;0.5142;0.3997;-0.6969;-1.0124
0;0.5213;0.3848;-0.5859;-1.0207
0;0.5346;0.3994;-0.3802;-0.9043
0;0.5374;0.4367;-0.3356;-0.7787
0;0.5567;0.5117;-0.0352;-0.5076
1;0.5562;0.5837;-0.0381;-0.293
0;0.5593;0.6786;-0.1092;-0.0951
0;0.5524;0.6282;-0.2041;0.0035
0;0.5555;0.5694;-0.1609;0.1078
0;0.5372;0.4664;-0.4142;0.033
0;0.5519;0.5493;-0.2675;0.0985
0;0.5487;0.5237;-0.3668;0.1225
0;0.5433;0.5688;-0.7026;0.0943
0;0.5616;0.7229;-0.1641;0.2261
0;0.563;0.7079;-0.1231;0.3394
1;0.554;0.6372;-0.3872;0.349
0;0.5787;0.6691;-0.204;0.5624
0;0.5868;0.6818;-0.1709;0.7933
0;0.5927;0.647;-0.0794;1.0169
0;0.572;0.5555;-0.3997;1.0066
0;0.5493;0.4692;-0.8495;0.7945
0;0.5599;0.5228;-0.6626;0.7097
0;0.5755;0.556;-0.4022;0.7675
0;0.5721;0.6068;-0.4632;0.7761
2;0.5764;0.58;-0.3865;0.8108
0;0.5832;0.6099;-0.2637;0.8874
1;0.5648;0.5632;-0.5944;0.7825
0;0.5673;0.5184;-0.5227;0.7122
0;0.5856;0.566;-0.0643;0.8046
0;0.5945;0.6183;-0.1472;0.9446
0;0.5945;0.5539;-0.1858;1.0448
0;0.5805;0.4792;-0.5391;0.9939
0;0.5783;0.4514;-0.6207;0.9247
0;0.5903;0.5653;-0.3254;0.962
0;0.5737;0.5914;-0.6861;0.8402
2;0.5631;0.5117;-0.9077;0.6454
0;0.5457;0.3897;-0.9955;0.3373
0;0.5493;0.416;-0.9036;0.1222
0;0.5687;0.4744;-0.581;0.1155
0;0.571;0.4584;-0.4952;0.1292
0;0.6011;0.6147;-0.009;0.3933
0;0.6211;0.6534;-0.0761;0.7673
1;0.6239;0.6198;-0.069;1.0775
0;0.6221;0.5902;-0.157;1.2949
0;0.6201;0.5828;-0.1776;1.4361
0;0.6178;0.6302;-0.203;1.512
0;0.614;0.6233;-0.2434;1.5238
0;0.6294;0.632;-0.1009;1.6477
0;0.6204;0.6663;-0.2348;1.6513
0;0.6204;0.7205;-0.3224;1.6366
0;0.612;0.7742;-0.6635;1.5364
0;0.6179;0.7783;-0.6891;1.4909
0;0.6214;0.7455;-0.5609;1.4689
2;0.6139;0.6908;-0.8272;1.3729
0;0.6339;0.6604;-0.0789;1.4521
0;0.6439;0.6237;-0.0301;1.5844
1;0.6501;0.6368;-0.0896;1.7239
0;0.6473;0.6304;-0.1534;1.7917
0;0.6499;0.6529;-0.0936;1.8483
0;0.641;0.6121;-0.2948;1.7984
0;0.6485;0.6604;-0.1304;1.8031
0;0.6418;0.5629;-0.2878;1.7312
2;0.6494;0.6493;-0.1532;1.7208
0;0.6504;0.6527;-0.1777;1.7025
0;0.6434;0.6621;-0.5;1.6106
0;0.6473;0.6553;-0.4513;1.5546
0;0.6522;0.66;-0.208;1.5348
0;0.6563;0.7279;-0.1308;1.5378
0;0.654;0.6337;-0.2308;1.5046
0;0.6607;0.6168;-0.061;1.5196
0;0.6528;0.5184;-0.3695;1.4478
0;0.6584;0.5726;-0.2331;1.4233
0;0.6568;0.5458;-0.2883;1.3756
0;0.6612;0.6416;-0.135;1.3605
0;0.6608;0.5964;-0.1574;1.3313
0;0.6607;0.6646;-0.3891;1.2934
0;0.6594;0.5976;-0.457;1.2386
0;0.6634;0.6204;-0.2286;1.2165
0;0.659;0.6508;-0.361;1.1483
0;0.6523;0.5459;-0.5584;1.026
0;0.6489;0.4694;-0.6597;0.8897
0;0.6491;0.4268;-0.6545;0.7744
0;0.6595;0.5482;-0.3455;0.7638
2;0.6582;0.4755;-0.3844;0.7361
0;0.668;0.6422;-0.1028;0.7897
0;0.6603;0.5173;-0.329;0.7582
1;0.658;0.5109;-0.3959;0.706
0;0.6642;0.5259;-0.2732;0.7097
0;0.6681;0.5587;-0.1285;0.738
0;0.6597;0.4926;-0.4408;0.6814
0;0.6588;0.4956;-0.5214;0.6222
0;0.6651;0.5113;-0.3013;0.622
0;0.662;0.5213;-0.4456;0.589
0;0.6625;0.5792;-0.4209;0.5613
2;0.6632;0.6162;-0.3721;0.5395
0;0.6665;0.6345;-0.2157;0.5443
0;0.6695;0.5871;-0.1341;0.5676
0;0.6676;0.5816;-0.2601;0.5643
0;0.6695;0.5147;-0.2802;0.5714
0;0.662;0.517;-0.7566;0.5074
0;0.6615;0.5369;-0.8087;0.4479
0;0.6597;0.4483;-0.8942;0.3806
2;0.6608;0.4113;-0.8254;0.3332
0;0.6593;0.4935;-0.8657;0.2789
0;0.6525;0.4204;-0.9262;0.1756
0;0.6387;0.2212;-0.9401;-0.0249
0;0.6471;0.3589;-0.7189;-0.1108
0;0.6528;0.4164;-0.5691;-0.1288
0;0.6451;0.3604;-0.7155;-0.2074
0;0.6478;0.3552;-0.6199;-0.2439
0;0.6541;0.3862;-0.4123;-0.2171
1;0.6622;0.4631;-0.1201;-0.1249
0;0.6639;0.4625;-0.0601;-0.036
0;0.6619;0.4994;-0.1738;0.0173
0;0.6637;0.5152;-0.1168;0.074
0;0.6614;0.5119;-0.203;0.0984
0;0.6602;0.4956;-0.303;0.1069
0;0.6506;0.4448;-0.7159;0.0311
2;0.6511;0.4902;-0.705;-0.0253
0;0.6617;0.6679;-0.2582;0.021
0;0.6585;0.5895;-0.4098;0.0296
0;0.6542;0.5114;-0.6066;1.0E-4
0;0.652;0.5616;-0.6049;-0.0417
1;0.6546;0.5603;-0.4818;-0.0526
0;0.6616;0.5664;-0.119;-8.0E-4
0;0.6571;0.4523;-0.3254;0.0011
0;0.6484;0.3717;-0.7143;-0.0706
0;0.6477;0.38;-0.746;-0.1323
0;0.6375;0.3064;-0.95;-0.2661
0;0.6214;0.2543;-0.998;-0.5055
0;0.6317;0.3424;-0.7582;-0.6013
0;0.6469;0.4808;-0.4037;-0.5411
0;0.6418;0.4541;-0.5225;-0.5313
0;0.6397;0.3807;-0.5717;-0.5359
0;0.6521;0.4687;-0.2257;-0.4285
1;0.6488;0.4729;-0.1724;-0.3677
0;0.6434;0.4584;-0.3342;-0.3615
0;0.6474;0.4657;-0.2149;-0.3191
0;0.6413;0.4024;-0.3979;-0.3339
0;0.6444;0.4383;-0.4007;-0.3159
2;0.6784;0.6172;-0.0723;-0.0092
0;0.6777;0.6168;-0.0957;0.2258
0;0.6801;0.6769;-0.0556;0.4294
0;0.676;0.7516;-0.1426;0.5502
0;0.6799;0.7362;-0.1025;0.6731
0;0.68;0.6903;-0.1007;0.7635
0;0.6762;0.7009;-0.1767;0.7946
0;0.6675;0.6508;-0.3516;0.7366
2;0.6686;0.6017;-0.3696;0.6921
0;0.6637;0.5902;-0.7409;0.6078
0;0.6556;0.5716;-0.82;0.4666
0;0.6534;0.536;-0.8817;0.3317
0;0.6513;0.5627;-0.9249;0.2038
0;0.6474;0.5186;-0.8468;0.0678
0;0.6426;0.1484;-0.951;-0.0806
0;0.6405;0.1449;-0.9869;-0.214
0;0.6174;0.07;-0.9594;-0.5137
0;0.6122;0.069;-0.9672;-0.7879
0;0.6355;0.2618;-0.5425;-0.7979
0;0.6328;0.2539;-0.5847;-0.8199
0;0.6336;0.2707;-0.57;-0.8217
0;0.632;0.2931;-0.5251;-0.828
0;0.6197;0.2482;-0.7798;-0.9286
1;0.6233;0.2889;-0.6899;-0.968
0;0.6143;0.2862;-0.8996;-1.0646
0;0.6163;0.3073;-0.8085;-1.1129
0;0.5953;0.2569;-0.9803;-1.3172
0;0.5976;0.2808;-0.9128;-1.4447
0;0.5983;0.2977;-0.859;-1.5238
0;0.6111;0.3773;-0.5712;-1.4617
0;0.6193;0.5093;-0.3899;-1.3274
0;0.6192;0.5349;-0.3173;-1.2082
1;0.6207;0.4056;-0.1836;-1.0888
0;0.6426;0.5499;-0.04;-0.7975
0;0.638;0.5214;-0.1267;-0.5987
0;0.6361;0.52;-0.1617;-0.4514
0;0.6374;0.5973;-0.1383;-0.3202
0;0.6366;0.5756;-0.1533;-0.2201
0;0.6456;0.6777;-0.057;-0.0623
0;0.6464;0.6735;-0.1074;0.0695
0;0.6319;0.7277;-0.5172;0.0493
0;0.6371;0.7372;-0.4346;0.0772
0;0.629;0.6696;-0.8924;0.03
0;0.628;0.6072;-0.8567;-0.0165
0;0.6363;0.6076;-0.5573;0.0176
2;0.6337;0.5891;-0.6497;0.0226
0;0.6578;0.6783;-0.018;0.2306
0;0.6479;0.5288;-0.3662;0.3079
0;0.6575;0.6007;-0.1103;0.4474
1;0.6591;0.6185;-0.0704;0.5654
0;0.6524;0.5737;-0.2465;0.5959
0;0.6554;0.5903;-0.1876;0.6392
0;0.6483;0.513;-0.4004;0.6057
0;0.6332;0.4435;-0.7986;0.4451
0;0.6349;0.5145;-0.7557;0.3281
2;0.6508;0.5598;-0.3667;0.3678
0;0.646;0.5763;-0.4952;0.3545
0;0.6473;0.5865;-0.4619;0.3508
0;0.6542;0.5812;-0.2762;0.4028
1;0.6628;0.625;-0.0587;0.5124
0;0.6542;0.482;-0.2864;0.5204
0;0.6455;0.488;-0.5164;0.4475
0;0.6377;0.3984;-0.723;0.3193
0;0.6554;0.484;-0.2535;0.3651
0;0.6632;0.547;-0.2278;0.4635
0;0.6685;0.5559;-0.0976;0.5812
0;0.6628;0.5627;-0.2386;0.6188
0;0.6544;0.5969;-0.4447;0.5706
1;0.6443;0.5399;-0.692;0.4408
0;0.6374;0.438;-0.8254;0.2753
0;0.6446;0.4936;-0.6549;0.2036
2;0.6453;0.4912;-0.6383;0.151
0;0.6592;0.5215;-0.3119;0.2259
0;0.6605;0.4895;-0.2827;0.2931
0;0.6576;0.5165;-0.3466;0.3188
0;0.657;0.5597;-0.3108;0.3305
0;0.6568;0.6078;-0.2225;0.3346
0;0.6535;0.4869;-0.2486;0.3058
0;0.6508;0.4104;-0.3338;0.2572
2;0.6559;0.4084;-0.3027;0.2592
0;0.6583;0.4658;-0.1701;0.2785
0;0.6576;0.5277;-0.2371;0.2847
0;0.6526;0.5787;-0.677;0.2442
0;0.6484;0.6101;-0.8619;0.1742
0;0.6267;0.3611;-0.9217;-0.0673
0;0.6332;0.4136;-0.7535;-0.2016
2;0.6358;0.3013;-0.6866;-0.2834
0;0.637;0.3014;-0.6544;-0.3342
0;0.6363;0.3126;-0.6728;-0.3768
0;0.6308;0.2879;-0.8157;-0.4531
1;0.6359;0.3436;-0.682;-0.4647
0;0.6312;0.3368;-0.8041;-0.5089
0;0.6406;0.4316;-0.4693;-0.4589
0;0.6486;0.4531;-0.1385;-0.3467
0;0.6492;0.4403;-0.118;-0.2493
0;0.6331;0.3661;-0.7631;-0.3067
0;0.6348;0.399;-0.6969;-0.3344
0;0.632;0.4055;-0.8049;-0.376
0;0.6375;0.577;-0.5888;-0.358
0;0.6349;0.5127;-0.6934;-0.3627
2;0.6227;0.4147;-0.9911;-0.4653
0;0.6275;0.4402;-0.7601;-0.5012
0;0.6226;0.4183;-0.9084;-0.5657
0;0.6221;0.4452;-0.795;-0.6143
0;0.6232;0.4148;-0.7235;-0.637
0;0.6237;0.447;-0.7059;-0.6436
0;0.6179;0.3311;-0.8971;-0.6911
0;0.6257;0.3284;-0.6412;-0.6554
0;0.6244;0.3157;-0.6853;-0.6317
0;0.6199;0.3818;-0.6816;-0.6441
0;0.6235;0.4028;-0.4269;-0.616
0;0.6193;0.3925;-0.7076;-0.6237
1;0.6222;0.3648;-0.4939;-0.5981
2;0.6229;0.3909;-0.4899;-0.5656
0;0.6314;0.5846;-0.1739;-0.4622
0;0.6285;0.5109;-0.3285;-0.4
0;0.6292;0.5734;-0.2947;-0.3415
0;0.6265;0.5463;-0.4528;-0.3144
0;0.6309;0.576;-0.3038;-0.2527
0;0.6399;0.6375;-0.1283;-0.1243
0;0.6435;0.7253;-0.0097;0.0084
0;0.6545;0.74;-0.0529;0.2058
0;0.6558;0.7623;-0.0646;0.3706
0;0.6614;0.8396;0.0;0.544
0;0.6592;0.7985;-0.062;0.656
0;0.6564;0.8193;-0.139;0.7138
0;0.6486;0.709;-0.3573;0.6852
0;0.6476;0.6948;-0.5452;0.6472
0;0.6372;0.5443;-0.7954;0.5218
2;0.6333;0.5363;-0.8742;0.3851
0;0.6274;0.4876;-0.9641;0.2226
0;0.6305;0.5278;-0.8901;0.1187
0;0.6239;0.4532;-0.9821;-0.0204
0;0.6271;0.4063;-0.8913;-0.1025
0;0.6415;0.4871;-0.5786;-0.0444
0;0.6283;0.3392;-0.8455;-0.11
0;0.6361;0.3878;-0.6795;-0.0943
0;0.6564;0.4757;-0.0125;0.0918
1;0.6604;0.5057;-0.1004;0.2708
0;0.6574;0.5047;-0.1798;0.3839
0;0.6389;0.4578;-0.598;0.3114
0;0.6366;0.4528;-0.6485;0.232
0;0.6342;0.4862;-0.703;0.1465
0;0.6449;0.5499;-0.4626;0.1681
2;0.6501;0.599;-0.3455;0.2274
0;0.6555;0.607;-0.2644;0.3181
0;0.6608;0.6596;-0.1288;0.4311
0;0.6656;0.6641;-0.0075;0.5558
1;0.6675;0.6245;-0.0118;0.6649
0;0.6639;0.6874;-0.1059;0.7134
0;0.6642;0.6605;-0.1619;0.7463
0;0.6656;0.5671;-0.1269;0.7765
0;0.6633;0.522;-0.2222;0.7722
0;0.6636;0.548;-0.2638;0.763
2;0.662;0.7434;-0.4008;0.7339
0;0.663;0.7849;-0.456;0.7116
0;0.6689;0.8486;-0.114;0.7366
0;0.6768;0.84;-0.0189;0.8163
0;0.6794;0.8306;-0.0737;0.8924
0;0.6763;0.7468;-0.1859;0.9163
1;0.666;0.5551;-0.5545;0.8379
0;0.6633;0.4751;-0.6506;0.7444
0;0.669;0.5147;-0.4487;0.7108
0;0.6768;0.621;-0.1699;0.743
2;0.6767;0.618;-0.2086;0.7597
0;0.6829;0.6495;-0.0148;0.8173
0;0.6826;0.6737;-0.0258;0.8517
0;0.6808;0.6509;-0.1947;0.8545
0;0.6812;0.6726;-0.1782;0.8515
0;0.6795;0.6466;-0.2409;0.8256
0;0.6693;0.5037;-0.6172;0.7098
2;0.6753;0.4871;-0.396;0.662
0;0.6906;0.5782;-0.0781;0.7473
0;0.6942;0.6244;-0.1281;0.8371
0;0.6962;0.737;-0.0821;0.9156
0;0.6822;0.626;-0.4701;0.8491
1;0.6643;0.4733;-0.7923;0.6356
0;0.6879;0.5539;-0.2566;0.6607
0;0.6908;0.5668;-0.1894;0.6986
0;0.6735;0.4602;-0.5825;0.5742
2;0.686;0.5132;-0.2994;0.5758
0;0.6895;0.5332;-0.22;0.6007
1;0.6662;0.451;-0.7495;0.4161
0;0.6744;0.4841;-0.5169;0.3363
0;0.6725;0.5103;-0.5289;0.2531
0;0.6646;0.4651;-0.6667;0.1179
0;0.6657;0.4109;-0.6374;0.0201
0;0.675;0.4338;-0.4054;0.0211
0;0.6724;0.4184;-0.4535;-3.0E-4
0;0.6631;0.4325;-0.693;-0.0956
0;0.66;0.483;-0.7744;-0.1962
0;0.6684;0.4127;-0.3525;-0.2019
0;0.662;0.3744;-0.5966;-0.259
2;0.6709;0.4878;-0.2638;-0.2252
0;0.674;0.4382;-0.1299;-0.1703
0;0.6801;0.4528;-0.2739;-0.0735
1;0.6837;0.6092;-0.1734;0.0339
0;0.6939;0.6186;-0.0242;0.2049
0;0.6861;0.5776;-0.2159;0.2713
0;0.6799;0.589;-0.3678;0.2682
0;0.681;0.5885;-0.4068;0.272
0;0.6744;0.4968;-0.6031;0.2167
0;0.6758;0.5208;-0.6431;0.1823
2;0.6767;0.5918;-0.6164;0.1609
0;0.6733;0.5895;-0.8631;0.1132
0;0.6744;0.545;-0.8162;0.0844
0;0.6855;0.6648;-0.373;0.155
0;0.6914;0.6496;-0.1341;0.2587
0;0.6767;0.5169;-0.7246;0.2129
0;0.6823;0.5139;-0.5;0.222
1;0.6977;0.5769;-0.1557;0.3577
0;0.6936;0.4981;-0.2814;0.4257
0;0.697;0.5674;-0.1776;0.5037
0;0.6953;0.6006;-0.2295;0.5454
0;0.7094;0.6589;-0.0463;0.6925
0;0.7132;0.7235;-0.0458;0.8333
0;0.731;0.7675;-0.1301;1.0862
0;0.7326;0.7691;-0.104;1.2876
0;0.748;0.8226;-0.0114;1.5636
0;0.759;0.8364;-0.0506;1.8578
0;0.7644;0.8286;-0.0115;2.115
0;0.7632;0.8114;-0.0538;2.2852
0;0.7795;0.9398;-0.0058;2.5337
0;0.7682;0.8506;-0.1397;2.6068
0;0.7712;0.8337;-0.1225;2.662
0;0.7699;0.8562;-0.1573;2.6666
0;0.7606;0.7809;-0.3743;2.5623
0;0.765;0.8008;-0.302;2.4904
2;0.7653;0.7737;-0.4699;2.4097
0;0.7812;0.7978;-0.0663;2.456
0;0.7774;0.7318;-0.2362;2.4343
0;0.7743;0.7048;-0.3722;2.3645
1;0.7689;0.6136;-0.5977;2.2386
0;0.7584;0.4965;-0.9046;2.0268
0;0.7608;0.4801;-0.8158;1.8591
2;0.7662;0.5161;-0.6217;1.7525
0;0.7772;0.4865;-0.2204;1.7433
0;0.7824;0.5873;-0.0296;1.7619
0;0.7865;0.5932;-0.0759;1.7931
1;0.792;0.6277;-0.1555;1.8454
0;0.7984;0.7268;-0.1643;1.9213
0;0.8017;0.7229;-0.1007;1.9883
0;0.7826;0.5856;-0.4753;1.8577
0;0.7837;0.5141;-0.4631;1.7443
0;0.7818;0.5262;-0.4991;1.6211
0;0.7767;0.5141;-0.6018;1.4633
0;0.7933;0.6253;-0.3676;1.4642
2;0.7841;0.6336;-0.6792;1.3714
0;0.7953;0.6641;-0.345;1.3786
0;0.8192;0.7146;-0.2638;1.5725
0;0.8268;0.7065;-0.142;1.7729
1;0.8374;0.7191;-0.0695;2.0023
0;0.8288;0.6627;-0.194;2.089
0;0.8244;0.6256;-0.2582;2.0977
0;0.8223;0.5959;-0.2883;2.0647
0;0.8316;0.6146;-0.1686;2.0956
0;0.8454;0.7509;-0.028;2.2148
0;0.8495;0.7567;-0.0791;2.3197
0;0.8549;0.777;-0.0503;2.4237
0;0.8525;0.7935;-0.1039;2.4595
0;0.8577;0.7734;-0.1103;2.5054
0;0.8543;0.8139;-0.1859;2.4866
0;0.859;0.8024;-0.0816;2.4853
0;0.8713;0.7779;-0.0135;2.5619
0;0.8795;0.7794;-0.0668;2.665
0;0.8755;0.7172;-0.1687;2.6842
0;0.8967;0.8382;-0.0195;2.8508
0;0.8949;0.8606;-0.1061;2.9364
0;0.8952;0.8796;-0.1043;2.9751
0;0.8878;0.7982;-0.2739;2.9108
0;0.9043;0.8038;-0.0389;2.9694
0;0.9065;0.8001;-0.0895;3.0033
0;0.9075;0.7904;-0.2009;3.0065
0;0.8983;0.7349;-0.4055;2.8987
0;0.9114;0.7549;-0.1799;2.8946
0;0.8976;0.687;-0.5481;2.7437
0;0.9132;0.7139;-0.1655;2.728
0;0.903;0.6272;-0.4218;2.5998
0;0.8928;0.5526;-0.6757;2.385
0;0.9044;0.6074;-0.3878;2.2883
0;0.9291;0.6175;-0.022;2.3978
0;0.9268;0.6155;-0.1449;2.4394
0;0.9224;0.5955;-0.2449;2.4086
0;0.9145;0.5937;-0.4224;2.2918
1;0.9261;0.5792;-0.1612;2.274
0;0.9231;0.5598;-0.2689;2.2105
2;0.934;0.5891;-0.0896;2.2293
0;0.9435;0.652;-0.0115;2.3013
0;0.9269;0.5509;-0.3316;2.1927
0;0.9033;0.5173;-0.9455;1.8831
0;0.9063;0.477;-0.6196;1.6454
0;0.887;0.4497;-0.8036;1.2768
0;0.8945;0.5052;-0.699;1.0359
2;0.9133;0.5275;-0.4337;0.9952
0;0.9351;0.5187;-0.1276;1.1373
0;0.9286;0.5055;-0.2181;1.1825
0;0.9359;0.5404;-0.1161;1.2671
1;0.9199;0.5152;-0.3418;1.1842
0;0.9327;0.5187;-0.1466;1.2155
0;0.9446;0.5579;0.0;1.3281
0;0.9461;0.5345;-0.083;1.4158
0;0.949;0.516;-0.1413;1.4937
0;0.9564;0.5919;-0.0405;1.6023
0;0.9689;0.7199;-0.0868;1.7771
0;0.9235;0.5447;-0.6856;1.5104
0;0.9578;0.6713;-0.2718;1.5759
0;0.9449;0.6188;-0.4279;1.5008
0;0.9499;0.5923;-0.3668;1.4687
0;0.9757;0.6004;-0.0568;1.6465
0;0.9696;0.6014;-0.1299;1.7174
1;0.9687;0.5839;-0.1408;1.7474
0;0.9771;0.6524;-0.0393;1.8241
0;0.9695;0.6007;-0.2419;1.8005
0;0.9673;0.5654;-0.2657;1.7435
0;0.9573;0.5307;-0.6088;1.5956
0;0.9501;0.5032;-0.7813;1.4012
0;0.9585;0.5056;-0.6277;1.3041
2;0.9528;0.4552;-0.7329;1.1653
0;0.9673;0.6468;-0.4658;1.1666
0;0.9781;0.5808;-0.2654;1.2477
0;0.9745;0.6274;-0.3322;1.2675
1;0.9703;0.5884;-0.409;1.2343
0;0.9691;0.4638;-0.235;1.1845
0;0.9638;0.4679;-0.3659;1.088
0;0.9592;0.4493;-0.481;0.961
2;0.9493;0.3538;-0.9443;0.7664
0;0.9674;0.4899;-0.3609;0.7589
0;0.9485;0.4235;-0.9678;0.5849
0;0.9355;0.4132;-0.8313;0.331
0;0.9423;0.4685;-0.6932;0.1848
0;0.9536;0.4811;-0.4607;0.1642
0;0.9528;0.5002;-0.4771;0.1393
0;0.9463;0.4089;-0.6088;0.0625
0;0.9575;0.4105;-0.295;0.0965
1;0.9606;0.4393;-0.2238;0.1485
0;0.961;0.4581;-0.2134;0.1917
0;0.9399;0.3886;-0.6968;0.0444
0;0.9404;0.4075;-0.6842;-0.0674
0;0.9555;0.4867;-0.4025;-0.0265
0;0.9464;0.4893;-0.6582;-0.0721
0;0.9563;0.4566;-0.3823;-0.023
2;0.9687;0.5828;-0.1648;0.1211
1;0.9712;0.6607;-0.1033;0.2549
0;0.9659;0.608;-0.2723;0.3128
0;0.9761;0.6037;-0.0395;0.4417
0;0.9851;0.6383;-0.0476;0.6143
0;0.9947;0.7024;0.0;0.8257
0;0.9999;0.6867;-0.0582;1.0275
0;1.0138;0.714;0.0;1.2939
0;1.0534;0.7823;-0.0195;1.8255
0;1.0665;0.9069;-0.0288;2.3362
0;1.0782;0.9132;-0.0777;2.8134
0;1.084;0.908;-0.0878;3.2091
0;1.0621;0.84;-0.2713;3.3004
0;1.0701;0.8382;-0.2211;3.4053
0;1.0837;0.8393;-0.1097;3.5671
0;1.0792;0.8151;-0.1664;3.6187
0;1.0871;0.8482;-0.0924;3.6883
0;1.0813;0.81;-0.2303;3.6545
0;1.07;0.747;-0.6013;3.4933
0;1.0723;0.7356;-0.5742;3.3485
0;1.0731;0.7284;-0.5546;3.2059
0;1.0494;0.6047;-0.9012;2.8585
2;1.0673;0.547;-0.5213;2.7061
0;1.0626;0.4863;-0.6202;2.5178
0;1.0513;0.4034;-0.8545;2.2462
0;1.0424;0.354;-0.8166;1.9334
0;1.0828;0.5642;-0.0463;2.0089
0;1.0744;0.5133;-0.2343;1.9759
0;1.0879;0.513;-0.0145;2.0434
0;1.0762;0.4911;-0.2256;1.9759
0;1.0959;0.5243;-0.0437;2.0688
1;1.1136;0.5842;-0.011;2.2707
0;1.1157;0.625;-0.0357;2.4234
0;1.1062;0.5891;-0.146;2.4369
0;1.1154;0.6064;-0.1262;2.4997
0;1.1749;0.7677;-0.0689;3.0282
0;1.1746;0.7473;-0.0759;3.4093
0;1.1947;0.7841;-0.0163;3.8443
0;1.1828;0.7823;-0.1166;4.0448
0;1.1808;0.8059;-0.1396;4.1429
0;1.1809;0.764;-0.1506;4.1778
0;1.1884;0.8081;-0.1275;4.2243
0;1.2114;0.8175;-0.0378;4.4117
0;1.2093;0.8593;-0.0991;4.4939
0;1.2164;0.8491;-0.0519;4.5714
0;1.2164;0.8318;-0.2097;4.5842
0;1.202;0.7579;-0.4498;4.4232
0;1.2201;0.824;-0.1701;4.403
0;1.2113;0.7736;-0.326;4.2658
0;1.2095;0.6468;-0.3732;4.097
0;1.2171;0.6704;-0.2563;3.9858
0;1.2347;0.6635;-0.0551;4.0048
0;1.2437;0.7553;-0.0759;4.054
0;1.2646;0.8031;-0.3063;4.2267
0;1.252;0.7356;-0.4543;4.2109
0;1.2106;0.56;-0.8643;3.8022
0;1.2149;0.5105;-0.8208;3.4772
0;1.2427;0.5874;-0.5532;3.4201
0;1.2156;0.4982;-0.7881;3.1085
2;1.2319;0.5339;-0.6322;2.968
0;1.2313;0.5686;-0.6375;2.8213
1;1.227;0.5174;-0.6786;2.6393
0;1.2262;0.5388;-0.6865;2.4609
0;1.2064;0.4928;-0.827;2.1267
0;1.2019;0.4631;-0.8348;1.802
0;1.2131;0.4463;-0.6209;1.6226
0;1.2355;0.4808;-0.1948;1.654
0;1.2309;0.415;-0.2817;1.6225
0;1.222;0.4228;-0.4522;1.5044
0;1.2116;0.5031;-0.6504;1.307
1;1.2152;0.5008;-0.5537;1.1686
0;1.2232;0.4314;-0.3926;1.1147
2;1.2313;0.5636;-0.2278;1.1294
0;1.2419;0.5426;-0.294;1.2191
0;1.2383;0.5291;-0.381;1.2465
0;1.2354;0.5352;-0.4726;1.23
0;1.2491;0.5866;-0.2306;1.3204
0;1.2467;0.6746;-0.2742;1.3566
0;1.2506;0.7127;-0.2048;1.4041
0;1.2637;0.7174;-0.0478;1.5384
0;1.2512;0.5738;-0.3278;1.5215
0;1.2423;0.5511;-0.4901;1.4161
0;1.2475;0.6189;-0.3957;1.3622
0;1.2491;0.6908;-0.3659;1.3192
0;1.2578;0.7058;-0.2551;1.3451
2;1.265;0.7037;-0.3162;1.4125
0;1.2842;0.7325;-0.1055;1.6136
1;1.2871;0.7129;-0.0985;1.7789
0;1.299;0.7652;-0.0556;1.9918
0;1.2969;0.7707;-0.1235;2.1206
0;1.286;0.6661;-0.2881;2.1065
0;1.2797;0.6438;-0.3827;2.0195
0;1.2852;0.6489;-0.299;1.9769
0;1.2815;0.5829;-0.4504;1.8905
2;1.2838;0.6682;-0.468;1.8218
0;1.2948;0.766;-0.226;1.8422
0;1.3195;0.8045;-0.0295;2.0482
1;1.2915;0.6466;-0.4815;1.9513
0;1.2489;0.4752;-0.96;1.4928
0;1.2554;0.473;-0.8083;1.1709
0;1.253;0.403;-0.8386;0.8838
0;1.1862;0.2758;-0.8964;0.0813
2;1.1564;0.2063;-0.9313;-0.804
0;1.1448;0.1986;-0.8986;-1.5914
0;1.1249;0.1917;-0.9849;-2.364
0;1.1154;0.1894;-0.9372;-3.0282
0;1.1096;0.1682;-0.8953;-3.569
0;1.1212;0.2059;-0.8203;-3.8586
0;1.1609;0.3019;-0.581;-3.7084
0;1.1622;0.2791;-0.5657;-3.5398
0;1.1896;0.2857;-0.1232;-3.1368
0;1.1777;0.3016;-0.2202;-2.8874
1;1.1903;0.3858;-0.0844;-2.5534
0;1.1963;0.3848;-0.0313;-2.2116
0;1.2007;0.3988;-0.0242;-1.8823
0;1.1801;0.4857;-0.1987;-1.7777
0;1.1908;0.5889;-0.1365;-1.5851
0;1.1791;0.5885;-0.3332;-1.5164
0;1.1911;0.6784;-0.2548;-1.344
0;1.1653;0.6235;-0.8795;-1.4131
2;1.1637;0.6371;-0.9154;-1.4659
0;1.1816;0.6483;-0.5032;-1.3398
0;1.1849;0.5717;-0.4271;-1.1981
0;1.1785;0.5472;-0.5751;-1.1284
0;1.197;0.5225;-0.1608;-0.9047
0;1.1837;0.5184;-0.4614;-0.8312
1;1.1844;0.4808;-0.4468;-0.759
0;1.1814;0.4503;-0.5136;-0.7191
0;1.1663;0.393;-0.6587;-0.8087
0;1.1551;0.4174;-0.8542;-0.9659
2;1.1437;0.3448;-0.9138;-1.1763
0;1.1203;0.3204;-0.9723;-1.5276
0;1.1315;0.3169;-0.842;-1.6931
0;1.1528;0.4605;-0.5955;-1.6252
0;1.1401;0.4302;-0.7372;-1.6622
0;1.1235;0.3269;-0.901;-1.8141
0;1.1372;0.3662;-0.7315;-1.7983
1;1.1267;0.3579;-0.7953;-1.8565
0;1.1344;0.3176;-0.6525;-1.8171
0;1.1399;0.3662;-0.4045;-1.7199
0;1.1354;0.354;-0.5146;-1.6634
0;1.1325;0.354;-0.5865;-1.6262
0;1.1439;0.4319;-0.3056;-1.4821
0;1.1534;0.4949;-0.1178;-1.2725
0;1.1784;0.5987;-0.027;-0.8817
0;1.1793;0.6922;-0.0622;-0.5566
0;1.1837;0.6777;-0.0529;-0.258
0;1.1708;0.5652;-0.3128;-0.1292
0;1.1543;0.5502;-0.5333;-0.166
0;1.1411;0.5633;-0.7106;-0.3056
0;1.1662;0.5964;-0.3744;-0.1993
0;1.1364;0.5288;-0.9812;-0.3663
2;1.122;0.4648;-0.9812;-0.6164
0;1.1328;0.4805;-0.8337;-0.7148
0;1.1422;0.5183;-0.7063;-0.7052
0;1.1585;0.5652;-0.485;-0.5521
0;1.1757;0.5774;-0.25;-0.2789
0;1.1748;0.5544;-0.0951;-0.0686
1;1.1723;0.4826;-0.2191;0.0768
0;1.2007;0.5529;-0.0908;0.4308
0;1.1936;0.5243;-0.1712;0.6451
0;1.1825;0.529;-0.2965;0.7134
0;1.1677;0.5332;-0.476;0.6333
0;1.1799;0.597;-0.334;0.6672
0;1.1859;0.5544;-0.3663;0.7375
0;1.1807;0.6418;-0.5333;0.7414
0;1.1943;0.7327;-0.2737;0.8521
0;1.2129;0.7454;-0.0638;1.0878
1;1.2025;0.6837;-0.2356;1.1739
0;1.2048;0.6543;-0.1974;1.2488
0;1.2068;0.6152;-0.1637;1.3118
0;1.2117;0.6328;-0.0827;1.3891
0;1.2256;0.6771;-0.0544;1.553
0;1.2335;0.6263;-0.0564;1.7323
0;1.2292;0.6402;-0.1527;1.8191
0;1.2128;0.614;-0.4541;1.7285
0;1.2091;0.6707;-0.5506;1.6074
0;1.214;0.6498;-0.5493;1.5373
0;1.1977;0.5475;-0.8959;1.3269
2;1.2104;0.6126;-0.6143;1.2554
0;1.2186;0.5959;-0.4347;1.2547
0;1.2238;0.5484;-0.3184;1.2856
0;1.2401;0.6579;-0.0078;1.4344
0;1.2416;0.6555;-0.1349;1.5489
1;1.2491;0.6706;-0.0098;1.6863
0;1.2501;0.66;-0.0298;1.7852
0;1.2561;0.6361;-0.0187;1.8952
0;1.2559;0.6076;-0.0871;1.9602
0;1.2508;0.6028;-0.1849;1.9474
0;1.2646;0.7529;-0.0917;2.0336
0;1.2778;0.8069;0.0;2.1921
0;1.2751;0.7784;-0.0779;2.271
0;1.2686;0.8548;-0.2621;2.2533
0;1.2395;0.6248;-0.9387;1.9684
0;1.2218;0.5129;-0.9185;1.5732
0;1.2227;0.4954;-0.8918;1.253
2;1.225;0.4299;-0.8553;1.007
0;1.2242;0.4187;-0.8684;0.7955
0;1.2245;0.3766;-0.803;0.6228
0;1.2276;0.3896;-0.7568;0.5068
1;1.221;0.3285;-0.8546;0.3536
0;1.2094;0.2957;-0.9718;0.1311
0;1.1937;0.2704;-0.977;-0.179
0;1.1744;0.1529;-0.9011;-0.5854
0;1.1833;0.1236;-0.7769;-0.824
2;1.1881;0.1592;-0.7103;-0.9624
0;1.176;0.1526;-0.8693;-1.164
0;1.1845;0.2559;-0.7525;-1.2383
0;1.1796;0.2886;-0.8198;-1.3253
1;1.1878;0.3371;-0.7069;-1.3099
0;1.1932;0.3554;-0.5434;-1.2384
0;1.1719;0.2999;-0.8365;-1.3494
0;1.1719;0.2984;-0.7549;-1.4225
0;1.1719;0.281;-0.6187;-1.465
0;1.1839;0.3603;-0.3219;-1.3809
0;1.1971;0.4542;-0.1941;-1.1879
0;1.1933;0.4981;-0.2711;-1.0561
1;1.1777;0.514;-0.5788;-1.073
0;1.1635;0.4203;-0.8608;-1.1956
0;1.1798;0.4693;-0.5385;-1.1415
0;1.1859;0.5382;-0.4176;-1.035
2;1.1992;0.5547;-0.1538;-0.8271
0;1.1712;0.4733;-0.7088;-0.8923
0;1.1498;0.3886;-0.9392;-1.1154
0;1.1387;0.3456;-0.9033;-1.3735
0;1.1374;0.3897;-0.8896;-1.5732
0;1.1306;0.3734;-0.9796;-1.7719
2;1.1303;0.3727;-0.9358;-1.912
0;1.1136;0.2908;-0.9927;-2.1441
0;1.1127;0.2289;-0.9286;-2.312
0;1.1085;0.2285;-0.972;-2.4551
0;1.1209;0.3142;-0.8139;-2.4366
0;1.1004;0.3019;-0.9367;-2.5698
0;1.1144;0.2916;-0.6684;-2.5291
0;1.1217;0.2972;-0.5354;-2.4079
0;1.1233;0.2409;-0.4349;-2.2734
0;1.1202;0.2903;-0.4985;-2.1694
0;1.1343;0.4319;-0.0573;-1.9452
1;1.1541;0.5625;-0.085;-1.5799
0;1.1452;0.53;-0.2243;-1.3503
0;1.1622;0.6124;-0.0353;-1.0115
0;1.1677;0.6284;-0.0265;-0.6864
0;1.1842;0.7427;-0.0407;-0.2834
0;1.1856;0.7498;-0.0329;0.049
0;1.1852;0.7698;-0.0436;0.3072
0;1.1933;0.7626;-0.0189;0.5759
0;1.1958;0.8977;-0.0624;0.8029
0;1.1921;0.8542;-0.1332;0.9416
0;1.182;0.7678;-0.2894;0.9548
0;1.1791;0.7451;-0.4191;0.9307
0;1.1668;0.6893;-0.8004;0.7976
0;1.1711;0.6626;-0.6996;0.7206
2;1.1666;0.5641;-0.8048;0.6144
0;1.1595;0.5739;-0.8827;0.4634
0;1.1901;0.6269;-0.2286;0.5993
0;1.1922;0.6148;-0.1829;0.7181
0;1.1923;0.5449;-0.1575;0.8048
0;1.1869;0.5069;-0.2271;0.8189
0;1.1805;0.4763;-0.3777;0.7668
1;1.1745;0.4042;-0.5175;0.6671
0;1.1839;0.4433;-0.2969;0.6612
0;1.188;0.4806;-0.2009;0.6843
2;1.1956;0.5665;-0.0667;0.7599
0;1.2028;0.6108;-0.0873;0.8722
0;1.1959;0.6432;-0.3014;0.893
1;1.1845;0.5615;-0.5957;0.8028
0;1.1956;0.6256;-0.3086;0.818
0;1.1823;0.5936;-0.6531;0.7076
0;1.1967;0.5313;-0.2823;0.7355
2;1.1974;0.525;-0.2651;0.7559
0;1.1845;0.4666;-0.8557;0.6543
0;1.1593;0.399;-0.9353;0.3534
0;1.1546;0.4043;-0.9453;0.0732
0;1.175;0.5016;-0.5821;0.0245
0;1.1741;0.465;-0.5747;-0.022
2;1.1467;0.3743;-0.9952;-0.2905
0;1.1622;0.4027;-0.6165;-0.3679
0;1.1415;0.3348;-0.9173;-0.6002
0;1.1298;0.3263;-1.0;-0.8763
0;1.12;0.3292;-0.9792;-1.1673
0;1.1372;0.3497;-0.7145;-1.239
0;1.1176;0.339;-0.644;-1.4481
0;1.1186;0.2915;-0.6348;-1.5896
0;1.146;0.3798;-0.3634;-1.4513
0;1.1559;0.4323;-0.1315;-1.2425
0;1.1821;0.5538;-0.011;-0.8431
0;1.1293;0.4514;-0.5608;-0.967
1;1.1347;0.4178;-0.5111;-1.0085
0;1.1367;0.424;-0.4932;-1.014
0;1.1356;0.4746;-0.5034;-1.017
0;1.1494;0.4708;-0.3759;-0.891
2;1.1445;0.5073;-0.512;-0.8241
0;1.1514;0.5546;-0.6023;-0.7043
0;1.1615;0.6047;-0.4452;-0.5164
0;1.1719;0.5909;-0.2839;-0.2744
0;1.1702;0.6513;-0.3112;-0.0959
0;1.1618;0.6196;-0.3445;-0.0249
0;1.1652;0.5612;-0.2933;0.0598
0;1.164;0.5272;-0.3162;0.1156
0;1.1658;0.4342;-0.3222;0.1735
2;1.1725;0.7772;-0.1799;0.2744
0;1.1773;0.7754;-0.0768;0.3914
0;1.2021;0.8268;-0.0769;0.6907
0;1.2052;0.841;-0.1435;0.9453
0;1.2011;0.7797;-0.2122;1.1009
0;1.2221;0.8578;-0.0842;1.3896
0;1.231;0.8603;-0.1206;1.6778
0;1.2318;0.8475;-0.1163;1.8941
0;1.2419;0.847;-0.0607;2.1302
0;1.259;0.8824;-0.0126;2.4389
0;1.2609;0.9514;-0.071;2.6721
0;1.2606;0.9474;-0.0832;2.825
0;1.2567;0.9239;-0.1725;2.8822
0;1.2383;0.7877;-0.4119;2.7403
0;1.2372;0.7691;-0.4522;2.5906
0;1.2343;0.7409;-0.689;2.4207
2;1.2282;0.631;-0.8797;2.2095
0;1.2366;0.6494;-0.7346;2.0903
0;1.2185;0.5732;-0.9306;1.8211
0;1.2127;0.4549;-0.7612;1.5404
0;1.1658;0.27;-0.9911;0.9044
0;1.1539;0.2449;-0.971;0.2929
0;1.1296;0.1636;-0.9863;-0.3983
0;1.1418;0.1385;-0.8819;-0.8346
0;1.1621;0.2264;-0.711;-0.9972
0;1.1697;0.258;-0.6279;-1.0504
0;1.1754;0.2856;-0.5772;-1.0328
0;1.1806;0.3367;-0.5083;-0.9634
1;1.1993;0.4021;-0.1641;-0.7406
0;1.2162;0.4564;-0.0616;-0.4135
0;1.2275;0.4982;-0.0928;-0.0554
0;1.2311;0.487;-0.0596;0.2583
0;1.2373;0.5478;-0.0363;0.5551
0;1.233;0.552;-0.0967;0.7464
0;1.2157;0.6508;-0.2954;0.7424
0;1.2154;0.6999;-0.3492;0.729
0;1.207;0.7805;-0.509;0.6393
0;1.1928;0.682;-0.7939;0.4411
2;1.2113;0.6779;-0.4916;0.4375
0;1.2327;0.7073;-0.142;0.6118
0;1.2303;0.6845;-0.1817;0.722
0;1.224;0.6448;-0.284;0.748
0;1.2268;0.6029;-0.3545;0.7843
1;1.2195;0.5131;-0.4567;0.7419
0;1.2172;0.4554;-0.4877;0.6815
2;1.2232;0.4662;-0.4049;0.6776
0;1.2273;0.4568;-0.348;0.7022
0;1.2384;0.5221;-0.289;0.8086
0;1.2687;0.6954;-0.0785;1.1403
0;1.2591;0.6509;-0.219;1.3085
1;1.254;0.666;-0.2948;1.3835
0;1.2391;0.6629;-0.5138;1.3017
0;1.3061;0.7486;-0.1739;1.7918
0;1.3822;0.8047;-0.0246;2.8052
0;1.3597;0.7437;-0.1505;3.3824
0;1.368;0.7691;-0.1059;3.8719
0;1.3781;0.7753;-0.0515;4.3022
0;1.377;0.7934;-0.0663;4.586
0;1.3899;0.8093;-0.0149;4.8705
0;1.3843;0.7889;-0.049;4.9953
0;1.3803;0.7747;-0.0722;5.0073
0;1.3846;0.769;-0.0655;5.0001
0;1.3921;0.7479;-0.0479;5.0045
0;1.3937;0.7792;-0.075;4.9685
0;1.4091;0.8087;-0.0143;5.0184
0;1.4109;0.8606;-0.0077;5.0196
0;1.4226;0.8186;-0.0654;5.0672
0;1.4469;0.7468;-0.0516;5.257
0;1.4898;0.9296;-0.0369;5.715
0;1.4562;0.7496;-0.2902;5.73
0;1.4529;0.7198;-0.3637;5.6522
0;1.44;0.6732;-0.4957;5.4216
0;1.4279;0.6051;-0.6345;5.0801
0;1.4196;0.5963;-0.7131;4.6869
2;1.4474;0.6616;-0.4879;4.5631
0;1.4641;0.6807;-0.3446;4.5585
0;1.4526;0.6351;-0.5346;4.409
0;1.4537;0.6344;-0.5203;4.2541
0;1.441;0.5723;-0.5867;3.9791
1;1.4563;0.597;-0.3344;3.8504
0;1.4344;0.5241;-0.695;3.5221
2;1.4226;0.4476;-0.8885;3.1262
0;1.4308;0.3504;-0.7539;2.8506
0;1.4264;0.4112;-0.75;2.5658
0;1.4462;0.4819;-0.4551;2.4819
0;1.4541;0.5393;-0.2375;2.4565
0;1.4656;0.6053;-0.0419;2.508
0;1.4503;0.5826;-0.3032;2.3925
0;1.454;0.5204;-0.2403;2.3073
0;1.4381;0.4193;-0.5129;2.0807
0;1.4272;0.4208;-0.7;1.7874
0;1.395;0.3466;-0.9873;1.2642
2;1.3944;0.3701;-0.7797;0.8338
0;1.4008;0.337;-0.7119;0.5403
0;1.437;0.5071;-0.328;0.6108
0;1.4124;0.474;-0.5892;0.4506
0;1.3988;0.4212;-0.7188;0.2046
0;1.4049;0.4473;-0.6516;0.0597
1;1.4204;0.4356;-0.449;0.0768
0;1.4335;0.4498;-0.1565;0.2004
0;1.4433;0.4453;-0.0186;0.3788
0;1.4438;0.4828;-0.0324;0.5201
0;1.4529;0.4971;-0.0713;0.7025
0;1.4421;0.5107;-0.2604;0.7478
0;1.4418;0.5411;-0.2638;0.7731
0;1.4345;0.6285;-0.3537;0.7225
0;1.4302;0.6135;-0.4707;0.6382
0;1.4079;0.5203;-0.7867;0.3758
0;1.4368;0.4992;-0.467;0.4103
0;1.443;0.6036;-0.3581;0.4858
0;1.4228;0.5778;-0.6481;0.3692
0;1.4104;0.5173;-0.8466;0.168
0;1.3966;0.4251;-0.9492;-0.1097
0;1.3909;0.3596;-0.9865;-0.3753
0;1.3882;0.3094;-0.8206;-0.6037
2;1.3754;0.2817;-0.9695;-0.8858
0;1.349;0.2016;-0.948;-1.3232
0;1.3615;0.2707;-0.8307;-1.5474
0;1.3554;0.262;-0.888;-1.7596
0;1.3449;0.2576;-0.9404;-1.9968
0;1.3358;0.2512;-0.9354;-2.2396
0;1.3401;0.3024;-0.8749;-2.3709
0;1.3777;0.3361;-0.34;-2.1301
0;1.3818;0.3282;-0.2195;-1.8832
0;1.3774;0.3601;-0.2138;-1.7057
0;1.3792;0.3971;-0.184;-1.5325
1;1.4014;0.5149;-0.0371;-1.1916
0;1.3911;0.5006;-0.1804;-0.9973
0;1.3895;0.504;-0.202;-0.8473
0;1.3927;0.5563;-0.1588;-0.6928
0;1.3868;0.6417;-0.2404;-0.6144
0;1.3956;0.6314;-0.1786;-0.4713
2;1.3715;0.5547;-0.8135;-0.5578
0;1.3525;0.5242;-0.8958;-0.7816
0;1.3544;0.5623;-0.8632;-0.9336
0;1.348;0.5263;-0.8884;-1.0972
0;1.3309;0.321;-0.9749;-1.36
0;1.3378;0.3355;-0.8693;-1.494
0;1.3568;0.4303;-0.6027;-1.4228
0;1.3621;0.4435;-0.5242;-1.3067
0;1.3372;0.2922;-0.8763;-1.4119
0;1.3329;0.3038;-0.9058;-1.5168
1;1.332;0.3053;-0.8874;-1.5906
0;1.3269;0.2799;-0.9629;-1.6753
0;1.3413;0.3561;-0.6809;-1.602
2;1.354;0.3716;-0.407;-1.4196
0;1.3525;0.4317;-0.438;-1.2737
0;1.3477;0.4807;-0.5368;-1.1862
0;1.3481;0.4747;-0.5271;-1.1007
1;1.3585;0.5408;-0.139;-0.934
0;1.3769;0.6784;-0.1735;-0.636
0;1.3746;0.6476;-0.2112;-0.4146
0;1.38;0.6046;-0.1252;-0.19
0;1.3679;0.525;-0.3365;-0.1131
0;1.3544;0.5806;-0.6489;-0.1663
0;1.3492;0.576;-0.75;-0.2506
0;1.3495;0.5817;-0.7714;-0.312
0;1.3139;0.4527;-0.9811;-0.6585
2;1.3138;0.3881;-0.9654;-0.9253
0;1.3329;0.4182;-0.7169;-0.9641
0;1.328;0.4074;-0.779;-1.0262
0;1.3309;0.4358;-0.7403;-1.0394
0;1.3558;0.5247;-0.412;-0.8273
0;1.3442;0.4543;-0.4528;-0.7503
1;1.3525;0.4165;-0.2431;-0.6109
0;1.3684;0.4807;-0.1052;-0.3596
0;1.3887;0.5249;-0.0156;0.0143
0;1.3994;0.5907;-0.0558;0.3995
0;1.3912;0.6097;-0.1516;0.6296
0;1.4064;0.6608;-0.0316;0.9328
0;1.3908;0.6069;-0.2;1.0291
0;1.3896;0.7382;-0.2402;1.0845
0;1.3733;0.6699;-0.522;0.9783
0;1.3873;0.66;-0.4202;1.0024
0;1.3838;0.6659;-0.5782;0.9818
2;1.3644;0.5907;-0.9846;0.7904
0;1.3357;0.4468;-0.9726;0.3876
0;1.3431;0.4972;-0.7622;0.1289
0;1.3652;0.532;-0.5212;0.111
0;1.3545;0.4639;-0.6381;0.005
0;1.3655;0.4368;-0.5181;0.0146
0;1.3609;0.3917;-0.5677;-0.0166
1;1.3595;0.4071;-0.5832;-0.053
0;1.3816;0.4303;-0.2459;0.1065
0;1.3708;0.4424;-0.2552;0.1397
0;1.3575;0.4132;-0.456;0.051
0;1.3903;0.5421;-0.1117;0.259
0;1.373;0.4653;-0.498;0.2736
0;1.3576;0.4395;-0.6281;0.1512
0;1.3803;0.536;-0.2836;0.2457
0;1.3829;0.6216;-0.2431;0.3402
1;1.3768;0.5872;-0.3372;0.3584
2;1.3783;0.538;-0.314;0.3819
0;1.3604;0.5164;-0.5861;0.2443
0;1.306;0.3667;-0.9878;-0.3279
0;1.2554;0.3039;-0.9837;-1.2048
0;1.2123;0.2632;-0.6027;-2.2485
0;1.1961;0.1957;-0.6588;-3.1844
0;1.2328;0.2914;-0.5318;-3.5765
0;1.2569;0.3528;-0.4484;-3.6427
0;1.27;0.3131;-0.3981;-3.5454
0;1.2456;0.3063;-0.4832;-3.6382
0;1.2147;0.2926;-0.5808;-3.9349
1;1.2451;0.3081;-0.4212;-3.8687
0;1.2488;0.3101;-0.22;-3.744
0;1.2368;0.3051;-0.2819;-3.708
2;1.2755;0.3703;-0.0194;-3.3118
0;1.2644;0.3767;-0.3267;-3.0592
0;1.273;0.4519;-0.29;-2.755
0;1.2836;0.5465;-0.1697;-2.3954
0;1.2813;0.6313;-0.1955;-2.1062
0;1.2992;0.6948;-0.0696;-1.7047
0;1.3077;0.6585;-0.0237;-1.2974
0;1.3101;0.6239;-0.2187;-0.9426
0;1.2972;0.5633;-0.3396;-0.7632
0;1.2965;0.6334;-0.4918;-0.6193
0;1.2771;0.6741;-0.7688;-0.6637
0;1.255;0.529;-0.9928;-0.8793
0;1.2367;0.4674;-0.7981;-1.1952
2;1.2487;0.5321;-0.6991;-1.3294
0;1.2213;0.3445;-0.9254;-1.654
0;1.2272;0.3901;-0.8767;-1.8421
0;1.2482;0.4317;-0.7038;-1.7927
0;1.2449;0.3888;-0.6736;-1.7622
0;1.2635;0.4532;-0.4761;-1.5618
0;1.2774;0.4417;-0.1253;-1.2692
1;1.2832;0.4333;-0.1089;-0.9759
0;1.306;0.49;-0.0673;-0.5411
0;1.3253;0.5668;-0.0261;-0.0294
0;1.3316;0.5812;-0.0423;0.4274
0;1.3409;0.6548;-0.0287;0.8621
0;1.3372;0.719;-0.0624;1.1638
0;1.2793;0.5938;-0.5476;0.898
0;1.3096;0.6239;-0.2942;0.9356
0;1.3116;0.7052;-0.357;0.9723
0;1.3194;0.7078;-0.3538;1.0572
2;1.3238;0.6842;-0.2924;1.1501
0;1.3458;0.7251;-0.112;1.398
1;1.3946;0.7578;-0.0762;1.9926
0;1.3983;0.7477;-0.0741;2.4715
0;1.3983;0.7415;-0.0741;2.8226
0;1.4151;0.7348;-0.0344;3.2116
0;1.4095;0.6928;-0.0793;3.437
0;1.4029;0.6629;-0.1437;3.5215
0;1.4114;0.6616;-0.1158;3.6228
0;1.4145;0.6778;-0.0924;3.6908
0;1.4115;0.9067;-0.1162;3.6801
2;1.4212;0.8933;-0.074;3.7149
0;1.4191;0.8785;-0.1805;3.6849
0;1.4188;0.8696;-0.196;3.6198
0;1.4;0.756;-0.6228;3.3706
0;1.3921;0.6716;-0.7672;3.0709
0;1.3905;0.477;-0.8004;2.7891
2;1.367;0.3546;-0.869;2.3382
0;1.3675;0.3574;-0.8621;1.9622
0;1.3851;0.362;-0.6097;1.7941
0;1.401;0.4641;-0.3807;1.7778
0;1.4221;0.572;-0.0772;1.9252
0;1.4313;0.5743;-0.0304;2.099
1;1.4328;0.5691;-0.1322;2.2267
0;1.4227;0.5398;-0.25;2.2174
0;1.4256;0.5166;-0.2156;2.2118
0;1.4139;0.4819;-0.3511;2.0846
0;1.4093;0.4677;-0.417;1.9231
0;1.395;0.4822;-0.6223;1.6535
2;1.4169;0.5793;-0.479;1.6099
0;1.4094;0.5581;-0.6941;1.495
0;1.396;0.595;-0.7971;1.2746
0;1.4242;0.6573;-0.3312;1.3269
0;1.4237;0.6185;-0.2306;1.3498
1;1.3905;0.471;-0.8663;1.072
0;1.3833;0.3836;-0.7275;0.7806
0;1.4042;0.4238;-0.4274;0.7195
0;1.387;0.3817;-0.675;0.518
2;1.3715;0.3714;-0.8085;0.2218
0;1.4053;0.4558;-0.3694;0.2735
0;1.4205;0.514;-0.1729;0.44
0;1.396;0.4737;-0.5084;0.3589
0;1.3387;0.405;-0.9368;-0.1956
0;1.3513;0.3857;-0.8158;-0.5229
0;1.3655;0.4252;-0.6801;-0.6548
0;1.3816;0.4757;-0.5261;-0.6149
2;1.3765;0.4128;-0.5747;-0.6201
0;1.3862;0.4336;-0.4821;-0.5355
1;1.4132;0.541;-0.2246;-0.2343
0;1.4042;0.5374;-0.3107;-0.0711
0;1.3867;0.4682;-0.4775;-0.0899
0;1.3475;0.4334;-0.8233;-0.4368
0;1.3529;0.4677;-0.8086;-0.659
0;1.3315;0.3654;-0.8538;-1.0094
2;1.2756;0.2701;-0.9677;-1.7485
0;1.2467;0.2663;-0.9896;-2.558
0;1.2488;0.3299;-0.9324;-3.1508
0;1.2652;0.3393;-0.8428;-3.4451
0;1.2287;0.2644;-0.9817;-3.9497
0;1.2391;0.2495;-0.8318;-4.2175
0;1.2049;0.2263;-0.9348;-4.6743
0;1.209;0.2123;-0.9098;-4.9495
0;1.1714;0.1207;-0.8812;-5.433
0;1.1835;0.1571;-0.7875;-5.6536
0;1.1951;0.1967;-0.6865;-5.669
0;1.1893;0.22;-0.6792;-5.6697
0;1.2277;0.3014;-0.3729;-5.2846
0;1.1181;0.2356;-0.9127;-5.8555
0;1.1318;0.301;-0.8013;-6.1268
0;1.1521;0.366;-0.6108;-6.1029
0;1.1658;0.3862;-0.5019;-5.9029
0;1.1271;0.3214;-0.8096;-6.0116
2;1.1688;0.4235;-0.4783;-5.6794
1;1.1855;0.4327;-0.3458;-5.2157
0;1.1754;0.4607;-0.4257;-4.8806
0;1.1458;0.4209;-0.6611;-4.8163
0;1.1401;0.4575;-0.6097;-4.7626
0;1.1263;0.4226;-0.7587;-4.7873
0;1.0496;0.3326;-0.7074;-5.4066
2;1.0515;0.3399;-0.6986;-5.8216
0;1.0899;0.34;-0.5153;-5.7605
0;1.1261;0.5112;-0.3427;-5.344
0;1.138;0.5087;-0.2859;-4.8581
0;1.1147;0.4478;-0.3761;-4.6218
1;1.1363;0.4596;-0.1561;-4.2034
0;1.1315;0.5067;-0.1475;-3.8694
0;1.1188;0.4176;-0.2229;-3.6729
0;1.1307;0.4083;-0.1274;-3.3781
2;1.1437;0.4474;-0.0893;-2.9998
0;1.1439;0.4965;-0.1232;-2.6684
0;1.1611;0.537;-0.1215;-2.2328
0;1.1581;0.5584;-0.158;-1.8913
0;1.1577;0.7753;-0.1627;-1.6056
0;1.1719;0.7885;-0.1193;-1.2435
0;1.1896;0.7652;-0.0389;-0.7947
0;1.1843;0.6852;-0.0897;-0.4778
0;1.1892;0.6705;-0.061;-0.1813
0;1.19;0.7951;-0.1392;0.0608
0;1.2063;0.7864;-0.1088;0.3898
0;1.2229;0.8405;-0.0754;0.7853
0;1.2231;0.9284;-0.0731;1.0902
0;1.2348;0.9283;-0.0567;1.4182
0;1.2651;0.9372;-0.0766;1.9187
0;1.2966;0.9488;-0.051;2.5605
0;1.315;0.9492;-0.0595;3.1951
0;1.3079;0.9266;-0.1081;3.6003
0;1.286;0.8256;-0.2554;3.6956
0;1.2788;0.7815;-0.3607;3.6707
0;1.2708;0.7252;-0.4249;3.5439
0;1.2668;0.7307;-0.4694;3.3728
2;1.2446;0.641;-0.7434;3.0132
0;1.2287;0.5916;-0.8534;2.5632
0;1.2289;0.5578;-0.8415;2.1832
0;1.2229;0.5;-0.8946;1.8097
0;1.2296;0.517;-0.8253;1.5529
0;1.2383;0.5093;-0.7149;1.4081
0;1.2293;0.3927;-0.752;1.2027
0;1.2378;0.2954;-0.6365;1.1004
0;1.2381;0.194;-0.6325;1.0106
0;1.2532;0.2954;-0.4278;1.0573
0;1.2693;0.4349;-0.0563;1.2201
0;1.2665;0.4503;-0.1608;1.3115
0;1.2693;0.4935;-0.1287;1.3927
0;1.2774;0.5431;-0.042;1.5108
0;1.2843;0.6854;-0.1444;1.6462
0;1.2638;0.6574;-0.4499;1.5621
0;1.2655;0.6618;-0.4338;1.4932
0;1.2685;0.7071;-0.3905;1.4485
0;1.2656;0.6694;-0.4324;1.3733
0;1.2897;0.7112;-0.1138;1.5041
0;1.3268;0.8256;-0.0862;1.9066
1;1.3048;0.705;-0.3287;2.0162
0;1.3048;0.7045;-0.3287;2.0811
0;1.2971;0.6412;-0.4128;2.0453
0;1.2824;0.5424;-0.5745;1.8705
0;1.2669;0.5012;-0.8159;1.5815
2;1.2784;0.5262;-0.6772;1.4348
0;1.2899;0.5349;-0.5396;1.4009
0;1.2786;0.4847;-0.7867;1.2641
0;1.304;0.6067;-0.4307;1.3581
0;1.2979;0.584;-0.5056;1.3656
1;1.3117;0.6062;-0.1114;1.4747
0;1.2893;0.5531;-0.5246;1.3544
0;1.309;0.5441;-0.1617;1.4126
0;1.2936;0.4155;-0.4456;1.3126
0;1.2782;0.4303;-0.8131;1.0899
0;1.2498;0.3744;-0.8755;0.6618
2;1.2431;0.376;-0.9623;0.2604
0;1.245;0.4086;-0.8144;-0.0429
0;1.2442;0.4402;-0.8231;-0.288
0;1.2575;0.4453;-0.6747;-0.3653
0;1.2618;0.4242;-0.6214;-0.3851
0;1.261;0.4494;-0.6121;-0.4041
1;1.231;0.2963;-0.9686;-0.669
0;1.2335;0.3168;-0.806;-0.8491
0;1.2378;0.2775;-0.6336;-0.9455
0;1.243;0.3445;-0.5;-0.9676
2;1.2871;0.4369;-0.0247;-0.6003
0;1.2874;0.4805;-0.1696;-0.302
1;1.2979;0.5641;-0.0606;0.0247
0;1.2988;0.6949;-0.0796;0.2902
0;1.2797;0.6325;-0.2965;0.3339
0;1.2678;0.5771;-0.4314;0.2637
0;1.2735;0.5957;-0.3673;0.2536
0;1.2701;0.5443;-0.4306;0.2149
0;1.2624;0.502;-0.5654;0.1166
2;1.2668;0.5195;-0.578;0.0753
0;1.2954;0.7168;-0.1643;0.2846
0;1.2834;0.6578;-0.34;0.3446
0;1.2858;0.6537;-0.3043;0.4089
0;1.3032;0.6788;-0.1307;0.6026
1;1.2346;0.3639;-0.9628;0.1666
0;1.1973;0.304;-0.9713;-0.4951
0;1.209;0.3076;-0.8738;-0.9125
0;1.2392;0.3855;-0.6197;-0.975
0;1.2673;0.477;-0.3836;-0.7752
2;1.2656;0.4957;-0.3984;-0.6246
0;1.239;0.4385;-0.6213;-0.7246
1;1.2389;0.4436;-0.6221;-0.7965
0;1.241;0.4604;-0.6049;-0.8273
0;1.2695;0.5045;-0.0456;-0.6009
0;1.2885;0.4879;-0.111;-0.2547
0;1.2765;0.4879;-0.2313;-0.0811
0;1.2697;0.4721;-0.338;-0.0015
0;1.2837;0.466;-0.183;0.1805
0;1.2919;0.6266;-0.0926;0.3916
0;1.302;0.7629;-0.0463;0.6399
0;1.3141;0.7633;-0.0863;0.9305
0;1.3146;0.722;-0.101;1.1546
0;1.303;0.6164;-0.2672;1.2203
0;1.3024;0.6212;-0.3492;1.2542
0;1.2973;0.7226;-0.4333;1.2236
0;1.3159;0.7577;-0.1302;1.3448
0;1.3267;0.7711;-0.3773;1.5179
0;1.2979;0.5899;-0.7252;1.3939
0;1.3043;0.5542;-0.652;1.3352
0;1.2999;0.5847;-0.7027;1.2375
1;1.2842;0.5494;-0.884;1.0141
0;1.2868;0.5115;-0.8536;0.8497
2;1.2804;0.457;-0.9279;0.6564
0;1.2855;0.4356;-0.9093;0.5403
0;1.2899;0.4006;-0.8551;0.4812
0;1.2941;0.418;-0.8045;0.4652
0;1.3015;0.4938;-0.5069;0.5103
0;1.3086;0.5243;-0.1523;0.6005
1;1.3096;0.5501;-0.1745;0.6735
0;1.3249;0.5377;-0.0665;0.8542
0;1.3283;0.5069;-0.0394;1.0159
0;1.3255;0.66;-0.092;1.1091
0;1.3283;0.6453;-0.1593;1.1941
0;1.3228;0.6366;-0.2872;1.2017
0;1.3282;0.7997;-0.2014;1.2408
0;1.3198;0.7085;-0.4785;1.1875
2;1.3115;0.6917;-0.7568;1.0619
0;1.3084;0.6452;-0.8582;0.9258
0;1.301;0.5676;-0.9099;0.7462
0;1.3076;0.5799;-0.7626;0.6526
0;1.2871;0.4258;-0.9772;0.3975
0;1.2737;0.3318;-0.9571;0.0787
0;1.2781;0.3532;-0.8077;-0.1357
0;1.2905;0.3349;-0.6504;-0.1979
0;1.3085;0.4169;-0.422;-0.092
0;1.3051;0.4145;-0.3196;-0.0369
0;1.3076;0.4135;-0.2063;0.0287
1;1.2646;0.3147;-0.9703;-0.2849
0;1.2803;0.3567;-0.4759;-0.3961
0;1.2669;0.3463;-0.6564;-0.5932
2;1.2562;0.3416;-0.7991;-0.8331
0;1.2571;0.3514;-0.7843;-1.0049
0;1.2466;0.3451;-0.9424;-1.219
0;1.2543;0.3491;-0.8272;-1.3096
0;1.2573;0.4067;-0.7814;-1.3412
0;1.2846;0.5316;-0.3561;-1.1205
0;1.2975;0.5534;-0.0989;-0.8253
0;1.2966;0.5179;-0.1135;-0.5915
1;1.2847;0.4274;-0.3111;-0.5022
0;1.2921;0.4613;-0.1889;-0.3638
0;1.301;0.4811;-0.0407;-0.1749
0;1.2892;0.586;-0.2717;-0.1245
0;1.2962;0.5593;-0.1887;-0.0241
0;1.3025;0.6399;-0.0768;0.1086
0;1.3012;0.6912;-0.1941;0.2012
0;1.3249;0.7411;-0.0476;0.4733
0;1.3226;0.7868;-0.1128;0.6626
0;1.317;0.7404;-0.2237;0.757
0;1.3366;0.7696;-0.1469;0.9896
0;1.3159;0.6115;-0.4984;0.987
0;1.3102;0.5477;-0.5994;0.926
0;1.3123;0.5586;-0.5693;0.8865
0;1.3135;0.6165;-0.5498;0.856
0;1.3184;0.6088;-0.5237;0.8646
2;1.3293;0.6147;-0.323;0.9541
0;1.3399;0.7078;-0.1385;1.1047
1;1.3366;0.6705;-0.1996;1.1832
0;1.3345;0.6402;-0.2374;1.215
0;1.3524;0.6958;-0.1909;1.3791
0;1.3678;0.6752;-0.0498;1.6249
0;1.432;0.797;-0.0439;2.3458
0;1.41;0.7321;-0.2264;2.7026
0;1.4071;0.6918;-0.2496;2.93
0;1.4014;0.7531;-0.3172;3.0295
0;1.4012;0.7784;-0.3189;3.0742
0;1.3849;0.7042;-0.4574;2.9381
2;1.3777;0.6747;-0.5184;2.7388
0;1.373;0.6486;-0.6813;2.5126
0;1.4073;0.6885;-0.3365;2.5992
0;1.4099;0.6759;-0.3089;2.6617
0;1.4385;0.7274;-0.0937;2.926
0;1.4643;0.7618;-0.1423;3.3219
0;1.4725;0.7522;-0.0707;3.6684
1;1.4871;0.7513;-0.0081;4.0262
0;1.4685;0.5951;-0.1604;4.1071
0;1.4519;0.6123;-0.2956;3.9867
0;1.4409;0.5869;-0.3855;3.7562
0;1.451;0.6248;-0.3864;3.6206
0;1.4577;0.6375;-0.3489;3.5317
2;1.4824;0.7282;-0.0667;3.6346
0;1.4846;0.7561;-0.1685;3.6956
0;1.4876;0.7769;-0.1213;3.7297
1;1.4849;0.7213;-0.1638;3.6943
0;1.5035;0.7446;-0.0614;3.7845
0;1.4928;0.6564;-0.2923;3.7246
0;1.5109;0.6406;-0.08;3.7919
0;1.5095;0.6163;-0.0963;3.7929
0;1.5086;0.5741;-0.2199;3.7458
0;1.5094;0.6607;-0.2572;3.6758
0;1.5283;0.7943;-0.0284;3.7415
0;1.5406;0.8805;-0.0758;3.8587
0;1.5516;0.8812;-0.0456;4.0027
0;1.5582;0.8812;-0.0945;4.1301
0;1.5532;0.8159;-0.3393;4.1445
0;1.5315;0.6782;-0.5572;3.9276
0;1.5246;0.6364;-0.6269;3.6562
0;1.5318;0.6674;-0.5542;3.4649
0;1.5485;0.6628;-0.3871;3.4189
2;1.5506;0.723;-0.4089;3.3641
0;1.5614;0.7064;-0.3695;3.3769
0;1.5612;0.7134;-0.3723;3.3495
1;1.5646;0.7265;-0.3224;3.3218
0;1.5614;0.706;-0.3695;3.237
0;1.5477;0.5803;-0.4874;3.0197
0;1.5436;0.5132;-0.5565;2.782
0;1.5435;0.4606;-0.5658;2.5643
