0;0.1086;0.0;-0.594;0.0
0;0.111;1.0;-0.1966;0.0
0;0.1102;0.753;-0.3269;0.0
0;0.1107;0.7889;-0.2372;0.0
0;0.1199;0.9389;-0.037;0.0
0;0.1257;0.9577;-0.0503;0.0
0;0.1241;0.8841;-0.1258;0.0
0;0.1226;0.822;-0.2;0.0
0;0.1258;0.8449;-0.044;0.0
0;0.123;0.7601;-0.1792;0.0
0;0.1154;0.5965;-0.6245;0.0
0;0.1147;0.5843;-0.694;-0.0229
0;0.1124;0.5505;-0.8704;-0.0593
0;0.111;0.531;-0.9565;-0.1014
2;0.1123;0.5458;-0.9032;-0.1247
0;0.1117;0.5097;-0.9388;-0.149
0;0.1106;0.5054;-0.9691;-0.1791
0;0.1113;0.5077;-0.9247;-0.1961
0;0.1108;0.3535;-0.9556;-0.2143
0;0.1111;0.2141;-0.8222;-0.226
0;0.1098;0.2164;-0.9264;-0.2482
0;0.1098;0.2308;-0.8077;-0.2653
0;0.1088;0.105;-0.95;-0.2897
0;0.109;0.1332;-0.7713;-0.3056
0;0.1116;0.3653;-0.4167;-0.2878
0;0.1117;0.3874;-0.2639;-0.2716
0;0.1079;0.347;-0.8918;-0.3011
0;0.11;0.4659;-0.4466;-0.287
0;0.1097;0.4107;-0.4959;-0.2748
0;0.1105;0.4582;-0.3315;-0.2557
0;0.1104;0.492;-0.3562;-0.2389
2;0.1099;0.4466;-0.4603;-0.2273
1;0.1113;0.5158;-0.1671;-0.204
0;0.1156;0.6223;-0.0462;-0.1472
0;0.116;0.6765;-0.1711;-0.0975
0;0.1154;0.655;-0.2289;-0.0621
0;0.1147;0.6669;-0.3203;-0.0397
0;0.1087;0.4939;-0.9297;-0.0721
0;0.1096;0.454;-0.7939;-0.0893
0;0.1128;0.523;-0.4802;-0.075
2;0.1107;0.5598;-0.6914;-0.081
0;0.1118;0.5419;-0.5749;-0.0749
0;0.1143;0.5924;-0.3355;-0.0488
1;0.1136;0.5645;-0.3956;-0.0328
0;0.114;0.5736;-0.3188;-0.0168
0;0.114;0.5844;-0.29;-0.0044
0;0.1164;0.6022;-0.0172;0.0264
0;0.1145;0.4773;-0.2895;0.0341
0;0.1166;0.513;-0.0876;0.0575
0;0.116;0.5132;-0.1911;0.0706
0;0.1161;0.5294;-0.2087;0.0803
0;0.1181;0.7353;-0.1012;0.1041
0;0.1185;0.7295;-0.0811;0.1256
0;0.1216;0.7284;-0.0197;0.1675
0;0.1217;0.8202;-0.0575;0.1996
0;0.1212;0.7795;-0.1304;0.2181
0;0.1242;0.7871;-0.0063;0.2559
0;0.1237;0.7919;-0.1538;0.2787
0;0.1208;0.6724;-0.4774;0.2692
0;0.1215;0.6843;-0.4101;0.2646
0;0.1204;0.604;-0.5414;0.2488
0;0.1213;0.689;-0.5511;0.2419
2;0.1224;0.6712;-0.4498;0.2433
0;0.1221;0.6816;-0.5565;0.2393
0;0.1227;0.6909;-0.4674;0.238
0;0.1213;0.5983;-0.6913;0.2232
1;0.1221;0.606;-0.5609;0.2158
0;0.12;0.4481;-0.8864;0.1894
0;0.1194;0.43;-0.679;0.1622
0;0.1169;0.3842;-0.9656;0.1176
2;0.1185;0.3303;-0.7385;0.0943
0;0.1171;0.3136;-0.8839;0.063
0;0.1171;0.377;-0.8596;0.0383
0;0.117;0.3441;-0.8825;0.017
0;0.1179;0.412;-0.7596;0.0077
1;0.1212;0.4945;-0.1609;0.0283
0;0.1208;0.4485;-0.4639;0.0412
0;0.1235;0.5382;-0.1532;0.0741
0;0.1281;0.6209;-0.2837;0.1377
0;0.1295;0.6817;-0.2;0.1982
0;0.1293;0.6655;-0.2093;0.2424
0;0.1289;0.7228;-0.2349;0.271
0;0.1301;0.7569;-0.1665;0.3008
0;0.1301;0.8623;-0.1757;0.3212
0;0.1306;0.8542;-0.1509;0.3384
0;0.1346;0.9443;-0.0329;0.3825
0;0.1361;0.948;-0.0079;0.4258
0;0.1385;0.9601;-0.0086;0.4753
0;0.1391;0.9596;-0.1345;0.5144
0;0.1409;0.9568;-0.0369;0.5551
0;0.1417;0.9736;-0.0559;0.5881
0;0.1393;0.8633;-0.2498;0.5876
0;0.1391;0.8162;-0.2807;0.5791
0;0.1418;0.8292;-0.0784;0.5892
0;0.1425;0.8425;-0.0644;0.5974
0;0.1451;0.8779;-0.052;0.619
0;0.1471;0.8825;-0.0203;0.6467
0;0.1463;0.8503;-0.1822;0.6544
0;0.1434;0.7518;-0.3722;0.6294
0;0.1472;0.7495;-0.1192;0.6352
0;0.1482;0.7441;-0.0561;0.6411
0;0.1539;0.7748;-0.0071;0.6875
0;0.157;0.7936;-0.0652;0.7434
0;0.1534;0.6934;-0.304;0.7489
0;0.1572;0.7193;-0.0693;0.7775
0;0.1589;0.7828;-0.0016;0.8065
0;0.1602;0.7955;-0.03;0.8315
0;0.1607;0.7823;-0.2053;0.847
0;0.1613;0.781;-0.1937;0.8549
0;0.1557;0.6461;-0.4973;0.8048
0;0.156;0.628;-0.5135;0.7588
0;0.1522;0.5796;-0.828;0.6829
0;0.1539;0.6439;-0.7256;0.6296
0;0.1561;0.6283;-0.5823;0.6002
2;0.1621;0.675;-0.2064;0.6211
0;0.1602;0.5883;-0.3235;0.6153
0;0.1575;0.5066;-0.4963;0.5809
1;0.1605;0.6021;-0.2093;0.5736
0;0.1594;0.5335;-0.293;0.5518
0;0.1585;0.4932;-0.2904;0.5215
2;0.155;0.4231;-0.5654;0.4626
0;0.1579;0.4607;-0.3756;0.4358
0;0.1562;0.4315;-0.7152;0.3955
0;0.1581;0.5358;-0.4861;0.3759
0;0.1571;0.5166;-0.6013;0.3478
0;0.1648;0.6641;-0.0265;0.387
1;0.172;0.7071;-0.0154;0.4751
0;0.1714;0.6815;-0.0711;0.5346
0;0.1689;0.5877;-0.2059;0.5541
0;0.1715;0.6426;-0.1362;0.5857
0;0.1715;0.6908;-0.1385;0.6049
0;0.1737;0.6834;-0.0283;0.6321
0;0.1784;0.7416;-0.0065;0.6871
0;0.1789;0.7609;-0.0909;0.7271
0;0.18;0.84;-0.0579;0.7599
0;0.1789;0.802;-0.1647;0.769
0;0.1814;0.8545;-0.0675;0.7886
0;0.1862;0.8656;-0.028;0.837
0;0.1862;0.8874;-0.0926;0.8656
0;0.1748;0.6212;-0.7426;0.7821
0;0.1778;0.5787;-0.6204;0.7341
0;0.1892;0.6854;-0.1742;0.7846
0;0.1864;0.6821;-0.3433;0.7924
0;0.1832;0.621;-0.5071;0.7636
0;0.1707;0.4933;-0.9862;0.6264
0;0.1749;0.5095;-0.6582;0.5473
0;0.1768;0.4867;-0.5877;0.4956
2;0.1708;0.4385;-0.8071;0.3986
0;0.1752;0.4657;-0.6463;0.3553
0;0.1749;0.4708;-0.6567;0.315
1;0.1736;0.4424;-0.705;0.2687
0;0.1638;0.3446;-0.9454;0.1456
0;0.1619;0.3365;-0.8131;0.0318
0;0.1656;0.4306;-0.6769;-0.0276
0;0.1607;0.3741;-0.7798;-0.1154
0;0.1553;0.2278;-0.9858;-0.2287
0;0.1516;0.2245;-0.7881;-0.3469
0;0.1581;0.311;-0.5925;-0.3813
0;0.1583;0.3857;-0.5863;-0.4026
0;0.1653;0.4152;-0.3681;-0.3562
0;0.1717;0.4579;-0.0229;-0.2616
0;0.1698;0.4912;-0.1045;-0.2001
1;0.1753;0.5006;-0.0029;-0.103
0;0.1713;0.4709;-0.1314;-0.059
0;0.1643;0.4311;-0.36;-0.0834
0;0.1737;0.5742;-0.0543;-0.0219
0;0.1765;0.607;-0.1085;0.0507
0;0.1794;0.6028;-0.0611;0.1318
0;0.1868;0.6866;-0.0635;0.2568
0;0.1772;0.6474;-0.4727;0.2711
1;0.1749;0.6601;-0.5638;0.2603
0;0.1707;0.5894;-0.7324;0.2134
0;0.1771;0.6226;-0.4753;0.2285
0;0.1755;0.572;-0.5388;0.2246
2;0.1773;0.5422;-0.5515;0.2341
0;0.1778;0.5609;-0.5455;0.2429
0;0.1798;0.5368;-0.4438;0.265
1;0.1793;0.5684;-0.4691;0.2752
0;0.1826;0.6674;-0.3106;0.3079
0;0.1824;0.5955;-0.1816;0.3287
0;0.1818;0.561;-0.2166;0.3366
0;0.1868;0.5812;-0.0459;0.3815
0;0.1921;0.5618;-0.0975;0.4582
0;0.1985;0.766;-0.0023;0.5676
0;0.1979;0.8008;-0.1186;0.6433
0;0.2002;0.9057;-0.0266;0.7152
0;0.1988;0.8477;-0.0879;0.7528
0;0.2026;0.9049;-0.0546;0.8061
0;0.2053;0.9075;-0.0073;0.8627
0;0.2046;0.8883;-0.0634;0.8923
0;0.2024;0.8258;-0.1558;0.8877
0;0.2092;0.865;-0.0087;0.932
0;0.2175;0.88;0.0;1.028
0;0.2175;0.8825;-0.1636;1.0921
0;0.2161;0.8676;-0.2299;1.1193
0;0.2102;0.7461;-0.5044;1.0787
0;0.2167;0.7521;-0.2443;1.0905
0;0.2163;0.7091;-0.2625;1.0853
2;0.2197;0.7388;-0.1232;1.0982
0;0.2238;0.7491;-0.0146;1.1316
0;0.2248;0.7755;-0.0329;1.1542
0;0.2208;0.6926;-0.1965;1.1258
0;0.2259;0.7072;-0.0249;1.1349
0;0.2412;0.7843;-0.0689;1.2597
0;0.2409;0.8079;-0.0754;1.3422
0;0.2368;0.7311;-0.2172;1.3583
0;0.2393;0.7018;-0.1554;1.3776
0;0.2398;0.7054;-0.1497;1.3826
0;0.2423;0.7362;-0.1174;1.3928
0;0.2461;0.8366;-0.0084;1.4185
0;0.2428;0.7611;-0.1329;1.3961
0;0.2434;0.769;-0.1116;1.3684
0;0.2412;0.7189;-0.3621;1.3134
0;0.2485;0.7359;-0.0165;1.3179
0;0.2414;0.6419;-0.5032;1.2471
0;0.2273;0.5478;-0.6909;1.059
0;0.2143;0.4238;-0.9942;0.7884
0;0.1992;0.2246;-0.9256;0.4393
0;0.2202;0.3932;-0.5403;0.3377
2;0.2152;0.3896;-0.6319;0.2118
0;0.2129;0.3647;-0.6749;0.0904
0;0.2156;0.3787;-0.6252;0.0168
0;0.2124;0.3515;-0.6832;-0.0682
1;0.2188;0.3674;-0.5667;-0.0805
0;0.2183;0.3775;-0.5084;-0.0937
0;0.2222;0.3981;-0.2238;-0.0692
0;0.2235;0.4141;-0.1867;-0.0381
0;0.2265;0.3884;-0.1159;0.0117
0;0.2335;0.46;-0.0179;0.1103
0;0.2388;0.5637;-0.0341;0.2316
0;0.2361;0.6377;-0.1932;0.3019
0;0.2317;0.7371;-0.3453;0.3171
0;0.233;0.6307;-0.3264;0.3362
0;0.2403;0.7453;-0.0955;0.4103
0;0.2461;0.8041;-0.0074;0.5132
0;0.2517;0.8141;-0.0276;0.6367
0;0.2516;0.8596;-0.0565;0.7262
0;0.2443;0.7298;-0.3859;0.7267
0;0.2473;0.7501;-0.3009;0.7448
0;0.2485;0.7378;-0.252;0.7619
0;0.2467;0.707;-0.3246;0.7515
2;0.2389;0.6024;-0.6265;0.6694
0;0.2371;0.5322;-0.7597;0.582
0;0.2372;0.485;-0.7521;0.5085
0;0.2425;0.561;-0.5277;0.4902
0;0.2512;0.67;-0.1602;0.5443
0;0.2576;0.697;-0.0256;0.6348
0;0.2578;0.6576;-0.0899;0.7011
1;0.2573;0.6117;-0.1802;0.7417
0;0.2589;0.5779;-0.1285;0.7797
0;0.2566;0.5521;-0.2003;0.7821
0;0.2524;0.5907;-0.3333;0.74
0;0.2526;0.5626;-0.364;0.7001
0;0.2333;0.3731;-0.9518;0.4975
0;0.2301;0.3655;-0.7736;0.3061
2;0.2219;0.3624;-0.9688;0.0819
0;0.2324;0.4672;-0.6797;-0.0061
0;0.2306;0.4543;-0.7196;-0.0904
0;0.2237;0.3726;-0.868;-0.2146
0;0.2316;0.3658;-0.6745;-0.2431
0;0.219;0.257;-0.877;-0.3701
0;0.2068;0.2212;-0.9277;-0.5696
0;0.2084;0.236;-0.8846;-0.707
0;0.2091;0.2274;-0.8268;-0.8026
0;0.2016;0.2153;-0.7356;-0.9322
0;0.1802;0.1827;-0.7643;-1.2067
0;0.1757;0.1749;-0.8276;-1.4483
0;0.1684;0.1947;-0.9274;-1.6848
0;0.1684;0.2006;-0.9274;-1.8531
0;0.1704;0.2342;-0.8983;-1.9493
0;0.1713;0.1486;-0.8591;-1.9973
0;0.1754;0.1908;-0.7672;-1.979
0;0.1733;0.2017;-0.8079;-1.9613
1;0.1706;0.1154;-0.8372;-1.9496
0;0.1676;0.1314;-0.7788;-1.9449
0;0.1581;0.1365;-0.9878;-2.0015
0;0.1571;0.1135;-0.8181;-2.0332
0;0.1626;0.1742;-0.5764;-1.99
0;0.1677;0.2544;-0.3715;-1.8912
0;0.1618;0.3281;-0.6084;-1.8438
0;0.1677;0.4269;-0.3741;-1.7369
0;0.1651;0.4671;-0.4726;-1.6556
1;0.1615;0.4353;-0.6049;-1.6051
0;0.1583;0.3899;-0.7065;-1.5753
0;0.1604;0.4039;-0.5529;-1.517
0;0.1575;0.3378;-0.689;-1.4801
0;0.1548;0.3341;-0.7627;-1.4582
0;0.1551;0.3556;-0.7442;-1.4224
0;0.1544;0.3709;-0.7616;-1.3855
0;0.1593;0.5133;-0.5104;-1.2999
0;0.1683;0.6027;-0.1366;-1.1423
0;0.162;0.4946;-0.4284;-1.0597
0;0.1577;0.4084;-0.6247;-1.0196
0;0.1615;0.497;-0.4523;-0.9454
1;0.1613;0.4319;-0.46;-0.8784
0;0.1567;0.4133;-0.6724;-0.8554
2;0.1584;0.4671;-0.5937;-0.8137
0;0.1551;0.4657;-0.7464;-0.8004
0;0.165;0.5417;-0.3415;-0.6971
0;0.1633;0.5543;-0.4345;-0.6229
0;0.1658;0.603;-0.1859;-0.5368
0;0.164;0.5814;-0.3;-0.478
0;0.1642;0.5908;-0.3173;-0.4252
1;0.1721;0.612;-0.0129;-0.3121
0;0.168;0.497;-0.3031;-0.2544
0;0.1727;0.606;-0.0669;-0.1666
0;0.1808;0.7124;-0.0615;-0.0268
0;0.1827;0.7022;-0.1005;0.0995
0;0.1879;0.7316;-0.0293;0.2428
0;0.1817;0.7116;-0.2367;0.3003
0;0.1853;0.7204;-0.1177;0.3727
0;0.1859;0.7644;-0.0966;0.4312
0;0.1937;0.7555;-0.0062;0.539
0;0.1911;0.7432;-0.1685;0.5958
0;0.1964;0.7555;-0.0826;0.6795
0;0.1983;0.7848;-0.0774;0.7544
0;0.202;0.7966;-0.1699;0.8363
0;0.198;0.717;-0.3477;0.8584
0;0.1962;0.7453;-0.4188;0.8514
0;0.2002;0.7425;-0.2841;0.871
0;0.1906;0.5845;-0.7309;0.7957
0;0.1915;0.5769;-0.7407;0.7349
2;0.1922;0.5407;-0.7465;0.6859
0;0.1991;0.663;-0.3954;0.6985
0;0.2002;0.6461;-0.3432;0.7097
0;0.2086;0.6934;-0.0688;0.783
1;0.2179;0.7006;-0.0142;0.9108
0;0.2076;0.6214;-0.3464;0.9142
0;0.211;0.6108;-0.2341;0.9368
0;0.2189;0.6429;-0.0409;1.0112
0;0.2199;0.6294;-0.0516;1.0678
0;0.2232;0.6832;-0.0539;1.1286
0;0.2268;0.7172;-0.0244;1.1955
0;0.2254;0.6853;-0.227;1.2234
0;0.2332;0.8223;-0.0;1.2989
0;0.2344;0.8233;-0.0411;1.3549
0;0.2393;0.8337;-0.0213;1.4264
0;0.2418;0.8226;-0.0165;1.4888
0;0.2366;0.7585;-0.1934;1.4774
0;0.2398;0.7389;-0.1442;1.4799
0;0.2377;0.6708;-0.2491;1.4484
0;0.2438;0.8367;-0.0381;1.4601
0;0.2461;0.8331;-0.0804;1.4736
0;0.2413;0.7262;-0.3441;1.4279
0;0.2458;0.7441;-0.1833;1.4149
0;0.2431;0.6896;-0.3949;1.3665
0;0.2379;0.6023;-0.7385;1.2696
0;0.2409;0.6391;-0.5231;1.2051
2;0.2309;0.4797;-0.8787;1.0567
0;0.2294;0.4566;-0.7505;0.9161
0;0.2347;0.4606;-0.5469;0.8409
0;0.2415;0.4976;-0.2871;0.8305
0;0.2423;0.5491;-0.2584;0.82
0;0.2419;0.519;-0.1973;0.7994
0;0.2445;0.5612;-0.0847;0.7974
1;0.2411;0.475;-0.2011;0.7582
0;0.2402;0.4429;-0.2425;0.7113
0;0.2399;0.4854;-0.2527;0.6648
0;0.2454;0.496;-0.023;0.6677
0;0.2405;0.4747;-0.3547;0.6212
0;0.2353;0.4746;-0.5873;0.5337
0;0.2405;0.4968;-0.3035;0.5035
0;0.2343;0.5345;-0.6437;0.4211
0;0.2245;0.4573;-0.8901;0.2688
2;0.2233;0.393;-0.7135;0.1361
0;0.2291;0.3812;-0.5321;0.0793
0;0.2351;0.4371;-0.3458;0.0842
0;0.2316;0.415;-0.4545;0.0577
0;0.2344;0.4162;-0.3673;0.0599
0;0.2271;0.3912;-0.5361;-0.001
1;0.2243;0.3807;-0.6344;-0.0721
0;0.2245;0.3831;-0.6162;-0.1264
0;0.2298;0.3819;-0.3013;-0.1223
0;0.218;0.3457;-0.8268;-0.2182
0;0.2204;0.3936;-0.6734;-0.2713
0;0.2169;0.3275;-0.8191;-0.3394
0;0.2263;0.4444;-0.4177;-0.3098
0;0.2179;0.453;-0.7721;-0.3547
0;0.2204;0.4796;-0.64;-0.3649
0;0.2269;0.4849;-0.2475;-0.3137
0;0.2326;0.4831;-0.0096;-0.2218
1;0.2258;0.4613;-0.3939;-0.2053
0;0.2288;0.4634;-0.2531;-0.1639
0;0.2236;0.4763;-0.4926;-0.1741
0;0.2253;0.5064;-0.4157;-0.1661
0;0.2198;0.47;-0.6665;-0.2045
2;0.2239;0.4613;-0.5343;-0.1978
0;0.2226;0.5348;-0.6003;-0.2014
0;0.214;0.4558;-0.9906;-0.2754
0;0.2154;0.4894;-0.7388;-0.3182
0;0.2099;0.3768;-0.5494;-0.3955
0;0.2154;0.4805;-0.3979;-0.4056
0;0.206;0.3981;-0.6186;-0.4887
0;0.21;0.3757;-0.5243;-0.515
0;0.2;0.2746;-0.7234;-0.6152
0;0.2035;0.3385;-0.6292;-0.6581
0;0.2071;0.3437;-0.5308;-0.6542
0;0.2059;0.365;-0.4628;-0.6543
0;0.203;0.3327;-0.5362;-0.6727
0;0.1985;0.338;-0.6932;-0.7178
0;0.2081;0.3891;-0.5;-0.6642
0;0.2127;0.4337;-0.2215;-0.5758
0;0.2119;0.4846;-0.2643;-0.507
0;0.2197;0.529;-0.006;-0.3816
0;0.2249;0.6031;-0.1246;-0.2346
1;0.229;0.5953;-0.097;-0.0815
0;0.2323;0.7017;-0.0258;0.0682
0;0.2323;0.6823;-0.041;0.1857
0;0.2277;0.7479;-0.171;0.2369
0;0.2272;0.7249;-0.1974;0.2709
0;0.2248;0.6716;-0.3082;0.2743
0;0.2278;0.7052;-0.2433;0.2995
0;0.2258;0.7181;-0.3689;0.2991
2;0.229;0.7984;-0.3395;0.3231
0;0.2236;0.664;-0.8987;0.292
0;0.225;0.6396;-0.7747;0.2764
0;0.2263;0.662;-0.6576;0.2725
0;0.2251;0.5717;-0.7429;0.2562
0;0.2196;0.4315;-0.9441;0.1945
2;0.2153;0.3218;-0.9048;0.107
0;0.2163;0.2779;-0.7807;0.0454
0;0.2089;0.2299;-0.9754;-0.0667
0;0.2075;0.2487;-0.8725;-0.1657
0;0.2046;0.2343;-0.7394;-0.2669
0;0.1965;0.2067;-0.9286;-0.4123
0;0.1964;0.154;-0.8976;-0.5233
0;0.1978;0.1864;-0.7802;-0.5938
0;0.193;0.1101;-0.8931;-0.6838
0;0.1818;0.0981;-1.0;-0.8418
0;0.1812;0.072;-0.7884;-0.9626
0;0.1656;0.0359;-1.0;-1.1801
0;0.1737;0.1446;-0.6967;-1.27
0;0.1826;0.255;-0.5424;-1.2524
0;0.1698;0.2294;-0.736;-1.3337
0;0.1643;0.2066;-0.8205;-1.4299
0;0.1668;0.2479;-0.7515;-1.4699
0;0.1709;0.2881;-0.6279;-1.4505
0;0.1661;0.2821;-0.7201;-1.4603
0;0.1364;0.2264;-0.8929;-1.7053
0;0.1473;0.2963;-0.7003;-1.7878
0;0.1414;0.2749;-0.8044;-1.8838
0;0.1297;0.2605;-0.9977;-2.0386
0;0.1258;0.2755;-0.9469;-2.1723
0;0.1271;0.2849;-0.7804;-2.2427
0;0.1155;0.2942;-0.9657;-2.3732
0;0.1163;0.2492;-0.9163;-2.4439
0;0.115;0.184;-0.9306;-2.4852
0;0.1254;0.2879;-0.6597;-2.4027
0;0.1429;0.4079;-0.158;-2.1643
0;0.1348;0.3694;-0.3924;-2.0214
0;0.1269;0.3252;-0.5876;-1.9548
0;0.132;0.3648;-0.4621;-1.8383
1;0.1262;0.4502;-0.6051;-1.7763
0;0.1275;0.3937;-0.572;-1.6973
2;0.1185;0.3809;-0.7933;-1.6934
0;0.1255;0.4771;-0.622;-1.6132
0;0.1273;0.5084;-0.5787;-1.518
0;0.1249;0.4873;-0.6562;-1.4472
0;0.1193;0.5226;-0.7968;-1.4232
0;0.1294;0.5703;-0.3359;-1.3033
1;0.1355;0.6046;-0.211;-1.1439
0;0.1439;0.5962;-0.0437;-0.9349
0;0.1394;0.4791;-0.2083;-0.7982
0;0.1386;0.5246;-0.2369;-0.689
0;0.1438;0.6157;-0.0543;-0.5513
0;0.1338;0.5117;-0.4026;-0.5216
0;0.1284;0.5142;-0.5928;-0.5388
2;0.1273;0.4983;-0.6862;-0.5561
0;0.1242;0.5399;-0.8229;-0.5898
0;0.1228;0.4793;-0.8741;-0.6223
0;0.1168;0.425;-0.995;-0.6924
0;0.1249;0.5005;-0.5957;-0.6708
0;0.1169;0.4847;-0.8362;-0.7149
0;0.1142;0.3925;-0.9177;-0.7651
0;0.1165;0.3589;-0.8359;-0.7771
0;0.1118;0.2474;-0.9839;-0.8181
0;0.1043;0.2361;-0.976;-0.9055
0;0.107;0.2691;-0.8382;-0.9417
0;0.1204;0.3475;-0.2341;-0.8463
0;0.1176;0.3834;-0.326;-0.7857
0;0.1231;0.4618;-0.0832;-0.6835
0;0.1201;0.4494;-0.1601;-0.6214
1;0.1152;0.4384;-0.3923;-0.6069
0;0.1198;0.4805;-0.1726;-0.5502
0;0.1242;0.5501;-0.0193;-0.4619
0;0.1184;0.455;-0.282;-0.4369
0;0.1218;0.536;-0.1305;-0.384
0;0.1292;0.6037;-0.0677;-0.2754
0;0.1296;0.5933;-0.207;-0.1832
0;0.1272;0.6132;-0.3152;-0.1289
0;0.1231;0.645;-0.5029;-0.1201
0;0.1273;0.6531;-0.3117;-0.0759
0;0.1228;0.5203;-0.5175;-0.079
0;0.1236;0.554;-0.552;-0.0732
2;0.1155;0.4351;-0.9268;-0.1367
0;0.1159;0.4623;-0.9095;-0.1824
0;0.1166;0.5135;-0.8729;-0.2101
0;0.1111;0.4169;-0.9445;-0.2766
0;0.1119;0.3737;-0.8979;-0.319
0;0.1102;0.4078;-0.9706;-0.3638
0;0.1112;0.3748;-0.9128;-0.3867
0;0.1122;0.2641;-0.8273;-0.3919
0;0.1118;0.2521;-0.8541;-0.3953
0;0.1106;0.2606;-0.8779;-0.4041
0;0.1176;0.4269;-0.0447;-0.3474
1;0.1225;0.4377;-0.1376;-0.257
0;0.1205;0.4687;-0.3288;-0.2001
0;0.1179;0.4237;-0.4881;-0.1753
0;0.1201;0.5725;-0.3542;-0.1353
0;0.1174;0.5219;-0.5293;-0.1257
0;0.1149;0.4757;-0.6835;-0.1379
2;0.1136;0.5406;-0.7598;-0.1565
0;0.1106;0.4798;-0.951;-0.1957
0;0.108;0.4688;-0.8055;-0.2459
0;0.1067;0.4354;-0.8668;-0.2944
0;0.1013;0.361;-1.0;-0.3749
0;0.1073;0.4499;-0.695;-0.3834
0;0.1145;0.5384;-0.3307;-0.3252
0;0.1145;0.4646;-0.3307;-0.276
0;0.1161;0.4208;-0.1056;-0.2201
0;0.1175;0.4627;-0.0614;-0.1619
1;0.122;0.5495;-0.0476;-0.076
0;0.1205;0.5047;-0.119;-0.0208
0;0.1168;0.4931;-0.2899;-0.0087
0;0.1186;0.5447;-0.2077;0.0162
0;0.1205;0.5813;-0.1287;0.0517
0;0.1212;0.6342;-0.2589;0.0855
2;0.125;0.7071;-0.0735;0.1431
0;0.1292;0.7573;-0.0239;0.2229
0;0.1328;0.8746;-0.0348;0.3141
0;0.1267;0.7308;-0.3667;0.3311
0;0.1254;0.6512;-0.4383;0.3299
0;0.1286;0.6793;-0.2645;0.3523
0;0.1285;0.6627;-0.2723;0.3651
0;0.1225;0.5579;-0.6659;0.3204
2;0.1223;0.5029;-0.8314;0.28
0;0.1174;0.4631;-0.9589;0.2042
0;0.1182;0.518;-0.8429;0.1484
0;0.1127;0.43;-0.9733;0.0562
0;0.1169;0.4603;-0.7662;0.0192
0;0.1181;0.4656;-0.6538;-1.0E-4
0;0.1156;0.3925;-0.8004;-0.0369
0;0.1157;0.3303;-0.7915;-0.0643
0;0.1139;0.2509;-0.8642;-0.1002
1;0.1145;0.3108;-0.8009;-0.1227
0;0.1181;0.3946;-0.3979;-0.1084
0;0.1151;0.3045;-0.6365;-0.1215
0;0.1105;0.2698;-0.7195;-0.1695
0;0.1077;0.2936;-0.9263;-0.2296
0;0.1148;0.4131;-0.4051;-0.2138
0;0.1201;0.5306;-0.1184;-0.1546
0;0.1248;0.5706;-0.0161;-0.0659
0;0.1243;0.6376;-0.0854;0.0
0;0.1236;0.5867;-0.1308;0.0464
1;0.1291;0.6282;-0.0017;0.129
0;0.1315;0.6865;-0.0927;0.2132
0;0.1317;0.6863;-0.0879;0.2783
0;0.1316;0.7154;-0.0904;0.3264
0;0.1395;0.7584;-0.021;0.4275
0;0.138;0.7148;-0.148;0.4899
0;0.138;0.7645;-0.1692;0.5338
0;0.1423;0.8699;-0.007;0.5998
0;0.1384;0.8487;-0.1981;0.6123
0;0.1354;0.7568;-0.3682;0.5896
0;0.1362;0.7265;-0.4737;0.5725
0;0.1408;0.7255;-0.1326;0.5921
0;0.146;0.771;-0.1439;0.6456
0;0.1503;0.8049;-0.0097;0.7169
0;0.1535;0.7941;-0.0186;0.7925
1;0.149;0.701;-0.2323;0.8057
0;0.1507;0.7115;-0.1506;0.8221
0;0.1549;0.7367;-0.0247;0.862
0;0.1558;0.6929;-0.0414;0.8915
0;0.1533;0.6773;-0.1562;0.8842
0;0.1524;0.6641;-0.1954;0.8618
0;0.1574;0.6683;-0.1272;0.8768
0;0.1599;0.7484;-0.0757;0.901
0;0.1561;0.7361;-0.3418;0.8784
0;0.1578;0.7409;-0.2475;0.8652
0;0.1574;0.7053;-0.3565;0.8428
0;0.1625;0.7041;-0.1573;0.859
0;0.1605;0.6349;-0.2885;0.8462
0;0.1616;0.6134;-0.2159;0.8362
0;0.1605;0.6776;-0.2885;0.8104
0;0.1621;0.6765;-0.2395;0.795
0;0.163;0.6396;-0.1593;0.7821
0;0.1649;0.6514;-0.0759;0.7791
0;0.1711;0.7636;-0.0132;0.8216
0;0.1719;0.789;-0.0129;0.8535
0;0.1717;0.7459;-0.0923;0.8671
0;0.1672;0.6178;-0.4096;0.8309
0;0.1674;0.7054;-0.3976;0.795
0;0.1679;0.6927;-0.3838;0.7624
0;0.1612;0.5578;-0.8859;0.672
2;0.1548;0.3873;-0.9922;0.5395
0;0.1593;0.4831;-0.7472;0.4674
0;0.1586;0.4586;-0.7847;0.3998
0;0.1641;0.544;-0.4851;0.3888
0;0.1651;0.5375;-0.4285;0.3849
0;0.1631;0.5006;-0.5012;0.3603
1;0.1609;0.4522;-0.5949;0.3185
0;0.1587;0.3341;-0.7306;0.2637
0;0.1694;0.4736;-0.0044;0.3088
0;0.1724;0.5071;-0.1237;0.3661
0;0.175;0.5809;-0.0204;0.4295
0;0.176;0.5877;-0.0063;0.483
0;0.1805;0.6196;-0.0347;0.559
0;0.1807;0.7099;-0.0944;0.6145
0;0.1826;0.831;-0.0199;0.6677
0;0.1862;0.8274;-0.0196;0.7332
0;0.1874;0.846;-0.0702;0.7873
0;0.1864;0.7992;-0.1167;0.8125
0;0.1849;0.7626;-0.2376;0.8114
0;0.1817;0.74;-0.428;0.7747
0;0.1813;0.776;-0.5139;0.7343
0;0.1775;0.7422;-0.9067;0.6618
2;0.1763;0.6182;-0.8957;0.5881
0;0.1767;0.5806;-0.8732;0.5266
0;0.1757;0.5133;-0.9115;0.4641
0;0.176;0.5019;-0.8863;0.4133
0;0.1807;0.5035;-0.5065;0.4084
0;0.178;0.449;-0.7168;0.3771
0;0.1736;0.3471;-0.8807;0.3114
0;0.1765;0.33;-0.6152;0.2807
0;0.1812;0.4031;-0.1959;0.2935
0;0.1845;0.4735;-0.1049;0.3289
0;0.1839;0.4855;-0.1789;0.3481
0;0.1845;0.5456;-0.1373;0.3646
0;0.185;0.56;-0.1553;0.3781
0;0.1814;0.5639;-0.3939;0.3539
0;0.1796;0.5517;-0.5136;0.3155
0;0.1754;0.4826;-0.7861;0.2466
0;0.1778;0.5289;-0.7266;0.2098
0;0.1767;0.5083;-0.8105;0.1691
2;0.1795;0.4825;-0.5996;0.1589
0;0.1844;0.5851;-0.2266;0.1913
0;0.1843;0.6593;-0.2334;0.214
1;0.1903;0.6882;-0.0095;0.2803
0;0.1911;0.6513;-0.0368;0.3366
0;0.1966;0.6726;-0.0153;0.4239
0;0.1981;0.6978;-0.1033;0.5009
0;0.1963;0.6587;-0.1712;0.5409
0;0.2031;0.708;-0.0873;0.6241
0;0.2045;0.7808;-0.0406;0.695
0;0.2073;0.8293;-4.0E-4;0.7673
0;0.2074;0.9206;-0.0396;0.8173
0;0.2073;0.9121;-0.0531;0.847
0;0.2073;0.9414;-0.0555;0.8617
0;0.2109;0.9427;-0.12;0.8945
0;0.2117;0.9351;-0.1056;0.9174
0;0.2156;0.9448;-0.0124;0.9592
0;0.2145;0.8984;-0.0984;0.9722
0;0.2139;0.8786;-0.1927;0.9673
0;0.2124;0.801;-0.3196;0.94
0;0.2144;0.8052;-0.1856;0.9262
0;0.2134;0.8298;-0.2727;0.8967
2;0.211;0.6824;-0.4989;0.8432
0;0.2142;0.707;-0.3531;0.8194
0;0.2182;0.7215;-0.0368;0.8261
0;0.2161;0.6625;-0.2784;0.8046
0;0.2068;0.4926;-0.9816;0.7001
0;0.2125;0.562;-0.5049;0.6588
0;0.2133;0.5303;-0.44;0.6259
0;0.2155;0.5474;-0.253;0.6123
2;0.2192;0.5452;-0.0151;0.627
0;0.219;0.5582;-0.1461;0.6301
1;0.2195;0.5714;-0.1337;0.6296
0;0.2169;0.5568;-0.3064;0.6006
0;0.2195;0.563;-0.1293;0.5938
0;0.2203;0.5858;-0.1867;0.5888
0;0.2179;0.5867;-0.3863;0.5584
0;0.2142;0.4998;-0.7161;0.4965
0;0.214;0.4431;-0.8723;0.4411
0;0.2158;0.4959;-0.7088;0.4079
0;0.2207;0.7165;-0.2601;0.4187
0;0.224;0.6944;-0.0233;0.4517
0;0.2217;0.6353;-0.3214;0.4531
0;0.2236;0.6306;-0.1844;0.4651
1;0.223;0.5688;-0.223;0.4651
0;0.2251;0.6024;-0.0724;0.4774
0;0.2269;0.6207;-0.0425;0.4979
0;0.2356;0.753;-0.0472;0.5825
0;0.2391;0.7584;-0.1028;0.6725
0;0.2397;0.7573;-0.0898;0.7414
0;0.2384;0.7798;-0.1621;0.7768
0;0.239;0.8717;-0.1352;0.8015
0;0.2403;0.8805;-0.1823;0.8237
0;0.2382;0.8197;-0.2724;0.8139
0;0.2363;0.7441;-0.3501;0.7817
0;0.2412;0.7556;-0.1796;0.7896
0;0.2402;0.7866;-0.3194;0.7789
0;0.2401;0.7727;-0.4759;0.7619
0;0.2343;0.658;-0.9805;0.6911
0;0.2396;0.6862;-0.4878;0.6724
0;0.241;0.6828;-0.3512;0.6628
2;0.2462;0.6509;-0.0;0.6921
0;0.2465;0.6161;-0.0305;0.7105
0;0.2452;0.5848;-0.2028;0.7067
1;0.2468;0.6277;-0.0912;0.7094
0;0.2472;0.6259;-0.0648;0.7077
0;0.2462;0.5908;-0.1378;0.6902
0;0.2478;0.6525;-0.0886;0.683
0;0.2469;0.6723;-0.1604;0.6621
0;0.2436;0.5422;-0.5304;0.611
0;0.246;0.5952;-0.3634;0.5842
0;0.2575;0.7069;-0.1846;0.6547
0;0.2655;0.853;-0.1636;0.7711
0;0.2659;0.8348;-0.1516;0.8576
0;0.2642;0.7942;-0.206;0.9029
1;0.2623;0.7232;-0.269;0.9129
0;0.2557;0.6085;-0.4896;0.8549
0;0.2493;0.5425;-0.7042;0.7455
0;0.2544;0.5744;-0.5337;0.6948
2;0.2442;0.4755;-0.8726;0.5612
0;0.2453;0.4925;-0.8384;0.4589
0;0.2445;0.4726;-0.8626;0.3673
0;0.2472;0.5026;-0.7648;0.3138
0;0.2514;0.5618;-0.6006;0.3038
0;0.2518;0.5478;-0.5859;0.2961
1;0.261;0.5299;-0.0783;0.3652
0;0.263;0.476;-0.103;0.4325
0;0.2633;0.4759;-0.0901;0.4839
0;0.2617;0.4759;-0.1549;0.5054
0;0.2649;0.5238;-0.0283;0.544
0;0.2677;0.6201;-0.062;0.5926
0;0.2682;0.7151;-0.0563;0.6287
0;0.2668;0.6549;-0.1261;0.639
0;0.2598;0.7097;-0.4801;0.5804
0;0.259;0.6867;-0.6882;0.5216
0;0.2667;0.7533;-0.207;0.5353
0;0.2649;0.7053;-0.3477;0.5246
2;0.2645;0.6681;-0.3721;0.5078
0;0.2599;0.5933;-0.7236;0.4496
0;0.259;0.4714;-0.79;0.3915
0;0.2552;0.3945;-0.9868;0.3093
0;0.2542;0.3788;-0.9573;0.2331
0;0.2546;0.4014;-0.9288;0.1733
0;0.2505;0.3058;-0.8066;0.0896
0;0.2448;0.2134;-0.9844;-0.0253
0;0.246;0.2271;-0.9308;-0.1055
0;0.2563;0.3934;-0.4626;-0.0803
0;0.2545;0.4404;-0.4573;-0.0746
0;0.2522;0.4258;-0.5749;-0.0888
0;0.2552;0.3597;-0.4109;-0.0736
1;0.2516;0.3448;-0.5691;-0.0917
0;0.2527;0.3641;-0.433;-0.0956
2;0.2486;0.3688;-0.7161;-0.1324
0;0.2532;0.4381;-0.3875;-0.1208
0;0.2568;0.5175;-0.1376;-0.0796
0;0.2596;0.5552;-0.0465;-0.0229
0;0.2618;0.5722;-0.0246;0.0412
0;0.2708;0.6842;-0.0169;0.1676
1;0.2742;0.7772;-0.102;0.2936
0;0.2709;0.7264;-0.2113;0.3622
0;0.2742;0.6866;-0.1007;0.4403
0;0.273;0.6952;-0.1403;0.4871
0;0.2773;0.7535;-0.0224;0.5549
0;0.2777;0.7403;-0.0607;0.6065
0;0.2733;0.7283;-0.2729;0.6033
0;0.2728;0.714;-0.339;0.59
0;0.2746;0.7911;-0.2949;0.5887
0;0.2722;0.7234;-0.7527;0.5608
0;0.2691;0.6462;-0.8582;0.5066
2;0.2729;0.6547;-0.4299;0.4908
0;0.2713;0.612;-0.5361;0.4597
0;0.2668;0.4469;-0.8407;0.3918
0;0.2786;0.5479;-0.0479;0.4344
0;0.2743;0.5359;-0.3336;0.4269
0;0.2696;0.4527;-0.6533;0.3763
0;0.2562;0.3624;-0.9679;0.2189
0;0.2631;0.3888;-0.6786;0.151
0;0.2668;0.4184;-0.5226;0.1276
2;0.2693;0.4692;-0.4171;0.1291
0;0.2582;0.4034;-0.8842;0.0344
0;0.2488;0.345;-0.9285;-0.12
0;0.2523;0.3818;-0.8229;-0.2111
0;0.2538;0.4071;-0.7783;-0.2681
0;0.2581;0.4111;-0.6172;-0.2732
0;0.2488;0.3762;-0.9233;-0.3532
0;0.2532;0.4253;-0.7779;-0.375
0;0.2515;0.3322;-0.835;-0.4029
0;0.2542;0.3728;-0.7078;-0.3979
0;0.2528;0.3893;-0.6807;-0.4015
0;0.2574;0.5089;-0.2954;-0.361
1;0.2596;0.4721;-0.1168;-0.3065
0;0.2635;0.4737;-0.0226;-0.2271
0;0.2624;0.4435;-0.1308;-0.1714
0;0.2629;0.5467;-0.1025;-0.1216
0;0.2613;0.6456;-0.1961;-0.0949
0;0.2597;0.5901;-0.3773;-0.0866
0;0.2553;0.5177;-0.7073;-0.1162
2;0.26;0.521;-0.3561;-0.0986
0;0.2617;0.6764;-0.2254;-0.0689
0;0.2651;0.667;-0.0569;-0.0161
0;0.2708;0.7442;-0.037;0.0738
0;0.2706;0.7219;-0.131;0.1423
1;0.2712;0.7544;-0.0992;0.2
0;0.273;0.7337;-0.0138;0.2586
0;0.2837;0.7876;-0.0313;0.3926
0;0.2838;0.7667;-0.0414;0.4954
0;0.2889;0.815;-0.0704;0.6144
0;0.2913;0.8229;-0.0224;0.7217
0;0.2922;0.8575;0.0;0.8059
0;0.2936;0.8945;-0.0507;0.8757
0;0.29;0.911;-0.1946;0.8911
0;0.2908;0.902;-0.1657;0.9004
0;0.2904;0.887;-0.189;0.8946
0;0.2911;0.8781;-0.2351;0.8864
0;0.2879;0.7704;-0.5569;0.8441
2;0.2912;0.7958;-0.3028;0.8293
0;0.2959;0.8171;-0.0487;0.8486
0;0.2972;0.8148;-0.0826;0.8658
0;0.2936;0.6596;-0.3993;0.8403
0;0.2992;0.7093;-0.089;0.8581
1;0.3011;0.6817;-0.1079;0.8793
0;0.3056;0.7007;-0.0941;0.9248
0;0.3045;0.672;-0.1431;0.9415
0;0.3057;0.6704;-0.1485;0.9553
0;0.309;0.7688;-0.0129;0.9837
0;0.3103;0.7725;-0.0434;1.0072
0;0.3117;0.7899;-0.0842;1.0267
0;0.3109;0.768;-0.1257;1.0241
0;0.3133;0.8492;-0.0097;1.0313
0;0.3139;0.8376;-0.0681;1.0316
0;0.3141;0.8125;-0.062;1.0224
0;0.3183;0.8296;-0.0092;1.0402
0;0.3225;0.9406;-0.0068;1.0787
0;0.3205;0.866;-0.2285;1.0808
0;0.3201;0.8433;-0.2878;1.0674
0;0.3169;0.7142;-0.5;1.0183
0;0.3358;0.8543;-0.0464;1.1296
0;0.3452;0.8769;-0.0107;1.2851
0;0.3509;0.8823;-0.0435;1.4419
0;0.3492;0.8518;-0.0944;1.5355
0;0.3395;0.7189;-0.3395;1.5109
0;0.3389;0.722;-0.3539;1.4706
0;0.348;0.7487;-0.1245;1.5007
0;0.3383;0.654;-0.3705;1.4255
2;0.3451;0.6808;-0.2071;1.409
0;0.3351;0.5921;-0.8237;1.2966
0;0.3317;0.5505;-0.6941;1.1648
0;0.319;0.4926;-0.358;0.9415
0;0.3056;0.4365;-0.4999;0.6413
0;0.3291;0.5452;-0.2325;0.5974
0;0.3323;0.4853;-0.197;0.5843
0;0.3396;0.4757;-0.1189;0.629
0;0.3347;0.4304;-0.1712;0.6165
0;0.3288;0.4155;-0.2049;0.5502
1;0.3294;0.4544;-0.164;0.4966
0;0.327;0.447;-0.1922;0.4286
0;0.3217;0.3793;-0.2534;0.3263
2;0.308;0.3661;-0.6846;0.1259
0;0.3139;0.361;-0.674;0.0168
0;0.3197;0.4283;-0.5421;-0.0205
0;0.3177;0.4344;-0.5878;-0.0666
0;0.3163;0.4854;-0.6208;-0.1144
0;0.3282;0.621;-0.1912;-0.0492
1;0.3328;0.5251;-0.0898;0.0414
0;0.3379;0.5365;-0.1477;0.1559
0;0.342;0.5164;-0.0575;0.2787
0;0.3409;0.5443;-0.0815;0.3633
0;0.3316;0.519;-0.2885;0.3474
0;0.3251;0.4731;-0.5212;0.276
0;0.323;0.475;-0.5771;0.1991
0;0.3151;0.4591;-0.9697;0.069
2;0.3246;0.6071;-0.65;0.0462
0;0.3284;0.5965;-0.5236;0.0607
0;0.3294;0.5692;-0.4912;0.08
0;0.3365;0.6243;-0.251;0.1538
0;0.3462;0.679;-0.0196;0.2934
1;0.3522;0.6543;-0.0336;0.4511
0;0.3551;0.6464;-0.0284;0.5948
0;0.35;0.5796;-0.2402;0.6588
0;0.3548;0.5836;-0.1402;0.7426
0;0.3511;0.5641;-0.2184;0.7692
0;0.3485;0.6163;-0.3164;0.7602
0;0.3455;0.6477;-0.4924;0.7199
2;0.3476;0.6779;-0.4556;0.698
0;0.3319;0.6093;-0.9243;0.54
0;0.3259;0.509;-0.9476;0.3587
0;0.3219;0.4557;-0.853;0.1786
0;0.3199;0.4362;-0.8956;0.0178
0;0.3221;0.3971;-0.8343;-0.0904
0;0.3351;0.4237;-0.5083;-0.0643
0;0.3344;0.368;-0.5037;-0.0494
0;0.3364;0.3598;-0.3934;-0.0204
0;0.3333;0.3711;-0.4693;-0.0229
1;0.3262;0.287;-0.5941;-0.085
0;0.3274;0.3169;-0.5162;-0.1228
0;0.3258;0.3214;-0.5812;-0.1653
0;0.3238;0.3264;-0.6599;-0.2141
2;0.3182;0.2777;-0.7433;-0.2978
0;0.3263;0.4527;-0.4725;-0.2912
0;0.3294;0.5315;-0.427;-0.2571
0;0.3356;0.6178;-0.2399;-0.1749
0;0.3368;0.6474;-0.2039;-0.0981
0;0.3359;0.6236;-0.2297;-0.0439
1;0.3421;0.5715;-0.0419;0.0521
0;0.3381;0.5355;-0.1906;0.0928
0;0.3344;0.4819;-0.2986;0.0926
0;0.3333;0.4995;-0.3312;0.0819
0;0.3393;0.6278;-0.1594;0.1233
0;0.3394;0.6195;-0.3386;0.1554
2;0.3407;0.6507;-0.2714;0.1907
0;0.3391;0.6553;-0.3868;0.2023
0;0.337;0.7057;-0.532;0.1916
1;0.3391;0.661;-0.3823;0.1995
0;0.3361;0.5844;-0.5933;0.1778
0;0.3241;0.374;-0.9737;0.0574
2;0.3262;0.386;-0.6878;-0.0204
0;0.3227;0.3652;-0.8359;-0.1111
0;0.3208;0.2612;-0.9163;-0.1975
0;0.3265;0.3738;-0.6779;-0.2157
0;0.3279;0.4256;-0.5926;-0.2158
0;0.3237;0.3982;-0.7654;-0.2486
0;0.3234;0.3083;-0.7804;-0.2744
0;0.3185;0.2735;-0.9638;-0.3341
0;0.3109;0.2149;-0.9249;-0.4421
0;0.3147;0.2767;-0.6743;-0.49
2;0.3113;0.2702;-0.8237;-0.5512
0;0.313;0.2648;-0.6829;-0.5788
0;0.3142;0.2954;-0.6368;-0.5848
0;0.315;0.3916;-0.6054;-0.5767
1;0.3243;0.481;-0.1955;-0.4847
0;0.3267;0.5409;-0.0953;-0.3868
0;0.3353;0.6305;-4.0E-4;-0.233
0;0.334;0.5744;-0.0718;-0.1199
0;0.3406;0.6138;-0.051;0.0266
0;0.3408;0.6639;-0.1114;0.1434
0;0.3413;0.6707;-0.1005;0.2377
0;0.346;0.7647;-0.0444;0.3493
0;0.3473;0.8988;-0.0385;0.4448
0;0.3501;0.8964;-0.0066;0.539
0;0.3583;0.9749;-0.0036;0.6774
0;0.3568;0.9433;-0.1104;0.766
0;0.367;0.9521;-0.02;0.9141
0;0.3677;0.952;-0.1267;1.027
0;0.3728;0.9483;-0.0087;1.1489
0;0.3743;0.9474;-0.1224;1.2455
0;0.3787;0.943;-0.0432;1.3458
0;0.3772;0.938;-0.1222;1.3978
0;0.3717;0.8213;-0.2927;1.3767
0;0.3723;0.823;-0.2917;1.351
0;0.3676;0.7487;-0.5216;1.2767
0;0.366;0.701;-0.6189;1.191
2;0.361;0.6279;-0.8155;1.0682
0;0.3743;0.6891;-0.2935;1.0734
0;0.3747;0.6454;-0.2808;1.0689
0;0.3747;0.664;-0.2793;1.0543
0;0.381;0.6382;-0.0335;1.085
0;0.3827;0.645;-0.0845;1.1118
1;0.3868;0.6377;-0.0442;1.1561
0;0.3889;0.6417;-0.0752;1.1963
0;0.3917;0.6302;-0.0065;1.2392
0;0.4078;0.7375;-0.007;1.3965
0;0.412;0.8204;-0.0269;1.5415
0;0.401;0.6954;-0.2819;1.5458
0;0.4023;0.7479;-0.2639;1.5442
0;0.401;0.7509;-0.3269;1.5154
0;0.3984;0.7774;-0.4349;1.4541
0;0.4001;0.7312;-0.3833;1.4055
2;0.3991;0.7164;-0.5703;1.3436
0;0.3988;0.7126;-0.5885;1.2781
0;0.3955;0.6345;-0.725;1.1845
0;0.3899;0.5632;-0.9494;1.0514
0;0.3941;0.5634;-0.7174;0.9705
0;0.4008;0.5959;-0.3879;0.9535
0;0.4053;0.6063;-0.1399;0.9677
0;0.4123;0.5416;-0.0989;1.0289
0;0.4109;0.4892;-0.1579;1.0536
1;0.4128;0.6373;-0.0808;1.0783
0;0.4095;0.5799;-0.2555;1.0584
0;0.412;0.6192;-0.1601;1.0529
0;0.4103;0.6311;-0.2276;1.0222
0;0.3991;0.4904;-0.6948;0.8924
0;0.3978;0.4881;-0.807;0.7698
2;0.3907;0.4346;-0.8967;0.6051
0;0.3893;0.4487;-0.8836;0.4569
0;0.3996;0.5747;-0.5467;0.4226
0;0.3974;0.5264;-0.6189;0.3723
0;0.406;0.5401;-0.3373;0.4017
0;0.4;0.4601;-0.4779;0.3697
0;0.4079;0.4664;-0.1744;0.4073
1;0.4081;0.479;-0.1354;0.4348
0;0.4105;0.4829;-0.0416;0.4724
0;0.4031;0.4545;-0.3285;0.4341
0;0.4099;0.4858;-0.0675;0.4571
0;0.4122;0.513;-0.0594;0.4895
0;0.4113;0.5941;-0.1134;0.5021
0;0.4148;0.6268;-0.1324;0.5365
0;0.4123;0.6724;-0.3316;0.5366
0;0.4159;0.7055;-0.2271;0.5618
0;0.4143;0.631;-0.3224;0.5619
0;0.4153;0.6634;-0.2614;0.5648
0;0.4168;0.6129;-0.2389;0.5733
0;0.415;0.6722;-0.469;0.5588
0;0.4151;0.6009;-0.4621;0.5421
0;0.4162;0.6106;-0.4369;0.5331
0;0.4154;0.5692;-0.5597;0.5132
0;0.4175;0.7415;-0.3585;0.5098
0;0.42;0.6986;-0.1082;0.5235
0;0.4213;0.6859;-0.0748;0.5393
0;0.4193;0.6563;-0.283;0.5289
0;0.4207;0.6253;-0.1389;0.527
0;0.4217;0.7145;-0.1412;0.5286
0;0.4214;0.6497;-0.1625;0.5222
0;0.4193;0.6328;-0.3559;0.4937
0;0.4179;0.5668;-0.4864;0.454
0;0.427;0.6892;-0.0574;0.4949
0;0.4292;0.7592;-0.1081;0.5409
0;0.4327;0.7858;-0.0261;0.6011
0;0.4324;0.7685;-0.109;0.6392
0;0.4355;0.8103;-0.0153;0.6887
1;0.4437;0.8405;-0.0356;0.7901
0;0.4426;0.8055;-0.1404;0.8526
0;0.4462;0.8172;-0.0228;0.9234
0;0.4479;0.8673;-0.0379;0.9832
0;0.4515;0.8744;0.0;1.0507
0;0.4413;0.6955;-0.3483;1.0066
0;0.439;0.6675;-0.4319;0.9413
0;0.431;0.6003;-0.7044;0.8121
0;0.4233;0.5417;-0.9681;0.6362
0;0.4372;0.5736;-0.4934;0.6088
2;0.4423;0.5906;-0.3186;0.6242
0;0.4455;0.5887;-0.2102;0.6567
0;0.4447;0.5848;-0.2385;0.6683
0;0.4354;0.4998;-0.5531;0.5921
1;0.4396;0.4728;-0.4106;0.5613
0;0.447;0.5272;-0.1625;0.5938
0;0.4461;0.4992;-0.0699;0.6053
0;0.445;0.4813;-0.1162;0.5983
0;0.4489;0.4836;-0.01;0.62
0;0.4559;0.5972;-0.0695;0.6898
0;0.4602;0.638;-0.0146;0.7739
0;0.464;0.7272;-0.033;0.8645
0;0.4593;0.7588;-0.2063;0.8869
0;0.4623;0.714;-0.1226;0.9206
0;0.4654;0.7034;-0.0382;0.9629
0;0.4663;0.6912;-0.0047;0.994
0;0.4705;0.7235;-0.0672;1.0434
0;0.4642;0.7625;-0.3086;1.0182
0;0.4542;0.6201;-0.8308;0.9024
0;0.4387;0.4395;-0.9673;0.6702
0;0.4439;0.4849;-0.8197;0.5243
0;0.4442;0.495;-0.8102;0.4066
2;0.4511;0.5143;-0.6159;0.3676
0;0.4576;0.5115;-0.4301;0.3886
0;0.4526;0.4494;-0.5736;0.358
1;0.4562;0.448;-0.4702;0.3611
0;0.4658;0.5406;-0.0315;0.4415
0;0.4664;0.5263;-0.0128;0.505
0;0.4604;0.4693;-0.2635;0.4986
0;0.4609;0.4666;-0.2536;0.4927
0;0.4567;0.4141;-0.3948;0.4467
0;0.4491;0.4077;-0.8892;0.3419
0;0.456;0.5118;-0.5772;0.3142
2;0.4581;0.6489;-0.4836;0.3063
0;0.4475;0.5259;-0.7529;0.2074
0;0.4276;0.4074;-0.8941;-0.0422
0;0.4336;0.4018;-0.7633;-0.1876
0;0.4284;0.3337;-0.8755;-0.3437
0;0.4396;0.431;-0.5812;-0.3682
0;0.4421;0.4237;-0.5056;-0.3626
0;0.4395;0.346;-0.5721;-0.3765
1;0.4469;0.3949;-0.3809;-0.3199
0;0.4555;0.474;-0.1635;-0.1997
0;0.454;0.4641;-0.1383;-0.1149
0;0.4547;0.4894;-0.1197;-0.0412
0;0.4517;0.5144;-0.234;-0.0084
0;0.4515;0.4722;-0.2389;0.0163
0;0.4464;0.4308;-0.5121;-0.0079
2;0.442;0.4648;-0.7148;-0.0639
0;0.4391;0.5941;-0.84;-0.1326
0;0.438;0.5392;-0.8886;-0.1948
0;0.438;0.5939;-0.8865;-0.2412
0;0.4341;0.4374;-0.9455;-0.3084
0;0.4286;0.3564;-0.9638;-0.4049
0;0.4307;0.4052;-0.8897;-0.4591
0;0.4355;0.3691;-0.7167;-0.4558
0;0.4307;0.1906;-0.8887;-0.4893
0;0.4243;0.1694;-0.9629;-0.565
0;0.4299;0.2527;-0.5076;-0.5703
0;0.4377;0.3727;-0.2544;-0.5024
0;0.4436;0.4347;-0.1305;-0.3935
0;0.4544;0.5601;-0.1267;-0.2124
0;0.4574;0.6182;-0.0606;-0.042
1;0.454;0.6146;-0.1347;0.0641
0;0.4537;0.6218;-0.1424;0.1441
0;0.4492;0.5817;-0.2396;0.1682
0;0.4536;0.641;-0.143;0.2225
0;0.4486;0.6459;-0.2531;0.2207
2;0.4511;0.6481;-0.2959;0.238
0;0.4529;0.6318;-0.4079;0.2641
0;0.4492;0.643;-0.8702;0.2509
0;0.4491;0.7122;-0.8778;0.2369
0;0.4503;0.6884;-0.7787;0.2336
1;0.4527;0.654;-0.5325;0.249
0;0.4499;0.5683;-0.7715;0.234
0;0.449;0.4254;-0.6319;0.2124
0;0.4412;0.301;-0.9869;0.1264
0;0.4318;0.2625;-0.9636;-0.0218
0;0.4355;0.3186;-0.7436;-0.1072
0;0.4403;0.4117;-0.548;-0.1322
0;0.4412;0.3675;-0.4914;-0.1433
0;0.4343;0.3532;-0.767;-0.2089
0;0.4332;0.3114;-0.758;-0.2674
1;0.4304;0.2678;-0.8654;-0.335
0;0.4363;0.3728;-0.5842;-0.3342
0;0.434;0.3574;-0.6684;-0.3495
0;0.4371;0.3797;-0.3849;-0.3314
0;0.4506;0.4841;0.0;-0.1991
0;0.4476;0.4831;-0.2915;-0.1182
1;0.4484;0.4954;-0.2655;-0.0468
0;0.445;0.5309;-0.3827;-0.0192
0;0.438;0.5518;-0.6204;-0.0567
0;0.4302;0.4581;-0.9663;-0.1516
2;0.4304;0.4159;-0.926;-0.2226
0;0.4295;0.4006;-0.9609;-0.2844
0;0.4222;0.3981;-0.9853;-0.3915
0;0.4231;0.4145;-0.9435;-0.4641
0;0.4307;0.5025;-0.7276;-0.4521
0;0.4233;0.4004;-0.919;-0.5004
0;0.4213;0.4019;-0.7622;-0.5507
0;0.4149;0.3371;-0.9328;-0.6383
0;0.4085;0.1554;-0.8261;-0.7549
0;0.4215;0.3157;-0.3909;-0.729
2;0.418;0.2937;-0.4773;-0.7304
0;0.4291;0.4029;-0.0888;-0.629
0;0.4228;0.4063;-0.3033;-0.5961
0;0.4302;0.5;-0.0795;-0.5013
1;0.4344;0.5232;-0.055;-0.3858
0;0.4328;0.5195;-0.1015;-0.3042
0;0.4349;0.5793;-0.0393;-0.2188
0;0.4447;0.6216;-0.0073;-0.0657
0;0.4527;0.6235;-0.0116;0.1235
0;0.4557;0.6911;-0.065;0.2968
0;0.4628;0.7312;-0.0201;0.4901
0;0.466;0.7948;-0.0083;0.6647
0;0.4586;0.7858;-0.1832;0.7324
0;0.4583;0.7455;-0.2223;0.7752
0;0.4638;0.7974;-0.0704;0.8477
0;0.4635;0.7594;-0.1335;0.8931
0;0.4728;0.8609;-0.0026;0.998
0;0.4843;0.8688;-0.0264;1.1676
0;0.4882;0.8684;-0.0564;1.3225
0;0.5013;0.9049;-0.1966;1.541
0;0.5018;0.903;-0.1885;1.701
0;0.5096;0.9006;-0.0623;1.8751
0;0.5163;0.899;-0.0292;2.0496
0;0.5227;0.9031;-0.0226;2.2193
0;0.5086;0.7548;-0.2473;2.2104
0;0.5076;0.7371;-0.2797;2.1716
0;0.5059;0.788;-0.3575;2.1031
0;0.514;0.81;-0.2486;2.0959
0;0.5039;0.7118;-0.7568;1.9817
2;0.5086;0.7279;-0.5359;1.911
0;0.4889;0.5738;-0.9993;1.6678
0;0.4841;0.4989;-0.7365;1.4173
0;0.4576;0.3777;-0.9963;0.9805
0;0.4846;0.44;-0.577;0.8547
0;0.4712;0.3994;-0.7704;0.6331
0;0.4842;0.4192;-0.5551;0.5618
0;0.4884;0.4099;-0.4843;0.5359
0;0.4967;0.4173;-0.3229;0.5804
0;0.4929;0.4464;-0.3225;0.5771
0;0.4929;0.4493;-0.2841;0.5679
0;0.4743;0.4025;-0.5922;0.3964
0;0.4613;0.3423;-0.9058;0.1469
0;0.4618;0.3665;-0.952;-0.0467
2;0.484;0.4298;-0.3805;-0.0101
0;0.4874;0.4951;-0.2942;0.0473
0;0.4842;0.5004;-0.3765;0.065
0;0.497;0.6372;-0.0465;0.1866
1;0.5052;0.5829;-0.042;0.3507
0;0.5053;0.6529;-0.0503;0.4765
0;0.4986;0.5686;-0.196;0.5138
0;0.4937;0.5247;-0.2987;0.496
0;0.4846;0.4431;-0.4874;0.3999
0;0.492;0.4956;-0.3518;0.3825
0;0.4974;0.5196;-0.301;0.4108
2;0.4977;0.6207;-0.2932;0.4311
0;0.4891;0.6499;-0.5703;0.3693
0;0.4922;0.6596;-0.4742;0.3437
1;0.4983;0.5901;-0.2914;0.3714
0;0.5044;0.6037;-0.1131;0.4407
0;0.5091;0.6493;-0.0258;0.5309
0;0.5189;0.6362;0.0;0.6792
0;0.5333;0.662;-0.0342;0.9112
0;0.5357;0.6708;-0.1847;1.1044
0;0.534;0.7107;-0.2104;1.2304
0;0.5206;0.6457;-0.4129;1.2032
0;0.5238;0.7263;-0.3642;1.1962
0;0.5223;0.6881;-0.4621;1.1656
0;0.5173;0.6236;-0.6361;1.0861
2;0.5144;0.6005;-0.7843;0.9873
0;0.506;0.6026;-0.881;0.8281
0;0.494;0.5098;-0.9966;0.5922
0;0.4853;0.431;-0.9712;0.3261
0;0.4826;0.3801;-0.7289;0.09
0;0.4901;0.3981;-0.568;-0.0338
0;0.4889;0.3234;-0.5795;-0.1406
0;0.4791;0.1623;-0.7171;-0.3065
0;0.5037;0.3443;-0.3716;-0.2249
0;0.5186;0.4336;-0.0697;-0.032
0;0.5211;0.5023;-0.1283;0.1413
0;0.5292;0.5244;-0.0149;0.3448
0;0.5467;0.597;0.0;0.6508
1;0.5441;0.6089;-0.0926;0.8628
0;0.5471;0.6326;-0.0672;1.0454
0;0.5165;0.5358;-0.4824;0.9185
0;0.5122;0.5657;-0.5393;0.7723
0;0.509;0.5894;-0.6977;0.6221
0;0.5257;0.6473;-0.5822;0.6391
0;0.5153;0.5847;-0.8047;0.5576
2;0.519;0.5992;-0.726;0.5187
0;0.5243;0.6535;-0.6122;0.5275
0;0.5247;0.585;-0.605;0.5317
1;0.5244;0.5269;-0.5881;0.5275
0;0.5137;0.4684;-0.69;0.4277
0;0.5149;0.4349;-0.6416;0.3544
0;0.5222;0.3766;-0.3369;0.3551
0;0.5185;0.3726;-0.5618;0.3208
0;0.5179;0.3515;-0.5933;0.2847
0;0.5263;0.5649;-0.1916;0.3248
1;0.5121;0.4998;-0.8721;0.2325
0;0.4991;0.4483;-0.887;0.0467
0;0.4983;0.3284;-0.85;-0.1068
0;0.4914;0.3431;-0.9644;-0.2855
0;0.5038;0.4105;-0.6433;-0.318
2;0.4985;0.3484;-0.7795;-0.3849
0;0.489;0.3109;-0.9412;-0.5145
0;0.4858;0.3013;-0.9982;-0.6382
0;0.4781;0.311;-0.9263;-0.7942
0;0.4878;0.3683;-0.697;-0.8261
0;0.4755;0.2832;-0.9655;-0.9472
0;0.471;0.2812;-0.991;-1.0702
0;0.4873;0.3768;-0.5399;-1.0177
0;0.4835;0.321;-0.6449;-0.9976
0;0.4952;0.4276;-0.3214;-0.8723
0;0.5026;0.5158;-0.0417;-0.7013
0;0.5049;0.5291;-0.1297;-0.5396
1;0.5092;0.5808;-0.1027;-0.3702
0;0.5065;0.5137;-0.165;-0.2554
0;0.5041;0.5286;-0.2212;-0.1827
0;0.5061;0.5952;-0.1738;-0.1063
0;0.51;0.6332;-0.1064;-0.0124
0;0.5077;0.6731;-0.1744;0.0422
0;0.5037;0.6;-0.4197;0.0514
0;0.4926;0.6089;-0.866;-0.0367
0;0.491;0.6316;-0.9327;-0.1195
0;0.4936;0.5511;-0.8217;-0.1605
2;0.4952;0.5975;-0.7458;-0.1781
0;0.513;0.6349;-0.0081;-0.0389
0;0.5136;0.5932;-0.0433;0.0766
0;0.5164;0.5961;-0.027;0.1899
1;0.5226;0.6086;-0.01;0.3297
0;0.5267;0.6601;-0.0815;0.4716
0;0.5217;0.6337;-0.2053;0.5355
0;0.5249;0.6401;-0.129;0.6075
0;0.5247;0.6167;-0.1385;0.6564
0;0.5328;0.6822;-0.0397;0.7565
0;0.5357;0.7351;-0.0452;0.8517
0;0.5416;0.8912;-0.0196;0.9681
0;0.5473;0.9221;-0.0131;1.0975
0;0.5464;0.9065;-0.213;1.1805
0;0.5483;0.9071;-0.1656;1.25
0;0.5475;0.8562;-0.1909;1.2839
0;0.546;0.8282;-0.2335;1.2842
0;0.5439;0.7836;-0.3273;1.2534
0;0.5502;0.7843;-0.1627;1.2696
0;0.556;0.791;-0.0178;1.3175
0;0.5542;0.8462;-0.1936;1.3262
0;0.5445;0.684;-0.871;1.2371
0;0.5538;0.7323;-0.3116;1.2319
1;0.5447;0.5937;-0.8623;1.1378
0;0.5787;0.7274;-0.2177;1.3403
0;0.5761;0.6887;-0.2744;1.4633
0;0.5795;0.6809;-0.2003;1.5738
0;0.5869;0.7119;-0.0413;1.7071
0;0.5914;0.7193;-0.0455;1.8322
0;0.591;0.7231;-0.071;1.9081
0;0.5897;0.724;-0.0981;1.936
0;0.5956;0.7547;-0.0079;1.9875
0;0.6011;0.7528;-0.0222;2.0541
0;0.6074;0.7542;-0.0346;2.1383
0;0.6176;0.7892;-0.0033;2.2683
0;0.6389;0.8891;-0.0676;2.5279
0;0.6393;0.8803;-0.0804;2.7084
0;0.6512;0.9619;-0.0242;2.9228
0;0.6601;0.9513;-0.0018;3.1361
0;0.6448;0.8343;-0.3958;3.1413
0;0.6507;0.8381;-0.3404;3.1619
0;0.6505;0.8248;-0.355;3.1436
0;0.667;0.844;-0.1854;3.2359
0;0.6647;0.8291;-0.2341;3.2543
0;0.669;0.8456;-0.2165;3.2711
0;0.6768;0.8481;-0.0978;3.3159
0;0.6812;0.8465;-0.0654;3.3528
0;0.6937;0.8543;0.0;3.4524
0;0.7028;0.853;-0.0848;3.5716
0;0.7054;0.826;-0.0607;3.6499
0;0.7063;0.827;-0.0632;3.6807
0;0.6908;0.6864;-0.3413;3.5337
0;0.687;0.6333;-0.4586;3.3485
0;0.6876;0.7477;-0.4526;3.1718
0;0.7022;0.7709;-0.1944;3.1232
0;0.7063;0.7813;-0.095;3.0868
2;0.7152;0.7631;0.0;3.1004
0;0.736;0.8243;-0.0015;3.2554
1;0.7639;0.8552;-0.0655;3.5791
0;0.7586;0.8125;-0.1725;3.7519
0;0.7587;0.8061;-0.1723;3.8484
0;0.7788;0.8171;-0.0078;4.0543
0;0.7851;0.8132;-0.0112;4.227
0;0.7806;0.7822;-0.0922;4.2801
0;0.7765;0.7572;-0.1549;4.2418
0;0.7722;0.8257;-0.2171;4.1305
0;0.7864;0.8668;-0.0495;4.1191
0;0.7961;0.8752;-0.044;4.1489
0;0.8002;0.8654;-0.0881;4.163
0;0.7901;0.7993;-0.2667;4.0445
0;0.7768;0.7131;-0.6759;3.7949
0;0.8015;0.7206;-0.0941;3.7678
0;0.8153;0.6915;-0.0764;3.824
0;0.8089;0.685;-0.2089;3.7726
0;0.821;0.7108;-0.0243;3.7952
0;0.8243;0.6737;-0.081;3.8007
0;0.8142;0.608;-0.3378;3.6791
0;0.8113;0.6153;-0.3865;3.5196
0;0.8069;0.6136;-0.4609;3.3189
0;0.7841;0.5391;-0.8417;2.9327
0;0.7516;0.3979;-0.9714;2.3213
2;0.7899;0.4844;-0.4758;2.1402
0;0.7882;0.4694;-0.4947;1.9598
0;0.7611;0.432;-0.7846;1.5671
0;0.7424;0.4214;-0.9652;1.0821
0;0.7407;0.3449;-0.8274;0.6745
0;0.7259;0.2729;-0.9355;0.2206
0;0.7903;0.4636;-0.2794;0.4074
0;0.7873;0.4315;-0.2439;0.525
0;0.7812;0.4134;-0.2644;0.5604
0;0.7566;0.3905;-0.5559;0.3732
0;0.7542;0.3913;-0.5842;0.2013
1;0.7592;0.4094;-0.5083;0.1062
2;0.7538;0.4383;-0.5743;-0.0156
0;0.7323;0.4589;-0.8373;-0.2937
0;0.7378;0.3709;-0.7702;-0.4631
0;0.7361;0.3711;-0.8406;-0.6059
0;0.7374;0.4328;-0.8133;-0.701
0;0.7392;0.49;-0.7515;-0.7538
0;0.7342;0.4801;-0.7988;-0.8292
1;0.7232;0.4916;-0.9842;-0.9732
0;0.7167;0.1342;-0.9642;-1.1319
0;0.7075;0.1264;-0.8999;-1.3228
0;0.6868;0.1112;-1.0;-1.6347
0;0.6872;0.1425;-0.8473;-1.8603
0;0.7272;0.3998;-0.2719;-1.6784
0;0.7216;0.3612;-0.3521;-1.5647
0;0.7392;0.4506;-0.0991;-1.3091
0;0.7324;0.5003;-0.2058;-1.1514
1;0.7285;0.4645;-0.2616;-1.0483
0;0.7414;0.5186;-0.0779;-0.8462
0;0.7504;0.5431;-0.0142;-0.6022
0;0.7485;0.5311;-0.0636;-0.4194
0;0.7268;0.4778;-0.3458;-0.455
0;0.7311;0.5245;-0.3627;-0.4419
0;0.7292;0.5402;-0.5658;-0.443
0;0.7404;0.6042;-0.3042;-0.3442
2;0.7407;0.6962;-0.2964;-0.2599
0;0.7519;0.7183;-0.0358;-0.0962
1;0.74;0.5534;-0.4333;-0.0668
0;0.7465;0.6028;-0.3085;0.012
0;0.7413;0.5096;-0.4085;0.0299
0;0.7405;0.5392;-0.4243;0.0368
0;0.7438;0.5752;-0.3592;0.0704
2;0.7589;0.5841;-0.0902;0.2242
0;0.761;0.5549;-0.1057;0.361
0;0.7589;0.5532;-0.1828;0.4465
0;0.7484;0.6252;-0.5292;0.4204
0;0.7542;0.6314;-0.3391;0.4441
0;0.7395;0.5511;-0.8253;0.3335
0;0.7411;0.5041;-0.7902;0.2566
2;0.7443;0.5192;-0.6816;0.2205
0;0.7373;0.4187;-0.859;0.1298
0;0.7566;0.5854;-0.246;0.2214
0;0.7677;0.604;-0.0341;0.3849
0;0.7766;0.6671;-0.0172;0.5854
0;0.7902;0.71;-0.0903;0.8529
0;0.785;0.6709;-0.1736;1.0099
1;0.7954;0.6574;-0.0092;1.211
0;0.788;0.6114;-0.2149;1.2942
0;0.7831;0.5979;-0.2846;1.3043
0;0.7759;0.6143;-0.3865;1.2377
0;0.7838;0.621;-0.3266;1.2388
0;0.7863;0.7122;-0.3573;1.2479
2;0.7863;0.708;-0.4755;1.2421
0;0.7855;0.6934;-0.5006;1.2169
0;0.7959;0.7671;-0.2041;1.2728
1;0.7829;0.6272;-0.5726;1.1931
0;0.7823;0.5788;-0.4988;1.1125
0;0.7785;0.5111;-0.5221;1.0052
0;0.7449;0.2898;-0.8904;0.6247
0;0.7448;0.3043;-0.8924;0.3172
2;0.7581;0.3237;-0.6657;0.1847
0;0.7709;0.4231;-0.4481;0.1869
0;0.7913;0.5324;-0.1012;0.3597
0;0.7862;0.5412;-0.2067;0.4485
0;0.7874;0.5155;-0.1856;0.5245
1;0.7977;0.5453;-0.0475;0.6657
0;0.8066;0.5752;-0.0423;0.8453
0;0.8044;0.57;-0.0744;0.9598
0;0.8031;0.5284;-0.0941;1.0282
0;0.8077;0.6047;-0.03;1.1101
0;0.8089;0.612;-0.017;1.1736
0;0.8197;0.6636;0.0;1.3028
0;0.8219;0.9077;-0.1691;1.4094
0;0.8208;0.8981;-0.1901;1.4689
0;0.828;0.8911;-0.0765;1.5611
0;0.8433;0.8941;-0.0022;1.7472
0;0.8655;0.8961;0.0;2.0634
0;0.8536;0.8362;-0.3115;2.1902
0;0.8703;0.858;-0.1053;2.4084
0;0.8622;0.7839;-0.218;2.4858
0;0.863;0.7673;-0.2258;2.5269
0;0.8792;0.8124;-0.0977;2.6701
0;0.878;0.8139;-0.1143;2.7448
0;0.8763;0.7945;-0.1469;2.7599
0;0.8638;0.7148;-0.4042;2.6365
0;0.8656;0.6931;-0.4771;2.5264
0;0.8782;0.718;-0.1801;2.5204
2;0.8721;0.691;-0.3248;2.4365
0;0.8799;0.6925;-0.1817;2.4113
0;0.8854;0.6682;-0.0758;2.4119
0;0.8623;0.4875;-0.7892;2.1913
0;0.8595;0.5252;-0.8473;1.9705
0;0.8715;0.5053;-0.4947;1.8773
0;0.8887;0.6092;-0.0854;1.9296
0;0.8995;0.6391;-0.1391;2.042
0;0.9105;0.6244;-5.0E-4;2.2027
0;0.9133;0.6381;-0.0091;2.3295
1;0.9135;0.6476;-0.0394;2.4068
0;0.9091;0.6918;-0.1102;2.4046
0;0.9109;0.6918;-0.1015;2.3927
0;0.8988;0.5875;-0.291;2.2552
0;0.8764;0.5161;-0.6426;1.9325
0;0.8655;0.4473;-0.9093;1.5654
2;0.8865;0.5038;-0.5311;1.4379
0;0.868;0.5192;-0.8491;1.1651
0;0.858;0.495;-0.9405;0.8526
0;0.8605;0.4621;-0.8041;0.6187
0;0.8737;0.4471;-0.6178;0.5398
0;0.8676;0.3838;-0.7032;0.4206
0;0.8491;0.2875;-0.9564;0.1652
0;0.8304;0.2415;-0.9636;-0.1969
0;0.8273;0.2359;-0.7902;-0.5058
0;0.8339;0.2726;-0.7039;-0.6878
0;0.8173;0.2401;-0.921;-0.9654
0;0.8194;0.2665;-0.8842;-1.1561
0;0.8259;0.3365;-0.7789;-1.2383
0;0.8455;0.4386;-0.4824;-1.1239
0;0.8387;0.3395;-0.5846;-1.079
0;0.8232;0.3463;-0.7859;-1.1645
1;0.7935;0.3052;-0.9949;-1.4712
0;0.825;0.4087;-0.4346;-1.4301
0;0.7981;0.3184;-0.9134;-1.6108
2;0.8026;0.3427;-0.833;-1.6978
0;0.7931;0.3583;-0.9155;-1.8288
0;0.7859;0.3805;-0.7896;-1.9738
0;0.7746;0.3643;-0.8829;-2.1629
0;0.7762;0.3475;-0.8642;-2.2755
0;0.7505;0.3317;-0.9695;-2.5581
0;0.7607;0.3579;-0.8372;-2.6672
0;0.7584;0.3329;-0.8664;-2.7444
0;0.7294;0.2256;-0.9701;-3.0224
0;0.7029;0.2064;-0.9722;-3.434
0;0.7151;0.2629;-0.8439;-3.6185
0;0.7095;0.294;-0.8824;-3.7724
0;0.7096;0.1655;-0.862;-3.8529
0;0.7018;0.186;-0.9525;-3.9422
0;0.687;0.1468;-0.9581;-4.0956
0;0.6897;0.1704;-0.7335;-4.1502
0;0.7395;0.3835;-0.2712;-3.727
0;0.7332;0.3934;-0.1981;-3.4075
0;0.7342;0.3916;-0.1548;-3.111
0;0.747;0.4903;-0.0075;-2.7356
1;0.7706;0.5255;-0.0056;-2.2108
0;0.7644;0.5151;-0.0666;-1.8266
0;0.762;0.595;-0.0883;-1.525
0;0.7704;0.7197;-0.0553;-1.1999
0;0.765;0.6703;-0.1014;-0.9764
0;0.7662;0.6991;-0.1535;-0.7799
2;0.7527;0.6382;-0.4684;-0.7315
0;0.7043;0.5064;-0.9996;-1.0967
0;0.7153;0.5733;-0.6234;-1.2791
0;0.697;0.5175;-0.8075;-1.5645
0;0.6925;0.356;-0.8527;-1.8107
0;0.7077;0.4258;-0.7004;-1.8571
0;0.7045;0.4147;-0.7318;-1.9005
0;0.6924;0.3423;-0.8544;-2.0178
0;0.6663;0.2034;-0.9527;-2.3095
0;0.6782;0.2623;-0.7816;-2.4146
0;0.6979;0.3386;-0.5197;-2.3046
0;0.6879;0.2941;-0.5353;-2.2776
0;0.682;0.2932;-0.6202;-2.2831
0;0.6788;0.2845;-0.6255;-2.2897
1;0.6799;0.3088;-0.6081;-2.2614
0;0.6705;0.3886;-0.7483;-2.2946
0;0.6732;0.3528;-0.6202;-2.2736
0;0.6661;0.3827;-0.7517;-2.2936
0;0.6956;0.5098;-0.0945;-2.0345
0;0.7176;0.5305;-0.1186;-1.6217
0;0.7086;0.5119;-0.2563;-1.3562
0;0.6888;0.4901;-0.5562;-1.3002
0;0.6848;0.5594;-0.6178;-1.2767
1;0.6866;0.5291;-0.5898;-1.2289
0;0.6759;0.4195;-0.7529;-1.2694
2;0.6843;0.4864;-0.6255;-1.2167
0;0.6801;0.493;-0.7402;-1.1979
0;0.6558;0.4254;-0.9426;-1.3761
0;0.6351;0.3711;-0.9645;-1.6776
0;0.6615;0.4763;-0.6574;-1.6735
0;0.6571;0.458;-0.6507;-1.6904
0;0.6536;0.4668;-0.6574;-1.7154
0;0.6598;0.3918;-0.5591;-1.6641
0;0.6719;0.3529;-0.3244;-1.5034
1;0.5888;0.2392;-0.9968;-2.0656
0;0.575;0.2454;-0.946;-2.6043
0;0.588;0.2919;-0.8146;-2.8907
0;0.599;0.3188;-0.7091;-2.992
0;0.5971;0.3309;-0.7271;-3.0561
2;0.5954;0.3036;-0.7438;-3.089
0;0.5929;0.306;-0.7672;-3.1029
1;0.5782;0.3194;-0.9085;-3.2063
0;0.5984;0.4145;-0.7145;-3.0815
0;0.5978;0.3314;-0.2905;-2.956
0;0.6156;0.3975;-0.0474;-2.6748
0;0.6245;0.43;-0.0842;-2.3495
0;0.631;0.4307;-0.1101;-2.0131
1;0.6152;0.3661;-0.3745;-1.8609
0;0.614;0.5968;-0.3941;-1.7313
0;0.6134;0.6651;-0.4033;-1.6154
0;0.605;0.5759;-0.5446;-1.5788
0;0.6048;0.5284;-0.551;-1.535
2;0.5901;0.4692;-0.9986;-1.6086
0;0.5864;0.4615;-0.9231;-1.6807
0;0.5927;0.499;-0.8103;-1.6666
0;0.5822;0.5173;-0.9946;-1.7272
0;0.5903;0.4604;-0.7471;-1.6877
0;0.5845;0.4386;-0.8079;-1.6879
0;0.5803;0.314;-0.8899;-1.7054
0;0.5659;0.2081;-0.9878;-1.8232
0;0.5522;0.1336;-0.976;-2.0128
0;0.5668;0.2725;-0.6862;-2.0171
0;0.5596;0.2578;-0.8156;-2.0603
0;0.5661;0.2997;-0.6794;-2.0175
0;0.5676;0.3319;-0.6478;-1.9497
0;0.5757;0.3779;-0.4357;-1.8069
1;0.5633;0.3851;-0.718;-1.7807
0;0.5632;0.3972;-0.6761;-1.742
0;0.5686;0.393;-0.3253;-1.6467
0;0.5833;0.5048;-0.0226;-1.4296
0;0.5991;0.5357;-0.0474;-1.1088
0;0.5975;0.5543;-0.1624;-0.8581
0;0.5944;0.5589;-0.2228;-0.6784
0;0.5952;0.6385;-0.23;-0.5223
0;0.6073;0.7645;-0.0051;-0.2914
0;0.6095;0.7326;-0.1429;-0.0877
0;0.6063;0.766;-0.1976;0.0464
0;0.5944;0.6518;-0.4524;0.0505
0;0.582;0.5692;-0.8346;-0.052
0;0.5639;0.4483;-0.9723;-0.2856
0;0.5651;0.5087;-0.9222;-0.4568
2;0.5679;0.5227;-0.8716;-0.5622
0;0.5623;0.4703;-0.9447;-0.687
0;0.5564;0.3613;-0.93;-0.8284
0;0.5603;0.2719;-0.8701;-0.8975
0;0.5614;0.2858;-0.8419;-0.9337
0;0.5728;0.3838;-0.5687;-0.8552
0;0.571;0.3709;-0.5442;-0.7995
0;0.5651;0.2589;-0.5787;-0.7976
1;0.552;0.208;-0.9839;-0.8987
0;0.5604;0.2786;-0.6372;-0.8975
0;0.5296;0.2356;-0.8824;-1.1486
2;0.5154;0.2323;-0.9521;-1.4542
0;0.5134;0.2668;-0.8973;-1.6965
0;0.5241;0.3263;-0.7434;-1.7786
0;0.5339;0.3636;-0.6024;-1.7411
0;0.5331;0.378;-0.6151;-1.7006
0;0.5369;0.4173;-0.5254;-1.618
0;0.5485;0.4528;-0.2498;-1.4374
1;0.5655;0.5146;-0.0721;-1.1356
0;0.5821;0.5318;-0.0411;-0.7446
0;0.5775;0.5218;-0.0991;-0.4676
0;0.5857;0.5681;-0.0484;-0.1749
0;0.5916;0.6371;-0.0525;0.1073
0;0.6057;0.6509;-0.0214;0.4483
0;0.603;0.8009;-0.0968;0.6892
0;0.6098;0.9114;-0.0325;0.9296
0;0.6045;0.8858;-0.1085;1.0639
0;0.5995;0.8352;-0.2192;1.1157
0;0.6018;0.8235;-0.2446;1.1646
0;0.5874;0.7295;-0.6083;1.0685
0;0.5675;0.614;-0.8403;0.8129
2;0.5751;0.6021;-0.6444;0.6672
0;0.5734;0.5343;-0.6744;0.5306
0;0.5862;0.5182;-0.4551;0.5259
0;0.5819;0.5194;-0.5293;0.4799
0;0.5841;0.4922;-0.4909;0.4576
1;0.5851;0.4678;-0.4305;0.444
0;0.5891;0.4081;-0.3269;0.4624
0;0.5842;0.3983;-0.3791;0.4304
0;0.5889;0.3838;-0.1912;0.44
0;0.5976;0.4633;-0.082;0.5173
0;0.5952;0.4765;-0.273;0.552
0;0.5965;0.4705;-0.2363;0.5846
0;0.5946;0.5465;-0.3402;0.5882
0;0.5891;0.6702;-0.5626;0.5376
0;0.5803;0.5398;-0.8087;0.4174
2;0.5847;0.5843;-0.6284;0.3559
0;0.5808;0.4541;-0.7485;0.2708
0;0.5791;0.4755;-0.8015;0.1865
0;0.572;0.3998;-0.973;0.0573
0;0.577;0.4366;-0.7457;-0.0028
0;0.5691;0.3537;-0.9402;-0.1165
0;0.5717;0.4053;-0.865;-0.1829
0;0.5714;0.3585;-0.8528;-0.2358
0;0.5598;0.2066;-1.0;-0.3735
0;0.5517;0.1898;-0.9508;-0.5473
0;0.5472;0.1638;-0.8682;-0.7159
0;0.5327;0.1397;-0.8996;-0.9642
0;0.5328;0.1507;-0.894;-1.1486
0;0.5268;0.156;-0.9419;-1.3329
0;0.5211;0.0974;-0.9944;-1.5121
0;0.5248;0.1439;-0.8364;-1.6064
0;0.5416;0.2998;-0.5579;-1.5211
0;0.5538;0.4083;-0.3078;-1.3336
0;0.5569;0.3966;-0.1396;-1.1458
0;0.5524;0.4107;-0.1705;-1.0236
1;0.5493;0.3809;-0.2394;-0.9432
0;0.5589;0.4398;-0.0332;-0.7878
0;0.5568;0.484;-0.1133;-0.6752
0;0.5655;0.5731;-0.0244;-0.5057
0;0.5645;0.5944;-0.0802;-0.3755
0;0.5657;0.7114;-0.1329;-0.2585
0;0.5693;0.7239;-0.0573;-0.1326
0;0.5695;0.7822;-0.0875;-0.0308
0;0.5714;0.8499;-0.127;0.0661
0;0.5624;0.7436;-0.4051;0.0651
0;0.5642;0.6818;-0.3495;0.079
0;0.5545;0.5055;-0.9555;0.0069
0;0.583;0.6533;-0.1577;0.1917
0;0.5803;0.6676;-0.2353;0.3127
0;0.5836;0.7058;-0.1391;0.4327
0;0.5926;0.7035;-0.0703;0.599
0;0.5999;0.7453;-0.0996;0.7858
1;0.5989;0.708;-0.1245;0.9157
0;0.6044;0.7356;-0.0171;1.055
0;0.6121;0.7545;-0.007;1.2193
0;0.6213;0.7684;-0.0235;1.4135
0;0.6157;0.7263;-0.1768;1.5043
0;0.6154;0.7185;-0.184;1.5568
0;0.6141;0.7788;-0.2087;1.5712
0;0.6054;0.7066;-0.4556;1.4918
0;0.6226;0.8174;-0.0637;1.5593
0;0.6522;0.8193;-0.1057;1.8472
0;0.6641;0.8561;-0.1066;2.1553
0;0.6633;0.8461;-0.1253;2.3685
0;0.6692;0.8418;-0.0379;2.5613
1;0.6764;0.8417;-0.0998;2.7472
0;0.6675;0.7866;-0.2109;2.789
0;0.6692;0.7796;-0.1894;2.807
0;0.67;0.7656;-0.1794;2.7982
0;0.6674;0.7253;-0.2227;2.7396
0;0.67;0.773;-0.2357;2.6864
2;0.6509;0.6501;-0.9165;2.4534
0;0.654;0.6657;-0.8234;2.27
0;0.655;0.7206;-0.7945;2.1104
0;0.6491;0.6307;-0.956;1.9117
0;0.6509;0.491;-0.895;1.7502
0;0.6643;0.5017;-0.4756;1.7187
0;0.6598;0.4777;-0.6169;1.637
0;0.6637;0.4644;-0.495;1.5886
0;0.6743;0.487;-0.1665;1.6236
1;0.6589;0.4506;-0.6058;1.5035
0;0.6231;0.309;-0.9327;1.0884
0;0.6297;0.3408;-0.8172;0.8062
0;0.6193;0.3211;-0.9954;0.4872
0;0.5996;0.2677;-0.9522;0.0636
2;0.6066;0.341;-0.8666;-0.2119
0;0.619;0.3826;-0.7124;-0.3209
0;0.6292;0.4181;-0.5868;-0.3173
0;0.6227;0.4167;-0.6674;-0.3663
0;0.6536;0.5073;-0.2791;-0.1383
1;0.6516;0.4637;-0.1572;0.0253
0;0.6415;0.4496;-0.3095;0.0683
0;0.6477;0.4565;-0.2151;0.1545
0;0.6431;0.4123;-0.285;0.1816
0;0.6351;0.4301;-0.408;0.1331
2;0.65;0.5901;-0.2469;0.2203
0;0.6522;0.5774;-0.2378;0.3047
0;0.644;0.5862;-0.4368;0.2984
0;0.6435;0.6771;-0.6169;0.286
0;0.6498;0.6754;-0.3666;0.3266
1;0.6407;0.5905;-0.642;0.2781
0;0.6482;0.5813;-0.3322;0.3008
2;0.6523;0.6291;-0.165;0.35
0;0.6565;0.5164;-0.053;0.4209
0;0.6608;0.5513;-0.0798;0.5088
0;0.6643;0.6366;-0.14;0.6025
1;0.6676;0.623;-0.0586;0.6974
0;0.6721;0.68;-0.0106;0.8031
0;0.6779;0.7732;-0.0119;0.9275
0;0.6945;0.778;-0.0639;1.1566
0;0.6925;0.7527;-0.171;1.308
0;0.6993;0.8527;-0.0806;1.471
0;0.7086;0.8732;-0.0118;1.6624
0;0.7007;0.7864;-0.1657;1.7282
0;0.7059;0.8834;-0.0888;1.806
0;0.6883;0.7108;-0.564;1.6989
0;0.6993;0.7303;-0.3626;1.6895
0;0.6963;0.6978;-0.4934;1.6393
2;0.6928;0.6599;-0.6156;1.5521
0;0.7017;0.6775;-0.4004;1.543
0;0.7;0.6561;-0.5585;1.5047
1;0.698;0.6279;-0.6187;1.4417
0;0.6867;0.5411;-0.9619;1.2809
0;0.6975;0.5148;-0.6334;1.2325
0;0.6955;0.5146;-0.6948;1.1641
0;0.6968;0.4867;-0.4323;1.1087
0;0.6976;0.437;-0.3862;1.0604
0;0.7077;0.5394;-0.0663;1.0967
1;0.7035;0.4862;-0.2538;1.0777
0;0.6949;0.5419;-0.6302;0.9789
0;0.6962;0.4778;-0.5757;0.9011
0;0.6901;0.457;-0.845;0.7786
0;0.6983;0.5358;-0.4877;0.7436
2;0.6965;0.4628;-0.6073;0.6929
0;0.7018;0.5122;-0.3549;0.6904
0;0.7147;0.5987;-0.1219;0.791
0;0.7316;0.7486;-0.0012;1.0047
1;0.7451;0.7559;-0.0506;1.2774
0;0.7386;0.7213;-0.2586;1.4236
0;0.7588;0.7667;-0.0011;1.6953
0;0.7571;0.7535;-0.0755;1.8764
0;0.761;0.7397;-0.1178;2.0321
0;0.7504;0.6999;-0.2671;2.0436
0;0.759;0.7726;-0.1609;2.1039
0;0.7578;0.7625;-0.1875;2.119
0;0.7522;0.7656;-0.3301;2.0608
0;0.7511;0.7404;-0.5342;1.9838
2;0.7429;0.6997;-0.8516;1.8325
0;0.747;0.6966;-0.8216;1.7288
0;0.7437;0.6372;-0.926;1.6003
0;0.738;0.5342;-0.6706;1.434
0;0.7295;0.4128;-0.8241;1.2161
0;0.7357;0.4833;-0.6823;1.0833
0;0.7639;0.5261;-0.0274;1.2069
0;0.7606;0.5182;-0.1273;1.2639
0;0.7556;0.4731;-0.2412;1.2525
0;0.7505;0.5005;-0.3564;1.187
1;0.743;0.4141;-0.5248;1.0594
0;0.7517;0.4698;-0.3283;1.0215
2;0.7412;0.4477;-0.5668;0.8911
0;0.7249;0.3913;-0.9825;0.6408
0;0.7288;0.4395;-0.7301;0.4703
0;0.7236;0.4004;-0.8318;0.2867
0;0.7282;0.4349;-0.7424;0.178
0;0.7189;0.4219;-0.9187;0.0115
0;0.7141;0.4349;-0.945;-0.1605
0;0.7178;0.4234;-0.8137;-0.2625
0;0.7321;0.3448;-0.4742;-0.2189
0;0.7468;0.4393;-0.0937;-0.0574
0;0.7427;0.4427;-0.1962;0.035
0;0.7245;0.3967;-0.6441;-0.047
1;0.7357;0.4719;-0.3671;-0.0156
0;0.739;0.4487;-0.2866;0.0371
0;0.7452;0.517;-0.1326;0.1313
2;0.7317;0.5291;-0.466;0.0892
0;0.7376;0.5369;-0.3199;0.1054
0;0.6787;0.3701;-0.9238;-0.3834
0;0.671;0.3375;-0.9654;-0.8297
0;0.6697;0.3536;-0.9492;-1.1836
0;0.6708;0.3682;-0.8894;-1.4405
0;0.672;0.3585;-0.8748;-1.6171
0;0.6817;0.3399;-0.7609;-1.6564
0;0.6868;0.297;-0.6975;-1.6266
0;0.6908;0.3245;-0.6451;-1.5519
1;0.7005;0.4139;-0.5226;-1.3945
0;0.7131;0.4193;-0.0725;-1.1492
0;0.7225;0.4436;-0.038;-0.8641
0;0.7224;0.4186;-0.0744;-0.6307
0;0.7339;0.5078;-0.0077;-0.3428
0;0.7333;0.4836;-0.0401;-0.1174
0;0.736;0.874;-0.1011;0.0844
0;0.7244;0.8315;-0.2882;0.1437
0;0.716;0.7642;-0.462;0.1178
0;0.708;0.6972;-0.7672;0.0287
0;0.7111;0.703;-0.7123;-0.0156
0;0.7037;0.6169;-0.9649;-0.1131
2;0.6974;0.5553;-0.9508;-0.2425
0;0.7113;0.5972;-0.6609;-0.2239
0;0.7093;0.5454;-0.701;-0.2232
0;0.7114;0.4905;-0.6583;-0.2029
0;0.7161;0.4613;-0.5002;-0.145
0;0.7176;0.4713;-0.2168;-0.0849
1;0.7154;0.376;-0.2089;-0.0552
0;0.715;0.3769;-0.2251;-0.0347
0;0.7157;0.3592;-0.2;-0.0127
0;0.7226;0.4872;-0.1145;0.0639
0;0.7233;0.5615;-0.0939;0.1296
0;0.7153;0.5608;-0.5137;0.1117
0;0.7073;0.4703;-0.8884;0.0282
0;0.71;0.5524;-0.7755;-0.0143
0;0.7163;0.6575;-0.4958;0.0056
0;0.7161;0.5522;-0.5042;0.0196
2;0.7127;0.5346;-0.6579;0.0012
0;0.7183;0.5669;-0.4076;0.0343
1;0.7268;0.5969;-0.0749;0.1324
0;0.7346;0.6382;-0.0334;0.2746
0;0.7276;0.5916;-0.3546;0.3242
0;0.7245;0.5684;-0.4438;0.3332
0;0.7237;0.5577;-0.5101;0.3299
0;0.7235;0.507;-0.5151;0.3224
0;0.7301;0.5496;-0.3242;0.3693
2;0.7313;0.6301;-0.2845;0.4126
0;0.7263;0.662;-0.4504;0.3993
0;0.7169;0.5524;-0.9327;0.3049
0;0.7056;0.4239;-0.9417;0.1317
0;0.7056;0.4248;-0.8436;-0.0065
0;0.7148;0.5144;-0.5311;-0.0365
2;0.7056;0.4204;-0.8071;-0.1381
0;0.7004;0.3269;-0.9062;-0.2609
0;0.7032;0.2794;-0.8276;-0.3312
0;0.6982;0.2875;-0.7938;-0.4256
0;0.6996;0.3158;-0.7536;-0.4835
0;0.7076;0.3924;-0.5253;-0.4561
0;0.716;0.4547;-0.0512;-0.3584
0;0.7167;0.4129;-0.0258;-0.2716
0;0.7073;0.3591;-0.3582;-0.2798
1;0.7653;0.6414;-0.038;0.2089
0;0.771;0.7013;-8.0E-4;0.6394
0;0.8008;0.8113;-0.0197;1.2252
0;0.7984;0.7991;-0.0431;1.6535
0;0.7954;0.7704;-0.1095;1.9478
0;0.7973;0.8236;-0.0991;2.1749
0;0.7988;0.8566;-0.0908;2.3433
0;0.8101;0.8649;-5.0E-4;2.5469
0;0.8012;0.843;-0.1251;2.6054
0;0.7984;0.8259;-0.2766;2.6001
0;0.797;0.8082;-0.3247;2.5562
0;0.7937;0.7775;-0.4896;2.4663
0;0.8036;0.7912;-0.3968;2.4532
2;0.8048;0.8456;-0.3519;2.4275
0;0.805;0.7383;-0.3466;2.3828
0;0.7981;0.661;-0.5903;2.2642
0;0.8099;0.5687;-0.171;2.2468
1;0.8195;0.6433;-0.1015;2.2906
0;0.8197;0.6716;-0.097;2.3022
0;0.8218;0.6729;-0.0378;2.3054
0;0.8231;0.6721;-0.0874;2.2944
0;0.8324;0.6626;-0.0205;2.3404
0;0.848;0.8096;-0.0057;2.4841
0;0.8458;0.8161;-0.131;2.5523
0;0.8612;0.861;-0.0289;2.7098
0;0.858;0.862;-0.1901;2.7777
0;0.8521;0.786;-0.3313;2.7517
0;0.8642;0.8101;-0.1526;2.8043
0;0.874;0.8277;-0.067;2.8997
0;0.8775;0.889;-0.0446;2.9732
0;0.8751;0.8517;-0.127;2.9791
0;0.8891;0.8585;-0.0303;3.071
0;0.8943;0.8655;-0.1307;3.1551
0;0.8906;0.8317;-0.1944;3.1565
0;0.8757;0.7242;-0.4509;2.9976
0;0.8661;0.6432;-0.6159;2.7594
0;0.8748;0.6211;-0.5377;2.6164
0;0.8737;0.6271;-0.711;2.4664
2;0.8746;0.5704;-0.6882;2.3301
0;0.8716;0.5716;-0.765;2.1723
0;0.8626;0.5534;-0.9928;1.9483
0;0.8618;0.4865;-0.9483;1.7448
0;0.8566;0.3938;-0.9803;1.5217
0;0.8574;0.3734;-0.8412;1.3362
0;0.8625;0.4235;-0.5968;1.2194
0;0.8727;0.3959;-0.2484;1.2014
0;0.8818;0.4238;-0.1961;1.251
0;0.8874;0.4808;-0.1244;1.3243
1;0.887;0.5812;-0.1335;1.3648
0;0.8922;0.7001;-0.0157;1.4265
0;0.9106;0.7389;-0.0032;1.6162
0;0.9047;0.6949;-0.2028;1.6986
0;0.9051;0.6927;-0.1972;1.7487
0;0.9018;0.6902;-0.2514;1.7414
0;0.9035;0.7839;-0.262;1.7317
0;0.9152;0.8215;-0.0917;1.8047
0;0.9044;0.7704;-0.4132;1.7521
0;0.8993;0.726;-0.5786;1.6486
0;0.8833;0.6002;-0.8852;1.4134
0;0.896;0.6095;-0.5894;1.3211
0;0.8913;0.5471;-0.6976;1.1949
2;0.8987;0.5549;-0.5254;1.1456
0;0.9222;0.639;-0.1299;1.2935
0;0.9207;0.6157;-0.1601;1.3835
1;0.9267;0.5729;-0.0395;1.4912
0;0.9395;0.6481;-0.033;1.6689
0;0.9335;0.6151;-0.1543;1.7397
0;0.9313;0.6208;-0.1878;1.7585
0;0.9071;0.5125;-0.5981;1.5493
0;0.9121;0.489;-0.5787;1.4107
0;0.907;0.5097;-0.7237;1.2431
2;0.9025;0.5122;-0.8504;1.06
0;0.901;0.5757;-0.8819;0.8916
0;0.9009;0.5236;-0.8839;0.7487
0;0.9034;0.5589;-0.7424;0.6492
0;0.9153;0.5775;-0.5219;0.6651
0;0.9151;0.4579;-0.4545;0.6689
0;0.9272;0.5349;0.0;0.7677
0;0.9297;0.5165;-0.0163;0.8583
1;0.9343;0.4682;-0.0428;0.9595
0;0.9455;0.5689;-0.0345;1.1246
0;0.9586;0.6387;-0.0203;1.3535
0;0.959;0.8475;-0.0666;1.5228
0;0.9591;0.8367;-0.0653;1.6408
0;0.9661;0.9126;-0.0226;1.7762
0;0.9682;0.974;-0.096;1.8819
0;0.962;0.9124;-0.2088;1.8926
0;0.9739;0.9255;-0.0763;1.9812
0;0.975;0.9243;-0.0895;2.0398
0;0.9774;0.9146;-0.0813;2.0845
0;0.985;0.9247;-0.0995;2.1624
0;0.9435;0.5725;-0.9302;1.8479
0;0.9356;0.5252;-0.9445;1.5142
0;0.9437;0.5391;-0.8017;1.304
0;0.9379;0.4669;-0.9042;1.0752
0;0.9344;0.3854;-0.7566;0.8536
2;0.9631;0.5153;-0.3605;0.9136
0;0.9672;0.5294;-0.3039;0.986
0;0.9694;0.5122;-0.2737;1.0511
0;0.9691;0.5033;-0.2776;1.0889
0;0.9618;0.4989;-0.3314;1.0448
1;0.9686;0.4794;-0.2161;1.0572
0;0.9706;0.4829;-0.1859;1.0728
0;0.9627;0.4452;-0.3055;1.0065
0;0.9637;0.416;-0.2911;0.9517
0;0.9787;0.6752;-0.0775;1.0263
0;0.9702;0.6707;-0.3125;1.0021
0;0.9332;0.4597;-0.9719;0.6584
0;0.9607;0.575;-0.4315;0.6138
0;0.9546;0.5654;-0.5421;0.5203
0;0.9607;0.491;-0.4195;0.4929
2;0.9457;0.4248;-0.7203;0.339
0;0.9526;0.4431;-0.5824;0.2725
1;0.9499;0.436;-0.636;0.1945
0;0.9499;0.4585;-0.636;0.1311
0;0.9416;0.4062;-0.7992;0.0092
0;0.9612;0.4708;-0.1937;0.0791
0;0.9633;0.5018;-0.3134;0.1511
0;0.9605;0.49;-0.3802;0.1827
0;0.9517;0.4107;-0.5922;0.1313
0;0.9416;0.4064;-0.8364;0.0035
1;0.9301;0.4876;-0.6722;-0.1951
0;0.9179;0.3089;-0.85;-0.4531
2;0.9313;0.4026;-0.6542;-0.5374
0;0.9513;0.4646;-0.3639;-0.429
0;0.9771;0.6089;-0.0702;-0.1196
0;0.9821;0.6036;-0.1254;0.1674
0;0.9996;0.6582;-0.0223;0.5407
1;1.0033;0.6661;-0.0262;0.8606
0;1.0023;0.6975;-0.0369;1.0946
0;1.0178;0.6894;0.0;1.3992
0;1.0236;0.6968;-0.0025;1.6729
0;1.0201;0.6937;-0.0369;1.8417
0;1.0298;0.7523;-0.0041;2.0376
0;1.0432;0.8214;-0.0997;2.2837
0;1.0356;0.8422;-0.2208;2.3886
0;1.038;0.9161;-0.2159;2.4669
0;1.041;0.9096;-0.1956;2.5276
0;1.044;0.8964;-0.1459;2.5739
0;1.0423;0.8509;-0.2016;2.5683
0;1.0506;0.8562;-0.0283;2.6074
0;1.0654;0.852;-0.0301;2.7366
0;1.0805;0.868;-0.094;2.9369
0;1.0935;0.8905;-0.0014;3.1741
0;1.0917;0.8583;-0.3282;3.3119
0;1.1059;0.869;-0.1882;3.5056
0;1.0982;0.8373;-0.2753;3.5559
0;1.1139;0.8453;-0.1092;3.6912
0;1.1154;0.8286;-0.12;3.7716
0;1.1361;0.9089;-0.0135;3.9705
0;1.1262;0.8384;-0.2071;4.0014
0;1.1397;0.8503;-0.0878;4.097
0;1.139;0.843;-0.096;4.1232
0;1.102;0.672;-0.5519;3.7863
0;1.0978;0.6392;-0.6038;3.445
0;1.1103;0.634;-0.4505;3.2452
0;1.106;0.5818;-0.5024;3.0176
2;1.1013;0.5265;-0.5601;2.7665
0;1.0764;0.4555;-0.8667;2.3279
0;1.0929;0.4627;-0.5413;2.0975
0;1.0721;0.4302;-0.7413;1.7174
0;1.069;0.3709;-0.7741;1.3729
0;1.0509;0.3307;-0.9616;0.9332
0;1.0365;0.2297;-0.8267;0.4551
0;1.0223;0.2245;-0.9552;-0.0468
0;1.0478;0.2711;-0.7121;-0.2254
0;1.0788;0.3698;-0.3493;-0.1003
0;1.0705;0.4221;-0.3574;-0.0715
0;1.0816;0.4613;-0.2224;0.0463
0;1.0778;0.4191;-0.2689;0.1061
1;1.0727;0.4173;-0.2374;0.109
0;1.0917;0.4776;-0.0642;0.2711
0;1.0909;0.5377;-0.1011;0.3894
0;1.0776;0.4593;-0.2644;0.3655
0;1.0571;0.4601;-0.5522;0.1688
0;1.047;0.4438;-0.7332;-0.0733
0;1.0176;0.4193;-0.9103;-0.5136
0;1.0176;0.4509;-0.8392;-0.8543
0;1.0319;0.5249;-0.6923;-0.9924
0;1.0716;0.5575;-0.284;-0.7542
0;1.0727;0.4826;-0.2722;-0.5487
0;1.0463;0.4378;-0.5444;-0.6054
1;1.0556;0.4325;-0.3983;-0.5648
0;1.0515;0.432;-0.4002;-0.561
0;1.023;0.3852;-0.7459;-0.7942
0;1.0151;0.3136;-0.8422;-1.0371
0;1.0412;0.3924;-0.5255;-0.9954
0;1.0492;0.4369;-0.4596;-0.8846
0;1.0764;0.5416;-0.1056;-0.5562
0;1.082;0.5767;-0.0901;-0.2445
0;1.0832;0.6644;-0.1376;0.0135
1;1.0452;0.5581;-0.5699;-0.1054
0;1.1043;0.6283;-0.2175;0.3037
0;1.1387;0.6212;-0.0207;0.9145
0;1.122;0.5843;-0.1919;1.2446
0;1.1361;0.6604;-0.1015;1.611
0;1.1363;0.649;-0.1151;1.8841
0;1.145;0.6696;-0.0828;2.1532
0;1.1532;0.755;-0.0249;2.4118
0;1.1435;0.7498;-0.1133;2.5075
0;1.1511;0.7304;-0.0455;2.6207
0;1.1732;0.7455;-0.0178;2.8698
0;1.2007;0.7457;-0.0041;3.269
0;1.2159;0.755;-0.086;3.6778
0;1.2218;0.7594;-0.0337;4.0114
0;1.2291;0.8885;-0.0895;4.2928
0;1.2376;0.8582;-0.0145;4.5416
0;1.235;0.8122;-0.0547;4.6674
0;1.2451;0.9167;0.0;4.8027
0;1.2788;0.9264;0.0;5.144
0;1.2708;0.8841;-0.1064;5.2905
0;1.2383;0.7345;-0.4333;5.0739
0;1.254;0.7442;-0.396;4.9825
0;1.2351;0.7126;-0.6465;4.6977
0;1.2412;0.7106;-0.6452;4.4749
2;1.2438;0.6815;-0.6066;4.2739
0;1.2359;0.6007;-0.7239;4.0033
0;1.2154;0.4987;-0.9171;3.5738
0;1.2172;0.4869;-0.8929;3.213
0;1.2224;0.4809;-0.7564;2.9388
0;1.1971;0.3938;-0.909;2.477
0;1.1753;0.3578;-0.9852;1.9016
0;1.1966;0.3902;-0.6846;1.6085
0;1.1883;0.2688;-0.7734;1.2903
0;1.2014;0.3271;-0.5819;1.137
0;1.2215;0.4553;-0.3186;1.1747
0;1.2352;0.4497;-0.1385;1.3086
1;1.2259;0.4739;-0.2607;1.3211
0;1.2105;0.4177;-0.4622;1.1863
0;1.2231;0.4473;-0.2677;1.1745
0;1.2181;0.454;-0.336;1.1102
0;1.1863;0.4288;-0.7703;0.7777
2;1.1945;0.4463;-0.7511;0.5777
0;1.185;0.4132;-0.9023;0.3332
0;1.215;0.5406;-0.4331;0.3917
0;1.1964;0.5485;-0.7248;0.2753
0;1.1946;0.4951;-0.7519;0.1659
0;1.2049;0.5417;-0.531;0.1654
0;1.2244;0.556;-0.1268;0.3289
1;1.2116;0.4751;-0.3822;0.3448
0;1.2076;0.427;-0.4565;0.3202
0;1.2168;0.4761;-0.2826;0.3758
0;1.222;0.5323;-0.1958;0.4597
0;1.2196;0.4897;-0.3144;0.5005
2;1.2143;0.4889;-0.415;0.4825
0;1.219;0.6155;-0.3272;0.5023
0;1.2131;0.5667;-0.5479;0.4628
0;1.1994;0.5503;-0.9009;0.3109
0;1.2268;0.542;-0.236;0.4205
0;1.2202;0.5927;-0.4039;0.4461
0;1.2366;0.6465;-0.0567;0.6011
0;1.2467;0.6461;-0.1258;0.8025
0;1.2526;0.6088;-0.0567;1.0024
1;1.2754;0.729;-0.0554;1.3427
0;1.2553;0.6533;-0.3948;1.426
0;1.2368;0.5607;-0.5853;1.3197
0;1.2033;0.4515;-0.9315;0.9372
0;1.2398;0.5444;-0.5612;0.9361
0;1.2374;0.5514;-0.5863;0.9048
2;1.2095;0.481;-0.8775;0.6339
0;1.2019;0.4776;-0.8524;0.3493
0;1.2094;0.5204;-0.7833;0.1845
0;1.2322;0.5111;-0.5713;0.2461
0;1.2196;0.4988;-0.688;0.1855
0;1.2153;0.454;-0.6311;0.0989
0;1.2166;0.4326;-0.5595;0.0411
1;1.245;0.4845;-0.15;0.2361
0;1.2433;0.4286;-0.1751;0.3724
0;1.257;0.5038;-0.0673;0.5922
0;1.2558;0.5471;-0.1008;0.7493
0;1.2557;0.6561;-0.1322;0.8643
0;1.2686;0.5996;-0.0352;1.0547
0;1.2797;0.6381;-0.0528;1.2877
0;1.2515;0.6368;-0.411;1.2183
0;1.2748;0.7156;-0.131;1.3491
0;1.2723;0.6918;-0.2048;1.4165
0;1.2578;0.5824;-0.5651;1.3316
0;1.2604;0.6397;-0.5271;1.2719
2;1.2548;0.6343;-0.7818;1.1639
1;1.2563;0.6348;-0.7403;1.0795
0;1.249;0.5157;-0.8892;0.9393
0;1.2421;0.4956;-0.9371;0.7607
0;1.2339;0.4083;-0.8405;0.5423
0;1.2302;0.4003;-0.7289;0.3333
0;1.2443;0.46;-0.485;0.2848
0;1.2415;0.3978;-0.4906;0.2198
0;1.2278;0.3078;-0.7314;0.0499
0;1.2254;0.3805;-0.7556;-0.105
0;1.232;0.2678;-0.6278;-0.1702
0;1.2291;0.2667;-0.6613;-0.2443
0;1.2347;0.3618;-0.5044;-0.2525
0;1.2223;0.2969;-0.7851;-0.3613
0;1.2321;0.384;-0.5636;-0.3603
0;1.2265;0.3536;-0.7047;-0.4033
0;1.2369;0.4425;-0.4631;-0.3444
0;1.231;0.4466;-0.5623;-0.3443
0;1.2238;0.4508;-0.7457;-0.402
1;1.2023;0.3845;-0.9906;-0.6252
0;1.211;0.3556;-0.8214;-0.7206
0;1.2223;0.4224;-0.6015;-0.6922
2;1.2208;0.4685;-0.6316;-0.6756
0;1.2165;0.4609;-0.7143;-0.6914
0;1.2135;0.4162;-0.6816;-0.722
1;1.1834;0.3336;-0.9959;-0.9941
0;1.1593;0.2579;-0.9148;-1.4028
0;1.1903;0.4081;-0.5371;-1.4468
0;1.2132;0.4498;-0.1658;-1.271
0;1.2128;0.4624;-0.1723;-1.1232
0;1.2244;0.4661;-0.0416;-0.8957
0;1.2408;0.5251;-0.0064;-0.5684
1;1.2515;0.5701;0.0;-0.2136
0;1.2751;0.6821;-0.0655;0.2689
0;1.2624;0.6259;-0.1615;0.5381
0;1.209;0.4729;-0.5636;0.2912
0;1.2084;0.4748;-0.6641;0.0887
0;1.202;0.4707;-0.7714;-0.1259
0;1.1853;0.446;-0.929;-0.4353
2;1.1912;0.5165;-0.8734;-0.6245
0;1.1875;0.5652;-0.9089;-0.7989
0;1.1815;0.477;-0.9414;-0.9786
0;1.1711;0.3822;-0.9677;-1.1975
0;1.1435;0.3318;-0.9403;-1.5916
0;1.1068;0.2452;-0.8996;-2.1966
0;1.1142;0.2146;-0.7799;-2.5876
0;1.1166;0.1841;-0.7397;-2.8477
0;1.1204;0.1004;-0.6661;-2.9902
0;1.1611;0.2715;-0.3089;-2.725
0;1.1007;0.2632;-0.833;-3.0
0;1.1177;0.3148;-0.5497;-3.0408
0;1.1168;0.3221;-0.5569;-3.0481
0;1.1247;0.3685;-0.489;-2.9548
0;1.1363;0.3838;-0.2732;-2.7511
2;1.1299;0.3796;-0.3369;-2.6158
1;1.1154;0.3666;-0.4807;-2.6042
0;1.0925;0.3489;-0.7085;-2.7616
0;1.0257;0.3032;-0.9923;-3.4236
0;1.0001;0.3149;-0.5752;-4.1261
0;1.0061;0.3117;-0.5423;-4.5847
0;1.0638;0.4229;-0.3103;-4.4075
0;1.0952;0.4659;-0.1844;-3.9552
0;1.0988;0.4062;-0.17;-3.5265
0;1.0936;0.4872;-0.184;-3.195
1;1.0447;0.3821;-0.3589;-3.3149
0;1.0895;0.4614;-0.0972;-2.9938
0;1.0704;0.4256;-0.1846;-2.8712
0;1.0598;0.3947;-0.2335;-2.8348
2;1.0893;0.4474;-0.2013;-2.5257
0;1.0683;0.44;-0.462;-2.4333
0;1.0918;0.499;-0.2734;-2.1354
0;1.1077;0.6196;-0.0446;-1.7431
0;1.1183;0.6804;-0.1658;-1.3249
0;1.1278;0.6837;-0.064;-0.9016
0;1.129;0.6186;-0.0573;-0.5479
0;1.1049;0.5181;-0.3544;-0.4684
0;1.1003;0.5029;-0.4105;-0.4395
0;1.1174;0.5424;-0.236;-0.2671
0;1.0998;0.6106;-0.4902;-0.2775
0;1.1087;0.545;-0.3677;-0.207
2;1.1153;0.6119;-0.3684;-0.0933
0;1.1125;0.6368;-0.4343;-0.0266
0;1.0905;0.5034;-0.8817;-0.1607
0;1.0577;0.4732;-0.8641;-0.5428
0;1.0698;0.4407;-0.7237;-0.7361
0;1.0628;0.373;-0.758;-0.9397
0;1.0705;0.3625;-0.6727;-1.0244
0;1.0744;0.3416;-0.6301;-1.0472
0;1.0796;0.3564;-0.5736;-1.0105
1;1.0744;0.4006;-0.6301;-1.0145
0;1.062;0.3811;-0.7665;-1.1122
0;1.0874;0.4116;-0.3375;-0.9618
0;1.0824;0.4444;-0.3081;-0.8758
0;1.0842;0.4181;-0.1765;-0.7832
0;1.0689;0.3535;-0.4669;-0.8319
0;1.0849;0.4195;-0.1712;-0.7257
1;1.0769;0.4569;-0.3767;-0.7018
2;1.0836;0.5984;-0.2247;-0.6188
0;1.1034;0.6207;-0.0671;-0.3788
0;1.1033;0.653;-0.2469;-0.1866
0;1.1202;0.6753;-0.0131;0.1101
0;1.1549;0.7334;-0.0155;0.6373
0;1.1181;0.5943;-0.4085;0.7331
0;1.111;0.5887;-0.484;0.7407
0;1.1568;0.6979;-0.0033;1.1273
0;1.169;0.6802;-0.0151;1.5237
0;1.159;0.6657;-0.1548;1.735
0;1.1753;0.6854;-0.0171;2.0214
0;1.1888;0.7458;-0.094;2.34
0;1.1832;0.7107;-0.1851;2.5192
0;1.1778;0.7184;-0.2424;2.5874
0;1.1791;0.7118;-0.2281;2.6252
0;1.1744;0.6685;-0.2781;2.5866
0;1.1374;0.5688;-0.8441;2.2146
2;1.1309;0.5227;-0.8886;1.8435
0;1.1271;0.4326;-0.9369;1.4994
0;1.0942;0.441;-0.9936;0.9329
0;1.1121;0.5027;-0.7413;0.6288
0;1.1074;0.3564;-0.7812;0.3421
0;1.1424;0.4318;-0.4619;0.4102
0;1.1569;0.4949;-0.2803;0.5827
0;1.162;0.4647;-0.2322;0.7554
1;1.1469;0.3897;-0.2433;0.7553
0;1.1579;0.4351;-0.1166;0.8407
0;1.1496;0.4289;-0.2119;0.8287
0;1.1475;0.4204;-0.2365;0.7923
0;1.1523;0.4444;-0.1816;0.7957
2;1.1429;0.5162;-0.3909;0.7106
0;1.1326;0.5047;-0.8235;0.5484
0;1.1221;0.4861;-0.8281;0.3254
0;1.1594;0.675;-0.1561;0.463
0;1.1521;0.6138;-0.2801;0.5045
0;1.1516;0.6291;-0.289;0.5277
0;1.1262;0.4497;-0.7518;0.3246
0;1.1315;0.4166;-0.6543;0.2066
1;1.1024;0.3311;-0.9529;-0.1358
2;1.0956;0.3474;-0.7329;-0.4619
0;1.0762;0.2686;-0.9305;-0.8784
0;1.0845;0.3155;-0.7703;-1.127
0;1.0615;0.2822;-0.9837;-1.506
0;1.0327;0.2301;-0.9843;-2.0324
0;1.0454;0.2831;-0.8649;-2.3181
0;1.0444;0.2953;-0.863;-2.5269
0;1.0579;0.353;-0.7326;-2.5504
0;1.0522;0.2129;-0.7495;-2.5899
0;1.0404;0.208;-0.8271;-2.6935
1;1.0591;0.2792;-0.5615;-2.5878
0;1.0453;0.2956;-0.738;-2.5945
0;1.0252;0.2499;-0.9408;-2.7426
0;1.0261;0.293;-0.5545;-2.8227
0;1.0004;0.2657;-0.9044;-3.0741
0;0.9808;0.2655;-0.9132;-3.4057
2;0.9394;0.1932;-0.9985;-3.9822
0;0.9444;0.2319;-0.9592;-4.3519
0;0.9597;0.3218;-0.8385;-4.4672
0;0.9736;0.3259;-0.7285;-4.3925
0;0.9486;0.2919;-0.9218;-4.4994
0;0.9693;0.3137;-0.6652;-4.3598
1;0.9461;0.292;-0.8313;-4.4012
0;0.9415;0.3005;-0.8761;-4.426
0;0.9427;0.2476;-0.6235;-4.3878
0;0.938;0.2577;-0.6293;-4.3516
0;0.9878;0.4256;-0.005;-3.8537
0;0.9686;0.3933;-0.2577;-3.5842
0;0.9739;0.4469;-0.1899;-3.2884
0;0.9099;0.3793;-0.9902;-3.5637
0;0.9164;0.4556;-0.814;-3.6873
0;0.9481;0.5065;-0.4584;-3.4769
2;0.9392;0.4634;-0.558;-3.3495
0;0.9202;0.4061;-0.7713;-3.3748
0;0.9385;0.4817;-0.5667;-3.2043
1;0.946;0.4558;-0.482;-2.972
0;0.9207;0.4524;-0.7658;-2.972
0;0.9304;0.4796;-0.6307;-2.8581
0;0.9302;0.4768;-0.4303;-2.7397
0;0.9232;0.4729;-0.5626;-2.6772
0;0.9176;0.3461;-0.7658;-2.6469
0;0.9204;0.3864;-0.7046;-2.5709
0;0.9464;0.4408;-0.1456;-2.2635
0;0.9609;0.6393;-0.016;-1.8742
0;0.9427;0.5674;-0.4175;-1.7023
0;0.9405;0.477;-0.4524;-1.5671
1;0.9487;0.5289;-0.319;-1.3741
0;0.9273;0.5211;-0.6667;-1.3896
0;0.9411;0.5081;-0.4429;-1.2698
2;0.9476;0.5049;-0.3381;-1.1071
0;0.949;0.6028;-0.3367;-0.9547
0;0.9469;0.5633;-0.395;-0.8428
0;0.9845;0.662;-0.0322;-0.4265
1;0.9866;0.6952;-0.0185;-0.0758
0;0.994;0.7324;-0.025;0.2637
0;1.0088;0.7506;-0.0709;0.6539
0;0.9976;0.6586;-0.1802;0.8595
0;0.9894;0.5918;-0.2608;0.9426
0;0.9903;0.6726;-0.3094;1.0056
0;0.9908;0.6844;-0.3598;1.0486
0;1.0014;0.69;-0.2099;1.162
2;1.004;0.8201;-0.1943;1.2606
0;1.0241;0.8292;-0.1083;1.4962
0;1.0378;0.8384;-0.0552;1.7814
0;1.0361;0.8261;-0.106;1.9731
0;1.0373;0.8411;-0.0913;2.1132
0;1.0372;0.7773;-0.232;2.2002
0;1.0451;0.7901;-0.124;2.3128
0;1.0393;0.7285;-0.2027;2.3279
0;1.0348;0.6465;-0.322;2.2769
0;1.0301;0.6971;-0.4191;2.1726
0;1.0545;0.8302;-0.0279;2.2744
0;1.0729;0.8558;-0.1475;2.4867
0;1.0673;0.8158;-0.2581;2.5802
0;1.0771;0.8145;-0.0776;2.7097
0;1.0882;0.8267;-0.1464;2.8768
1;1.0754;0.7107;-0.3256;2.869
0;1.0866;0.705;-0.1683;2.9281
0;1.0629;0.595;-0.4993;2.7424
0;1.0641;0.595;-0.4829;2.577
0;1.0676;0.6053;-0.4337;2.4492
2;1.0815;0.6209;-0.43;2.4406
0;1.0972;0.6803;-0.0711;2.541
0;1.0978;0.7011;-0.0679;2.5981
1;1.0758;0.6312;-0.5948;2.4284
0;1.0525;0.4943;-0.9009;2.072
0;1.047;0.4189;-0.8896;1.7219
0;1.0491;0.4418;-0.831;1.4461
0;1.0378;0.3755;-0.9345;1.117
2;1.0349;0.3222;-0.8636;0.8218
0;1.029;0.3379;-0.9277;0.5307
0;1.0219;0.2668;-0.9481;0.235
0;0.9579;0.2068;-0.8719;-0.5432
0;0.9287;0.173;-0.9679;-1.3991
0;0.918;0.1508;-0.9252;-2.1491
0;0.917;0.0914;-0.921;-2.7254
0;0.9321;0.0888;-0.8228;-3.0226
0;0.9224;0.0821;-0.8768;-3.3069
0;0.9187;0.09;-0.9;-3.5275
0;0.9135;0.0993;-0.9332;-3.7074
0;0.9142;0.1063;-0.926;-3.804
0;0.9204;0.1273;-0.7482;-3.787
0;0.9115;0.1291;-0.8771;-3.8095
0;0.8901;0.1164;-0.8513;-3.9683
0;0.8919;0.1286;-0.8205;-4.0362
0;0.925;0.2699;-0.2461;-3.766
0;0.9211;0.3777;-0.3128;-3.5457
0;0.9317;0.5114;-0.1132;-3.2451
0;0.9281;0.5406;-0.176;-3.0039
1;0.9382;0.5791;-0.0352;-2.6967
0;0.9501;0.5689;-0.0984;-2.3249
0;0.9646;0.6557;-0.022;-1.8844
0;0.9815;0.7115;-0.0117;-1.3736
0;0.9893;0.7505;-0.0298;-0.8905
0;0.9887;0.7464;-0.0419;-0.5055
0;0.9839;0.7118;-0.1127;-0.2378
0;0.9701;0.6896;-0.317;-0.1415
0;0.9628;0.7588;-0.4204;-0.1259
0;0.9648;0.7591;-0.4525;-0.0957
2;0.9718;0.7042;-0.5241;-0.0114
0;0.9757;0.738;-0.5437;0.0885
0;0.9748;0.7054;-0.5608;0.1588
0;0.9818;0.7475;-0.4259;0.2718
1;0.9737;0.667;-0.5817;0.2894
0;0.9591;0.541;-0.865;0.1756
0;0.9602;0.4774;-0.8422;0.0941
0;0.9571;0.3513;-0.903;0.0022
0;0.9611;0.3204;-0.7457;-0.036
2;0.9392;0.252;-0.9954;-0.2514
0;0.937;0.2586;-0.9859;-0.4376
0;0.945;0.3625;-0.7684;-0.5119
0;0.9414;0.378;-0.8362;-0.5951
0;0.9468;0.4015;-0.6959;-0.6084
0;0.9202;0.2671;-0.8841;-0.8382
0;0.9068;0.2133;-0.9226;-1.124
0;0.9221;0.304;-0.6975;-1.2077
0;0.9301;0.3091;-0.536;-1.1931
0;0.9419;0.3857;-0.2393;-1.0685
0;0.9448;0.4439;-0.1855;-0.9348
0;0.9359;0.4099;-0.3525;-0.8948
1;0.9412;0.4422;-0.2523;-0.8086
0;0.9453;0.4422;-0.112;-0.6979
0;0.9525;0.5542;-0.039;-0.5414
0;0.9555;0.5751;-0.1089;-0.3872
0;0.9598;0.5621;-0.0504;-0.2249
0;0.9544;0.5535;-0.2039;-0.1406
0;0.9733;0.5981;-0.0426;0.0879
0;0.9732;0.7441;-0.1055;0.2661
0;0.9836;0.8637;-0.0521;0.4915
0;0.984;0.8413;-0.0451;0.6672
0;0.9849;0.8278;-0.1033;0.806
0;0.9796;0.7452;-0.3172;0.8625
0;0.9721;0.6671;-0.548;0.8335
0;0.9591;0.6349;-0.8798;0.6914
0;0.9525;0.5645;-0.9454;0.5161
0;1.0143;0.7383;-0.1765;0.8977
0;1.028;0.7493;-0.0137;1.305
0;1.0267;0.738;-0.0418;1.6012
0;1.0449;0.7601;-0.0103;1.9715
0;1.0294;0.7161;-0.1716;2.1109
1;1.0423;0.7059;-0.037;2.3079
0;1.0487;0.7172;-0.0129;2.4933
0;1.0647;0.726;-0.0145;2.7483
0;1.0735;0.7383;0.0;2.9948
0;1.0779;0.743;-0.0193;3.1942
0;1.0698;0.7323;-0.1408;3.2493
0;1.0692;0.7593;-0.1736;3.2524
0;1.0716;0.8185;-0.1382;3.2413
0;1.0845;0.8608;-0.0098;3.3075
0;1.0835;0.7833;-0.1411;3.3162
0;1.0819;0.7451;-0.204;3.2743
0;1.0805;0.7443;-0.284;3.1949
0;1.0833;0.7029;-0.2834;3.1219
0;1.0749;0.7594;-0.6964;2.9598
2;1.0783;0.73;-0.5587;2.8293
0;1.0701;0.634;-0.8627;2.6276
0;1.0656;0.5065;-0.7493;2.4021
0;1.0593;0.3925;-0.8393;2.1459
0;1.0582;0.3428;-0.8655;1.9113
0;1.05;0.3423;-0.8807;1.6373
0;1.051;0.3564;-0.8568;1.4124
0;1.0573;0.3926;-0.7064;1.2732
0;1.0672;0.3643;-0.4162;1.2342
0;1.0669;0.3683;-0.4241;1.1878
0;1.0734;0.4375;-0.1227;1.1941
1;1.0453;0.3142;-0.9205;0.9476
0;1.0216;0.2335;-1.0;0.5425
0;1.0445;0.3833;-0.5329;0.4118
0;1.0693;0.4706;-0.1342;0.5154
0;1.1072;0.6021;-0.12;0.9129
0;1.1448;0.6847;-0.0121;1.5358
0;1.1384;0.684;-0.089;1.9556
1;1.1251;0.6476;-0.1905;2.1528
0;1.125;0.6713;-0.1912;2.2846
0;1.1248;0.6692;-0.1927;2.3624
0;1.1354;0.6757;-0.1143;2.4887
2;1.1165;0.6066;-0.2542;2.4011
0;1.1182;0.6102;-0.3691;2.321
0;1.1203;0.6026;-0.4077;2.2509
0;1.1288;0.7;-0.4816;2.2441
0;1.1113;0.7213;-0.8639;2.0661
0;1.1199;0.7002;-0.676;1.9771
0;1.1146;0.6342;-0.7139;1.8414
0;1.1194;0.5449;-0.5723;1.7554
0;1.1199;0.3732;-0.5575;1.6732
0;1.1282;0.4492;-0.2778;1.6613
1;1.1299;0.5268;-0.1877;1.6486
0;1.1496;0.6133;-0.1414;1.7884
0;1.1521;0.6231;-0.3469;1.9006
0;1.1624;0.6221;-0.1959;2.0563
0;1.1588;0.7226;-0.2482;2.1269
0;1.1652;0.7358;-0.1654;2.2145
0;1.1644;0.7243;-0.1881;2.2534
0;1.1637;0.6921;-0.2033;2.2533
0;1.1602;0.8191;-0.2824;2.2
0;1.1596;0.7893;-0.3147;2.1295
0;1.155;0.7974;-0.4274;2.0128
2;1.1654;0.8129;-0.2127;1.9877
0;1.1714;0.8258;-0.0241;1.9974
0;1.145;0.5867;-0.5485;1.7601
0;1.134;0.5196;-0.7683;1.4612
0;1.1265;0.3775;-0.9188;1.1463
0;1.1247;0.3538;-0.9341;0.8709
0;1.1044;0.2201;-0.8774;0.4723
2;1.1054;0.2355;-0.8646;0.1618
0;1.0936;0.163;-0.9659;-0.1852
0;1.0837;0.1502;-0.9243;-0.5402
0;1.0993;0.2531;-0.7615;-0.6815
0;1.1058;0.296;-0.5879;-0.7307
0;1.104;0.2933;-0.6079;-0.7768
0;1.0732;0.2455;-0.7771;-1.0661
0;1.0796;0.2261;-0.6674;-1.2286
0;1.0525;0.1658;-0.8211;-1.5734
0;1.0665;0.2625;-0.6063;-1.7101
2;1.0952;0.3938;-0.2264;-1.5562
0;1.0948;0.4097;-0.2317;-1.4219
0;1.0958;0.4176;-0.2173;-1.2916
0;1.1125;0.5235;-0.0329;-1.0342
1;1.1132;0.5227;-0.0743;-0.8145
0;1.1075;0.5422;-0.1427;-0.6809
0;1.1131;0.5913;-0.0755;-0.5212
0;1.1109;0.5392;-0.1073;-0.4084
0;1.1098;0.514;-0.1601;-0.3245
0;1.1004;0.488;-0.3322;-0.3344
2;1.0902;0.5656;-0.8187;-0.4257
0;1.0943;0.5577;-0.7099;-0.4585
0;1.0864;0.6574;-0.7962;-0.5462
0;1.0948;0.6387;-0.5972;-0.5385
0;1.1055;0.5616;-0.3412;-0.4354
0;1.1164;0.6143;-0.0829;-0.2575
0;1.1346;0.6735;-0.1163;0.04
0;1.1281;0.577;-0.2519;0.2191
1;1.1469;0.6411;-0.0952;0.5176
0;1.1469;0.6731;-0.127;0.7472
0;1.1532;0.6751;-0.1073;0.9734
0;1.1547;0.6923;-0.0896;1.154
0;1.1614;0.7158;-0.09;1.3406
0;1.1645;0.7828;-0.0659;1.4996
0;1.1655;0.8622;-0.0638;1.6183
0;1.1579;0.7956;-0.2331;1.6295
0;1.1602;0.8615;-0.1956;1.6405
0;1.1675;0.8601;-0.1333;1.6943
0;1.1626;0.7994;-0.4145;1.6764
0;1.1623;0.7709;-0.4624;1.6421
0;1.1532;0.6232;-0.8494;1.5206
