0;0.495;0.0;-0.6555;0.0
0;0.4955;1.0;-0.605;0.0
0;0.494;0.24;-0.5987;0.0
0;0.498;0.75;-0.2532;0.0
0;0.4923;0.3851;-0.7089;0.0
0;0.4941;0.4647;-0.5172;0.0
0;0.502;0.6642;-0.119;0.0
0;0.5077;0.7347;-0.1045;0.0
0;0.5086;0.7429;-0.1492;0.0
0;0.5109;0.7624;-0.0776;0.0
0;0.5116;0.7679;-0.0671;0.0
0;0.5137;0.7828;-0.0724;0.0904
0;0.5051;0.6212;-0.376;0.1008
0;0.5213;0.7271;-0.1209;0.2425
0;0.5267;0.7506;-0.0254;0.407
0;0.5218;0.6946;-0.2032;0.4971
0;0.5205;0.6963;-0.2865;0.5568
0;0.5177;0.6488;-0.4135;0.5766
1;0.5277;0.7506;-0.0919;0.691
0;0.5361;0.7722;-0.0484;0.8697
0;0.5405;0.7612;-0.0298;1.0597
0;0.5359;0.6946;-0.1482;1.1619
0;0.5341;0.6738;-0.2613;1.2208
0;0.5392;0.6856;-0.1021;1.3207
0;0.5399;0.6859;-0.0721;1.4063
0;0.5363;0.6454;-0.2102;1.4291
2;0.5326;0.6886;-0.3514;1.3987
0;0.5284;0.5581;-0.6;1.28
0;0.5296;0.5257;-0.7209;1.1836
0;0.5394;0.6424;-0.1574;1.1781
0;0.5454;0.6878;-0.1482;1.2122
0;0.5434;0.6959;-0.2724;1.2095
0;0.5391;0.5952;-0.4574;1.1576
1;0.5347;0.4879;-0.6424;1.0674
0;0.5341;0.4386;-0.6693;0.9797
0;0.5345;0.485;-0.6525;0.9036
2;0.532;0.4778;-0.7601;0.8126
0;0.518;0.3161;-0.8502;0.6133
0;0.5194;0.3236;-0.8122;0.462
0;0.5153;0.3209;-0.8063;0.3029
0;0.5092;0.3084;-0.9483;0.1226
0;0.5028;0.2979;-0.9838;-0.0751
0;0.5078;0.3377;-0.8463;-0.187
0;0.5085;0.2333;-0.8295;-0.2679
0;0.5108;0.182;-0.7663;-0.3086
0;0.5104;0.1871;-0.7789;-0.3414
0;0.5171;0.3009;-0.4328;-0.3066
1;0.5089;0.2811;-0.7003;-0.3457
0;0.5123;0.3244;-0.3564;-0.3433
0;0.5096;0.3063;-0.5297;-0.3613
0;0.5111;0.3358;-0.4307;-0.3582
0;0.5149;0.4709;-0.2816;-0.3204
2;0.5162;0.4701;-0.199;-0.2758
0;0.5237;0.5744;-0.1038;-0.1746
0;0.5229;0.6341;-0.1443;-0.0997
0;0.528;0.7536;-0.0514;0.004
0;0.5255;0.6868;-0.2399;0.0641
0;0.5231;0.6494;-0.3208;0.0907
0;0.5172;0.5611;-0.5902;0.0609
0;0.5142;0.5353;-0.7064;0.0113
0;0.5143;0.4714;-0.7692;-0.0272
2;0.5121;0.5383;-0.8629;-0.0761
0;0.5165;0.5476;-0.6789;-0.0768
0;0.5138;0.5486;-0.7926;-0.0994
0;0.5138;0.5314;-0.7926;-0.1162
0;0.5148;0.499;-0.7492;-0.1194
0;0.51;0.4262;-0.8986;-0.1617
0;0.507;0.2803;-0.8369;-0.2181
0;0.5123;0.3745;-0.4954;-0.2159
0;0.5147;0.332;-0.2593;-0.1911
0;0.5206;0.4428;-0.0273;-0.1198
0;0.5237;0.5064;-0.0039;-0.0361
0;0.5295;0.6407;-0.1114;0.0798
1;0.5319;0.7053;-0.0299;0.1905
0;0.5339;0.7183;-0.2087;0.2931
0;0.5363;0.7684;-0.1467;0.391
0;0.5362;0.7422;-0.1488;0.4633
0;0.5384;0.8055;-0.093;0.5335
0;0.5353;0.7482;-0.2059;0.5569
0;0.5356;0.744;-0.2424;0.5721
0;0.5312;0.7509;-0.4474;0.5404
0;0.5359;0.8276;-0.3234;0.55
0;0.5412;0.828;-0.0946;0.5968
0;0.5375;0.7509;-0.4242;0.5957
0;0.5381;0.7179;-0.4138;0.5932
0;0.5464;0.7504;-0.0143;0.6555
1;0.5407;0.6246;-0.3524;0.6499
0;0.5441;0.6329;-0.1476;0.6675
0;0.5382;0.5427;-0.5048;0.6239
0;0.5411;0.5477;-0.3286;0.6078
0;0.54;0.5368;-0.3952;0.5792
2;0.542;0.5354;-0.47;0.5674
0;0.544;0.5862;-0.4083;0.5686
0;0.551;0.6352;-0.0963;0.6235
0;0.5496;0.6705;-0.3109;0.648
0;0.5474;0.6121;-0.4381;0.6422
0;0.5498;0.5881;-0.3015;0.6504
0;0.5469;0.5987;-0.471;0.6256
0;0.5422;0.5402;-0.7525;0.5597
2;0.5451;0.486;-0.5821;0.5262
0;0.548;0.5833;-0.455;0.5191
0;0.5515;0.5842;-0.2222;0.5376
0;0.5604;0.7378;-0.0485;0.6221
0;0.5622;0.7315;-0.232;0.6975
1;0.5625;0.7515;-0.221;0.7522
0;0.562;0.7305;-0.2403;0.7826
0;0.5554;0.6192;-0.4696;0.7423
0;0.5471;0.4597;-0.7597;0.6319
0;0.5579;0.5705;-0.384;0.6299
0;0.5575;0.588;-0.4337;0.6183
2;0.5534;0.5312;-0.5874;0.5682
0;0.5618;0.6163;-0.3213;0.5941
0;0.5662;0.6878;-0.1227;0.6454
1;0.572;0.7015;-0.0841;0.7281
0;0.5734;0.6946;-0.0849;0.7977
0;0.5697;0.6388;-0.2137;0.8123
0;0.5706;0.5884;-0.2137;0.8227
0;0.5715;0.582;-0.1821;0.8302
0;0.567;0.5366;-0.4026;0.7889
0;0.5661;0.5338;-0.4391;0.7406
2;0.5606;0.5429;-0.6809;0.6474
0;0.5679;0.6765;-0.4542;0.6299
0;0.5647;0.5662;-0.6175;0.5818
0;0.5634;0.5567;-0.6813;0.5269
0;0.5756;0.6828;-0.0717;0.5812
0;0.5756;0.6322;-0.1429;0.6185
1;0.5729;0.5658;-0.2711;0.6177
0;0.5767;0.5481;-0.1018;0.6429
0;0.576;0.5274;-0.1309;0.6506
0;0.5725;0.5291;-0.2945;0.6193
0;0.5799;0.5857;0.0;0.6509
0;0.5877;0.6325;-0.0029;0.7356
0;0.5957;0.7224;-0.0446;0.8626
0;0.609;0.7784;-0.0556;1.0661
0;0.6104;0.8419;-0.1599;1.2265
1;0.6002;0.7132;-0.3687;1.2536
0;0.6131;0.7838;-0.1044;1.3709
0;0.6039;0.7176;-0.292;1.3712
0;0.6054;0.6811;-0.261;1.3697
0;0.5937;0.5958;-0.5283;1.2542
0;0.5973;0.6285;-0.5456;1.1803
0;0.5914;0.5758;-0.82;1.0596
2;0.5822;0.529;-0.9597;0.8751
0;0.5849;0.5592;-0.8551;0.7433
0;0.5796;0.4988;-0.9888;0.5872
0;0.593;0.5243;-0.5556;0.5712
0;0.5938;0.4906;-0.5167;0.56
0;0.5872;0.3845;-0.6629;0.4892
0;0.5946;0.4211;-0.4366;0.4903
0;0.589;0.4414;-0.6009;0.4388
1;0.5882;0.3511;-0.6244;0.3868
0;0.5749;0.3342;-1.0;0.2284
0;0.5805;0.3642;-0.6436;0.1492
0;0.5879;0.4668;-0.4787;0.1478
2;0.5781;0.3978;-0.6968;0.0623
0;0.5715;0.3947;-0.8446;-0.062
0;0.5671;0.4159;-0.7179;-0.1965
0;0.589;0.5188;-0.3462;-0.1148
0;0.596;0.574;-0.0532;0.0104
0;0.5819;0.4504;-0.3455;-0.0103
0;0.5894;0.481;-0.191;0.0365
0;0.5848;0.4895;-0.2857;0.0343
1;0.593;0.4935;-0.1146;0.102
0;0.5882;0.4964;-0.2159;0.113
2;0.5744;0.4466;-0.5017;0.0039
0;0.5932;0.5683;-0.1113;0.0771
0;0.5891;0.5325;-0.341;0.0994
0;0.5954;0.5287;-0.2417;0.1694
0;0.5938;0.5637;-0.2972;0.2093
0;0.586;0.5583;-0.5694;0.172
1;0.5985;0.6182;-0.1361;0.2465
0;0.5887;0.499;-0.475;0.22
0;0.5943;0.493;-0.2806;0.2442
0;0.5957;0.5648;-0.2306;0.2728
0;0.5971;0.5385;-0.1953;0.304
0;0.5985;0.5705;-0.2008;0.3375
0;0.6075;0.5736;-0.0706;0.4362
0;0.605;0.588;-0.1656;0.4883
0;0.6236;0.7444;-0.027;0.6819
0;0.6295;0.707;-0.0153;0.8774
0;0.6281;0.7296;-0.0523;1.0105
0;0.6337;0.7273;-0.076;1.1521
0;0.6278;0.6919;-0.2019;1.2013
0;0.6377;0.7852;-0.0124;1.3113
0;0.6399;0.7577;-0.089;1.4023
0;0.6438;0.8694;-0.0155;1.4923
0;0.6421;0.8384;-0.0906;1.5332
0;0.6548;0.8606;-0.0434;1.6568
0;0.6432;0.7504;-0.4225;1.6384
0;0.6356;0.6889;-0.6659;1.5421
0;0.639;0.6701;-0.6055;1.4784
0;0.645;0.7079;-0.4171;1.4633
0;0.6411;0.6078;-0.5377;1.4034
2;0.6478;0.6117;-0.418;1.3982
0;0.6423;0.5817;-0.6431;1.3318
1;0.6323;0.4921;-0.842;1.1808
0;0.6408;0.5696;-0.5648;1.1217
0;0.6372;0.4973;-0.6813;1.0328
0;0.6355;0.4747;-0.6469;0.9369
2;0.6127;0.353;-0.7926;0.6584
0;0.6178;0.3883;-0.6863;0.4747
0;0.6064;0.275;-0.9275;0.2281
0;0.6048;0.3031;-0.8948;0.0179
0;0.6065;0.3414;-0.8603;-0.1331
0;0.6103;0.3443;-0.7759;-0.2187
0;0.6041;0.2789;-0.9023;-0.336
0;0.6019;0.2838;-0.9197;-0.4438
0;0.6046;0.2509;-0.8549;-0.501
0;0.6049;0.271;-0.8414;-0.538
0;0.6111;0.3634;-0.5;-0.5094
0;0.5961;0.2343;-0.9568;-0.608
0;0.6036;0.3085;-0.5306;-0.6163
0;0.6072;0.3428;-0.3429;-0.5851
0;0.6113;0.4899;-0.1347;-0.5198
0;0.5941;0.3579;-0.9651;-0.6091
0;0.596;0.4298;-0.7509;-0.6568
0;0.5865;0.3883;-0.973;-0.7679
0;0.5898;0.4;-0.8011;-0.8189
0;0.601;0.449;-0.4034;-0.7556
2;0.6003;0.4776;-0.4291;-0.7038
0;0.5925;0.4485;-0.7058;-0.7215
0;0.5953;0.449;-0.606;-0.704
1;0.5892;0.4186;-0.8052;-0.7351
0;0.5955;0.4197;-0.5505;-0.698
0;0.5831;0.4312;-0.9683;-0.7662
0;0.5886;0.4191;-0.7524;-0.7655
0;0.5823;0.3691;-0.9752;-0.8099
0;0.5929;0.4095;-0.5666;-0.7465
0;0.6077;0.5689;-0.112;-0.5628
0;0.6045;0.5421;-0.224;-0.44
0;0.5991;0.5653;-0.452;-0.3842
0;0.6004;0.5558;-0.4116;-0.3253
1;0.5989;0.4877;-0.4571;-0.2876
0;0.6158;0.5768;-0.0185;-0.1121
0;0.6249;0.6586;-0.0092;0.1049
0;0.6255;0.6512;-0.0569;0.2802
0;0.6316;0.7127;-0.0189;0.467
0;0.6123;0.5746;-0.5455;0.4453
0;0.6152;0.655;-0.4773;0.448
0;0.6218;0.659;-0.3201;0.5018
0;0.6145;0.652;-0.4943;0.4763
0;0.6012;0.5385;-0.8571;0.3389
2;0.6083;0.5028;-0.7238;0.2869
0;0.6073;0.5147;-0.7495;0.2348
0;0.6121;0.5669;-0.621;0.232
0;0.6236;0.6077;-0.3148;0.3246
0;0.6264;0.6258;-0.2398;0.418
1;0.6235;0.5408;-0.2441;0.4626
0;0.6157;0.451;-0.4763;0.4261
0;0.6159;0.4486;-0.4692;0.395
0;0.6133;0.3982;-0.5474;0.3438
0;0.6026;0.4405;-0.8626;0.2093
2;0.6112;0.477;-0.6425;0.174
0;0.6011;0.3855;-0.9575;0.0586
0;0.5983;0.406;-0.88;-0.0567
0;0.5752;0.3642;-0.9528;-0.3429
0;0.5766;0.3242;-0.8198;-0.5531
0;0.58;0.3526;-0.7111;-0.6836
0;0.5743;0.2979;-0.78;-0.8274
0;0.5784;0.2379;-0.6962;-0.8972
0;0.5718;0.1966;-0.8129;-0.9992
0;0.5692;0.1973;-0.8483;-1.0907
0;0.5456;0.1678;-0.9496;-1.3518
0;0.5452;0.1654;-0.9515;-1.5459
0;0.5388;0.1596;-0.7958;-1.7375
0;0.5687;0.3684;-0.2656;-1.6156
0;0.5814;0.3878;-0.0404;-1.395
0;0.5829;0.4268;-0.163;-1.1935
0;0.5908;0.4709;-0.0543;-0.9555
0;0.5863;0.5503;-0.125;-0.7952
1;0.5829;0.5281;-0.1802;-0.6897
0;0.5871;0.5311;-0.1238;-0.564
0;0.5939;0.5853;-0.0315;-0.4011
0;0.5933;0.5671;-0.0391;-0.2733
0;0.5797;0.5336;-0.2473;-0.2853
0;0.5758;0.5279;-0.7791;-0.3244
0;0.5726;0.637;-0.8212;-0.379
0;0.5717;0.6328;-0.8547;-0.4261
2;0.5734;0.683;-0.7118;-0.4438
0;0.5835;0.5985;-0.3985;-0.3679
0;0.5917;0.5731;-0.1197;-0.2346
0;0.5847;0.5117;-0.3443;-0.1865
0;0.5757;0.402;-0.6335;-0.2232
1;0.579;0.4519;-0.4875;-0.221
0;0.5798;0.4791;-0.4597;-0.2101
0;0.5705;0.3945;-0.7828;-0.2785
2;0.5813;0.4237;-0.4095;-0.2379
0;0.5908;0.4862;-0.0808;-0.1228
0;0.5898;0.5643;-0.1503;-0.0391
0;0.5869;0.5711;-0.268;0.0028
0;0.5808;0.5505;-0.5163;-0.0162
1;0.5674;0.4773;-0.9558;-0.1444
0;0.5585;0.4256;-0.7838;-0.3197
2;0.5545;0.3464;-0.8739;-0.4885
0;0.5612;0.3356;-0.7243;-0.5597
0;0.5539;0.3348;-0.8865;-0.6712
0;0.5431;0.3285;-0.9797;-0.8436
0;0.533;0.2734;-0.9882;-1.0564
0;0.5502;0.3745;-0.6954;-1.0667
0;0.5489;0.4016;-0.6935;-1.0751
0;0.5514;0.3528;-0.5849;-1.0492
0;0.5449;0.2675;-0.6208;-1.0723
0;0.5437;0.2669;-0.657;-1.0893
1;0.562;0.3908;-0.1087;-0.9361
0;0.5534;0.3825;-0.3977;-0.8786
0;0.5554;0.4427;-0.3402;-0.8069
0;0.5661;0.5353;-0.0789;-0.651
0;0.5646;0.5485;-0.1224;-0.5335
0;0.5602;0.4953;-0.2472;-0.4729
0;0.5586;0.5241;-0.2925;-0.4338
0;0.5517;0.5459;-0.4875;-0.4571
0;0.5538;0.6227;-0.4263;-0.4522
2;0.5733;0.6325;-0.104;-0.2783
0;0.5728;0.639;-0.1784;-0.1423
0;0.5695;0.6039;-0.2919;-0.0625
0;0.5773;0.6827;-0.158;0.0674
1;0.5777;0.6939;-0.1769;0.1731
0;0.5778;0.6139;-0.1746;0.2552
0;0.5699;0.6196;-0.3991;0.2495
0;0.5782;0.6517;-0.1633;0.3135
0;0.5596;0.4609;-0.6893;0.2021
0;0.5633;0.492;-0.7748;0.1436
0;0.5701;0.5563;-0.5373;0.154
0;0.5845;0.6286;-0.1546;0.2829
0;0.5697;0.583;-0.6289;0.2557
0;0.5835;0.6234;-0.1856;0.3491
1;0.5802;0.5328;-0.2938;0.3903
0;0.5749;0.5096;-0.4613;0.3741
0;0.5783;0.5406;-0.3531;0.3862
2;0.5851;0.5362;-0.1366;0.4489
0;0.5849;0.5333;-0.1425;0.4922
0;0.5878;0.5452;-0.1577;0.5457
0;0.5884;0.5898;-0.1396;0.5869
0;0.5832;0.525;-0.3653;0.5693
0;0.5996;0.7052;-0.0529;0.6881
0;0.6044;0.7086;-0.067;0.8154
0;0.6005;0.6591;-0.1741;0.8743
0;0.601;0.601;-0.1651;0.9154
0;0.5877;0.6124;-0.6511;0.8254
0;0.596;0.5836;-0.4048;0.8161
0;0.5885;0.5532;-0.7394;0.7366
2;0.6001;0.6481;-0.2704;0.7645
0;0.6029;0.6457;-0.1564;0.8023
0;0.6075;0.6361;-0.1852;0.862
0;0.6004;0.5871;-0.4154;0.8402
0;0.5978;0.556;-0.5028;0.7914
0;0.601;0.5689;-0.3969;0.7721
0;0.5932;0.5532;-0.6509;0.6828
0;0.5821;0.4018;-0.9624;0.5105
2;0.5806;0.3613;-0.9327;0.357
0;0.5658;0.3204;-0.9799;0.1068
0;0.5722;0.3595;-0.8391;-0.0373
0;0.5676;0.3928;-0.9184;-0.1895
0;0.5676;0.3339;-0.8678;-0.3074
0;0.5742;0.415;-0.72;-0.3414
0;0.5717;0.3115;-0.7764;-0.3859
1;0.5638;0.257;-0.8998;-0.4834
0;0.5598;0.202;-0.9389;-0.5894
0;0.5655;0.2782;-0.7009;-0.6179
0;0.5416;0.2191;-0.9822;-0.8369
0;0.546;0.2278;-0.7731;-0.9634
0;0.5422;0.2371;-0.8718;-1.0852
0;0.5387;0.2575;-0.9622;-1.1991
0;0.5489;0.3388;-0.6954;-1.189
0;0.5541;0.4339;-0.5486;-1.1245
0;0.5567;0.4086;-0.4795;-1.0398
0;0.5529;0.4125;-0.4656;-0.9943
0;0.5502;0.3994;-0.5592;-0.9712
1;0.5562;0.3961;-0.2061;-0.8913
0;0.5561;0.4071;-0.1966;-0.8202
0;0.5562;0.4502;-0.1978;-0.7541
2;0.5509;0.4427;-0.4353;-0.7394
0;0.5336;0.3209;-0.9437;-0.8667
0;0.5075;0.3133;-0.9792;-1.1794
0;0.4942;0.2419;-0.988;-1.5258
0;0.4987;0.2845;-0.8657;-1.7447
0;0.4904;0.2716;-0.8833;-1.9686
0;0.4825;0.1784;-0.9845;-2.1914
0;0.4934;0.2216;-0.845;-2.251
0;0.4896;0.1957;-0.8936;-2.3064
0;0.4992;0.2688;-0.7651;-2.2438
0;0.494;0.2631;-0.8202;-2.2154
0;0.5025;0.2779;-0.5726;-2.0974
1;0.4905;0.2532;-0.6438;-2.0838
0;0.4934;0.2683;-0.4845;-2.0262
0;0.4856;0.2635;-0.663;-2.0259
0;0.4939;0.3463;-0.376;-1.9335
0;0.5229;0.5585;-0.0947;-1.5939
0;0.518;0.5961;-0.1894;-1.3513
0;0.5177;0.5794;-0.1957;-1.1486
0;0.5275;0.6531;-0.0093;-0.893
1;0.5317;0.7094;-0.0254;-0.6472
0;0.5189;0.6068;-0.2504;-0.5551
0;0.5272;0.6519;-0.1055;-0.406
0;0.5178;0.5753;-0.2686;-0.3638
0;0.5295;0.6368;-0.0655;-0.2272
0;0.5354;0.6294;-0.0916;-0.0671
0;0.5171;0.5994;-0.7976;-0.096
0;0.5137;0.5756;-0.8315;-0.1466
0;0.5153;0.6162;-0.7204;-0.1711
0;0.5297;0.6335;-0.272;-0.0666
0;0.5379;0.566;-0.0465;0.0858
0;0.5232;0.5214;-0.489;0.0808
0;0.5404;0.5813;-0.0209;0.2214
1;0.5433;0.5593;-0.0768;0.3545
0;0.5376;0.5219;-0.2202;0.407
0;0.5368;0.5733;-0.2385;0.4377
0;0.537;0.5428;-0.2344;0.4587
0;0.5425;0.6118;-0.101;0.5172
0;0.5346;0.5238;-0.3734;0.491
2;0.5275;0.463;-0.7555;0.4044
0;0.5259;0.5481;-0.7704;0.3182
0;0.5215;0.5422;-0.8175;0.2096
0;0.5358;0.5979;-0.307;0.2439
0;0.5276;0.4891;-0.5442;0.198
0;0.527;0.4403;-0.5605;0.1549
0;0.5283;0.5325;-0.5233;0.1303
0;0.5419;0.5099;-0.1349;0.2247
1;0.5327;0.4341;-0.3698;0.2188
0;0.5373;0.4985;-0.3616;0.2511
0;0.5475;0.5603;-0.1071;0.3608
0;0.5269;0.4539;-0.6202;0.2682
0;0.5204;0.3999;-0.7818;0.1373
0;0.5342;0.4983;-0.5082;0.1499
0;0.5207;0.4722;-0.8993;0.0431
0;0.5142;0.4544;-0.9168;-0.0959
2;0.5192;0.4911;-0.714;-0.1624
0;0.5235;0.4477;-0.6199;-0.1765
0;0.5126;0.438;-0.8579;-0.2781
0;0.5125;0.4398;-0.7949;-0.3559
0;0.493;0.3725;-0.9813;-0.5788
0;0.5075;0.3765;-0.5575;-0.6256
0;0.5222;0.4638;-0.366;-0.531
0;0.5004;0.386;-0.7306;-0.6357
0;0.4885;0.3194;-0.9306;-0.8127
0;0.4843;0.3551;-0.9364;-0.9794
0;0.4805;0.3618;-0.9631;-1.132
0;0.4943;0.3615;-0.6663;-1.1237
0;0.4602;0.3164;-0.953;-1.3948
0;0.4878;0.4288;-0.6393;-1.3592
0;0.4801;0.3965;-0.726;-1.3815
0;0.4465;0.3234;-0.9926;-1.6698
0;0.4455;0.3388;-0.9929;-1.8875
0;0.4276;0.312;-0.8076;-2.1913
0;0.407;0.3106;-0.9917;-2.5818
0;0.4035;0.2593;-0.9168;-2.8924
0;0.3763;0.1808;-1.0;-3.3373
0;0.3868;0.2387;-0.7453;-3.5628
0;0.4396;0.4053;-0.3648;-3.2545
0;0.4266;0.392;-0.4454;-3.0875
0;0.4;0.3611;-0.6176;-3.1492
0;0.4295;0.394;-0.331;-2.9142
1;0.4118;0.4165;-0.4822;-2.8477
0;0.4242;0.3839;-0.3763;-2.6603
2;0.4138;0.3801;-0.4655;-2.5727
0;0.3947;0.4012;-0.6293;-2.6384
0;0.3954;0.4043;-0.623;-2.656
0;0.3842;0.415;-0.8197;-2.7368
0;0.3669;0.4204;-0.9857;-2.9182
0;0.4165;0.5219;-0.3229;-2.609
0;0.423;0.5842;-0.2133;-2.2832
0;0.4351;0.5865;-0.1291;-1.8997
0;0.4463;0.5142;-0.0621;-1.4815
0;0.4406;0.5304;-0.1355;-1.1853
1;0.4649;0.6427;-0.0309;-0.7326
0;0.4359;0.5141;-0.3141;-0.615
0;0.411;0.4983;-0.5562;-0.7267
0;0.4208;0.4926;-0.4612;-0.7243
0;0.4239;0.5224;-0.4553;-0.6885
0;0.4207;0.5623;-0.7644;-0.6799
2;0.401;0.5123;-0.9903;-0.833
0;0.4278;0.5895;-0.4634;-0.7176
0;0.411;0.5908;-0.6561;-0.7615
0;0.394;0.4463;-0.8515;-0.9324
0;0.4035;0.4545;-0.7235;-0.9759
0;0.3763;0.3714;-0.9837;-1.2311
0;0.3536;0.3067;-0.9585;-1.6115
2;0.3819;0.388;-0.5934;-1.6544
0;0.4018;0.3776;-0.3771;-1.5012
0;0.3856;0.3974;-0.5449;-1.5021
0;0.3905;0.4545;-0.4941;-1.4452
0;0.3971;0.4466;-0.4263;-1.3295
1;0.3733;0.3957;-0.5604;-1.4264
0;0.3769;0.4098;-0.4782;-1.457
0;0.3872;0.4704;-0.3252;-1.3781
0;0.3859;0.3994;-0.3447;-1.3125
0;0.401;0.4758;-0.1201;-1.1183
0;0.3981;0.5106;-0.3394;-0.9785
1;0.3925;0.4707;-0.4642;-0.9053
0;0.3928;0.5512;-0.4569;-0.8351
0;0.3852;0.6078;-0.6275;-0.8356
0;0.3995;0.5664;-0.3083;-0.7063
0;0.4061;0.5179;-0.1596;-0.5407
0;0.4228;0.6553;-0.0227;-0.2628
0;0.414;0.5951;-0.1937;-0.1154
0;0.4157;0.5786;-0.1603;0.0166
1;0.4203;0.7366;-0.146;0.1592
0;0.4233;0.7351;-0.092;0.2956
0;0.4142;0.6382;-0.2555;0.3221
0;0.4185;0.6621;-0.1781;0.3764
0;0.4184;0.6011;-0.181;0.4138
0;0.42;0.6298;-0.2971;0.4527
0;0.434;0.7233;-0.0246;0.5974
0;0.4386;0.7355;-0.1162;0.7439
0;0.4496;0.8202;-0.0548;0.9452
0;0.4443;0.7446;-0.1777;1.0486
0;0.449;0.7393;-0.1133;1.1592
0;0.4379;0.5899;-0.3879;1.1396
0;0.4378;0.6576;-0.3899;1.1113
0;0.4312;0.5961;-0.5478;1.021
2;0.4284;0.5515;-0.614;0.9155
0;0.4157;0.4565;-0.904;0.7142
0;0.4094;0.4718;-0.8754;0.4947
0;0.4066;0.4288;-0.794;0.2928
0;0.4181;0.4987;-0.6016;0.2286
0;0.4039;0.4253;-0.839;0.0548
0;0.403;0.3365;-0.6975;-0.0904
0;0.4005;0.2948;-0.7416;-0.2247
0;0.3879;0.1727;-0.9334;-0.435
0;0.3982;0.2679;-0.7201;-0.5086
0;0.4029;0.2673;-0.5915;-0.5215
0;0.4145;0.3826;-0.1842;-0.4276
0;0.3983;0.3293;-0.6184;-0.4866
0;0.3927;0.3321;-0.7697;-0.5758
1;0.389;0.3296;-0.8608;-0.6712
0;0.3953;0.4067;-0.6683;-0.6858
0;0.3889;0.4064;-0.8571;-0.7442
2;0.3932;0.4394;-0.6637;-0.7462
0;0.4012;0.4211;-0.4484;-0.6718
0;0.406;0.5109;-0.3187;-0.565
0;0.3851;0.424;-0.8813;-0.6528
0;0.3896;0.4547;-0.7003;-0.676
0;0.3838;0.4819;-0.6637;-0.7365
0;0.3853;0.4381;-0.6233;-0.7639
0;0.3738;0.3691;-0.8934;-0.8752
2;0.3701;0.2851;-0.9331;-0.9848
0;0.369;0.334;-0.9594;-1.0698
0;0.363;0.3325;-0.8849;-1.1766
0;0.3495;0.2993;-0.982;-1.363
0;0.3548;0.2925;-0.8369;-1.45
0;0.3426;0.276;-0.9299;-1.6067
0;0.3391;0.2366;-0.9863;-1.7426
0;0.3369;0.1679;-0.9021;-1.85
0;0.3232;0.1081;-0.9876;-2.0313
0;0.3181;0.1272;-0.9814;-2.196
0;0.3231;0.1315;-0.9003;-2.2597
0;0.3129;0.1254;-0.9563;-2.3728
0;0.318;0.1578;-0.8646;-2.3933
0;0.3099;0.1635;-0.9731;-2.4526
0;0.3366;0.3578;-0.3555;-2.2472
0;0.3388;0.3731;-0.2179;-2.0425
0;0.3449;0.4241;-0.0414;-1.8078
0;0.3348;0.4365;-0.3094;-1.6899
0;0.3393;0.4325;-0.2282;-1.5405
1;0.3442;0.5073;-0.1058;-1.3652
0;0.3456;0.5305;-0.1181;-1.2007
0;0.3387;0.5082;-0.2815;-1.1165
0;0.3344;0.5557;-0.3839;-1.0747
0;0.3588;0.6696;-0.0125;-0.8238
0;0.3566;0.6427;-0.1727;-0.6363
0;0.3605;0.7148;-0.2166;-0.4482
0;0.3752;0.7375;-0.0223;-0.1706
0;0.367;0.737;-0.2059;-0.0194
1;0.3515;0.5683;-0.5547;-0.0318
0;0.3547;0.5719;-0.5019;-0.0146
0;0.3621;0.5769;-0.3288;0.0622
0;0.3791;0.6871;-0.1274;0.2662
0;0.3765;0.6598;-0.2033;0.4025
0;0.3821;0.662;-0.0938;0.5532
1;0.3726;0.608;-0.339;0.5854
0;0.3682;0.6199;-0.4542;0.5669
0;0.3902;0.6984;-0.0386;0.7332
0;0.3828;0.5971;-0.204;0.7934
0;0.3759;0.5752;-0.3585;0.7736
0;0.3858;0.5942;-0.136;0.8346
0;0.392;0.5666;-0.0952;0.9256
0;0.3905;0.5983;-0.2151;0.9748
0;0.378;0.6141;-0.5606;0.8975
0;0.396;0.6578;-0.1734;0.9798
0;0.3869;0.5937;-0.3952;0.9571
0;0.3964;0.5693;-0.2201;1.0097
0;0.4074;0.6156;-0.0687;1.1335
0;0.3999;0.5655;-0.2705;1.1554
0;0.3958;0.5892;-0.3913;1.126
0;0.4036;0.6328;-0.1842;1.1567
0;0.403;0.5572;-0.3013;1.1637
0;0.4086;0.6174;-0.159;1.2045
0;0.4223;0.6989;-0.0428;1.3402
0;0.4277;0.6865;-0.0124;1.4784
0;0.4315;0.6799;-0.085;1.6037
0;0.4268;0.6606;-0.2051;1.6456
0;0.4419;0.776;-0.0096;1.7893
0;0.4332;0.6749;-0.177;1.8099
0;0.436;0.7453;-0.141;1.8308
0;0.4207;0.6146;-0.5164;1.6977
0;0.4282;0.6014;-0.3479;1.6382
0;0.4263;0.6362;-0.4896;1.5578
2;0.4404;0.7083;-0.0715;1.5979
0;0.4347;0.6485;-0.2745;1.5645
0;0.4301;0.6242;-0.4417;1.4821
1;0.4219;0.5597;-0.7343;1.3324
0;0.4243;0.5097;-0.6455;1.22
0;0.4384;0.5492;-0.1303;1.2385
2;0.4276;0.4832;-0.5285;1.1481
0;0.4354;0.5362;-0.2485;1.1311
0;0.4373;0.4784;-0.1788;1.122
1;0.4594;0.6099;-0.0546;1.2905
0;0.462;0.6092;-0.0565;1.4315
0;0.4546;0.6527;-0.2043;1.4645
0;0.4583;0.6403;-0.1312;1.5061
0;0.4687;0.6834;-0.0927;1.6117
0;0.4696;0.6423;-0.0787;1.6849
0;0.4615;0.6276;-0.2434;1.6563
0;0.4613;0.6556;-0.2467;1.6147
0;0.4617;0.7148;-0.2738;1.5684
0;0.4642;0.7151;-0.3042;1.5357
0;0.4548;0.5936;-0.7517;1.4146
2;0.4537;0.6667;-0.798;1.2944
0;0.4545;0.634;-0.7649;1.1929
0;0.4566;0.6349;-0.6821;1.118
0;0.4505;0.4198;-0.9233;0.9956
0;0.4371;0.312;-0.94;0.7743
0;0.4309;0.318;-0.9593;0.5396
0;0.4223;0.2435;-0.9371;0.2763
0;0.4325;0.2399;-0.7125;0.152
0;0.4285;0.218;-0.7762;0.0185
0;0.4361;0.3249;-0.5823;-0.0218
0;0.4319;0.3076;-0.6872;-0.0894
0;0.4346;0.3273;-0.6214;-0.1191
1;0.4176;0.2504;-0.9364;-0.2852
0;0.4231;0.3225;-0.6527;-0.3664
0;0.4109;0.287;-0.9725;-0.5302
0;0.413;0.2958;-0.8179;-0.636
0;0.4127;0.2804;-0.8261;-0.7147
0;0.4126;0.2982;-0.8266;-0.7699
0;0.4274;0.4494;-0.3442;-0.6796
0;0.4287;0.4881;-0.3008;-0.5899
1;0.4468;0.6223;-0.0365;-0.3599
0;0.4486;0.588;-0.0551;-0.1594
0;0.4472;0.605;-0.0875;-0.0117
0;0.4569;0.6141;-0.0099;0.1873
0;0.4486;0.5878;-0.1758;0.2715
0;0.4415;0.5351;-0.3167;0.275
0;0.4437;0.6539;-0.2736;0.2932
0;0.4341;0.5622;-0.5166;0.2233
0;0.4332;0.6435;-0.7019;0.1574
2;0.4359;0.6465;-0.764;0.1271
0;0.4422;0.6749;-0.5398;0.1555
0;0.4508;0.7055;-0.236;0.2489
0;0.4528;0.6584;-0.1652;0.3367
0;0.4587;0.6768;-0.0535;0.4525
1;0.4554;0.5619;-0.1578;0.5113
0;0.4507;0.5143;-0.3102;0.5121
0;0.4577;0.5669;-0.0856;0.5665
0;0.4621;0.5353;-0.094;0.6407
0;0.4646;0.6188;-0.1127;0.7136
0;0.4636;0.6803;-0.1473;0.7549
0;0.4835;0.7524;-0.1157;0.9488
0;0.4771;0.7838;-0.2715;1.0372
0;0.4755;0.7778;-0.3086;1.0824
0;0.4666;0.6858;-0.5195;1.0303
0;0.4722;0.6832;-0.3867;1.0264
0;0.4687;0.6164;-0.4914;0.9821
2;0.4792;0.6548;-0.3096;1.0264
0;0.4913;0.6782;-0.0336;1.1534
0;0.4963;0.7188;-0.0902;1.2831
0;0.4997;0.7663;-0.1733;1.4008
0;0.5002;0.7486;-0.1639;1.4829
0;0.5022;0.7413;-0.1181;1.5489
0;0.4991;0.7062;-0.1886;1.5582
0;0.4968;0.6951;-0.25;1.5291
0;0.4943;0.5794;-0.3091;1.4686
0;0.4925;0.6221;-0.3716;1.3905
0;0.4992;0.6736;-0.2874;1.371
2;0.5065;0.8004;-0.0813;1.4029
0;0.5053;0.767;-0.2193;1.4032
0;0.5125;0.8342;-0.0469;1.4497
0;0.5185;0.8217;-0.0147;1.5213
1;0.5188;0.7789;-0.0145;1.5644
0;0.5152;0.6976;-0.1395;1.5513
0;0.5129;0.6416;-0.218;1.5053
0;0.5185;0.6764;-0.1087;1.5
0;0.5232;0.6928;-0.1241;1.5203
0;0.5257;0.7469;-0.1207;1.5416
0;0.5245;0.7623;-0.1768;1.5313
0;0.5292;0.8174;-0.0249;1.5467
0;0.5251;0.7839;-0.3289;1.5077
0;0.5217;0.7085;-0.5349;1.4325
0;0.515;0.5799;-0.8044;1.3012
0;0.5159;0.5994;-0.7675;1.1911
0;0.5131;0.506;-0.8893;1.0683
2;0.5099;0.4069;-0.744;0.9332
0;0.5021;0.3433;-0.979;0.7501
0;0.499;0.3471;-0.9274;0.5723
0;0.5057;0.4371;-0.746;0.483
0;0.5146;0.4682;-0.5057;0.4829
0;0.5111;0.3977;-0.523;0.4478
0;0.517;0.4307;-0.1684;0.4658
0;0.5203;0.4677;-0.037;0.5028
1;0.5144;0.3883;-0.3208;0.4768
0;0.5186;0.4512;-0.1635;0.4869
0;0.5336;0.5765;-0.0241;0.6168
0;0.539;0.6568;-0.0078;0.758
0;0.5431;0.6709;-0.035;0.896
0;0.5477;0.7122;-0.0812;1.0344
0;0.5473;0.738;-0.0956;1.1295
0;0.5473;0.8201;-0.1648;1.1925
0;0.5515;0.865;-0.069;1.2649
0;0.5508;0.8414;-0.1034;1.3022
0;0.5426;0.7141;-0.2971;1.2482
0;0.5364;0.686;-0.5523;1.1398
0;0.524;0.5467;-0.9921;0.9371
0;0.5321;0.5744;-0.6915;0.8365
2;0.5143;0.4991;-0.9939;0.597
0;0.5244;0.5297;-0.749;0.4879
0;0.5289;0.473;-0.6397;0.4352
0;0.5321;0.4594;-0.5628;0.4161
0;0.5477;0.5244;-0.1842;0.5294
0;0.5446;0.4836;-0.2459;0.5861
1;0.5585;0.5514;-0.0038;0.7424
0;0.5585;0.5514;-0.0813;0.8577
0;0.5605;0.5422;-0.0796;0.9565
0;0.5582;0.5346;-0.1415;1.005
0;0.569;0.6201;-0.0381;1.1241
0;0.5803;0.6906;-0.0083;1.302
0;0.5852;0.7842;-0.0046;1.4702
0;0.5791;0.7218;-0.1529;1.5346
0;0.5723;0.8063;-0.3225;1.5119
0;0.572;0.78;-0.3574;1.4752
0;0.5784;0.7848;-0.2686;1.4848
0;0.5745;0.7422;-0.412;1.4439
2;0.5748;0.6876;-0.401;1.3991
0;0.5655;0.6336;-0.7384;1.2697
0;0.5658;0.5569;-0.739;1.1572
0;0.5722;0.5967;-0.5161;1.1105
0;0.5735;0.5925;-0.4721;1.0727
0;0.566;0.5515;-0.6727;0.9679
0;0.5749;0.5401;-0.2914;0.9508
1;0.5795;0.4938;-0.1193;0.9659
0;0.5742;0.418;-0.3403;0.9225
0;0.5673;0.4136;-0.6281;0.8199
0;0.5717;0.4949;-0.4456;0.7676
0;0.584;0.5773;-0.0799;0.8232
0;0.5883;0.5656;-0.0217;0.8947
0;0.5912;0.6115;-0.0141;0.9658
0;0.5912;0.6097;-0.125;1.0116
0;0.5855;0.6417;-0.2925;0.9891
0;0.5845;0.6309;-0.3225;0.9523
0;0.5837;0.587;-0.3475;0.906
0;0.5836;0.5781;-0.35;0.8593
2;0.5849;0.6619;-0.3912;0.8248
0;0.5921;0.6513;-0.1857;0.8495
0;0.5929;0.627;-0.1928;0.8672
0;0.5916;0.6775;-0.3333;0.8604
0;0.5932;0.7962;-0.226;0.8596
1;0.5841;0.6285;-0.8362;0.7726
0;0.6028;0.6713;-0.0839;0.8545
0;0.5938;0.546;-0.4762;0.8335
0;0.5907;0.4958;-0.6117;0.7817
0;0.5932;0.5162;-0.5018;0.754
0;0.5944;0.5764;-0.4843;0.7342
1;0.6072;0.663;-0.034;0.8201
0;0.6037;0.6384;-0.1769;0.8491
0;0.6106;0.6706;-0.0299;0.9215
0;0.6127;0.6737;-0.0113;0.9866
0;0.6058;0.5861;-0.2798;0.9688
0;0.6083;0.5946;-0.1929;0.966
0;0.6011;0.5545;-0.4481;0.8921
0;0.5902;0.4843;-0.8338;0.7315
0;0.5813;0.4856;-0.9797;0.5223
2;0.5772;0.3436;-0.9932;0.3169
0;0.5762;0.3808;-0.8697;0.1432
0;0.569;0.3607;-0.8276;-0.0567
0;0.5669;0.3304;-0.8649;-0.2306
0;0.5679;0.3282;-0.8478;-0.3574
0;0.5685;0.201;-0.837;-0.4484
0;0.5725;0.2613;-0.7334;-0.4811
0;0.5743;0.1983;-0.6748;-0.4867
0;0.5586;0.1334;-0.9899;-0.6189
0;0.5596;0.1599;-0.6749;-0.7079
0;0.5504;0.1116;-0.9081;-0.849
0;0.5598;0.2311;-0.5727;-0.8712
0;0.5608;0.2805;-0.5378;-0.8709
2;0.5614;0.33;-0.5174;-0.8563
0;0.5528;0.3067;-0.8012;-0.9087
0;0.5582;0.3666;-0.614;-0.8946
1;0.5704;0.5101;-0.1888;-0.7701
0;0.5769;0.5645;-0.0487;-0.6092
0;0.5803;0.5785;-0.0882;-0.4465
0;0.5793;0.568;-0.1202;-0.3222
0;0.5742;0.5102;-0.2612;-0.2648
0;0.5812;0.5401;-0.0693;-0.157
0;0.5816;0.6619;-0.0578;-0.0669
0;0.5814;0.6554;-0.0752;0.0034
0;0.5898;0.7846;-0.0343;0.1299
0;0.5908;0.7545;-0.0598;0.2361
0;0.5895;0.7348;-0.2342;0.3065
0;0.596;0.7582;-0.1123;0.414
0;0.6035;0.8843;-0.0141;0.5576
0;0.5993;0.8179;-0.151;0.6296
0;0.6079;0.8072;-0.0904;0.7529
0;0.608;0.7848;-0.0885;0.8429
0;0.6101;0.7794;-0.0511;0.9227
0;0.6058;0.7339;-0.2548;0.9392
0;0.6085;0.8169;-0.202;0.9645
0;0.6132;0.8088;-0.0326;1.0144
0;0.6114;0.7803;-0.193;1.0279
0;0.614;0.793;-0.1345;1.0499
0;0.6203;0.7848;-0.1678;1.1093
0;0.615;0.7091;-0.4346;1.099
0;0.619;0.7434;-0.25;1.1138
0;0.6186;0.707;-0.2692;1.11
0;0.6206;0.6741;-0.2052;1.1118
0;0.6235;0.7527;-0.1636;1.1265
0;0.6267;0.7211;-0.1172;1.1535
0;0.6278;0.7276;-0.2581;1.1719
0;0.6234;0.6451;-0.4444;1.1366
0;0.6278;0.7399;-0.3158;1.134
0;0.6339;0.7581;-0.042;1.1718
0;0.6324;0.7083;-0.1255;1.1762
0;0.6267;0.652;-0.4434;1.1182
0;0.6242;0.6017;-0.7095;1.0399
0;0.6267;0.5688;-0.5799;0.988
0;0.6247;0.6139;-0.716;0.9201
2;0.6222;0.538;-0.7402;0.8352
0;0.6267;0.5896;-0.4755;0.7984
0;0.6319;0.6167;-0.1765;0.8047
0;0.6241;0.5055;-0.6275;0.735
0;0.6247;0.48;-0.5931;0.6774
0;0.6284;0.5055;-0.3135;0.6564
1;0.6516;0.6948;-0.0385;0.8291
0;0.6473;0.6353;-0.1587;0.9205
0;0.6477;0.6036;-0.149;0.9856
0;0.6471;0.6122;-0.1659;1.0214
0;0.6295;0.5181;-0.6773;0.8892
0;0.6323;0.5524;-0.5941;0.8001
2;0.6439;0.5992;-0.2616;0.8191
0;0.6348;0.5537;-0.5232;0.7486
0;0.6461;0.6165;-0.212;0.7806
0;0.6281;0.5058;-0.8049;0.6452
0;0.6233;0.4626;-0.8212;0.4907
0;0.6034;0.4187;-0.4903;0.1948
0;0.5883;0.3719;-0.6398;-0.1683
0;0.6186;0.4709;-0.3048;-0.1952
0;0.6194;0.39;-0.2968;-0.2079
0;0.6232;0.4172;-0.2573;-0.1835
0;0.6207;0.4089;-0.283;-0.1833
0;0.6098;0.3823;-0.3909;-0.2737
1;0.6051;0.4163;-0.3989;-0.3819
0;0.6021;0.3962;-0.3681;-0.4883
0;0.5908;0.3175;-0.5108;-0.6631
0;0.5659;0.2863;-0.991;-1.005
0;0.566;0.2331;-0.8048;-1.2629
0;0.5634;0.2596;-0.8374;-1.4751
0;0.5636;0.2707;-0.7703;-1.6245
0;0.5635;0.3194;-0.7713;-1.7256
0;0.5802;0.464;-0.5102;-1.6453
0;0.574;0.246;-0.5627;-1.6173
0;0.5627;0.2118;-0.7227;-1.6743
0;0.5747;0.2726;-0.4727;-1.5994
0;0.578;0.3013;-0.1488;-1.4953
0;0.5549;0.2707;-0.7078;-1.5934
2;0.5386;0.2466;-0.9867;-1.7926
0;0.547;0.2984;-0.7595;-1.8589
0;0.5403;0.3088;-0.9024;-1.9485
0;0.5579;0.4679;-0.528;-1.8488
0;0.5642;0.4932;-0.3942;-1.6971
0;0.5699;0.5244;-0.2514;-1.5111
1;0.5844;0.57;-0.0104;-1.2257
0;0.5843;0.57;-0.0206;-0.9885
0;0.5841;0.5145;-0.0257;-0.7933
0;0.5894;0.5585;-0.011;-0.5863
0;0.591;0.6166;-0.1615;-0.4033
0;0.5792;0.5186;-0.3578;-0.3546
0;0.5792;0.5051;-0.3891;-0.3125
0;0.5738;0.594;-0.5387;-0.3223
0;0.5781;0.7244;-0.6603;-0.2897
0;0.5717;0.6436;-0.9213;-0.3152
2;0.5535;0.5677;-0.8968;-0.4867
0;0.553;0.4693;-0.9063;-0.6209
0;0.5485;0.4002;-0.89;-0.7577
0;0.5477;0.3491;-0.9043;-0.8647
0;0.5502;0.2234;-0.8397;-0.9181
0;0.5669;0.3891;-0.4221;-0.8087
0;0.5727;0.4325;-0.2618;-0.6647
0;0.5751;0.4122;-0.1037;-0.524
0;0.5681;0.3675;-0.2949;-0.4676
1;0.5773;0.4883;-0.1191;-0.3402
0;0.5794;0.501;-0.0699;-0.218
0;0.5806;0.5417;-0.0443;-0.1094
0;0.5625;0.4184;-0.5155;-0.176
0;0.5656;0.4667;-0.4427;-0.2005
0;0.5754;0.6307;-0.2158;-0.1345
0;0.571;0.6031;-0.5705;-0.118
0;0.5923;0.7096;-0.0913;0.077
0;0.604;0.7443;-0.0445;0.3289
1;0.6099;0.7514;-0.0331;0.5738
0;0.6056;0.6822;-0.1415;0.7244
0;0.6058;0.6644;-0.1383;0.8368
0;0.6061;0.6574;-0.136;0.9194
0;0.6057;0.705;-0.144;0.9711
0;0.6186;0.7163;-0.0338;1.1107
0;0.6136;0.6742;-0.1297;1.167
0;0.6191;0.6877;-0.0548;1.2452
0;0.6236;0.8431;-0.0358;1.332
0;0.6196;0.8002;-0.1742;1.3522
0;0.6249;0.7896;-0.0656;1.3986
0;0.6252;0.8326;-0.1045;1.4232
0;0.6072;0.5948;-0.6318;1.2742
0;0.6013;0.4812;-0.8035;1.0934
0;0.6023;0.4439;-0.8451;0.948
0;0.5993;0.4524;-0.8028;0.7981
0;0.6007;0.4621;-0.7657;0.6832
2;0.5994;0.4505;-0.8018;0.5741
0;0.5872;0.3845;-0.9083;0.3787
0;0.5838;0.2543;-0.8808;0.1924
0;0.5761;0.2447;-0.9984;-0.0218
0;0.5628;0.1539;-0.9585;-0.3039
0;0.5593;0.0997;-0.891;-0.552
0;0.5575;0.1026;-0.9242;-0.7568
0;0.5706;0.1835;-0.684;-0.7996
0;0.5604;0.1612;-0.8705;-0.9107
0;0.5589;0.1949;-0.8939;-1.0016
0;0.5774;0.3699;-0.4973;-0.9055
0;0.578;0.367;-0.3477;-0.815
1;0.585;0.4251;-0.1614;-0.6755
0;0.5826;0.4064;-0.1454;-0.5787
0;0.5868;0.437;-0.1076;-0.4608
0;0.5881;0.5053;-0.1736;-0.352
0;0.5904;0.5378;-0.1172;-0.2429
0;0.5896;0.5836;-0.1969;-0.1617
0;0.589;0.6937;-0.2105;-0.1011
0;0.5851;0.6893;-0.3714;-0.085
0;0.5874;0.7175;-0.4394;-0.0526
0;0.5959;0.6979;-0.1164;0.0463
0;0.6031;0.8487;-0.0847;0.1849
0;0.6051;0.8748;-0.1925;0.3088
0;0.6049;0.8178;-0.1988;0.4016
1;0.5982;0.7049;-0.441;0.4138
0;0.6128;0.744;-0.0489;0.5427
0;0.6078;0.7108;-0.2092;0.5955
0;0.6137;0.7189;-0.0526;0.681
0;0.6127;0.7018;-0.0816;0.7332
0;0.6105;0.6648;-0.3904;0.7475
0;0.6096;0.6648;-0.4905;0.7437
0;0.6045;0.6186;-0.7259;0.6891
0;0.6215;0.7314;-0.1295;0.7828
0;0.6246;0.7343;-0.024;0.8745
0;0.6238;0.6946;-0.0897;0.9309
0;0.6249;0.6662;-0.0918;0.975
0;0.6251;0.6568;-0.0854;1.0008
1;0.6255;0.6609;-0.0954;1.0141
0;0.6358;0.7779;-0.0961;1.1012
0;0.6355;0.7134;-0.103;1.1559
0;0.6351;0.7813;-0.1659;1.1831
0;0.639;0.7721;-0.0929;1.2254
0;0.6309;0.6688;-0.4161;1.1767
0;0.6335;0.7125;-0.3161;1.1483
0;0.6425;0.7637;-0.1614;1.1902
0;0.6423;0.8286;-0.1693;1.2084
0;0.6429;0.7604;-0.1508;1.215
0;0.64;0.6883;-0.2486;1.1825
0;0.6382;0.6714;-0.306;1.1292
0;0.6402;0.6786;-0.2404;1.0926
0;0.6408;0.6818;-0.2213;1.0573
0;0.6397;0.6615;-0.2935;1.0088
2;0.6449;0.6176;-0.1351;1.0043
0;0.6432;0.5953;-0.2915;0.9755
0;0.6534;0.6826;-0.1833;1.029
0;0.6578;0.6853;-0.0417;1.0974
0;0.6568;0.7972;-0.0776;1.1309
0;0.6573;0.7867;-0.0609;1.1497
0;0.6527;0.6366;-0.2594;1.113
0;0.6461;0.5446;-0.5409;1.0169
0;0.6418;0.4882;-0.725;0.8934
2;0.6455;0.5573;-0.6154;0.8179
0;0.6356;0.477;-0.8758;0.666
0;0.6348;0.4502;-0.9062;0.5324
0;0.6468;0.5449;-0.461;0.5232
0;0.6492;0.5703;-0.3713;0.5309
0;0.6475;0.5197;-0.411;0.5166
0;0.6394;0.473;-0.7061;0.4319
0;0.6559;0.5162;-0.0419;0.5003
1;0.6489;0.4438;-0.3249;0.4897
0;0.6448;0.427;-0.4925;0.4409
0;0.6488;0.4507;-0.3284;0.4323
0;0.6746;0.6028;-0.0455;0.6396
0;0.6784;0.655;-0.1166;0.8284
0;0.6788;0.6848;-0.1095;0.9712
0;0.6759;0.6534;-0.1678;1.0493
0;0.677;0.7289;-0.1524;1.1092
0;0.6697;0.68;-0.311;1.0824
0;0.6692;0.631;-0.3219;1.0454
0;0.6758;0.6484;-0.1826;1.0616
2;0.6737;0.6453;-0.2346;1.0447
0;0.6797;0.7283;-0.1951;1.0716
0;0.6806;0.6698;-0.2233;1.0887
0;0.6812;0.7435;-0.1893;1.0957
1;0.6793;0.7695;-0.2961;1.0735
0;0.6801;0.7574;-0.2791;1.052
0;0.684;0.6208;-0.0698;1.0568
0;0.6855;0.5967;-0.0789;1.0618
0;0.6853;0.59;-0.1064;1.053
0;0.6833;0.6044;-0.2287;1.0181
0;0.6835;0.5935;-0.2181;0.9812
0;0.6819;0.7104;-0.4545;0.9279
0;0.6797;0.6723;-0.6439;0.8577
2;0.6786;0.5552;-0.6759;0.7838
0;0.6809;0.6438;-0.4897;0.7371
0;0.682;0.5574;-0.4;0.7019
0;0.683;0.5593;-0.3241;0.6748
0;0.6823;0.5274;-0.4;0.6405
0;0.6817;0.5631;-0.4467;0.6015
1;0.6763;0.4197;-0.6649;0.519
0;0.6803;0.4218;-0.4278;0.4822
0;0.6847;0.4854;-0.2249;0.4854
0;0.6853;0.5;-0.1914;0.4879
0;0.6817;0.4715;-0.3923;0.454
0;0.6859;0.5368;-0.1579;0.4583
1;0.6888;0.6025;-0.0411;0.4817
0;0.6857;0.5862;-0.2055;0.4686
0;0.6913;0.6616;-0.1115;0.501
0;0.7027;0.7247;-0.0054;0.6177
0;0.7045;0.7285;0.0;0.7185
0;0.7018;0.6841;-0.1656;0.7668
0;0.7119;0.745;-0.093;0.8831
0;0.7019;0.6449;-0.3759;0.8805
0;0.7008;0.6864;-0.4341;0.8596
0;0.7054;0.6892;-0.3049;0.8728
0;0.7082;0.6818;-0.2244;0.898
0;0.7087;0.6813;-0.259;0.9128
2;0.7113;0.7331;-0.1986;0.9367
0;0.7212;0.7547;-0.0506;1.029
1;0.7231;0.7509;-0.0183;1.1069
0;0.7239;0.7895;-0.006;1.1638
0;0.7306;0.7928;-0.0891;1.2527
0;0.7344;0.7667;-0.0542;1.3423
0;0.7345;0.7597;-0.062;1.3994
0;0.7321;0.7643;-0.1366;1.409
0;0.7369;0.74;-0.0177;1.4425
0;0.7324;0.8273;-0.1671;1.4153
0;0.7365;0.8602;-0.0426;1.4135
0;0.7239;0.6612;-0.6419;1.2904
0;0.7173;0.5735;-0.8125;1.1231
0;0.7166;0.5643;-0.7259;0.9742
2;0.7223;0.5849;-0.5301;0.8944
0;0.7237;0.5231;-0.4789;0.8346
0;0.7111;0.4106;-0.9187;0.6712
0;0.7108;0.4013;-0.8302;0.5331
0;0.7264;0.4726;-0.3269;0.5511
0;0.7179;0.3963;-0.6011;0.4866
0;0.7128;0.3722;-0.737;0.388
0;0.7213;0.4407;-0.3498;0.3782
0;0.7181;0.3948;-0.4806;0.3394
1;0.7011;0.3461;-0.9049;0.1602
2;0.7042;0.3399;-0.7444;0.0439
0;0.6995;0.3687;-0.8797;-0.0879
0;0.6888;0.3536;-0.6583;-0.2813
0;0.6786;0.3217;-0.8222;-0.5174
0;0.6887;0.3487;-0.6514;-0.6126
0;0.6945;0.3731;-0.5557;-0.6319
0;0.7057;0.4764;-0.37;-0.5447
0;0.7007;0.4573;-0.3772;-0.513
0;0.7092;0.4228;-0.0768;-0.4104
1;0.717;0.4961;-0.0239;-0.2591
0;0.7236;0.5478;-0.0107;-0.0813
0;0.7231;0.5087;-0.0894;0.056
0;0.7288;0.5499;-0.0215;0.2114
0;0.7297;0.6581;-0.061;0.3396
0;0.7334;0.66;-0.087;0.4679
0;0.7392;0.7148;-0.1171;0.6133
0;0.7384;0.8004;-0.1338;0.7147
0;0.7399;0.9154;-0.107;0.7996
0;0.7421;0.9054;-0.0782;0.877
0;0.7395;0.8591;-0.1994;0.9066
0;0.7348;0.7581;-0.4343;0.8799
0;0.7362;0.8372;-0.3723;0.8621
0;0.7276;0.6738;-0.808;0.7653
0;0.7296;0.6335;-0.6755;0.6979
2;0.7276;0.5469;-0.6121;0.6204
0;0.723;0.4981;-0.7727;0.5138
0;0.7078;0.3133;-0.894;0.2957
0;0.7135;0.367;-0.7568;0.1693
0;0.7442;0.5616;-0.1678;0.3283
0;0.7546;0.5833;-0.028;0.5382
0;0.7497;0.5587;-0.1201;0.6567
0;0.7612;0.6;-0.0825;0.8402
1;0.7612;0.5914;-0.0825;0.9758
0;0.7711;0.6416;-0.0521;1.1569
0;0.7761;0.6847;-0.0256;1.3292
0;0.7797;0.6907;-0.0707;1.4817
0;0.7784;0.7384;-0.0916;1.5751
0;0.7743;0.706;-0.1934;1.5974
0;0.767;0.6727;-0.4271;1.5355
0;0.7729;0.7162;-0.3333;1.5204
0;0.7756;0.8291;-0.2847;1.5152
2;0.7781;0.8236;-0.2583;1.5164
0;0.7756;0.7191;-0.3808;1.4799
0;0.776;0.6737;-0.3971;1.4391
1;0.7709;0.6709;-0.6101;1.3484
0;0.77;0.5861;-0.6316;1.2552
0;0.7608;0.4971;-0.7919;1.0905
0;0.7592;0.3853;-0.8471;0.9352
0;0.7674;0.4223;-0.571;0.8731
0;0.7622;0.3468;-0.714;0.7706
0;0.7499;0.2908;-0.9207;0.5774
0;0.7458;0.2907;-0.9831;0.3843
0;0.7514;0.3827;-0.7568;0.2754
0;0.7526;0.3349;-0.7267;0.1964
0;0.752;0.3019;-0.6847;0.1276
0;0.7646;0.4028;-0.258;0.1785
0;0.7343;0.2879;-0.9887;-0.0399
0;0.7343;0.2844;-0.881;-0.2122
0;0.7251;0.273;-0.8576;-0.4234
0;0.7292;0.3039;-0.7612;-0.5505
0;0.7252;0.3198;-0.847;-0.6788
2;0.7234;0.3193;-0.8862;-0.7882
0;0.7325;0.3252;-0.6903;-0.7884
0;0.7204;0.3042;-0.9496;-0.8829
0;0.721;0.348;-0.9366;-0.9429
0;0.7319;0.4316;-0.6882;-0.8877
0;0.7254;0.3734;-0.6038;-0.8902
0;0.7348;0.4201;-0.1312;-0.8029
0;0.7367;0.4319;-0.2518;-0.7094
1;0.7451;0.4104;-0.1012;-0.5564
0;0.7453;0.57;-0.1508;-0.4286
0;0.7443;0.5631;-0.2087;-0.3321
0;0.7415;0.6122;-0.2954;-0.2763
0;0.7346;0.5356;-0.5095;-0.2878
0;0.7433;0.6126;-0.2604;-0.2199
0;0.7539;0.6712;-0.0106;-0.0738
0;0.7532;0.6282;-0.1875;0.0361
0;0.771;0.7925;-0.1913;0.2731
0;0.7851;0.8206;-0.0585;0.5768
1;0.7797;0.753;-0.1541;0.764
0;0.7877;0.8247;-0.0275;0.9707
0;0.7961;0.8229;-0.0541;1.195
0;0.787;0.7466;-0.1829;1.2821
0;0.7764;0.65;-0.3337;1.2469
0;0.7706;0.6149;-0.5299;1.1564
0;0.7681;0.6067;-0.6267;1.0513
0;0.765;0.6053;-0.7712;0.9316
2;0.7694;0.6592;-0.8318;0.8643
0;0.7633;0.5936;-0.8386;0.7504
0;0.7737;0.593;-0.5996;0.7414
0;0.7598;0.5273;-0.7484;0.6082
0;0.7684;0.4882;-0.5208;0.57
0;0.764;0.395;-0.5224;0.4961
0;0.7607;0.4034;-0.5758;0.4046
0;0.7507;0.3166;-0.8535;0.2438
2;0.7295;0.2064;-0.962;-0.0658
0;0.7223;0.21;-0.9852;-0.3696
0;0.7216;0.2305;-0.8337;-0.611
0;0.7173;0.2339;-0.8678;-0.8316
0;0.6876;0.184;-1.0;-1.2487
0;0.6909;0.2096;-0.8537;-1.536
0;0.6478;0.1346;-0.9905;-2.1113
0;0.6458;0.138;-0.9027;-2.5591
0;0.6075;0.0628;-0.9983;-3.21
0;0.6235;0.1451;-0.7592;-3.5535
0;0.5875;0.0877;-0.9814;-4.0918
0;0.6075;0.1672;-0.8431;-4.3023
0;0.6311;0.2463;-0.6808;-4.2222
0;0.6406;0.284;-0.5726;-4.0336
0;0.632;0.2988;-0.5614;-3.9155
0;0.6318;0.3077;-0.5217;-3.7824
1;0.5974;0.2691;-0.8372;-3.9299
0;0.5915;0.2675;-0.8847;-4.0543
0;0.5935;0.3063;-0.8505;-4.0922
2;0.6132;0.3503;-0.5224;-3.9111
0;0.6262;0.4528;-0.299;-3.6168
0;0.6204;0.4454;-0.4239;-3.3957
0;0.6275;0.5496;-0.2939;-3.1252
1;0.6478;0.559;-0.0219;-2.707
0;0.6468;0.6734;-0.0795;-2.357
0;0.6511;0.6403;-0.1364;-2.0198
0;0.6406;0.5333;-0.2826;-1.822
0;0.623;0.4413;-0.528;-1.7965
0;0.6182;0.453;-0.645;-1.7976
0;0.6398;0.5238;-0.3503;-1.5962
0;0.6369;0.645;-0.3983;-1.4452
2;0.6185;0.5907;-0.7035;-1.4672
0;0.6237;0.5994;-0.6163;-1.4243
0;0.6353;0.5767;-0.4244;-1.2772
1;0.6461;0.5702;-0.2456;-1.0561
0;0.663;0.6393;-0.0139;-0.7272
0;0.6621;0.6177;-0.0955;-0.4685
0;0.6625;0.558;-0.089;-0.256
0;0.6665;0.5759;-0.1219;-0.0516
0;0.6565;0.52;-0.3249;0.0251
0;0.599;0.3863;-0.9035;-0.403
0;0.6044;0.4455;-0.8441;-0.6906
0;0.6274;0.5244;-0.5877;-0.7141
0;0.6415;0.5046;-0.4318;-0.606
2;0.6301;0.482;-0.5585;-0.6111
0;0.6351;0.547;-0.5029;-0.5662
1;0.617;0.4822;-0.7037;-0.6782
0;0.6082;0.4273;-0.8012;-0.8336
0;0.6098;0.3975;-0.7507;-0.9338
0;0.6104;0.3364;-0.6571;-0.9977
0;0.6224;0.3847;-0.4856;-0.9354
0;0.6266;0.3979;-0.4255;-0.8407
0;0.6467;0.4483;-0.1389;-0.5867
1;0.6466;0.4727;-0.0716;-0.3811
0;0.651;0.7021;-0.0935;-0.1779
0;0.6449;0.6565;-0.1796;-0.0681
0;0.6545;0.6168;-0.0443;0.1011
0;0.6324;0.4636;-0.3542;0.0457
0;0.65;0.5764;-0.1419;0.1505
0;0.6424;0.5277;-0.2985;0.1674
0;0.6511;0.6382;-0.1825;0.2526
0;0.6626;0.7156;-0.0676;0.4146
0;0.6722;0.7325;-0.0499;0.6189
1;0.6601;0.6709;-0.3129;0.6714
0;0.667;0.6587;-0.1631;0.7636
0;0.6954;0.709;-0.081;1.0693
0;0.6972;0.6727;-0.0556;1.3145
0;0.6838;0.6165;-0.2406;1.3798
0;0.6594;0.5232;-0.6399;1.2089
0;0.6744;0.5783;-0.4135;1.1895
0;0.6879;0.5866;-0.2727;1.2754
0;0.6822;0.6416;-0.3868;1.282
2;0.687;0.6134;-0.2906;1.3138
0;0.6916;0.6535;-0.1961;1.3643
1;0.6703;0.5556;-0.6292;1.2087
0;0.6793;0.5492;-0.4406;1.1501
0;0.7;0.5768;-0.0883;1.2673
0;0.6932;0.5937;-0.2183;1.2881
0;0.6957;0.5834;-0.2341;1.3117
0;0.6833;0.4612;-0.5542;1.2115
1;0.6678;0.4131;-0.8463;0.988
0;0.6715;0.4614;-0.7613;0.8328
2;0.6535;0.4809;-0.8251;0.549
0;0.6445;0.3984;-0.9292;0.2432
0;0.6261;0.2973;-1.0;-0.1561
0;0.6268;0.3116;-0.9334;-0.4637
0;0.6453;0.3706;-0.6935;-0.5439
0;0.6439;0.3487;-0.7115;-0.6133
0;0.6758;0.5163;-0.2709;-0.3904
0;0.6756;0.4884;-0.1198;-0.2121
1;0.6753;0.4111;-0.225;-0.0724
0;0.6762;0.4361;-0.2124;0.0459
0;0.6732;0.4162;-0.2541;0.1139
0;0.6727;0.4566;-0.2617;0.1618
0;0.6561;0.4527;-0.4994;0.057
0;0.6732;0.5065;-0.3448;0.1192
0;0.6571;0.5134;-0.7151;0.0298
2;0.6546;0.5396;-0.9015;-0.0619
0;0.6455;0.5817;-0.9246;-0.2106
0;0.6487;0.5905;-0.86;-0.2986
0;0.6387;0.4707;-0.9152;-0.4501
0;0.633;0.4537;-0.9722;-0.6126
0;0.6564;0.4106;-0.4433;-0.5356
0;0.6495;0.3867;-0.5944;-0.5277
0;0.6485;0.3846;-0.6165;-0.5242
0;0.6545;0.4102;-0.4083;-0.4656
0;0.6531;0.4157;-0.4427;-0.4258
1;0.6452;0.3914;-0.5378;-0.4573
2;0.6513;0.4791;-0.3293;-0.4256
0;0.6448;0.3654;-0.5499;-0.4508
0;0.6587;0.5077;-0.2426;-0.3482
0;0.6621;0.536;-0.1756;-0.2346
0;0.6558;0.5504;-0.3899;-0.1965
0;0.652;0.516;-0.5179;-0.1966
0;0.6537;0.5804;-0.4583;-0.1796
1;0.6708;0.6795;-0.0786;-0.0197
0;0.6767;0.6157;-0.0576;0.1566
0;0.6815;0.6866;-0.0516;0.3342
0;0.6712;0.6195;-0.3228;0.3838
0;0.6797;0.6295;-0.2565;0.4906
0;0.6846;0.6559;-0.1348;0.6115
0;0.681;0.6852;-0.2239;0.6696
0;0.6766;0.6332;-0.3326;0.6708
0;0.6781;0.6846;-0.3049;0.6773
0;0.6862;0.6632;-0.1302;0.7442
0;0.6851;0.6398;-0.3196;0.7792
0;0.683;0.6746;-0.4489;0.7806
0;0.6848;0.7163;-0.3839;0.7891
0;0.6847;0.7087;-0.387;0.7867
0;0.6912;0.6607;-0.1579;0.8319
0;0.7077;0.709;-0.0337;0.9987
0;0.706;0.672;-0.122;1.1045
0;0.7151;0.8126;-0.0767;1.2533
0;0.7108;0.7363;-0.1584;1.3213
0;0.7083;0.6861;-0.2078;1.3391
0;0.7212;0.7758;-0.0221;1.4483
0;0.7392;0.8621;-0.0672;1.6717
0;0.7367;0.8354;-0.1027;1.8089
0;0.7489;0.8427;-0.0423;2.0012
0;0.7467;0.8338;-0.0899;2.1135
0;0.7329;0.7399;-0.385;2.0621
0;0.7384;0.7487;-0.2722;2.0464
0;0.7434;0.7604;-0.1704;2.0544
0;0.745;0.7494;-0.1376;2.0526
2;0.7449;0.7034;-0.142;2.0286
0;0.7408;0.686;-0.457;1.9535
0;0.7451;0.6689;-0.2945;1.9098
0;0.742;0.6782;-0.4859;1.8294
0;0.7406;0.6871;-0.55;1.7347
0;0.7442;0.6493;-0.3682;1.6718
0;0.7467;0.5615;-0.2222;1.6263
0;0.7501;0.6073;-0.0552;1.6019
0;0.739;0.42;-0.7459;1.4715
0;0.7222;0.3388;-0.8953;1.2101
0;0.7326;0.4982;-0.5702;1.0801
0;0.7411;0.5181;-0.3058;1.0386
0;0.7413;0.4856;-0.3003;0.9964
2;0.7452;0.5018;-0.1791;0.9857
0;0.7681;0.6208;-0.028;1.1611
1;0.7703;0.6563;-0.0153;1.3051
0;0.771;0.6429;-0.094;1.4107
0;0.7584;0.5819;-0.3112;1.3727
0;0.7508;0.548;-0.4438;1.2634
0;0.7388;0.4764;-0.7323;1.0615
0;0.734;0.4455;-0.9391;0.8505
0;0.7282;0.4083;-0.9111;0.6263
2;0.7258;0.4404;-0.9532;0.4227
0;0.7409;0.5858;-0.6689;0.3859
0;0.7374;0.5235;-0.7341;0.3234
0;0.7233;0.4171;-0.9373;0.151
0;0.7304;0.4524;-0.7925;0.0738
0;0.7359;0.4599;-0.589;0.0589
0;0.734;0.3209;-0.4401;0.0307
0;0.7293;0.2906;-0.5331;-0.0317
0;0.7269;0.2783;-0.642;-0.1016
1;0.724;0.3083;-0.7665;-0.1797
0;0.7119;0.2935;-0.9252;-0.3426
0;0.6963;0.2831;-0.9751;-0.599
0;0.7065;0.3672;-0.7548;-0.708
0;0.7202;0.4641;-0.4598;-0.6704
0;0.7081;0.4266;-0.7222;-0.7369
0;0.7088;0.3492;-0.7069;-0.7754
0;0.7208;0.4279;-0.3929;-0.6951
1;0.7205;0.486;-0.252;-0.6275
0;0.7134;0.4159;-0.4619;-0.6278
0;0.7187;0.4149;-0.1846;-0.5762
0;0.7076;0.3802;-0.5692;-0.6235
0;0.7085;0.4022;-0.7085;-0.6467
2;0.7081;0.4104;-0.765;-0.6611
0;0.7209;0.4864;-0.1496;-0.557
0;0.7276;0.5721;-0.0352;-0.4126
0;0.7244;0.6452;-0.2563;-0.3216
1;0.7225;0.5905;-0.3219;-0.2622
0;0.7236;0.5223;-0.2844;-0.2037
0;0.7179;0.5712;-0.4844;-0.2036
0;0.7052;0.4781;-0.9312;-0.3091
2;0.7002;0.3605;-0.9753;-0.4318
0;0.6994;0.3583;-0.7631;-0.5307
0;0.6833;0.3199;-0.9561;-0.7393
0;0.6858;0.2959;-0.907;-0.8747
0;0.6848;0.3384;-0.9199;-0.9804
0;0.6739;0.2852;-0.9545;-1.1458
0;0.6758;0.3035;-0.9076;-1.2475
0;0.667;0.1554;-0.9862;-1.3894
0;0.6548;0.0656;-0.9928;-1.5902
0;0.6463;0.0617;-0.9646;-1.8036
0;0.6581;0.1746;-0.7548;-1.8525
0;0.6602;0.1835;-0.6659;-1.8532
0;0.6613;0.2036;-0.6437;-1.8249
0;0.6563;0.2214;-0.7476;-1.8258
0;0.652;0.2233;-0.8011;-1.8435
1;0.6705;0.3621;-0.3333;-1.6809
0;0.6584;0.3765;-0.6078;-1.6374
0;0.6617;0.3816;-0.3411;-1.5577
0;0.6431;0.325;-0.9284;-1.6367
0;0.638;0.3417;-0.8499;-1.7249
0;0.6329;0.3157;-0.9615;-1.8192
2;0.6575;0.4642;-0.3371;-1.665
0;0.6733;0.568;-0.1283;-1.3925
0;0.6741;0.6086;-0.1097;-1.1555
0;0.6663;0.533;-0.3104;-1.0232
0;0.6639;0.5147;-0.358;-0.9285
1;0.6566;0.4822;-0.5009;-0.9055
0;0.662;0.5218;-0.3951;-0.8323
0;0.6651;0.5505;-0.3333;-0.7393
2;0.6697;0.4965;-0.2434;-0.6195
0;0.6822;0.602;-0.1089;-0.4125
0;0.6778;0.5684;-0.2698;-0.2821
1;0.6681;0.6151;-0.5452;-0.259
0;0.6715;0.6566;-0.4523;-0.2093
0;0.6585;0.6117;-0.8068;-0.2778
0;0.6574;0.4995;-0.8085;-0.3379
2;0.6622;0.431;-0.6832;-0.3415
0;0.6483;0.3611;-0.8574;-0.459
0;0.6744;0.5364;-0.2929;-0.3246
0;0.67;0.5271;-0.3873;-0.2524
0;0.6764;0.5876;-0.2505;-0.139
0;0.6732;0.5505;-0.3198;-0.0755
0;0.6616;0.485;-0.4778;-0.1232
1;0.6637;0.4743;-0.4215;-0.1413
0;0.6621;0.4049;-0.4637;-0.1677
0;0.6474;0.369;-0.8478;-0.311
2;0.6415;0.3814;-0.8282;-0.4714
0;0.6571;0.4422;-0.4903;-0.4601
0;0.6537;0.479;-0.5637;-0.4751
0;0.6572;0.4989;-0.4721;-0.4523
0;0.6683;0.5249;-0.2231;-0.3349
0;0.677;0.6214;-0.0356;-0.1653
1;0.6628;0.4455;-0.3505;-0.1504
0;0.6543;0.4289;-0.5386;-0.2091
0;0.6424;0.3536;-0.804;-0.3547
0;0.6483;0.3956;-0.6713;-0.4148
0;0.6512;0.453;-0.6674;-0.4335
2;0.6633;0.4981;-0.3739;-0.3414
0;0.6694;0.5294;-0.2239;-0.2129
0;0.6647;0.5751;-0.3391;-0.1495
1;0.6678;0.6177;-0.263;-0.0715
0;0.6647;0.5382;-0.2727;-0.0358
0;0.6858;0.6372;-0.0752;0.1723
0;0.6844;0.6183;-0.164;0.3223
0;0.6975;0.6247;-0.059;0.5485
0;0.6918;0.5649;-0.1669;0.6723
0;0.6878;0.6203;-0.2521;0.7287
0;0.6955;0.6996;-0.1146;0.8305
0;0.6917;0.7601;-0.1922;0.87
0;0.6945;0.7517;-0.1349;0.9155
2;0.7012;0.7617;-0.0323;0.9984
0;0.7082;0.7484;-0.0723;1.1127
0;0.7226;0.7694;-0.0065;1.313
0;0.72;0.7863;-0.2061;1.4348
0;0.7127;0.7228;-0.3565;1.4536
0;0.7162;0.7548;-0.2841;1.4829
0;0.7121;0.656;-0.3808;1.455
0;0.72;0.6964;-0.2275;1.4848
2;0.7243;0.6637;-0.1464;1.5292
0;0.725;0.7162;-0.1332;1.554
0;0.7208;0.7143;-0.2706;1.5212
0;0.7108;0.5967;-0.7553;1.3945
0;0.7179;0.6584;-0.4752;1.3402
0;0.7044;0.5532;-0.8652;1.1687
0;0.7016;0.502;-0.8508;0.9968
2;0.7139;0.5299;-0.4724;0.9553
0;0.714;0.4464;-0.4696;0.9133
0;0.7068;0.4224;-0.6906;0.8095
0;0.7081;0.4711;-0.6319;0.7305
0;0.7088;0.4511;-0.6024;0.6659
1;0.724;0.5683;-0.1059;0.7377
0;0.7413;0.61;-0.01;0.9329
0;0.7386;0.5751;-0.0809;1.0539
0;0.7326;0.5376;-0.213;1.0869
0;0.7347;0.5708;-0.2069;1.1197
0;0.7275;0.5874;-0.4039;1.0726
0;0.726;0.5449;-0.4458;1.0112
2;0.7195;0.5909;-0.6232;0.8971
0;0.7082;0.5363;-0.9335;0.7015
0;0.7061;0.4519;-0.9482;0.5217
0;0.7044;0.4425;-0.9152;0.3608
0;0.7039;0.4811;-0.7584;0.2256
0;0.7044;0.4756;-0.7199;0.1213
0;0.7048;0.4737;-0.699;0.0409
0;0.7063;0.3558;-0.6433;-0.0099
0;0.7061;0.1032;-0.638;-0.0522
0;0.7059;0.1094;-0.5486;-0.0864
1;0.7046;0.1235;-0.565;-0.1231
0;0.6953;0.0548;-0.8361;-0.2301
0;0.6835;0.0496;-0.9517;-0.4119
2;0.6838;0.0566;-0.9432;-0.5485
0;0.683;0.0642;-0.9266;-0.6572
0;0.6847;0.1361;-0.8715;-0.7213
0;0.6977;0.4033;-0.4665;-0.6535
0;0.7061;0.5171;-0.2039;-0.5214
0;0.7124;0.5758;-0.0354;-0.3592
0;0.7012;0.4756;-0.3733;-0.3222
1;0.6998;0.4627;-0.4169;-0.3018
0;0.6929;0.4079;-0.624;-0.3406
0;0.7004;0.4646;-0.3978;-0.3042
0;0.6949;0.4357;-0.564;-0.3188
2;0.7031;0.4917;-0.3333;-0.2575
0;0.7027;0.5449;-0.3987;-0.2095
0;0.7108;0.6719;-0.3292;-0.1008
1;0.7019;0.6031;-0.5743;-0.0897
0;0.7004;0.5982;-0.6163;-0.0929
0;0.719;0.6624;-0.104;0.0635
0;0.6984;0.5032;-0.6708;0.0113
0;0.6848;0.4097;-0.9976;-0.146
0;0.6819;0.3677;-0.9579;-0.2927
0;0.6919;0.459;-0.7242;-0.3205
0;0.6923;0.467;-0.7137;-0.3352
2;0.6759;0.4304;-0.961;-0.4827
0;0.6776;0.4024;-0.924;-0.5792
0;0.6813;0.4409;-0.8461;-0.6175
0;0.6933;0.459;-0.5933;-0.539
0;0.6943;0.4649;-0.4604;-0.4629
0;0.7001;0.4544;-0.15;-0.3489
1;0.7117;0.5408;-0.0118;-0.157
0;0.7124;0.5502;-0.0185;0.0012
0;0.7137;0.474;-0.0373;0.1373
0;0.7225;0.6337;-0.036;0.3177
0;0.7221;0.7436;-0.0768;0.4533
0;0.7253;0.7819;-0.0424;0.5823
0;0.7225;0.7194;-0.2696;0.6538
0;0.7256;0.7295;-0.2228;0.7294
0;0.7264;0.9443;-0.229;0.7881
0;0.7322;0.948;-0.1283;0.8752
0;0.7333;0.9457;-0.1031;0.9438
0;0.7335;0.9318;-0.1012;0.9893
0;0.7351;0.9327;-0.1429;1.0285
0;0.7334;0.8863;-0.325;1.0338
0;0.7277;0.7146;-0.5992;0.9787
0;0.7241;0.6471;-0.751;0.8949
0;0.7242;0.6355;-0.7471;0.8201
0;0.7445;0.7189;-0.0737;0.9247
0;0.7517;0.7591;-0.1327;1.0587
0;0.753;0.7508;-0.1135;1.1638
0;0.7473;0.7134;-0.2657;1.1859
1;0.7446;0.6646;-0.3382;1.1676
0;0.7434;0.6464;-0.3696;1.1308
0;0.743;0.6031;-0.3792;1.0868
0;0.7316;0.4871;-0.6836;0.9437
2;0.7425;0.5614;-0.3937;0.9133
0;0.7605;0.6412;0.0;1.0325
0;0.7633;0.6643;-0.0359;1.1393
0;0.7694;0.728;-0.0021;1.2628
0;0.7657;0.7266;-0.0892;1.3152
1;0.7564;0.6598;-0.3057;1.2641
0;0.7655;0.6172;-0.1511;1.2874
0;0.7693;0.6019;-0.0676;1.3243
0;0.7712;0.6048;-0.0595;1.3554
0;0.7768;0.6701;-0.0299;1.4133
0;0.7783;0.697;-0.0563;1.4561
0;0.7747;0.6784;-0.1944;1.4444
0;0.7823;0.7064;-0.0597;1.4837
0;0.7872;0.8139;-0.0998;1.5412
0;0.7919;0.8;-0.0071;1.6101
0;0.7974;0.7639;-0.0681;1.6933
0;0.8051;0.7794;-0.0087;1.8063
0;0.8129;0.7846;-0.0039;1.943
0;0.813;0.8248;-0.0393;2.0308
0;0.8127;0.9392;-0.0472;2.0754
0;0.8067;0.838;-0.1856;2.0378
0;0.7928;0.6658;-0.551;1.869
0;0.8134;0.7354;-0.0698;1.8906
0;0.8107;0.6952;-0.2744;1.8645
0;0.8081;0.6701;-0.3782;1.8026
0;0.8091;0.7017;-0.4286;1.7432
0;0.8144;0.6936;-0.2516;1.7225
1;0.8157;0.6792;-0.241;1.6987
0;0.8113;0.6227;-0.3855;1.625
0;0.8147;0.6125;-0.2741;1.5781
0;0.8152;0.5725;-0.2574;1.5287
0;0.8169;0.5311;-0.2288;1.4882
0;0.8268;0.594;0.0;1.5248
0;0.829;0.6086;-0.143;1.5561
0;0.8212;0.594;-0.3939;1.4977
0;0.8143;0.6535;-0.6128;1.3778
0;0.8242;0.5909;-0.3411;1.3522
0;0.8049;0.4617;-1.0;1.1538
0;0.8124;0.5265;-0.7357;1.0495
2;0.8249;0.5853;-0.2994;1.062
0;0.8247;0.5592;-0.3057;1.0591
0;0.8209;0.5292;-0.4395;1.0131
0;0.8118;0.5025;-0.758;0.8888
1;0.829;0.5661;-0.1017;0.9276
0;0.8295;0.5659;-0.2264;0.9521
0;0.8353;0.5817;-0.0511;1.0108
0;0.8386;0.5555;-0.185;1.0742
0;0.8462;0.5773;-0.0405;1.1777
0;0.8483;0.6284;-0.0207;1.2645
0;0.8478;0.6682;-0.0708;1.3148
0;0.8511;0.6451;0.0;1.3691
0;0.8496;0.7976;-0.0439;1.3842
0;0.8449;0.7251;-0.199;1.342
0;0.848;0.6841;-0.1993;1.3208
0;0.8511;0.7008;-0.195;1.3163
0;0.8419;0.6471;-0.7441;1.22
2;0.8524;0.7794;-0.1962;1.2209
0;0.8452;0.6294;-0.6857;1.1475
0;0.8439;0.6132;-0.7849;1.066
0;0.8435;0.5705;-0.5129;0.9873
0;0.851;0.5994;-0.2103;0.9783
1;0.8463;0.5008;-0.3985;0.9213
2;0.847;0.4882;-0.3727;0.8721
0;0.8489;0.5092;-0.2952;0.8403
0;0.8485;0.4765;-0.31;0.8033
0;0.8438;0.4509;-0.5018;0.7254
0;0.8535;0.5664;-0.107;0.739
0;0.8603;0.5896;-0.0395;0.7991
0;0.8669;0.6099;-0.1179;0.8944
0;0.8727;0.7263;-0.0051;1.0095
0;0.8715;0.6625;-0.0381;1.0794
1;0.8518;0.5459;-0.5888;0.9553
0;0.8608;0.6071;-0.3376;0.9239
0;0.8457;0.5117;-0.7589;0.761
0;0.8338;0.4128;-0.9346;0.5241
2;0.849;0.5126;-0.5708;0.461
0;0.8528;0.5261;-0.4815;0.4381
0;0.846;0.4879;-0.5684;0.3582
0;0.8379;0.4575;-0.7399;0.2227
0;0.8389;0.48;-0.7103;0.1221
1;0.8302;0.4026;-0.8965;-0.0327
0;0.8345;0.3901;-0.7619;-0.118
0;0.8315;0.344;-0.8154;-0.2094
0;0.8293;0.3024;-0.8815;-0.2978
0;0.8357;0.3441;-0.6887;-0.3101
0;0.848;0.4827;-0.314;-0.2114
0;0.8515;0.4545;-0.2094;-0.102
0;0.855;0.5513;-0.0091;0.0146
0;0.8596;0.6546;0.0;0.1458
1;0.8631;0.598;-0.167;0.2769
0;0.8675;0.602;-0.0684;0.4152
0;0.8648;0.6373;-0.137;0.4965
0;0.8737;0.7589;-0.0079;0.6311
0;0.8775;0.7683;-0.0137;0.7627
0;0.8717;0.8003;-0.179;0.8085
0;0.8916;0.8373;-0.0117;1.0055
0;0.8905;0.8566;-0.0986;1.1407
0;0.8935;0.884;-0.1181;1.2599
0;0.8816;0.7576;-0.44;1.2395
0;0.8746;0.6587;-0.6502;1.1511
0;0.8705;0.6125;-0.787;1.0343
0;0.879;0.6344;-0.5539;1.0036
0;0.8712;0.5627;-0.7669;0.9027
2;0.8789;0.5818;-0.5564;0.8789
0;0.8692;0.5081;-0.8221;0.7685
0;0.8722;0.5362;-0.7074;0.699
0;0.8635;0.45;-0.859;0.5629
0;0.8519;0.3833;-0.9736;0.351
0;0.8495;0.3959;-0.8096;0.1602
0;0.8655;0.3727;-0.438;0.1442
0;0.8622;0.3648;-0.5124;0.1021
0;0.858;0.3328;-0.6066;0.032
0;0.8489;0.3416;-0.8137;-0.1012
0;0.8636;0.4505;-0.4803;-0.08
0;0.8611;0.4573;-0.4358;-0.0833
0;0.8699;0.4586;-0.2118;-0.0105
0;0.8808;0.5426;-0.0539;0.1395
0;0.8626;0.4339;-0.4828;0.1015
1;0.8458;0.4104;-0.8772;-0.0718
0;0.8443;0.3916;-0.8379;-0.2208
0;0.838;0.399;-0.8056;-0.3894
0;0.8406;0.4521;-0.7582;-0.4956
2;0.8516;0.5084;-0.5621;-0.4807
0;0.8565;0.4606;-0.4755;-0.4227
0;0.8512;0.453;-0.5686;-0.4168
0;0.8677;0.5376;-0.2745;-0.2678
1;0.8591;0.5399;-0.4262;-0.2206
0;0.8676;0.5165;-0.1014;-0.1089
0;0.8841;0.5843;-0.0158;0.1203
0;0.8882;0.5695;-0.1058;0.3345
0;0.8978;0.565;-0.0708;0.5806
0;0.8957;0.6447;-0.1158;0.7504
0;0.9131;0.7927;-0.0122;1.024
0;0.9144;0.8058;-0.1051;1.2395
0;0.9181;0.8577;-0.0607;1.428
0;0.9158;0.8368;-0.0937;1.5419
0;0.9238;0.8322;-0.0178;1.6829
0;0.9282;0.8315;-0.0231;1.8135
0;0.9386;0.8853;-0.0035;1.9857
0;0.9352;0.8365;-0.2309;2.0715
0;0.9628;0.9347;-0.0652;2.3512
0;0.9616;0.9198;-0.098;2.5365
0;0.9598;0.8889;-0.131;2.64
0;0.9614;0.886;-0.1162;2.7075
0;0.9623;0.8746;-0.1015;2.7397
0;0.9669;0.9019;-0.0786;2.7749
0;0.9669;0.8779;-0.1687;2.7732
0;0.9817;0.8973;-0.1008;2.8676
0;0.9871;0.8993;-0.0154;2.9574
0;0.9767;0.8225;-0.2526;2.9089
0;0.9635;0.6994;-0.6488;2.7279
0;0.9711;0.7088;-0.461;2.6209
0;0.9732;0.6831;-0.4124;2.5267
0;0.9674;0.6657;-0.6346;2.3759
2;0.9666;0.5274;-0.7342;2.2256
0;0.9782;0.603;-0.3354;2.1816
1;0.9671;0.5408;-0.7187;2.0297
0;0.948;0.4376;-0.9332;1.7267
0;0.9489;0.4371;-0.9041;1.4767
0;0.9447;0.3959;-0.9769;1.2289
0;0.9426;0.3882;-0.899;1.0027
2;0.9362;0.2735;-0.9132;0.7592
0;0.9478;0.3157;-0.6898;0.6577
0;0.9463;0.3444;-0.7182;0.5583
0;0.9417;0.3776;-0.8068;0.435
0;0.92;0.2524;-0.9655;0.1489
0;0.9203;0.2396;-0.9374;-0.075
0;0.9248;0.2871;-0.7867;-0.2131
0;0.9214;0.2799;-0.8667;-0.3477
0;0.945;0.3554;-0.2978;-0.2501
0;0.9514;0.4289;-0.1422;-0.1158
1;0.9544;0.5338;-0.0972;0.0162
0;0.9503;0.5071;-0.2388;0.0848
0;0.9618;0.5814;-0.0604;0.2357
0;0.9781;0.6494;-0.0217;0.4911
0;0.9926;0.7223;0.0;0.8098
0;0.9926;0.6943;-0.135;1.0523
0;0.9978;0.7162;-0.0787;1.2759
0;1.0098;0.7693;-0.0337;1.5409
0;1.0162;0.9329;-0.1148;1.7872
0;1.0219;0.936;-0.0495;2.0107
0;1.031;0.9385;-0.0447;2.2428
0;1.0087;0.8114;-0.3229;2.2128
0;1.0072;0.7637;-0.4075;2.1532
0;1.0126;0.7614;-0.4073;2.1286
0;1.0058;0.7127;-0.6324;2.0289
0;1.0094;0.746;-0.5534;1.9601
2;1.0067;0.7013;-0.7452;1.8617
0;0.9925;0.5657;-0.9355;1.644
0;0.9885;0.4791;-0.8314;1.4207
0;0.9664;0.3916;-0.9456;1.0422
0;0.9545;0.3307;-0.8985;0.6322
0;0.9598;0.2935;-0.8113;0.3478
0;0.9576;0.2496;-0.8407;0.1013
0;0.9459;0.191;-0.9963;-0.1932
0;0.9467;0.1318;-0.9229;-0.4169
0;0.975;0.3603;-0.4959;-0.3481
0;0.985;0.4141;-0.2941;-0.205
0;0.984;0.3857;-0.252;-0.0987
0;0.9739;0.3757;-0.2613;-0.0998
1;0.9797;0.3859;-0.144;-0.0504
0;0.9943;0.4566;-0.0235;0.1132
0;0.9918;0.4972;-0.1124;0.2191
0;0.9907;0.5087;-0.1316;0.2908
0;0.9769;0.5444;-0.3827;0.2278
0;0.9793;0.6133;-0.4738;0.196
0;0.9855;0.6162;-0.4298;0.2213
2;0.9897;0.6427;-0.298;0.2747
0;0.9757;0.6293;-0.7364;0.1944
0;0.9796;0.6394;-0.6132;0.1627
0;0.9753;0.5015;-0.7479;0.0992
0;0.9781;0.4597;-0.6619;0.0716
0;0.9897;0.5288;-0.3009;0.1476
0;0.994;0.6094;-0.1662;0.2426
0;0.9912;0.5649;-0.2734;0.2914
0;1.0003;0.536;-0.0939;0.4041
1;0.9874;0.4768;-0.5571;0.3792
0;0.9992;0.5411;-0.2006;0.4556
0;0.9949;0.5948;-0.3315;0.4742
0;0.9891;0.5497;-0.507;0.4346
0;0.9947;0.5469;-0.3437;0.446
2;1.006;0.5778;-0.0891;0.5468
0;1.0051;0.6609;-0.1376;0.6126
0;1.0101;0.6647;-0.2005;0.7004
0;1.0098;0.6952;-0.2082;0.7597
0;1.0073;0.6659;-0.2776;0.7772
0;1.016;0.6546;-0.036;0.8566
0;1.02;0.6532;-0.0302;0.9438
0;1.021;0.6791;-0.1368;1.0111
0;1.0269;0.6659;-0.1022;1.1029
0;1.0321;0.8089;-0.0882;1.2084
0;1.0261;0.702;-0.2803;1.2275
0;1.021;0.694;-0.4818;1.1864
0;1.0153;0.6946;-0.6697;1.0927
0;1.0084;0.5997;-0.757;0.9483
0;1.0094;0.5286;-0.7289;0.8332
2;1.0285;0.653;-0.1995;0.8963
0;1.0291;0.6316;-0.1841;0.9412
0;1.0272;0.6181;-0.2353;0.9509
0;1.0058;0.4915;-0.8286;0.7661
0;1.0005;0.4129;-0.8282;0.5677
0;0.9936;0.3568;-0.7461;0.3472
0;1.0046;0.4192;-0.5394;0.2625
2;0.9961;0.3531;-0.6988;0.1215
0;1.0164;0.4342;-0.3152;0.1812
0;1.0135;0.4459;-0.3695;0.202
0;1.0243;0.5133;-0.1664;0.3073
1;1.0258;0.5444;-0.1384;0.3996
0;1.0318;0.6002;-0.0228;0.5191
0;1.0431;0.6325;-0.0102;0.7036
0;1.0441;0.5713;-0.0336;0.8502
0;1.0434;0.5657;-0.0509;0.9511
0;1.0533;0.6114;-0.02;1.1046
0;1.0412;0.6644;-0.2074;1.1109
0;1.045;0.7093;-0.2136;1.1362
0;1.044;0.7505;-0.2361;1.1355
0;1.0507;0.7394;-0.1353;1.1795
0;1.0519;0.8131;-0.0973;1.2126
2;1.0525;0.76;-0.1948;1.2305
0;1.0536;0.7962;-0.3372;1.241
0;1.0441;0.649;-0.7318;1.1552
0;1.0425;0.6259;-0.8031;1.062
0;1.0558;0.6629;-0.2471;1.0904
0;1.0572;0.6107;-0.1892;1.113
0;1.0571;0.6035;-0.1931;1.1182
0;1.0643;0.6503;-0.2565;1.1718
0;1.0748;0.653;-0.3421;1.2903
1;1.063;0.6556;-0.5526;1.2694
0;1.0348;0.446;-0.9953;1.0006
0;1.0532;0.5415;-0.6652;0.9346
0;1.0539;0.5153;-0.6546;0.8782
0;1.0484;0.484;-0.7436;0.7781
2;1.0615;0.5367;-0.5309;0.8018
0;1.0554;0.5069;-0.6305;0.76
1;1.0196;0.4204;-0.9938;0.4158
0;1.0098;0.399;-0.8505;0.057
0;0.9988;0.3211;-0.898;-0.3198
0;1.0131;0.3718;-0.7037;-0.4923
0;1.0249;0.4125;-0.549;-0.5224
0;1.033;0.4151;-0.4438;-0.4722
0;1.0456;0.4218;-0.2793;-0.3208
0;1.0494;0.462;-0.2295;-0.1657
1;1.0542;0.5623;-0.1305;-7.0E-4
0;1.0595;0.522;-0.0352;0.1743
0;1.0583;0.5154;-0.052;0.3
0;1.0611;0.5451;-0.1403;0.4196
0;1.0705;0.533;-0.0445;0.5891
0;1.0736;0.568;-0.105;0.7425
0;1.0839;0.7966;-0.1393;0.9431
0;1.0783;0.8289;-0.2496;1.0437
0;1.0804;0.9286;-0.2496;1.1293
0;1.085;0.9206;-0.1647;1.2243
0;1.0888;0.9123;-0.1607;1.3184
0;1.0864;0.8718;-0.2323;1.3581
0;1.0941;0.8625;-0.1218;1.4405
0;1.0925;0.8321;-0.204;1.4759
0;1.0957;0.8279;-0.1784;1.5158
0;1.1008;0.8274;-0.0353;1.5746
0;1.0958;0.7803;-0.2189;1.5615
0;1.076;0.5887;-0.936;1.3664
0;1.0776;0.5465;-0.6675;1.2117
0;1.0504;0.3844;-0.9066;0.8463
0;1.0477;0.3045;-0.9541;0.5266
2;1.0645;0.4337;-0.6574;0.412
0;1.0671;0.4362;-0.6131;0.3388
0;1.0608;0.3858;-0.722;0.2245
0;1.0586;0.355;-0.7615;0.1132
0;1.066;0.4068;-0.6299;0.0875
1;1.0584;0.3365;-0.74;0.0015
0;1.0719;0.4151;-0.4545;0.0483
0;1.0661;0.3803;-0.572;0.0357
0;1.0589;0.3331;-0.7336;-0.0362
0;1.0683;0.3941;-0.5861;-0.0127
0;1.0872;0.5432;-0.1597;0.1662
1;1.0972;0.5713;-0.0155;0.3908
0;1.1153;0.7525;-0.0361;0.7175
0;1.1144;0.763;-0.05;0.9594
0;1.0996;0.6406;-0.3056;1.0142
0;1.081;0.5495;-0.5994;0.8887
0;1.0772;0.5591;-0.6565;0.748
0;1.089;0.6028;-0.4798;0.7295
2;1.0659;0.4997;-0.9309;0.5113
0;1.0601;0.5052;-0.9439;0.2843
0;1.0695;0.4923;-0.7986;0.1821
0;1.0778;0.5365;-0.6691;0.1708
0;1.0986;0.6142;-0.3482;0.3362
0;1.1032;0.6034;-0.2763;0.5025
0;1.1007;0.5445;-0.1722;0.6068
1;1.109;0.5391;-0.2065;0.7528
0;1.1133;0.4925;-0.1419;0.8962
0;1.1071;0.4742;-0.236;0.9467
0;1.0906;0.4687;-0.4846;0.8367
0;1.0952;0.5544;-0.4398;0.7798
0;1.0939;0.5653;-0.4606;0.7157
0;1.101;0.5488;-0.4905;0.7184
2;1.0868;0.5914;-0.904;0.592
0;1.0842;0.6087;-0.8607;0.4641
0;1.087;0.5839;-0.7456;0.3821
0;1.0794;0.5077;-0.8906;0.2495
0;1.0878;0.4407;-0.6937;0.2134
0;1.0888;0.4175;-0.5479;0.1915
0;1.0885;0.4284;-0.5542;0.1697
0;1.1038;0.4717;-0.0602;0.2804
0;1.1048;0.4524;-0.1223;0.3732
1;1.0971;0.4447;-0.349;0.3765
0;1.0819;0.4513;-0.7914;0.2466
0;1.0714;0.3752;-0.9757;0.0527
0;1.0756;0.4065;-0.7648;-0.0657
0;1.0576;0.3001;-0.9166;-0.3107
2;1.0739;0.4417;-0.6265;-0.3623
0;1.0757;0.4617;-0.5932;-0.3832
0;1.0804;0.4707;-0.5098;-0.3559
0;1.0833;0.5182;-0.4581;-0.306
0;1.0843;0.4822;-0.4389;-0.2556
1;1.088;0.496;-0.1935;-0.1814
0;1.0868;0.4915;-0.136;-0.1313
0;1.0978;0.4698;-0.0303;0.0032
0;1.1017;0.4849;-0.0712;0.1425
0;1.0954;0.4916;-0.2338;0.1967
0;1.105;0.6214;-0.0558;0.3191
0;1.1118;0.7209;0.0;0.4701
0;1.123;0.7407;-0.022;0.6785
0;1.114;0.815;-0.2404;0.7593
0;1.1062;0.6998;-0.4286;0.749
0;1.0927;0.5913;-0.7574;0.6178
0;1.0921;0.566;-0.8521;0.5032
0;1.0929;0.5552;-0.8321;0.4139
2;1.0942;0.5571;-0.797;0.3503
0;1.0962;0.5484;-0.6948;0.3139
0;1.0995;0.573;-0.6127;0.3097
0;1.1033;0.5345;-0.5164;0.3356
1;1.0953;0.4616;-0.6931;0.2842
0;1.0817;0.4252;-0.9901;0.1256
0;1.0858;0.3882;-0.7397;0.0343
0;1.0824;0.3212;-0.7857;-0.0674
0;1.0901;0.2923;-0.5279;-0.0809
2;1.0796;0.2865;-0.8789;-0.1804
0;1.0841;0.3567;-0.7298;-0.2188
0;1.0767;0.3876;-0.8771;-0.3094
0;1.0803;0.4207;-0.7682;-0.3465
0;1.0763;0.3932;-0.8762;-0.4062
0;1.0667;0.3399;-0.9605;-0.5307
0;1.0645;0.3156;-0.8563;-0.6414
0;1.0614;0.2781;-0.7415;-0.748
0;1.0672;0.2942;-0.5918;-0.7748
0;1.0743;0.3786;-0.3945;-0.7282
0;1.0739;0.4466;-0.4045;-0.6869
0;1.0694;0.3886;-0.4961;-0.6852
0;1.0545;0.3366;-0.9134;-0.8028
0;1.062;0.3344;-0.7034;-0.8234
0;1.0565;0.3556;-0.8583;-0.8778
0;1.0367;0.2512;-0.7549;-1.0795
0;1.0261;0.2431;-0.9132;-1.3167
0;1.0188;0.1987;-0.9786;-1.5515
0;1.0181;0.2055;-0.9425;-1.7256
0;1.0192;0.2365;-0.8886;-1.8357
0;1.0037;0.206;-0.9851;-2.0347
0;0.9948;0.195;-0.9614;-2.2453
0;0.9833;0.135;-0.9944;-2.485
0;0.9795;0.0762;-0.9487;-2.6792
0;0.9823;0.0991;-0.9179;-2.78
0;0.9821;0.1029;-0.8844;-2.8323
0;0.9705;0.1061;-0.9078;-2.941
0;0.9746;0.0762;-0.8232;-2.9614
0;0.9908;0.2118;-0.5385;-2.8079
0;0.9886;0.2505;-0.5777;-2.6762
0;0.981;0.2585;-0.6467;-2.6084
0;0.9927;0.3663;-0.1868;-2.4283
1;0.9947;0.3814;-0.1299;-2.2439
0;0.9933;0.3699;-0.1921;-2.086
0;1.0165;0.56;-0.0054;-1.7431
0;1.0209;0.6275;-0.0033;-1.4169
0;1.0317;0.738;-0.0238;-1.0532
0;1.035;0.7738;-0.0239;-0.7275
0;1.0287;0.7212;-0.1374;-0.5167
0;1.0327;0.7335;-0.0662;-0.3108
0;1.0314;0.8094;-0.0993;-0.1565
0;1.0259;0.7568;-0.2315;-0.0804
0;1.0261;0.7101;-0.2278;-0.0179
2;1.0154;0.6456;-0.6114;-0.0588
0;1.0254;0.7346;-0.4906;-0.0057
0;1.0269;0.7027;-0.4335;0.049
0;1.0271;0.6962;-0.4259;0.0931
0;1.0222;0.6674;-0.6236;0.0853
0;1.0213;0.5374;-0.6616;0.0704
1;1.0219;0.5086;-0.635;0.0634
0;1.0203;0.3886;-0.6996;0.0437
0;1.0204;0.3477;-0.6507;0.0285
2;1.0189;0.3865;-0.7205;0.0034
0;1.0186;0.3206;-0.7368;-0.0188
0;1.0207;0.3662;-0.5387;-0.0185
0;1.0159;0.3732;-0.6864;-0.0587
0;1.0205;0.4366;-0.4459;-0.0507
0;1.0199;0.5655;-0.399;-0.0495
0;1.0012;0.2151;-0.9649;-0.206
0;0.9914;0.15;-0.9091;-0.4109
0;0.9975;0.2388;-0.7524;-0.5162
0;0.9826;0.2031;-0.9612;-0.7197
0;0.9897;0.2829;-0.8;-0.8125
0;0.9882;0.2708;-0.8323;-0.8898
0;0.9931;0.3227;-0.7273;-0.8997
0;0.9765;0.2649;-0.9306;-1.0385
0;0.9709;0.2536;-0.883;-1.1847
0;0.982;0.3307;-0.6722;-1.1931
0;0.9801;0.3122;-0.5608;-1.2031
0;0.9538;0.2603;-0.9918;-1.4216
0;0.9651;0.297;-0.6486;-1.4821
0;0.9398;0.2516;-0.9828;-1.7288
0;0.9398;0.2845;-0.9009;-1.9048
0;0.9339;0.2926;-0.9871;-2.0735
0;0.9415;0.3002;-0.8576;-2.1198
0;0.9326;0.3135;-0.7731;-2.2095
0;0.9332;0.2786;-0.7658;-2.252
0;0.9548;0.387;-0.4867;-2.078
0;0.9543;0.3648;-0.3752;-1.9229
0;0.959;0.4335;-0.3168;-1.7404
0;0.9515;0.4274;-0.4336;-1.642
1;0.9703;0.4587;-0.1416;-1.3874
0;0.9763;0.487;-0.0482;-1.121
0;0.9798;0.6065;-0.0157;-0.8697
0;0.9994;0.6311;-0.0271;-0.4965
0;0.9954;0.7545;-0.1524;-0.2308
0;1.0;0.7645;-0.1323;0.0202
0;1.0062;0.817;-0.1307;0.2703
0;0.9996;0.7571;-0.227;0.4086
0;1.0051;0.8309;-0.1553;0.5596
0;1.015;0.8441;-0.0853;0.7563
0;1.0211;0.8207;-0.0415;0.9552
0;1.0258;0.8322;0.0;1.1417
0;1.025;0.8185;-0.0508;1.2701
0;1.0181;0.823;-0.2141;1.2987
0;1.0225;0.7943;-0.1098;1.3451
0;1.0225;0.7794;-0.2359;1.3675
0;1.016;0.7111;-0.4321;1.3152
2;1.0152;0.6186;-0.497;1.2536
0;1.0288;0.718;-0.1118;1.3066
0;1.0274;0.6872;-0.2216;1.3232
0;1.0289;0.6658;-0.1392;1.3351
0;1.0429;0.7851;-0.0896;1.4491
0;1.0287;0.639;-0.6396;1.4024
1;1.0563;0.7015;-0.1076;1.585
0;1.0416;0.5925;-0.411;1.5877
0;1.0409;0.5704;-0.4266;1.5665
0;1.0372;0.5552;-0.5029;1.5019
0;1.0371;0.5921;-0.5191;1.4343
0;1.0495;0.6213;-0.2893;1.4709
2;1.0515;0.6282;-0.2392;1.5018
0;1.0523;0.669;-0.2519;1.5167
0;1.0689;0.7178;-0.2443;1.6535
0;1.0873;0.7284;-0.0016;1.8995
0;1.0732;0.6624;-0.2417;1.9535
0;1.0783;0.6708;-0.1564;2.0187
0;1.0604;0.559;-0.455;1.897
0;1.0582;0.6082;-0.5632;1.7617
0;1.0706;0.5593;-0.3303;1.7423
2;1.077;0.6566;-0.2224;1.7624
0;1.1059;0.7306;0.0;2.005
0;1.093;0.6855;-0.2257;2.065
0;1.1076;0.7139;-0.0085;2.2147
1;1.1083;0.692;-0.1023;2.3148
0;1.1054;0.6751;-0.1402;2.345
0;1.1086;0.68;-0.0985;2.3704
0;1.105;0.6257;-0.1734;2.3348
0;1.0987;0.5436;-0.272;2.2289
0;1.0874;0.5552;-0.4871;2.0256
0;1.0878;0.5382;-0.7062;1.8472
0;1.0696;0.537;-0.9459;1.5329
2;1.0545;0.4865;-0.8344;1.1406
0;1.0659;0.4826;-0.6791;0.9166
0;1.0841;0.524;-0.426;0.8845
0;1.0781;0.3885;-0.4993;0.7992
0;1.0822;0.4534;-0.4065;0.7581
0;1.0811;0.3704;-0.3838;0.7088
1;1.0734;0.3403;-0.5067;0.5967
0;1.0734;0.3493;-0.5023;0.502
0;1.0983;0.4598;-0.1044;0.6332
0;1.1113;0.523;-0.0267;0.8405
0;1.1255;0.5919;-0.0371;1.1154
0;1.1389;0.6746;-0.0285;1.434
0;1.1345;0.654;-0.1164;1.6321
0;1.1228;0.6834;-0.2641;1.6721
0;1.1267;0.7698;-0.2149;1.7188
0;1.1055;0.6379;-0.4838;1.5576
0;1.1011;0.5655;-0.5703;1.3763
2;1.0853;0.5257;-0.792;1.0849
0;1.1023;0.5659;-0.6333;0.9883
0;1.1242;0.624;-0.2986;1.0871
0;1.1138;0.6146;-0.458;1.0651
0;1.1357;0.6573;-0.1217;1.2226
0;1.1329;0.5983;-0.1736;1.3097
1;1.1282;0.5505;-0.2439;1.3251
0;1.129;0.5113;-0.2324;1.3296
0;1.1283;0.4626;-0.2425;1.3133
0;1.1369;0.5083;-0.1127;1.3592
0;1.1527;0.5996;-0.0164;1.5149
0;1.1533;0.5908;-0.095;1.6272
0;1.1597;0.7056;-0.1147;1.7524
0;1.1684;0.7476;-0.0158;1.9067
0;1.1798;0.8592;-0.0525;2.1048
0;1.1761;0.812;-0.1127;2.2071
0;1.1768;0.771;-0.1019;2.2699
0;1.1728;0.8254;-0.1667;2.2614
0;1.1662;0.7019;-0.3162;2.1743
0;1.1589;0.6633;-0.4971;2.0212
2;1.1711;0.7454;-0.3247;1.9825
0;1.1569;0.6387;-0.7994;1.8107
0;1.1507;0.605;-0.8677;1.6029
0;1.1483;0.5569;-0.8927;1.402
0;1.1354;0.4111;-0.8991;1.1191
0;1.1574;0.5172;-0.4734;1.0716
0;1.1161;0.3581;-0.9914;0.6718
0;1.125;0.3589;-0.839;0.4256
0;1.1526;0.4198;-0.3669;0.461
0;1.1288;0.3755;-0.7727;0.2824
0;1.1414;0.4125;-0.5081;0.246
0;1.1394;0.4166;-0.4804;0.1977
1;1.1437;0.4433;-0.3806;0.1939
0;1.1349;0.4397;-0.5688;0.1138
0;1.1356;0.4057;-0.5526;0.056
0;1.1282;0.4208;-0.6713;-0.0531
0;1.1305;0.4431;-0.6161;-0.1191
0;1.1071;0.3962;-0.9866;-0.3684
0;1.1031;0.4149;-0.845;-0.5947
0;1.1113;0.3686;-0.6631;-0.6973
0;1.1297;0.5446;-0.3172;-0.615
0;1.1142;0.4659;-0.6093;-0.6752
0;1.102;0.3238;-0.8327;-0.8187
0;1.1135;0.4417;-0.6078;-0.8255
0;1.1204;0.4164;-0.4496;-0.7631
0;1.1169;0.4114;-0.5213;-0.7358
0;1.1202;0.4069;-0.3472;-0.6781
0;1.1206;0.4394;-0.3207;-0.6223
1;1.1261;0.4612;-0.199;-0.525
0;1.1162;0.4517;-0.4703;-0.5274
0;1.1188;0.4534;-0.3492;-0.5012
0;1.1205;0.5646;-0.2989;-0.4606
0;1.1168;0.5662;-0.485;-0.4553
0;1.0943;0.4278;-0.9387;-0.6375
2;1.1076;0.4022;-0.5956;-0.6613
0;1.1118;0.4883;-0.4952;-0.6375
0;1.1119;0.5553;-0.4928;-0.6112
0;1.1147;0.5077;-0.4203;-0.5598
0;1.1043;0.4041;-0.686;-0.6021
1;1.1003;0.4018;-0.7874;-0.663
0;1.1035;0.4011;-0.7053;-0.6764
0;1.0969;0.3692;-0.8744;-0.7364
0;1.0814;0.278;-0.9194;-0.9073
0;1.0974;0.4124;-0.6235;-0.8959
0;1.107;0.4482;-0.4466;-0.796
0;1.0939;0.3938;-0.6147;-0.8201
0;1.094;0.4062;-0.6126;-0.8297
0;1.1031;0.5408;-0.3764;-0.7509
1;1.1258;0.5775;-0.0755;-0.4881
0;1.1189;0.5296;-0.2068;-0.3347
0;1.1157;0.5154;-0.268;-0.2378
0;1.1219;0.5282;-0.1504;-0.1062
0;1.1388;0.6295;-0.0402;0.1423
0;1.1326;0.6191;-0.1567;0.2837
0;1.1328;0.6104;-0.1532;0.3938
0;1.1381;0.6572;-0.0655;0.5218
0;1.1362;0.7331;-0.1387;0.6008
0;1.1386;0.698;-0.1264;0.677
2;1.1338;0.6351;-0.2434;0.6892
0;1.1171;0.6128;-0.653;0.5496
0;1.1245;0.6384;-0.6215;0.4962
0;1.1249;0.6076;-0.6062;0.453
0;1.12;0.4649;-0.7662;0.3719
0;1.1184;0.4965;-0.8185;0.2903
0;1.1216;0.5378;-0.6784;0.2505
1;1.1328;0.5654;-0.3363;0.3115
0;1.1197;0.3798;-0.7368;0.245
0;1.1184;0.4046;-0.7644;0.1787
0;1.1105;0.3647;-0.9767;0.058
0;1.1117;0.3305;-0.9097;-0.0279
0;1.1231;0.4253;-0.5226;0.002
0;1.131;0.4589;-0.2581;0.0921
0;1.1241;0.4488;-0.4903;0.1037
0;1.0955;0.3991;-0.9555;-0.1308
0;1.0987;0.3745;-0.8708;-0.2875
0;1.0999;0.3792;-0.7545;-0.3972
0;1.1078;0.443;-0.5656;-0.4122
2;1.0982;0.412;-0.7941;-0.5015
0;1.1019;0.4145;-0.7059;-0.5349
1;1.1014;0.3498;-0.7172;-0.5596
0;1.0894;0.3534;-0.9672;-0.6754
0;1.083;0.3369;-1.0;-0.8138
0;1.0851;0.3762;-0.8661;-0.8963
0;1.0661;0.3109;-0.9843;-1.1133
0;1.0603;0.2265;-0.9478;-1.3211
0;1.0593;0.1681;-0.8941;-1.4797
0;1.0472;0.1605;-0.9509;-1.6912
0;1.0453;0.2099;-0.8199;-1.8561
0;1.0523;0.2434;-0.7173;-1.907
0;1.0387;0.202;-0.8953;-2.0422
0;1.0411;0.1565;-0.8552;-2.1067
0;1.0532;0.2738;-0.6308;-2.0329
0;1.0665;0.338;-0.2854;-1.8397
0;1.0659;0.3374;-0.2141;-1.6736
0;1.0634;0.3697;-0.218;-1.5461
1;1.0635;0.3957;-0.2494;-1.4284
0;1.0585;0.3621;-0.3673;-1.3627
0;1.056;0.4371;-0.4362;-1.3176
2;0.9818;0.2352;-0.9121;-1.8985
0;0.9707;0.2203;-0.9425;-2.4301
0;0.9668;0.2322;-0.9656;-2.8564
0;0.9493;0.2104;-0.9962;-3.3104
0;0.9451;0.1712;-0.9649;-3.6686
0;0.946;0.1919;-0.9338;-3.9038
0;0.9497;0.199;-0.8802;-4.016
0;0.9628;0.2045;-0.7738;-3.9507
0;0.9588;0.1246;-0.7973;-3.8913
0;0.9503;0.1181;-0.7514;-3.8755
1;0.9466;0.1172;-0.7067;-3.8536
0;0.9451;0.1155;-0.7217;-3.8084
0;0.9461;0.1255;-0.6436;-3.7234
0;0.9395;0.1221;-0.8205;-3.673
0;0.9516;0.3358;-0.4974;-3.4921
0;0.9426;0.3436;-0.7385;-3.3887
0;0.9495;0.4071;-0.5121;-3.2126
0;0.9465;0.4825;-0.5863;-3.0651
0;0.9496;0.5294;-0.3187;-2.8902
1;0.9559;0.5601;-0.0424;-2.6678
0;0.9564;0.5421;-0.181;-2.4603
0;0.9449;0.3846;-0.5371;-2.3687
0;0.9219;0.3092;-1.0;-2.4665
0;0.8949;0.2595;-0.9873;-2.747
0;0.8743;0.2264;-0.7121;-3.1135
0;0.8543;0.1988;-0.8732;-3.5382
2;0.8809;0.3148;-0.6584;-3.6099
0;0.8974;0.3866;-0.5253;-3.4884
0;0.8971;0.3436;-0.5276;-3.3582
0;0.8814;0.3309;-0.6545;-3.3531
0;0.8632;0.2754;-0.791;-3.4678
1;0.8778;0.3314;-0.6293;-3.3972
0;0.8843;0.3423;-0.4112;-3.2509
0;0.8724;0.3036;-0.4666;-3.2016
0;0.893;0.3638;-0.1838;-2.954
0;0.8837;0.3673;-0.3956;-2.8068
0;0.8794;0.3996;-0.5351;-2.6978
0;0.8883;0.4831;-0.3311;-2.5074
0;0.8835;0.5259;-0.4408;-2.3716
0;0.8917;0.6123;-0.2544;-2.1701
2;0.9038;0.5754;-0.0411;-1.8854
0;0.8977;0.5014;-0.3531;-1.6925
0;0.8762;0.4358;-0.8443;-1.7056
0;0.8808;0.4981;-0.7677;-1.6585
0;0.8486;0.4559;-0.9256;-1.8775
0;0.8366;0.3737;-0.8825;-2.1313
2;0.8353;0.3449;-0.8599;-2.3201
0;0.8399;0.3921;-0.8089;-2.405
0;0.8354;0.2859;-0.8588;-2.4847
0;0.8465;0.3634;-0.7367;-2.4273
0;0.8562;0.4182;-0.6295;-2.2738
0;0.8501;0.3624;-0.5972;-2.1802
1;0.8637;0.4329;-0.3598;-1.9682
0;0.8876;0.4876;-0.0315;-1.5769
0;0.8904;0.4566;-0.0408;-1.2283
0;0.8997;0.5061;-0.0751;-0.8622
0;0.9076;0.6092;-0.0074;-0.4977
0;0.9176;0.6234;-0.0591;-0.1203
0;0.9181;0.7966;-0.0538;0.1831
0;0.9071;0.8025;-0.182;0.3264
0;0.8868;0.6901;-0.4134;0.2634
0;0.8965;0.7014;-0.3026;0.2935
0;0.8948;0.7156;-0.514;0.2994
0;0.8856;0.6442;-0.8224;0.2233
2;0.92;0.6989;-0.3194;0.4525
0;0.9426;0.7613;-0.095;0.8202
0;0.9601;0.7665;-0.0488;1.2498
0;0.9681;0.7439;-0.0289;1.6427
0;0.9643;0.7227;-0.0768;1.903
1;0.9513;0.6523;-0.2149;1.9776
0;0.9556;0.6446;-0.1699;2.0513
0;0.953;0.6117;-0.1975;2.0656
0;0.9468;0.5873;-0.263;2.0027
2;0.9562;0.6513;-0.2013;2.0119
0;0.9621;0.7544;-0.1976;2.0476
0;0.9653;0.743;-0.2415;2.081
0;0.9698;0.76;-0.0836;2.1235
0;0.9698;0.8114;-0.0836;2.1346
1;0.9588;0.6738;-0.4808;2.0275
0;0.9555;0.5701;-0.6001;1.8937
0;0.9515;0.4455;-0.766;1.7337
0;0.9608;0.4546;-0.3335;1.6681
2;0.9342;0.3542;-0.9775;1.3736
0;0.9473;0.4805;-0.6385;1.2379
0;0.9446;0.4461;-0.7083;1.0949
0;0.9461;0.4661;-0.6643;0.9837
0;0.9519;0.5252;-0.4964;0.9342
0;0.9511;0.4719;-0.5174;0.8788
1;0.9498;0.4294;-0.4896;0.815
0;0.9428;0.376;-0.7075;0.6962
0;0.9419;0.3399;-0.7343;0.5878
0;0.9373;0.323;-0.8712;0.4575
0;0.9301;0.3366;-0.9695;0.2884
0;0.9364;0.3947;-0.7895;0.2055
0;0.9223;0.3557;-0.9729;0.0189
0;0.917;0.2745;-0.9417;-0.1736
0;0.927;0.4549;-0.7417;-0.2387
0;0.9287;0.3655;-0.6388;-0.2726
0;0.9124;0.3056;-0.9205;-0.4346
0;0.9118;0.2899;-0.8037;-0.5633
0;0.909;0.2282;-0.6151;-0.6826
0;0.9034;0.2153;-0.7131;-0.8161
0;0.9008;0.2118;-0.7594;-0.9349
0;0.9031;0.2524;-0.6865;-0.9996
0;0.9212;0.3936;-0.3;-0.8863
0;0.909;0.365;-0.552;-0.8912
0;0.8941;0.3405;-0.8463;-1.0114
0;0.9064;0.3739;-0.5171;-0.9909
0;0.9186;0.4842;-0.2098;-0.8607
0;0.9325;0.5618;-0.0604;-0.6315
0;0.9325;0.5239;-0.0682;-0.4442
0;0.9305;0.5075;-0.1159;-0.3092
1;0.9419;0.6329;-0.0921;-0.1026
0;0.9383;0.6167;-0.1602;0.0309
0;0.9303;0.5896;-0.3131;0.0675
0;0.9254;0.593;-0.4052;0.0545
0;0.9269;0.6112;-0.4035;0.056
0;0.9017;0.4952;-0.8891;-0.1571
0;0.8899;0.3831;-0.9259;-0.4236
0;0.8754;0.3765;-0.9762;-0.7523
0;0.8763;0.4271;-0.9261;-0.9951
0;0.8763;0.363;-0.8975;-1.1758
0;0.8602;0.2432;-0.9538;-1.4429
0;0.8619;0.1532;-0.8696;-1.6233
0;0.8292;0.1159;-0.9848;-2.0259
0;0.8254;0.1144;-0.9332;-2.3537
0;0.8214;0.0323;-0.872;-2.6207
0;0.8286;0.0856;-0.7811;-2.7423
0;0.8361;0.1432;-0.6514;-2.745
0;0.8221;0.1338;-0.8115;-2.8371
0;0.8294;0.1681;-0.7088;-2.818
0;0.8309;0.2129;-0.6676;-2.7598
1;0.8371;0.2757;-0.5057;-2.6321
0;0.8491;0.386;-0.0792;-2.4017
0;0.8479;0.3767;-0.0629;-2.2054
0;0.8271;0.3193;-0.5438;-2.2032
0;0.8324;0.389;-0.5296;-2.1337
0;0.8533;0.4702;-0.1335;-1.8788
0;0.8506;0.5936;-0.1968;-1.681
0;0.8403;0.5617;-0.4367;-1.5946
0;0.8448;0.5962;-0.3326;-1.4717
1;0.8421;0.5576;-0.3959;-1.3823
0;0.8198;0.4378;-0.8333;-1.4863
2;0.8323;0.5391;-0.5679;-1.4464
0;0.8374;0.5314;-0.4588;-1.356
0;0.8596;0.5967;-0.0703;-1.0817
0;0.862;0.5859;-0.117;-0.8342
0;0.8607;0.5433;-0.1394;-0.6411
1;0.9011;0.6538;-0.2175;-0.1394
0;0.8936;0.7078;-0.2834;0.1935
0;0.9132;0.7319;-0.1113;0.6202
0;0.9567;0.7626;-0.0426;1.3191
0;0.953;0.7588;-0.1757;1.8242
0;0.9426;0.7581;-0.2515;2.1142
0;0.9273;0.6974;-0.3954;2.1902
0;0.9319;0.7131;-0.3823;2.2666
0;0.9376;0.8032;-0.3382;2.3507
2;0.9463;0.7992;-0.3039;2.4658
0;0.9455;0.7904;-0.3608;2.5236
0;0.9453;0.761;-0.3867;2.5408
0;0.9424;0.7441;-0.4658;2.5025
0;0.9383;0.7315;-0.5153;2.411
0;0.9438;0.661;-0.3118;2.3605
0;0.9446;0.7026;-0.147;2.3023
0;0.9393;0.6171;-0.4185;2.1873
0;0.9511;0.4645;-0.1729;2.1729
0;0.9642;0.5628;-0.1019;2.2503
0;0.9663;0.6466;-0.2366;2.3048
0;0.9674;0.8012;-0.2137;2.3332
0;0.9625;0.7278;-0.3111;2.2885
0;0.9669;0.7226;-0.2252;2.2664
0;0.9664;0.6746;-0.2789;2.2207
0;0.9649;0.6667;-0.3129;2.1488
0;0.9767;0.7249;-0.045;2.1695
0;0.978;0.7611;-0.15;2.1736
0;0.9765;0.7917;-0.2493;2.1413
0;0.9752;0.7564;-0.3433;2.0824
0;0.9782;0.7646;-0.2862;2.0387
0;0.9742;0.7802;-0.4151;1.9487
0;0.9791;0.7535;-0.2547;1.8994
0;0.9842;0.7113;-0.1525;1.8834
0;0.9884;0.7239;-0.2412;1.8865
0;0.9964;0.7574;-0.1629;1.9368
0;1.0056;0.8565;-0.0791;2.0337
1;1.0205;0.8777;-0.0221;2.2151
0;1.0212;0.8849;-0.107;2.3404
0;1.0201;0.8898;-0.1227;2.4051
0;1.0256;0.879;-0.0428;2.4769
0;1.0243;0.8593;-0.1639;2.4965
0;1.0295;0.8884;-0.1148;2.5293
0;1.0285;0.8922;-0.1614;2.52
0;1.0311;0.8918;-0.1173;2.5083
0;1.0263;0.8803;-0.2194;2.4311
0;1.0224;0.8206;-0.2984;2.3114
0;1.033;0.8342;-0.2027;2.2827
0;1.0168;0.6671;-0.8232;2.0985
0;1.0182;0.6389;-0.7627;1.9427
0;1.0182;0.591;-0.7627;1.7994
0;0.9963;0.341;-0.95;1.4819
0;0.9821;0.2818;-0.9357;1.0951
2;0.9784;0.2738;-0.9469;0.7474
0;0.9865;0.2939;-0.8196;0.5342
0;0.9764;0.269;-0.9614;0.2753
0;0.9966;0.3615;-0.6763;0.2399
0;0.9911;0.3484;-0.6903;0.163
0;0.9898;0.3304;-0.6784;0.0891
0;0.9782;0.3131;-0.9096;-0.0686
0;0.9933;0.3961;-0.5049;-0.0637
1;0.9761;0.3058;-0.8912;-0.2049
2;0.975;0.341;-0.8444;-0.3232
0;0.9674;0.3155;-0.8597;-0.4779
0;0.9732;0.3431;-0.7145;-0.5456
0;0.9712;0.3984;-0.7637;-0.6098
0;0.9811;0.496;-0.5151;-0.5697
0;0.9852;0.5284;-0.3507;-0.4979
0;0.986;0.4981;-0.2875;-0.4285
1;0.9895;0.5618;-0.1865;-0.3402
0;0.9877;0.449;-0.2066;-0.282
0;0.9855;0.4661;-0.2607;-0.2523
0;0.9898;0.5;-0.1258;-0.1896
0;0.9862;0.5511;-0.2628;-0.1681
0;0.9954;0.5142;-0.0636;-0.072
0;0.9963;0.6776;-0.2603;0.0121
0;1.0023;0.7213;-0.0904;0.1298
0;1.0048;0.8313;-0.0219;0.2421
0;1.0017;0.7646;-0.1096;0.3012
0;0.9939;0.6903;-0.326;0.2788
0;0.9937;0.626;-0.3315;0.2565
0;0.9873;0.5207;-0.741;0.182
0;0.993;0.5611;-0.4197;0.1698
2;0.9938;0.5397;-0.3934;0.165
0;0.9987;0.5956;-0.3305;0.2012
0;0.9974;0.6059;-0.3675;0.2167
0;0.9953;0.5505;-0.4302;0.2083
1;1.0049;0.6542;-0.151;0.2811
0;0.9711;0.3576;-0.9683;0.0488
0;0.9546;0.2934;-0.9464;-0.2748
0;0.9725;0.3674;-0.6415;-0.3751
0;0.9866;0.4269;-0.4003;-0.3301
0;1.0071;0.5191;-0.0519;-0.1178
0;1.0088;0.5551;-0.2;0.0658
0;0.9881;0.4821;-0.489;0.0338
1;0.9956;0.5262;-0.3849;0.0715
0;1.0014;0.5265;-0.3041;0.1497
0;1.018;0.5698;-0.0726;0.3506
0;1.0209;0.5649;-0.0697;0.5301
0;1.0262;0.5822;-0.0785;0.711
0;1.032;0.6027;-0.0203;0.8951
0;1.0325;0.5814;-0.1272;1.0347
0;1.036;0.7329;-0.0734;1.1638
0;1.0359;0.8307;-0.0749;1.2523
0;1.0372;0.8042;-0.0554;1.3196
0;1.0413;0.7839;-0.0489;1.3936
0;1.0395;0.7083;-0.2134;1.4213
0;1.0324;0.6418;-0.5127;1.368
0;1.0277;0.795;-0.7887;1.2715
0;1.0595;0.8496;-0.0198;1.4521
0;1.0575;0.8206;-0.1966;1.5622
0;1.0565;0.767;-0.2236;1.6233
0;1.0571;0.7595;-0.2064;1.66
0;1.0502;0.6676;-0.3808;1.6121
1;1.0436;0.5802;-0.5455;1.5014
2;1.0438;0.5784;-0.5405;1.3999
0;1.0445;0.5611;-0.5233;1.311
0;1.058;0.6338;-0.1843;1.3421
0;1.0585;0.6303;-0.2692;1.3564
0;1.0639;0.6359;-0.0577;1.3992
1;1.0618;0.6337;-0.1456;1.3998
0;1.0722;0.7293;-0.0324;1.4737
0;1.0691;0.7436;-0.1235;1.4904
0;1.0772;0.6442;-0.0355;1.5562
0;1.072;0.6119;-0.1759;1.5473
0;1.0763;0.6465;-0.0648;1.5607
0;1.0802;0.6623;-0.0266;1.5875
0;1.0783;0.7135;-0.1085;1.5758
0;1.072;0.7163;-0.4015;1.4962
0;1.067;0.6652;-0.6196;1.3757
0;1.0666;0.6582;-0.8022;1.2628
0;1.0643;0.553;-0.8458;1.1403
2;1.0602;0.5136;-0.8508;0.9974
0;1.0667;0.5222;-0.5847;0.9295
0;1.0606;0.4915;-0.8347;0.8142
0;1.0515;0.344;-0.9739;0.6376
0;1.0544;0.3884;-0.7258;0.516
0;1.0565;0.3275;-0.663;0.4323
0;1.0474;0.3076;-0.863;0.2847
0;1.0458;0.2504;-0.8152;0.1519
0;1.0448;0.1966;-0.8467;0.0373
0;1.0145;0.1321;-0.9982;-0.3108
0;1.0278;0.2645;-0.6581;-0.4685
0;1.0109;0.2346;-0.931;-0.7312
0;1.0044;0.2217;-0.965;-0.9858
0;1.0148;0.2935;-0.7755;-1.0878
0;0.989;0.2484;-0.9682;-1.3755
0;0.9923;0.2313;-0.9228;-1.559
0;0.9904;0.2384;-0.9394;-1.7039
0;1.0074;0.3447;-0.6656;-1.6556
0;1.0176;0.3771;-0.4;-1.5129
0;1.0133;0.3578;-0.3978;-1.4212
1;1.01;0.3721;-0.3444;-1.3616
0;1.0112;0.3813;-0.3113;-1.2902
0;1.0112;0.3839;-0.3113;-1.2202
0;0.9985;0.437;-0.6667;-1.2603
2;1.0038;0.3992;-0.5785;-1.2332
0;1.012;0.5049;-0.3241;-1.1292
0;1.0021;0.49;-0.6811;-1.1192
0;1.0102;0.4796;-0.4731;-1.0306
0;1.0085;0.612;-0.434;-0.9642
1;0.9937;0.507;-0.7556;-1.0274
0;0.9878;0.4875;-0.8947;-1.1166
2;0.9758;0.3387;-0.9297;-1.2765
0;0.9774;0.2741;-0.892;-1.3755
0;0.9865;0.3572;-0.6352;-1.3618
0;0.9896;0.3907;-0.5687;-1.3105
0;0.9851;0.3653;-0.6652;-1.2939
0;0.9879;0.3829;-0.5598;-1.2437
1;0.9856;0.4279;-0.6044;-1.2102
0;0.981;0.371;-0.6042;-1.2104
0;0.9749;0.2849;-0.6921;-1.2497
0;0.9832;0.3888;-0.4006;-1.1961
0;1.0014;0.4537;-0.1652;-0.9869
0;0.998;0.4454;-0.2433;-0.8409
0;0.9887;0.4724;-0.4531;-0.7959
0;1.0062;0.5894;-0.0664;-0.6035
1;1.0097;0.6796;-0.0803;-0.4154
0;1.0079;0.6608;-0.1717;-0.2787
0;1.0032;0.5926;-0.2604;-0.2074
0;0.9984;0.5478;-0.3528;-0.1902
0;1.0011;0.5886;-0.4141;-0.1511
0;1.0181;0.6446;-0.0866;0.0255
0;1.0213;0.6692;-0.1399;0.1912
0;1.0355;0.7371;-0.0906;0.4405
0;1.0711;0.8331;-0.0063;0.9341
0;1.0755;0.8284;-0.0073;1.3508
0;1.0656;0.7429;-0.1793;1.5808
0;1.0639;0.7525;-0.2;1.7302
0;1.0633;0.8061;-0.2069;1.8245
0;1.0607;0.7549;-0.2376;1.8575
0;1.0587;0.7324;-0.2717;1.8468
2;1.0622;0.754;-0.2294;1.8484
0;1.0631;0.79;-0.2185;1.8376
0;1.0747;0.847;-0.1577;1.9084
0;1.0814;0.8522;-0.1315;2.0004
0;1.0781;0.7993;-0.2348;2.0238
1;1.082;0.8007;-0.1747;2.0537
0;1.0708;0.6805;-0.6016;1.9609
0;1.0684;0.4796;-0.6649;1.8468
0;1.0758;0.502;-0.4697;1.7997
0;1.0678;0.5168;-0.6807;1.6761
0;1.0679;0.5319;-0.8211;1.5617
2;1.0903;0.6578;-0.1092;1.6449
0;1.0779;0.59;-0.5358;1.5875
0;1.0914;0.6527;-0.0717;1.6402
0;1.0974;0.6606;-0.0321;1.7149
1;1.0966;0.653;-0.2987;1.7489
0;1.0862;0.5533;-0.5238;1.6693
0;1.0749;0.4714;-0.7722;1.4927
0;1.0788;0.5031;-0.6876;1.3706
0;1.1016;0.5743;-0.1887;1.454
0;1.1;0.6184;-0.2256;1.4899
0;1.0984;0.6225;-0.3306;1.4889
0;1.0981;0.5967;-0.3388;1.4698
1;1.1;0.6472;-0.2889;1.4551
0;1.1032;0.6572;-0.1972;1.456
0;1.0954;0.5259;-0.3092;1.3746
0;1.099;0.6186;-0.1908;1.3263
0;1.0897;0.49;-0.4967;1.1956
