0;0.3162;0.4556;-0.7262;-0.1606
0;0.3201;0.4983;-0.5119;-0.1561
0;0.3244;0.5075;-0.2642;-0.1078
0;0.3253;0.4974;-0.2114;-0.0574
0;0.3258;0.5285;-0.187;-0.011
1;0.3257;0.4962;-0.1911;0.0264
0;0.3275;0.4914;-0.0388;0.0767
0;0.3271;0.513;-0.0684;0.1137
0;0.3244;0.4554;-0.2265;0.1124
0;0.3259;0.5214;-0.1581;0.1288
0;0.3272;0.4869;-0.1197;0.1431
0;0.3284;0.5911;-0.053;0.1635
0;0.3293;0.8344;-0.033;0.1852
0;0.329;0.8428;-0.2364;0.1979
0;0.3315;0.8449;-0.0484;0.2268
0;0.335;0.8417;-0.0568;0.2771
0;0.3362;0.8164;-0.0758;0.3243
0;0.3368;0.8127;-0.0354;0.363
0;0.3365;0.7952;-0.1105;0.3871
0;0.335;0.7361;-0.2265;0.389
0;0.3252;0.4591;-0.7919;0.3032
0;0.3196;0.3858;-0.8905;0.1845
0;0.3226;0.4725;-0.6453;0.1145
2;0.3194;0.4067;-0.7768;0.0315
0;0.3138;0.3302;-0.9821;-0.0814
0;0.3152;0.3327;-0.7974;-0.1577
0;0.3152;0.3175;-0.7974;-0.2162
0;0.3192;0.3837;-0.659;-0.2264
0;0.3229;0.4013;-0.5208;-0.2004
0;0.3267;0.4054;-0.314;-0.1455
1;0.318;0.3219;-0.5465;-0.1746
0;0.3193;0.3305;-0.4806;-0.1851
0;0.3179;0.3241;-0.5504;-0.2025
0;0.318;0.3348;-0.5465;-0.2136
0;0.3209;0.4514;-0.3953;-0.1957
2;0.3241;0.554;-0.2427;-0.1523
0;0.3263;0.5453;-0.1172;-0.0979
0;0.3254;0.5771;-0.1674;-0.0614
1;0.3295;0.709;-0.0341;0.0028
0;0.33;0.702;-0.1237;0.0576
0;0.3294;0.6909;-0.1505;0.0953
0;0.3279;0.6253;-0.2207;0.1109
0;0.3282;0.5841;-0.2074;0.1245
0;0.3295;0.5482;-0.2391;0.145
0;0.3278;0.7248;-0.3829;0.1454
2;0.331;0.7477;-0.1377;0.1715
0;0.3308;0.7839;-0.2114;0.1884
0;0.3348;0.8159;-0.0194;0.2338
0;0.34;0.8308;-0.0591;0.3112
0;0.3387;0.7703;-0.135;0.3577
1;0.3397;0.7592;-0.121;0.3986
0;0.3411;0.7972;-0.135;0.4384
0;0.3484;0.8198;-0.0765;0.5278
0;0.3518;0.8356;0.0;0.6211
0;0.3585;0.8767;-0.0286;0.7446
0;0.3575;0.8902;-0.0611;0.8259
0;0.3568;0.8724;-0.0875;0.875
0;0.3537;0.8015;-0.3445;0.8783
0;0.3558;0.8448;-0.2912;0.889
0;0.3545;0.8046;-0.3465;0.8774
2;0.3557;0.8148;-0.3014;0.8689
0;0.3601;0.8165;-0.1661;0.8902
0;0.358;0.745;-0.3289;0.8802
0;0.3531;0.6788;-0.6995;0.8214
0;0.3594;0.7163;-0.2759;0.8197
0;0.3659;0.7446;-0.0167;0.8643
0;0.365;0.6882;-0.0628;0.8835
0;0.3651;0.6631;-0.0725;0.8898
0;0.362;0.5481;-0.2902;0.8593
1;0.3607;0.5428;-0.4;0.8149
0;0.3645;0.5953;-0.1189;0.8037
2;0.3657;0.6547;-0.0628;0.7962
0;0.3705;0.6772;-0.0431;0.8222
0;0.3703;0.6957;-0.0833;0.8327
0;0.375;0.72;-0.2319;0.8719
0;0.3801;0.7246;-0.0423;0.937
0;0.3822;0.7709;-0.0033;0.9963
0;0.3827;0.8675;-0.0284;1.0368
0;0.3823;0.8323;-0.0473;1.054
0;0.384;0.8054;-0.024;1.0706
0;0.3772;0.6701;-0.3367;1.0146
0;0.3727;0.5949;-0.54;0.9219
0;0.3723;0.6367;-0.8;0.8353
0;0.3702;0.6233;-0.8074;0.7403
0;0.3674;0.5383;-0.8423;0.6339
2;0.3697;0.5524;-0.7276;0.5633
0;0.3727;0.53;-0.5842;0.5265
0;0.3738;0.5458;-0.5305;0.5013
0;0.3719;0.4557;-0.6201;0.4605
0;0.3704;0.3435;-0.6863;0.4105
1;0.3672;0.2665;-0.8158;0.3401
0;0.376;0.4167;-0.0414;0.3554
0;0.3748;0.4093;-0.2022;0.3539
0;0.3765;0.4093;-0.2684;0.3631
0;0.3817;0.5574;-0.0149;0.4107
0;0.3822;0.633;-0.1207;0.4475
1;0.3816;0.6304;-0.1799;0.4668
0;0.3833;0.6861;-0.0837;0.4913
0;0.3838;0.7494;-0.1498;0.5104
0;0.3754;0.573;-0.5805;0.4486
0;0.3735;0.5115;-0.7802;0.379
0;0.3688;0.4404;-0.8601;0.2798
0;0.3752;0.5355;-0.5524;0.2534
0;0.3785;0.5845;-0.3951;0.2577
2;0.3755;0.5863;-0.5385;0.233
0;0.3719;0.4521;-0.7098;0.1806
0;0.3713;0.4575;-0.7413;0.1319
1;0.3758;0.4919;-0.5245;0.1306
0;0.3759;0.4278;-0.4367;0.1294
0;0.3746;0.4071;-0.4167;0.1153
0;0.3762;0.4355;-0.3088;0.1166
0;0.374;0.3914;-0.492;0.0984
0;0.3682;0.3359;-0.9503;0.0333
0;0.371;0.447;-0.7322;0.0053
0;0.3778;0.5452;-0.224;0.041
0;0.3797;0.6235;-0.2599;0.0847
0;0.3811;0.5749;-0.2009;0.1301
0;0.3815;0.5414;-0.1752;0.1682
1;0.3818;0.5939;-0.2452;0.1989
0;0.3852;0.6996;-0.0651;0.2502
0;0.381;0.6317;-0.3779;0.2519
0;0.384;0.6157;-0.2408;0.276
0;0.377;0.513;-0.5585;0.2331
0;0.3727;0.4797;-0.8309;0.1602
0;0.362;0.3698;-0.8532;0.0105
2;0.3566;0.3486;-0.9389;-0.1536
0;0.3539;0.3688;-0.9342;-0.3041
0;0.3501;0.3118;-0.9981;-0.4518
0;0.3531;0.2599;-0.8654;-0.5385
0;0.3583;0.3053;-0.7395;-0.5564
0;0.3549;0.2699;-0.8101;-0.5938
0;0.3618;0.3441;-0.6288;-0.5586
0;0.3637;0.3611;-0.5044;-0.5082
1;0.3678;0.3675;-0.2119;-0.4283
0;0.3652;0.3767;-0.4452;-0.3831
0;0.3614;0.3258;-0.5639;-0.3758
0;0.3563;0.3353;-0.7237;-0.4095
0;0.3511;0.3307;-0.8622;-0.4758
0;0.3479;0.3744;-0.96;-0.5503
2;0.3516;0.4539;-0.7271;-0.5714
0;0.3479;0.4462;-0.8225;-0.6131
0;0.3532;0.5269;-0.6851;-0.5947
0;0.3545;0.5132;-0.6508;-0.5627
0;0.361;0.5238;-0.4809;-0.4763
1;0.3646;0.5854;-0.0531;-0.3728
0;0.3666;0.5463;-0.089;-0.2705
0;0.3618;0.4827;-0.2781;-0.2274
0;0.3558;0.3938;-0.4898;-0.2425
0;0.3598;0.4535;-0.3495;-0.2178
0;0.3571;0.4628;-0.5356;-0.2183
0;0.3602;0.5359;-0.4517;-0.1903
2;0.3632;0.615;-0.36;-0.1408
0;0.3601;0.6167;-0.5523;-0.1264
0;0.364;0.6172;-0.3347;-0.0814
0;0.3601;0.6155;-0.5523;-0.0774
0;0.3668;0.6253;-0.1918;-0.0169
0;0.3786;0.6859;-0.1785;0.1309
0;0.3745;0.608;-0.3066;0.2112
0;0.3972;0.6999;-0.0628;0.4646
0;0.4056;0.7219;-0.009;0.7308
0;0.3996;0.7124;-0.1299;0.8824
0;0.4024;0.7722;-0.0731;1.0161
0;0.4053;0.769;-0.0462;1.1348
0;0.4013;0.7572;-0.1278;1.1828
0;0.4008;0.7436;-0.149;1.2037
2;0.402;0.7379;-0.1604;1.2173
0;0.3961;0.7129;-0.3457;1.1648
0;0.4008;0.7161;-0.3029;1.1515
0;0.3991;0.7337;-0.4466;1.1139
0;0.3984;0.7045;-0.6848;1.0668
0;0.4097;0.7026;-0.0901;1.1141
0;0.4092;0.7377;-0.1922;1.1357
1;0.4104;0.6284;-0.1294;1.1507
0;0.4099;0.5494;-0.1569;1.1459
0;0.4123;0.6576;-0.0712;1.1504
0;0.416;0.6649;-0.0261;1.1729
0;0.4197;0.6719;-0.0235;1.2098
0;0.4171;0.6949;-0.1441;1.2043
0;0.4114;0.616;-0.3743;1.1387
0;0.4171;0.6501;-0.1783;1.1228
0;0.411;0.6483;-0.6734;1.0468
0;0.4155;0.6467;-0.3618;1.0144
2;0.4166;0.6775;-0.3393;0.9873
0;0.4154;0.6696;-0.4625;0.945
0;0.4127;0.5362;-0.6938;0.8787
0;0.4097;0.5058;-0.7865;0.7923
0;0.4167;0.5632;-0.2917;0.7748
0;0.418;0.5803;-0.1492;0.7639
0;0.4247;0.6133;-0.0787;0.8044
0;0.4277;0.6081;-0.0305;0.8526
0;0.4328;0.6184;-0.0893;0.9256
1;0.4328;0.6483;-0.0893;0.9732
0;0.437;0.7486;-0.0236;1.0359
0;0.4315;0.641;-0.2005;1.0277
0;0.4317;0.7279;-0.1958;1.0115
0;0.4364;0.7292;-0.0524;1.0284
0;0.4369;0.7256;-0.0488;1.0352
0;0.427;0.6082;-0.5168;0.9451
2;0.4342;0.6851;-0.2371;0.9255
0;0.4265;0.6327;-0.8846;0.8345
0;0.4282;0.5992;-0.7582;0.7682
0;0.4286;0.5932;-0.7412;0.7117
0;0.4256;0.5083;-0.9375;0.6341
0;0.4292;0.5145;-0.5841;0.5968
0;0.4364;0.5313;-0.1637;0.6217
0;0.4399;0.5592;-0.1292;0.6646
0;0.439;0.5174;-0.1734;0.6837
0;0.4303;0.49;-0.5978;0.6183
1;0.4333;0.5128;-0.4539;0.585
0;0.4265;0.4226;-0.786;0.4952
0;0.4313;0.4589;-0.5498;0.46
2;0.4351;0.5655;-0.3616;0.4599
0;0.438;0.5325;-0.2214;0.4791
0;0.4389;0.6217;-0.3965;0.4968
0;0.4491;0.6759;-0.1444;0.5922
1;0.4506;0.6815;-0.1183;0.6737
0;0.4467;0.6716;-0.2581;0.6977
0;0.4525;0.6828;-0.0511;0.7583
0;0.4516;0.6327;-0.1517;0.7903
0;0.4646;0.685;-0.0457;0.918
0;0.4739;0.7318;-0.0593;1.0872
0;0.4628;0.7092;-0.3317;1.1153
0;0.4617;0.6874;-0.39;1.1161
0;0.4591;0.727;-0.4526;1.0826
0;0.4486;0.6114;-0.8488;0.9554
0;0.4491;0.5941;-0.8337;0.8496
2;0.4418;0.5239;-0.9798;0.6948
0;0.4413;0.5154;-0.8974;0.5617
0;0.4506;0.5097;-0.6703;0.5298
0;0.4527;0.5135;-0.619;0.5169
0;0.4495;0.518;-0.6978;0.4739
0;0.4443;0.4466;-0.7612;0.391
0;0.4466;0.4683;-0.6631;0.3413
1;0.4422;0.3384;-0.7545;0.261
0;0.4361;0.2152;-0.9195;0.1433
2;0.4348;0.2523;-0.9312;0.0382
0;0.4282;0.23;-0.8477;-0.1011
0;0.4356;0.324;-0.6069;-0.1472
0;0.4285;0.3412;-0.8403;-0.2426
0;0.4314;0.3653;-0.6886;-0.2903
0;0.4367;0.4599;-0.4609;-0.2802
0;0.4078;0.3178;-0.8489;-0.5145
0;0.4126;0.2828;-0.7523;-0.6529
0;0.4035;0.2399;-0.9286;-0.8315
0;0.3934;0.2235;-0.9711;-1.0494
0;0.3902;0.2279;-0.9911;-1.2373
2;0.3933;0.2343;-0.9286;-1.3454
0;0.3937;0.248;-0.6677;-1.4131
0;0.3979;0.2975;-0.6009;-1.4158
0;0.4053;0.3532;-0.4923;-1.3398
0;0.4061;0.383;-0.3718;-1.2594
1;0.3834;0.2626;-0.7126;-1.3757
0;0.381;0.2744;-0.7616;-1.4731
0;0.3829;0.2676;-0.6939;-1.5177
0;0.4022;0.3545;-0.2171;-1.3729
0;0.407;0.496;-0.0983;-1.2035
0;0.4044;0.456;-0.1614;-1.079
0;0.4041;0.5036;-0.1688;-0.972
1;0.4033;0.5669;-0.1892;-0.8844
0;0.4088;0.622;-0.0727;-0.7595
0;0.4177;0.6484;-0.1092;-0.5778
0;0.4202;0.6574;-0.0678;-0.4069
0;0.4231;0.6522;-0.0671;-0.2431
0;0.4252;0.6279;-0.0618;-0.0943
0;0.4172;0.5656;-0.3531;-0.0436
0;0.4151;0.7479;-0.4224;-0.021
0;0.4179;0.7867;-0.3341;0.0205
0;0.4219;0.7932;-0.2308;0.0869
0;0.4146;0.6138;-0.4881;0.0764
2;0.418;0.604;-0.5149;0.0966
0;0.4207;0.653;-0.3806;0.1344
0;0.4237;0.6752;-0.2313;0.1883
0;0.4153;0.5946;-0.6493;0.1574
0;0.4128;0.533;-0.7691;0.1099
0;0.4089;0.4216;-0.9364;0.0386
0;0.4018;0.3468;-0.8758;-0.0789
0;0.4053;0.3535;-0.7471;-0.1405
2;0.4077;0.3568;-0.6695;-0.1677
0;0.4009;0.3637;-0.8948;-0.245
0;0.395;0.3424;-0.9415;-0.3528
0;0.4066;0.4222;-0.6099;-0.3358
0;0.41;0.4175;-0.5123;-0.2899
0;0.4058;0.4365;-0.4516;-0.286
0;0.4148;0.4785;-0.0737;-0.2036
0;0.414;0.4536;-0.1258;-0.1435
1;0.4102;0.4077;-0.283;-0.1267
0;0.4145;0.4943;-0.181;-0.0756
0;0.4055;0.452;-0.5244;-0.1109
0;0.4113;0.5151;-0.3066;-0.0887
2;0.4215;0.6225;-0.0749;0.0162
0;0.4247;0.6211;-0.0886;0.1264
0;0.4202;0.5761;-0.26;0.1733
0;0.4191;0.6187;-0.3029;0.1988
1;0.4193;0.6706;-0.2943;0.2187
0;0.4215;0.6206;-0.2114;0.2507
0;0.4301;0.6501;-0.0405;0.3463
0;0.4282;0.6729;-0.1589;0.402
0;0.425;0.5866;-0.2825;0.4146
0;0.4211;0.5573;-0.5352;0.3868
0;0.4206;0.5882;-0.7794;0.3563
0;0.4222;0.5687;-0.6716;0.3426
2;0.4213;0.6635;-0.7463;0.3198
0;0.4221;0.6252;-0.6915;0.3056
0;0.4187;0.4615;-0.8762;0.2622
0;0.4198;0.427;-0.8095;0.2343
0;0.4229;0.5415;-0.6095;0.2367
0;0.4321;0.6599;-0.0097;0.3144
0;0.4333;0.6673;-0.0395;0.3818
0;0.4406;0.7037;-0.0511;0.4932
1;0.4434;0.6618;-0.0028;0.5994
0;0.441;0.6534;-0.1157;0.6562
0;0.4436;0.7256;-0.1744;0.7157
0;0.4503;0.8328;-0.0633;0.8122
0;0.451;0.8454;-0.0653;0.8853
0;0.4504;0.8275;-0.0926;0.9284
0;0.455;0.862;-0.0625;0.9916
0;0.4503;0.7796;-0.2727;0.9911
0;0.4604;0.8651;-0.0028;1.0662
0;0.4606;0.8631;-0.0759;1.116
0;0.46;0.8453;-0.0969;1.1382
0;0.4572;0.764;-0.2389;1.1192
0;0.4488;0.6418;-0.6305;1.0212
0;0.4517;0.6105;-0.6;0.9582
0;0.4477;0.5419;-0.8163;0.8644
2;0.46;0.6552;-0.151;0.8858
0;0.4623;0.6535;-0.1987;0.9126
0;0.4568;0.5543;-0.4444;0.8772
0;0.46;0.5721;-0.303;0.8669
0;0.4575;0.5553;-0.4141;0.8285
1;0.4569;0.5157;-0.4411;0.7842
0;0.451;0.5062;-0.7003;0.6917
2;0.4442;0.3607;-0.8896;0.5537
0;0.4424;0.3468;-0.9642;0.4231
0;0.4363;0.3179;-0.9056;0.2644
0;0.4392;0.3619;-0.8202;0.1609
0;0.4436;0.4574;-0.6706;0.1149
0;0.4495;0.4829;-0.4038;0.1281
0;0.4483;0.5049;-0.4478;0.1269
0;0.4425;0.3402;-0.6517;0.0752
1;0.435;0.273;-0.892;-0.0298
0;0.4382;0.339;-0.72;-0.0853
0;0.4416;0.3414;-0.5369;-0.0994
2;0.4332;0.31;-0.9579;-0.1804
0;0.4512;0.4649;-0.0919;-0.09
0;0.4547;0.523;-0.1793;0.0119
0;0.4469;0.5167;-0.465;0.0262
0;0.4514;0.5549;-0.2997;0.0753
0;0.456;0.6218;-0.1289;0.1525
1;0.456;0.6073;-0.1317;0.2111
0;0.4504;0.5431;-0.3361;0.2079
0;0.4428;0.4584;-0.6162;0.1386
0;0.4457;0.4841;-0.5098;0.1071
0;0.4366;0.4659;-0.9837;0.0043
2;0.4337;0.4917;-0.9798;-0.102
0;0.4337;0.4716;-0.7788;-0.1839
0;0.4416;0.5;-0.5365;-0.18
0;0.4294;0.478;-0.9129;-0.2784
0;0.4298;0.3451;-0.7422;-0.3496
0;0.4277;0.3003;-0.7965;-0.4202
0;0.4358;0.4183;-0.4988;-0.4022
0;0.4369;0.3875;-0.4053;-0.3747
0;0.435;0.33;-0.3934;-0.3646
0;0.4363;0.3442;-0.3282;-0.3418
0;0.4452;0.4604;-0.0401;-0.2453
1;0.4507;0.5616;-0.0577;-0.1195
0;0.4445;0.4915;-0.2448;-0.0715
0;0.436;0.4955;-0.5035;-0.1052
0;0.4419;0.5588;-0.3543;-0.0809
0;0.4455;0.5799;-0.2474;-0.0306
0;0.4576;0.6033;-0.0441;0.1127
0;0.4592;0.7222;-0.1292;0.238
0;0.4598;0.7229;-0.1284;0.3386
0;0.4545;0.6908;-0.3281;0.3698
0;0.4573;0.6655;-0.231;0.4143
0;0.4538;0.6257;-0.3856;0.4153
0;0.444;0.5595;-0.7065;0.3283
0;0.4461;0.5643;-0.6598;0.2744
2;0.4396;0.4625;-0.8814;0.1735
0;0.4541;0.5206;-0.4302;0.2155
0;0.4598;0.5926;-0.2165;0.2948
0;0.4548;0.6189;-0.4046;0.3114
0;0.4547;0.5871;-0.4103;0.32
0;0.4606;0.6;-0.188;0.3737
1;0.4741;0.6071;-0.017;0.5269
0;0.4727;0.5875;-0.0593;0.6298
0;0.4706;0.5688;-0.2239;0.6861
0;0.4995;0.7202;-0.0667;0.9692
0;0.5017;0.7184;-0.1163;1.2
0;0.4864;0.6436;-0.4048;1.2393
0;0.4776;0.6493;-0.5582;1.1822
0;0.4838;0.6617;-0.4497;1.1776
0;0.484;0.7017;-0.4661;1.1635
0;0.4814;0.639;-0.587;1.118
2;0.4751;0.5774;-0.7979;1.0168
0;0.4749;0.6068;-0.8032;0.9243
0;0.474;0.6019;-0.8605;0.8339
0;0.4824;0.6122;-0.702;0.8254
0;0.4722;0.4899;-0.949;0.7235
0;0.4726;0.4996;-0.707;0.6388
0;0.4722;0.5092;-0.7229;0.562
0;0.4813;0.3719;-0.3432;0.5726
0;0.4745;0.3209;-0.6136;0.517
0;0.4815;0.4635;-0.4;0.5269
1;0.4723;0.4616;-0.745;0.4517
0;0.4593;0.3361;-0.9861;0.2773
0;0.4615;0.3527;-0.8436;0.1551
0;0.4777;0.4793;-0.3953;0.195
0;0.4836;0.5472;-0.2868;0.2743
0;0.4837;0.549;-0.2849;0.3345
0;0.4941;0.6014;-0.0177;0.4668
1;0.4903;0.5414;-0.1525;0.5335
0;0.4877;0.5887;-0.2166;0.5584
0;0.492;0.6068;-0.1431;0.609
0;0.4785;0.53;-0.4638;0.5275
0;0.4895;0.5386;-0.2029;0.5512
2;0.4896;0.5763;-0.3282;0.5654
0;0.4789;0.4874;-0.858;0.4789
0;0.4728;0.5023;-0.887;0.3544
0;0.4701;0.5601;-0.847;0.2298
0;0.4766;0.5801;-0.6709;0.1838
0;0.4837;0.5351;-0.4759;0.206
0;0.4604;0.3867;-0.9465;0.0239
0;0.4722;0.4497;-0.672;-0.0199
0;0.4872;0.471;-0.3226;0.0732
0;0.4736;0.435;-0.6399;0.0301
0;0.4609;0.4035;-0.9245;-0.1113
0;0.4374;0.3267;-0.8122;-0.4216
0;0.4207;0.3203;-0.8016;-0.8032
0;0.4088;0.2504;-0.9398;-1.1967
2;0.3986;0.2348;-1.0;-1.5803
0;0.4083;0.2933;-0.5853;-1.7833
0;0.4381;0.4109;-0.3714;-1.6709
0;0.4287;0.3971;-0.4388;-1.6446
0;0.3945;0.3209;-0.6819;-1.8968
0;0.4168;0.363;-0.495;-1.8863
0;0.4117;0.3923;-0.4299;-1.9009
0;0.435;0.4217;-0.2135;-1.6947
2;0.4219;0.3614;-0.3352;-1.6254
0;0.4146;0.3714;-0.4028;-1.6153
1;0.4254;0.4217;-0.3032;-1.4992
0;0.4061;0.4298;-0.75;-1.5555
0;0.3961;0.4432;-0.8938;-1.6679
0;0.4333;0.5509;-0.1826;-1.423
0;0.4376;0.5828;-0.302;-1.1786
0;0.4429;0.5748;-0.2494;-0.9287
0;0.4433;0.5129;-0.2422;-0.7181
0;0.4365;0.5194;-0.3506;-0.603
1;0.4422;0.6396;-0.2602;-0.4573
0;0.4286;0.5364;-0.4747;-0.4532
0;0.4146;0.5083;-0.6952;-0.5641
0;0.4245;0.4668;-0.5386;-0.561
2;0.4322;0.5339;-0.4488;-0.487
0;0.4308;0.5551;-0.5615;-0.4359
0;0.4134;0.461;-0.9043;-0.5385
0;0.4305;0.5808;-0.3867;-0.4687
0;0.4296;0.6178;-0.404;-0.4165
0;0.4256;0.4645;-0.427;-0.4048
0;0.4325;0.477;-0.2841;-0.3328
0;0.4243;0.4186;-0.454;-0.3421
1;0.4049;0.3557;-0.8556;-0.5101
0;0.4221;0.4498;-0.4406;-0.4915
0;0.4248;0.4381;-0.3902;-0.4483
0;0.4348;0.5227;-0.2084;-0.3251
0;0.447;0.6203;-0.0204;-0.1203
0;0.4536;0.6105;-0.0278;0.098
1;0.4337;0.505;-0.3394;0.0998
0;0.4405;0.5325;-0.2331;0.1579
0;0.4598;0.6534;-0.0307;0.3658
0;0.4697;0.6363;-0.109;0.6103
0;0.4843;0.6735;-0.0115;0.9196
0;0.4704;0.6337;-0.3184;1.0355
0;0.4608;0.5832;-0.447;1.0346
0;0.4761;0.6461;-0.2681;1.1527
0;0.47;0.6983;-0.3649;1.1817
0;0.4678;0.6535;-0.3977;1.1737
2;0.4686;0.6488;-0.386;1.1614
0;0.4858;0.6653;-0.1429;1.2856
0;0.4836;0.6265;-0.25;1.3508
0;0.4732;0.5662;-0.4963;1.3
0;0.4657;0.6181;-0.7399;1.1827
0;0.4741;0.6224;-0.4803;1.1484
0;0.4683;0.5343;-0.7224;1.0601
2;0.4731;0.5143;-0.5676;1.0206
0;0.4714;0.4394;-0.6216;0.9642
0;0.4662;0.4785;-0.8447;0.865
1;0.4767;0.5811;-0.4868;0.8668
0;0.4802;0.5237;-0.3684;0.8885
0;0.4922;0.6206;-0.0876;0.9984
0;0.4908;0.6253;-0.1313;1.0619
0;0.4798;0.555;-0.4968;1.0076
0;0.4728;0.4291;-0.6895;0.8952
0;0.4673;0.414;-0.8277;0.75
0;0.4638;0.4464;-0.9223;0.5981
2;0.4645;0.4924;-0.9034;0.478
0;0.458;0.3986;-0.9113;0.3232
0;0.4426;0.3557;-0.8857;0.0675
0;0.4477;0.3568;-0.805;-0.0921
0;0.4607;0.4465;-0.595;-0.1061
0;0.4406;0.389;-0.918;-0.2864
0;0.4532;0.3999;-0.6282;-0.3186
0;0.4534;0.3824;-0.5207;-0.3392
0;0.448;0.2937;-0.666;-0.3978
0;0.4509;0.3168;-0.5871;-0.4148
0;0.4518;0.3584;-0.5194;-0.4159
1;0.4571;0.4188;-0.2185;-0.3678
0;0.4489;0.4078;-0.5212;-0.3955
0;0.448;0.4185;-0.5552;-0.421
0;0.447;0.4103;-0.5672;-0.4444
0;0.4546;0.4827;-0.2523;-0.394
0;0.4467;0.5225;-0.5753;-0.4169
2;0.4506;0.5164;-0.4247;-0.3978
0;0.4514;0.4397;-0.3946;-0.3719
0;0.4557;0.622;-0.2778;-0.3109
0;0.4423;0.4123;-0.8616;-0.3736
0;0.4407;0.401;-0.8567;-0.4321
0;0.4398;0.4312;-0.6787;-0.4815
0;0.4386;0.3936;-0.715;-0.5251
0;0.4299;0.3325;-0.9069;-0.6279
2;0.4355;0.3365;-0.745;-0.6545
0;0.4271;0.3349;-0.988;-0.7405
0;0.4213;0.3123;-0.9033;-0.8489
0;0.4159;0.2938;-0.9686;-0.9712
0;0.4228;0.2872;-0.7992;-0.9989
0;0.4192;0.3045;-0.8558;-1.0409
0;0.4068;0.2228;-0.972;-1.1682
0;0.4072;0.219;-0.8651;-1.2527
0;0.4041;0.1666;-0.8925;-1.3325
0;0.4086;0.2542;-0.7832;-1.3428
0;0.4142;0.3173;-0.6474;-1.2891
0;0.3963;0.2573;-0.9054;-1.3846
0;0.4062;0.3346;-0.6216;-1.3617
0;0.4077;0.3781;-0.5576;-1.3161
0;0.4099;0.3535;-0.4918;-1.2476
0;0.3977;0.3391;-0.8612;-1.2843
0;0.4066;0.4217;-0.4693;-1.2242
1;0.4082;0.4573;-0.4049;-1.1499
0;0.4028;0.3879;-0.6166;-1.1249
0;0.418;0.4942;-0.0184;-0.9642
0;0.4319;0.6227;-0.0254;-0.7097
0;0.4263;0.5893;-0.212;-0.5486
0;0.4146;0.5453;-0.4953;-0.5157
0;0.4299;0.5839;-0.1276;-0.3547
0;0.4174;0.512;-0.4278;-0.33
0;0.4287;0.6272;-0.1557;-0.2111
2;0.4369;0.6224;-0.0063;-0.0457
0;0.4287;0.5794;-0.2283;0.0156
0;0.4202;0.5372;-0.4588;-0.0083
0;0.4253;0.6051;-0.4825;0.0159
0;0.4305;0.5938;-0.2698;0.0791
0;0.4391;0.6149;-0.1723;0.2015
0;0.4414;0.6467;-0.1042;0.3149
0;0.4359;0.5736;-0.2779;0.3547
0;0.4317;0.4993;-0.4119;0.3465
0;0.433;0.5307;-0.3722;0.347
0;0.4416;0.6292;-0.1415;0.4171
0;0.4373;0.5395;-0.2736;0.4309
0;0.4272;0.5538;-0.7206;0.3518
0;0.4204;0.4524;-0.783;0.2282
0;0.4263;0.4373;-0.6061;0.1781
0;0.4371;0.5483;-0.2783;0.2286
2;0.4312;0.565;-0.4575;0.2158
0;0.4335;0.5505;-0.3868;0.2232
0;0.4228;0.4558;-0.7123;0.1353
1;0.4309;0.4529;-0.4646;0.1342
0;0.4232;0.4017;-0.6474;0.0664
0;0.4246;0.436;-0.5805;0.0241
0;0.4249;0.4598;-0.569;-0.0067
0;0.424;0.4467;-0.7664;-0.0389
0;0.4153;0.3435;-0.9443;-0.138
0;0.4083;0.3333;-0.8653;-0.2734
0;0.4112;0.3996;-0.7874;-0.3527
0;0.4143;0.4594;-0.7053;-0.3856
0;0.4184;0.4469;-0.484;-0.3724
0;0.4161;0.3397;-0.5583;-0.3779
0;0.428;0.4777;-0.1436;-0.2771
1;0.4239;0.4346;-0.2846;-0.229
0;0.4206;0.4835;-0.4011;-0.2172
0;0.4168;0.3853;-0.5312;-0.2374
0;0.4175;0.447;-0.5095;-0.2454
0;0.4166;0.4255;-0.6746;-0.2564
2;0.4224;0.4783;-0.498;-0.2134
0;0.4198;0.4655;-0.6295;-0.1991
0;0.4383;0.663;-0.1847;-0.0283
0;0.434;0.688;-0.3308;0.0695
0;0.4448;0.7206;-0.1312;0.2378
1;0.4585;0.7549;-0.0136;0.4842
0;0.4506;0.6776;-0.1912;0.6058
0;0.453;0.7036;-0.1387;0.7156
0;0.4597;0.6855;-0.0067;0.8514
0;0.4664;0.7409;-0.0201;1.0063
0;0.4705;0.7809;-0.0553;1.1527
0;0.4753;0.825;-0.0033;1.2961
0;0.4733;0.806;-0.0697;1.3787
0;0.4704;0.7883;-0.144;1.4044
0;0.4614;0.7019;-0.4452;1.3331
0;0.4642;0.7293;-0.422;1.2868
0;0.4585;0.6203;-0.6155;1.1886
2;0.4531;0.6126;-0.8681;1.0527
0;0.4585;0.5863;-0.727;0.9804
0;0.454;0.4678;-0.8416;0.8744
0;0.4484;0.4841;-0.9347;0.7342
0;0.4508;0.4836;-0.8564;0.6361
0;0.457;0.4798;-0.6349;0.6046
0;0.4571;0.4233;-0.5179;0.5741
0;0.4494;0.3362;-0.8643;0.4793
0;0.446;0.2677;-0.9597;0.3702
0;0.4424;0.2609;-0.9068;0.2496
0;0.4515;0.3666;-0.491;0.2294
0;0.4479;0.3969;-0.6559;0.1803
0;0.4497;0.3873;-0.5735;0.1551
0;0.4517;0.4439;-0.4803;0.1509
0;0.4574;0.5353;-0.2186;0.1946
1;0.4514;0.4422;-0.4946;0.1757
0;0.4556;0.5134;-0.2231;0.195
0;0.4463;0.4838;-0.6972;0.1287
0;0.4482;0.48;-0.6016;0.0911
0;0.4461;0.4101;-0.7417;0.0425
2;0.4483;0.43;-0.6608;0.0225
0;0.45;0.5048;-0.5639;0.0211
0;0.4515;0.55;-0.4802;0.0325
0;0.4485;0.5564;-0.6476;0.0158
0;0.4496;0.4797;-0.5204;0.0118
1;0.4545;0.5693;-0.2041;0.0499
0;0.4579;0.5837;-0.0991;0.1087
0;0.4607;0.5896;-0.0167;0.1772
0;0.4622;0.5515;-0.2326;0.242
0;0.4407;0.4126;-0.8816;0.1083
0;0.4406;0.3683;-0.8841;0.0013
0;0.4398;0.4327;-0.9118;-0.0904
0;0.4437;0.4557;-0.7859;-0.1284
0;0.4432;0.4711;-0.801;-0.1609
2;0.4368;0.392;-0.9901;-0.2395
0;0.4326;0.3437;-0.97;-0.3342
0;0.4332;0.3324;-0.9084;-0.4007
0;0.4322;0.3453;-0.9328;-0.4567
0;0.4329;0.3394;-0.8367;-0.4907
0;0.4309;0.2604;-0.9258;-0.529
0;0.4337;0.2508;-0.7686;-0.5295
0;0.4421;0.329;-0.3013;-0.4529
0;0.4402;0.2989;-0.4105;-0.4044
0;0.442;0.519;-0.2129;-0.346
0;0.4383;0.4696;-0.4394;-0.3282
1;0.4343;0.4345;-0.697;-0.3448
0;0.4282;0.3244;-1.0;-0.4056
2;0.4342;0.4089;-0.6261;-0.3984
0;0.4373;0.5051;-0.4505;-0.3626
0;0.4411;0.5925;-0.2297;-0.2978
0;0.4421;0.5966;-0.1712;-0.2349
0;0.4393;0.5733;-0.3333;-0.2069
1;0.4435;0.603;-0.1293;-0.1467
0;0.4479;0.6565;-0.0789;-0.0609
0;0.4491;0.6463;-0.0215;0.0179
0;0.4444;0.5237;-0.3165;0.0401
0;0.4458;0.5583;-0.2616;0.0687
0;0.441;0.4901;-0.5821;0.05
0;0.4389;0.5062;-0.7119;0.0167
0;0.4405;0.5659;-0.6271;0.0037
2;0.445;0.684;-0.3856;0.0317
0;0.4456;0.6421;-0.3517;0.0589
0;0.4367;0.4937;-0.8305;0.0036
0;0.4348;0.4283;-0.9322;-0.0561
0;0.4311;0.3825;-0.9433;-0.1335
0;0.4299;0.3957;-0.8723;-0.2038
0;0.4358;0.4176;-0.5985;-0.2066
0;0.4476;0.4977;-0.0616;-0.1064
0;0.4475;0.4851;-0.0947;-0.0269
0;0.4518;0.5697;0.0;0.0723
0;0.445;0.4932;-0.2756;0.0918
1;0.4424;0.512;-0.3814;0.084
0;0.4402;0.512;-0.4679;0.0588
0;0.4448;0.5368;-0.2821;0.0773
0;0.4514;0.5524;-0.1425;0.147
2;0.4532;0.5604;-0.1429;0.2151
0;0.4532;0.6543;-0.1873;0.2664
0;0.4524;0.6682;-0.2765;0.2973
1;0.4498;0.6816;-0.4286;0.2963
0;0.4495;0.6956;-0.4424;0.2904
0;0.4487;0.6432;-0.4885;0.2759
2;0.4553;0.5964;-0.106;0.3174
0;0.4529;0.5639;-0.2488;0.3265
0;0.4508;0.4871;-0.5063;0.3121
0;0.4494;0.5642;-0.5915;0.286
0;0.4493;0.6074;-0.6012;0.261
1;0.4522;0.6819;-0.3665;0.2635
2;0.4558;0.6716;-0.2263;0.2929
0;0.4613;0.6607;-0.0225;0.3601
0;0.4659;0.6894;-0.1406;0.4482
0;0.4699;0.7221;-0.0497;0.5465
0;0.467;0.6846;-0.2017;0.5939
0;0.4624;0.6509;-0.3646;0.5853
0;0.4716;0.7176;-0.2407;0.651
0;0.4711;0.721;-0.2903;0.6911
0;0.4693;0.6522;-0.3571;0.6999
0;0.4678;0.6661;-0.4745;0.6874
0;0.4648;0.6534;-0.5886;0.6446
0;0.4688;0.7;-0.5615;0.6377
2;0.4646;0.646;-0.7654;0.5898
0;0.4689;0.6554;-0.5538;0.5829
0;0.4696;0.6355;-0.5231;0.5766
0;0.4779;0.6544;-0.2324;0.6362
0;0.4873;0.6829;-0.0065;0.7564
0;0.4892;0.6713;-0.123;0.8593
1;0.4965;0.7422;-0.0541;0.9931
0;0.4937;0.7651;-0.1389;1.0637
0;0.498;0.7438;-0.0595;1.1451
0;0.4928;0.6846;-0.2048;1.1527
0;0.504;0.7547;-0.0423;1.2413
0;0.5115;0.794;-0.0371;1.3618
0;0.5039;0.7477;-0.2126;1.3777
0;0.5071;0.7454;-0.1726;1.4032
0;0.5026;0.7424;-0.3602;1.3701
0;0.5071;0.7427;-0.2816;1.3671
0;0.5072;0.7411;-0.2744;1.3516
2;0.509;0.7176;-0.192;1.3406
0;0.5109;0.684;-0.1087;1.3331
0;0.5085;0.6492;-0.2336;1.2927
0;0.5057;0.5763;-0.5621;1.2234
0;0.508;0.6205;-0.3316;1.1755
0;0.4997;0.513;-0.9936;1.0547
0;0.4954;0.5212;-0.9905;0.9124
2;0.4924;0.3934;-0.8454;0.7649
0;0.4951;0.3343;-0.7285;0.6636
0;0.4846;0.3155;-0.8579;0.4872
0;0.4845;0.2698;-0.8603;0.3423
0;0.4881;0.3495;-0.7481;0.2551
0;0.493;0.3553;-0.596;0.2251
0;0.4968;0.4006;-0.4763;0.2317
0;0.4957;0.3708;-0.4856;0.2249
0;0.499;0.3889;-0.153;0.2456
1;0.495;0.3776;-0.3037;0.2255
0;0.497;0.4201;-0.2111;0.2241
0;0.501;0.4368;-0.1382;0.254
0;0.5034;0.5377;-0.0435;0.2958
0;0.5066;0.6141;-0.107;0.3521
0;0.507;0.6586;-0.1151;0.3968
0;0.5085;0.6495;-0.0529;0.4407
0;0.5084;0.8449;-0.1626;0.4692
0;0.5028;0.7285;-0.515;0.4392
0;0.4992;0.6387;-0.74;0.3804
0;0.5019;0.6181;-0.5846;0.3531
0;0.4981;0.5169;-0.9101;0.2952
2;0.4913;0.4495;-0.8636;0.1888
0;0.4949;0.4526;-0.7063;0.1336
0;0.4944;0.4921;-0.7273;0.0846
0;0.4982;0.5142;-0.5594;0.0776
0;0.501;0.5;-0.4406;0.0944
0;0.5004;0.4611;-0.4093;0.1018
1;0.5009;0.422;-0.287;0.1107
0;0.4979;0.3827;-0.4529;0.0914
0;0.5075;0.4889;-0.1232;0.1567
0;0.5038;0.4541;-0.2935;0.1745
0;0.5053;0.5267;-0.2288;0.1996
0;0.5068;0.5856;-0.4371;0.2302
0;0.5044;0.5281;-0.5768;0.2315
0;0.5101;0.6313;-0.3489;0.2789
0;0.5095;0.7289;-0.3846;0.3078
0;0.5023;0.5856;-0.7143;0.2663
0;0.4991;0.5511;-0.8608;0.2036
0;0.5108;0.6163;-0.3724;0.2512
0;0.5119;0.6046;-0.3138;0.2954
0;0.5213;0.671;-0.1607;0.4073
0;0.5121;0.5806;-0.503;0.413
0;0.5066;0.5601;-0.7083;0.3663
1;0.503;0.4663;-0.8423;0.2951
0;0.5082;0.5329;-0.6488;0.28
0;0.5057;0.5029;-0.744;0.2434
2;0.51;0.5223;-0.5833;0.2486
0;0.5084;0.5282;-0.6729;0.2365
0;0.5117;0.5117;-0.5421;0.253
1;0.5137;0.5303;-0.4642;0.2803
0;0.5155;0.6022;-0.2894;0.3137
0;0.5176;0.6456;-0.0638;0.3543
0;0.5178;0.5677;-0.0669;0.3846
0;0.5186;0.565;-0.0717;0.4112
0;0.5217;0.5044;-0.0963;0.4543
0;0.5191;0.5893;-0.2069;0.4608
0;0.5148;0.6089;-0.4904;0.4247
0;0.5159;0.6831;-0.4521;0.4007
0;0.5166;0.6368;-0.5255;0.3837
0;0.513;0.6168;-0.8837;0.3361
2;0.5114;0.5248;-0.9234;0.2814
0;0.5134;0.5852;-0.7597;0.2517
0;0.525;0.6774;-0.1834;0.3249
0;0.5249;0.6562;-0.1921;0.3777
0;0.5236;0.615;-0.262;0.4044
0;0.5258;0.6161;-0.1441;0.4396
1;0.5284;0.6399;-0.1648;0.4846
0;0.5316;0.6617;-0.0884;0.5422
0;0.5327;0.6441;-0.0569;0.5915
0;0.5352;0.7128;-0.0188;0.6452
0;0.5376;0.8166;-0.0172;0.7012
0;0.5364;0.784;-0.1418;0.7277
0;0.5403;0.8012;-0.093;0.7736
0;0.543;0.8891;0.0;0.8249
0;0.5386;0.8285;-0.2052;0.8189
0;0.5394;0.8236;-0.2596;0.8123
0;0.5423;0.7744;-0.108;0.8231
0;0.5408;0.742;-0.244;0.8099
0;0.5421;0.7819;-0.1543;0.8025
2;0.5379;0.6744;-0.4843;0.7527
0;0.5449;0.7105;-0.0718;0.7642
0;0.5485;0.7134;-0.0739;0.796
0;0.5467;0.674;-0.2407;0.7976
0;0.5458;0.6375;-0.3086;0.7828
0;0.5544;0.6871;-0.1107;0.8354
1;0.5538;0.6958;-0.1434;0.8625
0;0.5525;0.6473;-0.2049;0.8644
0;0.5557;0.6507;-0.0537;0.8835
0;0.5597;0.7539;-0.0379;0.9233
0;0.5576;0.7124;-0.1498;0.9271
0;0.5566;0.6739;-0.2203;0.9114
0;0.5637;0.7461;-0.0185;0.9502
0;0.5671;0.7566;-0.0751;0.9995
0;0.5673;0.8285;-0.25;1.029
0;0.5727;0.8224;-0.1321;1.0873
0;0.5737;0.8108;-0.1013;1.1298
0;0.5726;0.8256;-0.1424;1.1425
0;0.5687;0.7665;-0.2994;1.1068
0;0.5671;0.6779;-0.3599;1.0539
0;0.5766;0.7563;-0.0534;1.0818
0;0.5692;0.663;-0.4118;1.0287
0;0.5758;0.6849;-0.2019;1.0327
0;0.5696;0.5866;-0.5769;0.9716
0;0.5697;0.6103;-0.5673;0.9144
0;0.5597;0.5247;-0.5563;0.7749
2;0.5483;0.3867;-0.8665;0.5602
0;0.5691;0.5113;-0.2851;0.561
0;0.5683;0.5056;-0.3077;0.5489
0;0.5698;0.4823;-0.2647;0.5465
0;0.5684;0.4682;-0.3032;0.5272
0;0.5611;0.4351;-0.509;0.4441
1;0.5655;0.4824;-0.3317;0.4116
0;0.5646;0.4855;-0.3612;0.3734
0;0.5596;0.3985;-0.5135;0.2969
2;0.5455;0.3698;-0.9381;0.1144
0;0.5471;0.3324;-0.5983;-0.0169
0;0.5455;0.3516;-0.633;-0.1338
0;0.547;0.3618;-0.6017;-0.2122
0;0.5322;0.342;-0.92;-0.397
0;0.5464;0.489;-0.579;-0.4182
0;0.5437;0.3231;-0.6422;-0.4533
0;0.5395;0.3087;-0.74;-0.5113
0;0.551;0.3895;-0.366;-0.4543
0;0.5517;0.4005;-0.2467;-0.399
1;0.5423;0.3912;-0.4775;-0.4306
0;0.5427;0.3614;-0.5357;-0.4475
0;0.556;0.4546;-0.0233;-0.3435
0;0.555;0.4748;-0.1855;-0.2663
0;0.564;0.6081;-0.0111;-0.126
0;0.5654;0.607;-0.0027;-0.0024
0;0.5634;0.6046;-0.1631;0.0784
0;0.5724;0.6364;-0.0192;0.2172
0;0.5715;0.7477;-0.0448;0.3166
0;0.5695;0.6727;-0.1111;0.375
0;0.5682;0.686;-0.1468;0.4053
0;0.5685;0.7336;-0.1384;0.4276
0;0.5581;0.5581;-0.7638;0.3523
2;0.558;0.5526;-0.9242;0.2886
0;0.5507;0.5718;-0.9596;0.1732
0;0.5482;0.5451;-0.9844;0.0591
0;0.5474;0.4109;-0.976;-0.0377
0;0.5404;0.3645;-0.9176;-0.1735
0;0.5356;0.2141;-0.9854;-0.3194
0;0.5424;0.2916;-0.7303;-0.373
0;0.5378;0.2781;-0.8401;-0.4506
0;0.5375;0.1455;-0.8419;-0.509
0;0.5473;0.2913;-0.4987;-0.4668
0;0.5612;0.4402;-0.0339;-0.3106
1;0.5628;0.4618;-0.0274;-0.1705
0;0.5686;0.5011;-0.0128;-0.0086
0;0.576;0.623;-0.0399;0.1812
0;0.5765;0.6263;-0.0295;0.3329
0;0.5799;0.7113;-0.0211;0.4786
0;0.5686;0.6313;-0.2607;0.4923
0;0.5684;0.6352;-0.2659;0.4958
0;0.5762;0.729;-0.1081;0.5596
0;0.57;0.7163;-0.3453;0.5515
0;0.5805;0.7288;-0.0502;0.6282
0;0.5683;0.6682;-0.6308;0.5785
0;0.5762;0.6964;-0.2577;0.6001
0;0.5724;0.6356;-0.4385;0.5784
0;0.5673;0.5364;-0.6808;0.5116
0;0.5641;0.5076;-0.8182;0.4267
2;0.5669;0.4896;-0.6136;0.3794
0;0.5712;0.4697;-0.4373;0.374
0;0.5728;0.4772;-0.3695;0.3796
0;0.5747;0.467;-0.2881;0.3966
0;0.5728;0.5298;-0.2791;0.3891
1;0.5833;0.5933;-0.0187;0.4682
0;0.5929;0.6022;-0.0884;0.6069
0;0.5922;0.646;-0.1053;0.7043
0;0.5819;0.5091;-0.3726;0.6858
0;0.5859;0.6298;-0.2695;0.6978
0;0.5845;0.5678;-0.4143;0.6882
0;0.5837;0.5972;-0.4429;0.6664
2;0.5953;0.717;-0.1105;0.7408
0;0.5956;0.7549;-0.1432;0.7936
0;0.5933;0.7154;-0.2237;0.8075
0;0.5942;0.699;-0.2662;0.8175
0;0.5963;0.7015;-0.2069;0.8346
0;0.5913;0.6344;-0.4207;0.7964
0;0.5951;0.6761;-0.2586;0.7904
0;0.5948;0.6089;-0.325;0.7751
0;0.6016;0.5867;-0.0316;0.8122
0;0.5958;0.5327;-0.337;0.7841
0;0.5985;0.6742;-0.2462;0.7759
1;0.6106;0.7218;-0.0204;0.8641
0;0.6145;0.7577;-0.0117;0.9578
0;0.6151;0.7707;-0.0703;1.0263
0;0.6209;0.7452;-0.0416;1.1187
0;0.6232;0.7548;-0.04;1.1992
0;0.6092;0.6206;-0.4795;1.1309
0;0.6144;0.6441;-0.3171;1.1096
0;0.6108;0.6013;-0.4555;1.0505
0;0.6057;0.6003;-0.6253;0.949
0;0.612;0.6136;-0.5962;0.9125
2;0.6127;0.6194;-0.5615;0.8803
0;0.6088;0.55;-0.7462;0.8122
0;0.6153;0.6333;-0.4423;0.8049
0;0.6185;0.6366;-0.2885;0.8184
1;0.6154;0.5375;-0.3926;0.7939
0;0.6114;0.4759;-0.5507;0.7322
0;0.6152;0.5006;-0.3285;0.7077
0;0.6124;0.4342;-0.4928;0.6573
0;0.6113;0.4065;-0.5556;0.6016
2;0.6098;0.5064;-0.8061;0.5388
0;0.6103;0.4557;-0.6649;0.4878
0;0.6137;0.5312;-0.4503;0.4709
0;0.6139;0.6008;-0.4346;0.4547
0;0.6211;0.6086;-0.067;0.4977
0;0.6189;0.572;-0.1914;0.5081
1;0.6214;0.651;-0.0613;0.5318
0;0.6234;0.6088;-0.0861;0.5615
0;0.6192;0.5086;-0.2951;0.5435
0;0.6191;0.5524;-0.2992;0.5229
0;0.6205;0.6398;-0.2295;0.5129
0;0.6311;0.7021;-0.0186;0.5892
0;0.6347;0.7776;-0.0861;0.6737
0;0.6334;0.7728;-0.2026;0.722
0;0.6307;0.75;-0.3105;0.7295
0;0.6341;0.7665;-0.2239;0.7568
0;0.6425;0.7904;-0.2261;0.8419
0;0.6434;0.7932;-0.2022;0.9077
0;0.6447;0.7657;-0.1696;0.9603
0;0.6452;0.8065;-0.1769;0.9958
0;0.6347;0.6306;-0.5249;0.9241
0;0.6347;0.6158;-0.7143;0.8578
0;0.637;0.6899;-0.6615;0.8167
0;0.6379;0.6969;-0.6273;0.7833
0;0.6422;0.7141;-0.5172;0.7848
2;0.643;0.646;-0.4828;0.7846
0;0.6486;0.6622;-0.2483;0.8234
0;0.6496;0.6904;-0.2069;0.8536
0;0.6497;0.7377;-0.2034;0.869
0;0.6479;0.6809;-0.2759;0.8574
0;0.6512;0.6312;-0.1439;0.8669
0;0.6529;0.6392;-0.0791;0.8791
0;0.6459;0.5155;-0.4032;0.8203
0;0.6477;0.5311;-0.3842;0.7805
0;0.6342;0.4944;-0.8901;0.6262
0;0.642;0.5705;-0.5421;0.5641
0;0.6473;0.5937;-0.304;0.5543
2;0.6524;0.6226;-0.0769;0.5839
0;0.6514;0.5826;-0.1209;0.5926
0;0.6472;0.5355;-0.3077;0.5577
1;0.6511;0.5215;-0.1355;0.557
0;0.6434;0.4513;-0.4431;0.4852
0;0.6461;0.4731;-0.3127;0.4466
2;0.6464;0.4882;-0.2969;0.4142
0;0.6546;0.524;-0.1054;0.4537
0;0.6553;0.5178;-0.108;0.4863
0;0.6585;0.5962;-0.0114;0.5335
1;0.657;0.5714;-0.129;0.5524
0;0.6632;0.7516;-0.1583;0.6146
0;0.65;0.5639;-0.5805;0.545
0;0.6407;0.4511;-0.8786;0.4052
0;0.6403;0.4035;-0.8918;0.2873
0;0.6366;0.3866;-0.9922;0.1598
0;0.6366;0.4131;-0.9504;0.0577
2;0.6355;0.3667;-0.9826;-0.0325
0;0.6333;0.4047;-0.9592;-0.1221
0;0.6341;0.3825;-0.9365;-0.1844
0;0.635;0.3894;-0.9116;-0.2238
0;0.6345;0.2712;-0.8704;-0.2567
0;0.6358;0.2793;-0.8148;-0.2693
0;0.6353;0.2222;-0.6617;-0.28
1;0.631;0.2078;-0.8693;-0.3225
0;0.631;0.0778;-0.6755;-0.3526
0;0.6356;0.2563;-0.3269;-0.3333
0;0.6337;0.342;-0.4744;-0.3307
2;0.6337;0.3485;-0.4744;-0.3252
0;0.6324;0.3915;-0.6;-0.3285
1;0.6135;0.1983;-0.9425;-0.4882
0;0.6164;0.2613;-0.842;-0.5842
0;0.6126;0.252;-0.963;-0.6853
0;0.614;0.2608;-0.805;-0.7464
0;0.6073;0.2103;-0.9902;-0.8433
0;0.6101;0.2566;-0.9066;-0.8869
0;0.6076;0.2263;-0.9661;-0.9329
0;0.5999;0.1983;-0.9591;-1.0244
0;0.6114;0.3513;-0.6477;-0.9882
0;0.6165;0.3981;-0.3263;-0.9058
0;0.6221;0.4057;-0.0273;-0.7843
0;0.6205;0.4076;-0.1611;-0.6935
0;0.6192;0.4007;-0.205;-0.6252
1;0.6223;0.4324;-0.1267;-0.5388
0;0.6231;0.5857;-0.0997;-0.458
0;0.6206;0.5376;-0.1833;-0.4113
0;0.6138;0.5098;-0.4043;-0.4275
0;0.605;0.4325;-0.6927;-0.5107
0;0.6082;0.5072;-0.7786;-0.5436
0;0.6065;0.4714;-0.85;-0.5777
2;0.6079;0.5027;-0.7893;-0.5865
0;0.6095;0.5873;-0.7214;-0.5739
0;0.6113;0.4991;-0.6429;-0.5425
1;0.6064;0.3872;-0.8496;-0.5541
0;0.6221;0.5007;-0.2089;-0.4234
0;0.6268;0.5545;-0.0204;-0.2761
0;0.6254;0.5529;-0.1713;-0.169
0;0.6286;0.5535;-0.0556;-0.0562
0;0.6294;0.5535;-0.0623;0.0403
1;0.6287;0.5712;-0.089;0.1095
0;0.6276;0.6349;-0.1365;0.1538
0;0.6273;0.7616;-0.1492;0.1843
0;0.6285;0.75;-0.1016;0.2168
0;0.6249;0.7165;-0.3333;0.21
2;0.6207;0.6412;-0.6774;0.1667
0;0.6209;0.6297;-0.6526;0.1322
0;0.6196;0.5949;-0.7375;0.0923
0;0.6299;0.741;-0.0987;0.1475
0;0.6233;0.5148;-0.5192;0.1337
0;0.6216;0.429;-0.5374;0.1072
0;0.6345;0.5948;-0.1304;0.1947
0;0.6328;0.5453;-0.2007;0.2467
1;0.635;0.5579;-0.2639;0.3034
0;0.6287;0.5006;-0.4722;0.2919
0;0.6307;0.5288;-0.4056;0.2967
0;0.6382;0.5889;-0.1579;0.3609
0;0.6386;0.5834;-0.144;0.4112
0;0.6298;0.5368;-0.4377;0.3716
0;0.6252;0.5338;-0.59;0.2976
0;0.6107;0.4371;-0.9485;0.1132
0;0.6109;0.4456;-0.9322;-0.0319
0;0.6075;0.3459;-0.9771;-0.1748
2;0.6139;0.4351;-0.8005;-0.2311
0;0.6148;0.4524;-0.7752;-0.2652
0;0.6203;0.3894;-0.6239;-0.2427
0;0.6236;0.4306;-0.5084;-0.1941
0;0.6263;0.4348;-0.3295;-0.1312
1;0.6242;0.4639;-0.2622;-0.0979
0;0.6273;0.4731;-0.1329;-0.0444
0;0.631;0.4392;-0.073;0.0292
0;0.6333;0.4566;-0.1011;0.1067
0;0.6325;0.5249;-0.1635;0.1595
0;0.6358;0.6013;-0.037;0.2277
0;0.6375;0.8397;-0.0456;0.2939
0;0.6385;0.843;-0.0785;0.3514
0;0.6326;0.7938;-0.4186;0.3428
0;0.6329;0.7591;-0.4265;0.3344
0;0.6346;0.7644;-0.3235;0.3392
0;0.638;0.7506;-0.2;0.3683
0;0.64;0.7402;-0.3167;0.4036
0;0.6415;0.731;-0.2167;0.4398
0;0.644;0.7975;-0.0851;0.4856
0;0.6409;0.7032;-0.2872;0.4896
0;0.6375;0.5995;-0.5;0.4594
0;0.6525;0.7104;-0.0036;0.5578
0;0.6401;0.5669;-0.5703;0.5242
0;0.642;0.5552;-0.4961;0.5077
0;0.6404;0.5254;-0.5698;0.4759
0;0.6481;0.5768;-0.2687;0.5115
0;0.6494;0.6455;-0.201;0.5454
2;0.6518;0.6579;-0.1279;0.5861
0;0.6545;0.6635;-0.1146;0.6353
0;0.657;0.6583;-0.0564;0.6885
0;0.6581;0.6535;-0.0854;0.7322
0;0.6542;0.6035;-0.2527;0.7258
0;0.655;0.5919;-0.2368;0.72
0;0.6601;0.6559;-0.156;0.7509
0;0.6634;0.7099;-0.0493;0.7956
0;0.6618;0.5955;-0.1878;0.8082
0;0.6713;0.8428;-0.017;0.8908
0;0.672;0.8387;-0.0627;0.9521
0;0.6753;0.8791;-0.0361;1.0185
0;0.6736;0.8174;-0.1165;1.0452
0;0.6783;0.8317;0.0;1.0954
0;0.6867;0.8523;-0.0301;1.1947
0;0.6852;0.8176;-0.1379;1.2475
0;0.6866;0.8134;-0.0936;1.2879
0;0.6878;0.8137;-0.1108;1.3159
0;0.6885;0.8887;-0.0907;1.3297
0;0.6861;0.8397;-0.2407;1.306
0;0.6844;0.7872;-0.3225;1.2592
0;0.6837;0.756;-0.3531;1.2033
0;0.679;0.7023;-0.6367;1.1066
0;0.6771;0.5822;-0.8554;1.0023
2;0.6753;0.5461;-0.7841;0.8946
0;0.6767;0.5197;-0.719;0.8116
0;0.6804;0.594;-0.5398;0.769
0;0.6804;0.5338;-0.516;0.7279
0;0.6814;0.388;-0.4652;0.6957
0;0.6738;0.3097;-0.84;0.5989
0;0.6769;0.3465;-0.6756;0.5425
0;0.6831;0.4362;-0.3408;0.5451
0;0.6812;0.4042;-0.4439;0.525
0;0.686;0.499;-0.1883;0.5441
0;0.6919;0.5846;-0.0735;0.6039
1;0.6934;0.6063;-0.0943;0.6568
0;0.6943;0.6835;-0.0879;0.6992
0;0.693;0.6947;-0.1566;0.7146
0;0.69;0.674;-0.2847;0.6935
0;0.6862;0.6071;-0.463;0.6375
0;0.6903;0.6101;-0.3362;0.6208
0;0.7073;0.7168;-0.0171;0.7455
0;0.7091;0.721;-0.0239;0.8515
0;0.707;0.7895;-0.1681;0.9082
0;0.7182;0.8154;-0.0319;1.0379
1;0.7181;0.7949;-0.0763;1.1283
0;0.7199;0.8272;-0.0861;1.2032
0;0.7216;0.8176;-0.047;1.2637
0;0.7178;0.7391;-0.1444;1.2652
0;0.7157;0.704;-0.1967;1.2352
0;0.7126;0.6617;-0.3359;1.1728
0;0.7124;0.6737;-0.6073;1.1091
0;0.7195;0.7465;-0.2814;1.1076
2;0.7168;0.7593;-0.4242;1.0712
0;0.7161;0.7326;-0.6424;1.0255
0;0.7229;0.6722;-0.1515;1.0362
0;0.7234;0.6622;-0.1751;1.038
1;0.7256;0.711;-0.2242;1.0476
0;0.7426;0.7445;-0.2122;1.1877
0;0.7389;0.6944;-0.3046;1.2543
0;0.7381;0.6725;-0.3256;1.2863
0;0.7303;0.5737;-0.5333;1.2316
0;0.7277;0.5863;-0.6;1.1534
0;0.7251;0.582;-0.6991;1.0583
2;0.7244;0.6057;-0.793;0.9657
0;0.7132;0.5063;-0.9934;0.7878
0;0.7173;0.4821;-0.8818;0.6735
0;0.7067;0.4292;-0.9944;0.4866
0;0.7134;0.4826;-0.6272;0.3911
0;0.6885;0.3195;-0.9845;0.1004
0;0.7208;0.4898;-0.3598;0.1443
0;0.705;0.4266;-0.6406;0.0436
0;0.7235;0.4327;-0.2208;0.1203
0;0.7253;0.4516;-0.1807;0.1952
0;0.728;0.4646;-0.0302;0.2748
1;0.7267;0.487;-0.1004;0.324
0;0.7337;0.5216;-0.0018;0.4184
0;0.7178;0.4762;-0.3455;0.3538
0;0.7314;0.5212;-0.1869;0.4144
0;0.7359;0.5711;-0.1788;0.4955
0;0.7507;0.5983;-0.005;0.6801
0;0.7557;0.649;-0.0035;0.8611
0;0.7438;0.5896;-0.3028;0.8934
1;0.7541;0.7114;-0.0964;0.9962
0;0.7613;0.6557;-0.0049;1.1279
0;0.7663;0.7569;-0.0619;1.2626
0;0.7632;0.6911;-0.1139;1.3288
0;0.7604;0.6668;-0.1924;1.3425
0;0.7521;0.6088;-0.4758;1.2689
0;0.7498;0.6033;-0.5783;1.178
0;0.7538;0.5924;-0.4651;1.1277
2;0.748;0.6531;-0.6289;1.0273
0;0.7178;0.4409;-0.8177;0.6808
0;0.7276;0.4657;-0.6645;0.4837
0;0.727;0.3885;-0.6737;0.3183
0;0.7323;0.3901;-0.5894;0.2298
0;0.7435;0.4982;-0.4059;0.2521
0;0.7453;0.4551;-0.2693;0.2829
1;0.7497;0.4389;-0.1874;0.3413
0;0.7539;0.4338;-0.1809;0.4196
0;0.7388;0.3847;-0.4399;0.3486
0;0.7259;0.3513;-0.6614;0.1792
0;0.7376;0.4391;-0.4984;0.1429
0;0.7542;0.5164;-0.2234;0.2538
0;0.7576;0.5143;-0.2136;0.3672
0;0.7431;0.4827;-0.5034;0.3301
0;0.7495;0.6344;-0.3763;0.3511
1;0.7414;0.5593;-0.539;0.2952
0;0.7262;0.4968;-0.8441;0.119
0;0.73;0.4912;-0.6226;0.0119
2;0.7246;0.4235;-0.7121;-0.1192
0;0.7354;0.4624;-0.5358;-0.1295
0;0.7361;0.4473;-0.5234;-0.1298
0;0.7472;0.4751;-0.343;-0.0347
0;0.7542;0.5602;-0.1566;0.1
0;0.7459;0.5813;-0.2815;0.1348
1;0.7539;0.5686;-0.1337;0.2289
0;0.7593;0.5234;-0.0064;0.3457
0;0.7484;0.4605;-0.2115;0.3424
0;0.7567;0.5622;-0.0706;0.4063
0;0.7566;0.5344;-0.2215;0.451
0;0.7514;0.5501;-0.401;0.4376
0;0.7793;0.7354;-0.0269;0.6597
0;0.7767;0.709;-0.0995;0.8054
0;0.7747;0.7317;-0.2257;0.8944
0;0.7748;0.7022;-0.2323;0.9558
0;0.7894;0.7392;-0.0586;1.118
0;0.7875;0.6975;-0.0977;1.2181
0;0.7838;0.6499;-0.1758;1.2525
0;0.7759;0.6521;-0.3535;1.199
0;0.7811;0.642;-0.2399;1.1886
0;0.7851;0.6369;-0.2828;1.2014
2;0.7919;0.7404;-0.0101;1.2568
0;0.7988;0.7362;-0.0209;1.3451
0;0.7986;0.7362;-0.1856;1.399
0;0.7821;0.6532;-0.7407;1.2869
0;0.7873;0.5512;-0.5794;1.2287
0;0.7999;0.6326;-0.1825;1.2772
0;0.794;0.6057;-0.3677;1.2517
0;0.7975;0.6198;-0.2593;1.2478
0;0.7864;0.4834;-0.7256;1.1368
0;0.7791;0.4564;-0.8472;0.9757
0;0.7829;0.4952;-0.7265;0.8707
2;0.779;0.5168;-0.7494;0.7458
0;0.7821;0.5056;-0.6166;0.666
0;0.7755;0.4489;-0.8257;0.5401
0;0.7775;0.4183;-0.7641;0.4517
0;0.7915;0.462;-0.3117;0.4963
0;0.7949;0.4813;-0.2024;0.555
0;0.8124;0.6517;-0.004;0.744
0;0.8123;0.6316;-0.0711;0.8836
1;0.814;0.5835;-0.1298;0.9987
0;0.811;0.6046;-0.2049;1.0534
0;0.8166;0.6149;-0.104;1.1331
0;0.8203;0.7244;-0.0355;1.2155
0;0.8243;0.8121;-0.1909;1.3015
0;0.8338;0.8257;-0.0661;1.4356
0;0.8376;0.8753;-0.0092;1.5585
0;0.8335;0.8252;-0.2204;1.6041
0;0.8302;0.8608;-0.3245;1.5949
0;0.8347;0.8653;-0.1961;1.6089
0;0.8292;0.7698;-0.3535;1.556
0;0.8271;0.7345;-0.414;1.4798
2;0.8405;0.7177;-0.0377;1.5181
0;0.8437;0.733;-0.1079;1.5596
0;0.8386;0.6739;-0.3571;1.5324
0;0.8518;0.7516;0.0;1.6066
0;0.8552;0.7446;-0.0703;1.6769
1;0.847;0.6595;-0.3229;1.6445
0;0.8574;0.684;-0.0473;1.6903
0;0.8533;0.6157;-0.1667;1.6738
0;0.8407;0.5164;-0.5965;1.5355
0;0.8453;0.5629;-0.6011;1.4499
0;0.8491;0.6;-0.5789;1.3989
0;0.8556;0.6085;-0.3257;1.3994
2;0.8475;0.5923;-0.6701;1.3157
0;0.848;0.6073;-0.6495;1.2401
1;0.8499;0.5549;-0.5704;1.184
0;0.8554;0.5661;-0.3505;1.1735
0;0.8535;0.5876;-0.4261;1.1368
0;0.8552;0.5231;-0.3574;1.1104
0;0.8638;0.5546;-0.0972;1.1506
0;0.8612;0.5979;-0.1912;1.1485
0;0.8653;0.5594;-0.1672;1.1692
0;0.8586;0.5381;-0.4425;1.1162
0;0.8399;0.4949;-0.9108;0.9037
0;0.844;0.4909;-0.717;0.7614
0;0.8436;0.4613;-0.729;0.6376
0;0.8394;0.3822;-0.8465;0.4979
2;0.8394;0.4336;-0.781;0.3826
0;0.8424;0.4564;-0.7013;0.3136
0;0.8369;0.4028;-0.8451;0.2091
0;0.8388;0.3691;-0.7965;0.1404
0;0.8506;0.4803;-0.4487;0.1851
0;0.8462;0.4407;-0.4608;0.1809
0;0.8583;0.4652;-0.0776;0.2781
0;0.851;0.439;-0.3454;0.2897
1;0.8504;0.4078;-0.3621;0.2914
0;0.846;0.4197;-0.507;0.2521
0;0.8476;0.5625;-0.5395;0.2315
0;0.8467;0.5235;-0.5743;0.2055
2;0.8387;0.463;-0.8845;0.1151
0;0.8442;0.5362;-0.6812;0.0895
0;0.8504;0.5756;-0.4362;0.1211
0;0.8547;0.5824;-0.2685;0.1808
0;0.8561;0.6368;-0.2114;0.2382
0;0.8574;0.6337;-0.0843;0.2918
1;0.8533;0.5213;-0.2637;0.2954
0;0.8536;0.5639;-0.2491;0.2981
0;0.8546;0.4611;-0.2048;0.3058
0;0.8503;0.493;-0.3893;0.2722
0;0.8501;0.4958;-0.4078;0.2407
0;0.8522;0.575;-0.516;0.2315
0;0.856;0.5969;-0.2655;0.2538
0;0.8556;0.6027;-0.2979;0.265
0;0.858;0.7571;-0.1591;0.2921
0;0.8305;0.3846;-0.8744;0.0763
0;0.8294;0.3072;-0.9045;-0.1033
0;0.8279;0.2411;-0.9497;-0.2567
0;0.8289;0.235;-0.8993;-0.3662
0;0.8333;0.2784;-0.774;-0.4114
2;0.8397;0.3806;-0.5897;-0.3882
0;0.8365;0.3563;-0.683;-0.3934
0;0.8371;0.3517;-0.6658;-0.3882
1;0.8364;0.3744;-0.6855;-0.3859
0;0.8284;0.3288;-0.8395;-0.4475
0;0.8205;0.2705;-0.9892;-0.5582
2;0.8184;0.2211;-0.8772;-0.6577
0;0.8306;0.342;-0.462;-0.6258
0;0.8337;0.3476;-0.3538;-0.5672
0;0.8315;0.5094;-0.4298;-0.5339
0;0.8363;0.5588;-0.2661;-0.4613
0;0.8402;0.6017;-0.0481;-0.3657
1;0.8425;0.6094;-0.1223;-0.2677
0;0.8514;0.6361;-0.0023;-0.112
0;0.8349;0.4686;-0.4509;-0.1277
0;0.8447;0.5496;-0.1846;-0.0559
0;0.8469;0.5583;-0.1824;0.0202
0;0.8365;0.5009;-0.7121;-0.008
0;0.8442;0.5839;-0.3658;0.0345
2;0.8363;0.5839;-0.7237;8.0E-4
0;0.8306;0.5624;-0.9961;-0.0745
0;0.8272;0.4812;-0.9182;-0.1614
0;0.8317;0.4891;-0.7516;-0.1896
0;0.8337;0.5124;-0.6792;-0.1931
0;0.8161;0.4015;-0.7858;-0.3436
0;0.8217;0.4113;-0.6629;-0.4105
0;0.8153;0.3749;-0.772;-0.5133
0;0.8102;0.3034;-0.9004;-0.6326
0;0.8156;0.3967;-0.7641;-0.674
0;0.8208;0.366;-0.5584;-0.6551
0;0.8341;0.4359;-0.1558;-0.5206
0;0.8347;0.4896;-0.1377;-0.404
0;0.8325;0.4315;-0.2088;-0.3261
1;0.8352;0.493;-0.1289;-0.2386
0;0.8311;0.5038;-0.2513;-0.2014
0;0.8211;0.4641;-0.5544;-0.255
0;0.818;0.4177;-0.6477;-0.3207
0;0.8013;0.3345;-0.8849;-0.5116
0;0.7874;0.3479;-0.9426;-0.7743
2;0.7869;0.3045;-0.9519;-0.9773
0;0.7871;0.3302;-0.9473;-1.1248
0;0.7784;0.3165;-0.9701;-1.3032
0;0.7795;0.281;-0.9504;-1.4204
0;0.7831;0.2665;-0.8887;-1.4672
0;0.7676;0.0992;-0.9837;-1.62
0;0.7696;0.1138;-0.9464;-1.7066
0;0.7817;0.2307;-0.6704;-1.6534
0;0.7823;0.2136;-0.4875;-1.5888
0;0.7835;0.2337;-0.387;-1.511
0;0.784;0.2672;-0.3452;-1.43
1;0.7798;0.2638;-0.4061;-1.3859
0;0.7786;0.3263;-0.4636;-1.3473
0;0.7718;0.3662;-0.7663;-1.3601
0;0.7712;0.3656;-0.7933;-1.3609
0;0.7485;0.2608;-0.9571;-1.5397
2;0.7451;0.2794;-0.9424;-1.6929
0;0.7517;0.328;-0.8013;-1.7399
0;0.7653;0.4022;-0.5078;-1.6427
0;0.7629;0.4698;-0.5598;-1.5692
0;0.7575;0.4256;-0.6458;-1.5408
0;0.7475;0.2834;-0.8686;-1.5871
1;0.7554;0.3443;-0.6336;-1.5393
0;0.7594;0.3646;-0.5276;-1.4516
0;0.7745;0.4544;-0.05;-1.2389
0;0.7812;0.5064;-0.0537;-1.0011
0;0.779;0.5019;-0.1074;-0.8221
0;0.7734;0.5077;-0.2397;-0.7193
0;0.7652;0.4738;-0.436;-0.7003
0;0.7565;0.5402;-0.6446;-0.7519
0;0.7626;0.5854;-0.5779;-0.7325
2;0.7607;0.5458;-0.6455;-0.7263
0;0.7691;0.5204;-0.4278;-0.642
0;0.7625;0.4978;-0.7523;-0.6251
0;0.7612;0.52;-0.7633;-0.6162
1;0.7642;0.5974;-0.6451;-0.577
0;0.7603;0.53;-0.7561;-0.5729
0;0.7646;0.532;-0.476;-0.527
0;0.7708;0.4753;-0.2615;-0.4325
0;0.774;0.448;-0.1231;-0.3271
0;0.7752;0.4724;-0.0692;-0.2303
0;0.779;0.5418;-0.1777;-0.1187
1;0.7728;0.5584;-0.384;-0.0822
0;0.7935;0.7402;-0.1113;0.1232
0;0.7967;0.7296;-0.0794;0.3102
0;0.7911;0.6963;-0.2063;0.4072
0;0.7932;0.6691;-0.1688;0.497
0;0.7961;0.749;-0.1178;0.5866
0;0.8007;0.7793;-0.1296;0.6905
0;0.7905;0.6689;-0.4028;0.6786
0;0.7677;0.5383;-0.8639;0.4686
0;0.7601;0.4776;-0.9228;0.2337
0;0.76;0.4422;-0.9263;0.0447
0;0.7683;0.4713;-0.7579;-0.0343
2;0.7699;0.4736;-0.7246;-0.0823
0;0.7711;0.4591;-0.7;-0.109
0;0.7714;0.4919;-0.6947;-0.1266
0;0.772;0.3479;-0.6825;-0.1341
1;0.7733;0.3317;-0.5782;-0.1268
0;0.7733;0.3604;-0.281;-0.1197
0;0.7742;0.3481;-0.2633;-0.1055
0;0.7683;0.2885;-0.5483;-0.143
0;0.7556;0.1934;-0.6776;-0.2795
0;0.7523;0.2135;-0.7664;-0.4119
0;0.7613;0.4397;-0.521;-0.4349
0;0.7588;0.4856;-0.5911;-0.4704
2;0.7607;0.5069;-0.5397;-0.4773
0;0.758;0.3836;-0.6122;-0.5003
0;0.755;0.3359;-0.6939;-0.5388
1;0.7541;0.3117;-0.7173;-0.5707
0;0.7611;0.401;-0.4912;-0.5305
0;0.7641;0.4277;-0.1684;-0.4675
0;0.7644;0.4156;-0.2356;-0.4107
0;0.7618;0.3963;-0.4076;-0.3836
0;0.7676;0.4452;-0.0435;-0.3091
1;0.7729;0.538;-0.1053;-0.2017
0;0.7695;0.6367;-0.2556;-0.1443
0;0.7739;0.7076;-0.0639;-0.0601
0;0.7717;0.6147;-0.1586;-0.0116
0;0.7786;0.7006;-0.1095;0.085
0;0.7747;0.6372;-0.3243;0.1278
0;0.7748;0.6729;-0.3268;0.1608
0;0.7888;0.7837;-0.0355;0.3041
0;0.7919;0.8053;-0.0164;0.4395
0;0.7943;0.7898;-0.0618;0.5622
0;0.7934;0.7659;-0.2347;0.6456
0;0.7901;0.7213;-0.3382;0.6763
0;0.7967;0.7806;-0.1514;0.7487
0;0.7978;0.7629;-0.1232;0.8074
0;0.8016;0.7564;-0.078;0.8776
0;0.8098;0.8323;-0.0047;0.993
0;0.8076;0.7887;-0.1594;1.0549
0;0.8104;0.8277;-0.099;1.1161
0;0.8153;0.8216;-0.0593;1.1939
0;0.8153;0.8807;-0.0621;1.2424
0;0.8079;0.773;-0.3295;1.2047
0;0.8108;0.7223;-0.2312;1.1874
0;0.8115;0.7079;-0.2885;1.1663
0;0.7982;0.5338;-0.625;1.025
2;0.8003;0.5582;-0.5583;0.9206
0;0.7911;0.5074;-0.8528;0.7503
0;0.786;0.4164;-0.9786;0.5653
0;0.792;0.4573;-0.7962;0.4638
0;0.7917;0.4234;-0.8043;0.3767
0;0.7964;0.3906;-0.6595;0.344
0;0.8014;0.4511;-0.4524;0.3566
0;0.8039;0.4488;-0.3661;0.3842
1;0.8035;0.4009;-0.3258;0.399
0;0.8048;0.4138;-0.2774;0.4174
0;0.8135;0.5451;-0.0692;0.5006
0;0.8186;0.5605;0.0;0.6044
0;0.815;0.5267;-0.1345;0.6495
0;0.8079;0.5794;-0.3757;0.6176
0;0.7719;0.3499;-0.9697;0.2801
0;0.7695;0.3772;-0.9049;-0.0086
0;0.7653;0.3806;-0.9064;-0.2722
2;0.7593;0.3127;-0.9731;-0.5271
0;0.7598;0.317;-0.9499;-0.7187
0;0.7544;0.2611;-0.9881;-0.9078
0;0.7552;0.2243;-0.9448;-1.0404
0;0.7552;0.2002;-0.9448;-1.1339
0;0.7557;0.2062;-0.9336;-1.1911
0;0.7609;0.2426;-0.7191;-1.1792
0;0.7653;0.2036;-0.4096;-1.1197
1;0.7557;0.133;-0.7644;-1.1429
0;0.7406;0.1173;-0.9513;-1.2767
0;0.7372;0.122;-0.8309;-1.3975
0;0.7385;0.2151;-0.7966;-1.4674
0;0.7364;0.2161;-0.8554;-1.5247
2;0.7362;0.2324;-0.8603;-1.5551
0;0.7312;0.2365;-0.9027;-1.6046
0;0.7318;0.239;-0.8319;-1.6215
0;0.7398;0.3705;-0.6411;-1.5496
0;0.7454;0.42;-0.4925;-1.4293
0;0.7483;0.4461;-0.2683;-1.2949
0;0.7573;0.5114;-0.0053;-1.0986
1;0.7503;0.4284;-0.2207;-0.992
0;0.7475;0.377;-0.3059;-0.9212
0;0.7527;0.4783;-0.1463;-0.8113
0;0.7592;0.6563;-0.1111;-0.661
0;0.764;0.7201;-0.0569;-0.4946
0;0.7642;0.7152;-0.0971;-0.3568
0;0.7655;0.7464;-0.0745;-0.234
0;0.7634;0.7238;-0.2908;-0.1519
0;0.7733;0.8197;-0.0866;-0.0022
0;0.7767;0.8271;-0.1567;0.1449
0;0.7849;0.8275;-0.145;0.3284
0;0.7867;0.8176;-0.1049;0.4852
0;0.784;0.7752;-0.2038;0.5805
0;0.7827;0.7229;-0.237;0.639
0;0.7802;0.7848;-0.3308;0.6567
0;0.7892;0.8551;-0.0667;0.7404
0;0.7946;0.8554;-0.0688;0.8439
0;0.7875;0.7375;-0.304;0.8562
0;0.7904;0.7287;-0.3057;0.8813
0;0.7916;0.7335;-0.2851;0.9022
0;0.7838;0.6406;-0.6638;0.8428
0;0.779;0.6142;-0.8577;0.7461
2;0.7788;0.5474;-0.6893;0.6605
0;0.7688;0.4392;-0.9675;0.5011
0;0.7743;0.4155;-0.6535;0.4171
0;0.7911;0.5284;-0.1807;0.4889
0;0.7956;0.5733;-0.0545;0.5782
0;0.7887;0.5353;-0.2362;0.5844
0;0.798;0.5975;-0.033;0.662
1;0.7983;0.5547;-0.0259;0.7183
0;0.7971;0.5162;-0.0971;0.7454
0;0.8023;0.597;-0.0497;0.8028
0;0.8052;0.597;-0.0484;0.8641
0;0.8035;0.577;-0.1111;0.8883
0;0.8033;0.6405;-0.2125;0.8964
0;0.7997;0.6521;-0.3554;0.8628
0;0.8055;0.681;-0.1254;0.8763
0;0.8099;0.8015;-0.0131;0.9149
0;0.8159;0.8031;-0.1131;0.9871
0;0.8206;0.7609;-0.0796;1.0729
0;0.8191;0.7197;-0.1523;1.1165
0;0.8227;0.8377;-0.0714;1.1695
0;0.8283;0.8249;-0.0591;1.2465
0;0.8332;0.8408;-0.0169;1.3357
0;0.831;0.8238;-0.1026;1.3732
0;0.8365;0.8247;0.0;1.4344
0;0.8423;0.8339;-0.082;1.5165
0;0.8304;0.7055;-0.3814;1.4645
0;0.8331;0.7191;-0.3464;1.4311
0;0.8345;0.7643;-0.3788;1.4016
0;0.8307;0.6968;-0.5559;1.3306
0;0.8328;0.6856;-0.541;1.2785
2;0.8354;0.6672;-0.5066;1.2462
0;0.8348;0.6311;-0.5422;1.2023
0;0.8251;0.5485;-0.8169;1.0731
0;0.8213;0.4888;-0.8818;0.9271
0;0.8243;0.4664;-0.7269;0.8275
0;0.8238;0.4155;-0.7192;0.7366
2;0.8244;0.4381;-0.6856;0.6616
0;0.8264;0.4;-0.5852;0.6127
0;0.8361;0.4435;-0.1004;0.6503
1;0.8439;0.6341;-0.1783;0.7394
0;0.8446;0.6189;-0.156;0.8077
0;0.8471;0.6271;-0.0774;0.874
0;0.8486;0.6905;-0.0848;0.9297
0;0.8467;0.648;-0.1438;0.9471
0;0.8413;0.5589;-0.3136;0.905
0;0.8478;0.617;-0.1118;0.9179
0;0.8567;0.7875;-0.0023;0.9933
0;0.8591;0.8543;-0.0172;1.0633
0;0.8735;0.8798;-0.0539;1.2288
0;0.8751;0.8886;-0.0147;1.3597
1;0.8739;0.8724;-0.0466;1.4386
0;0.8794;0.8787;-0.0196;1.532
0;0.8788;0.8503;-0.0348;1.5841
0;0.882;0.838;-0.0062;1.6354
0;0.8722;0.7114;-0.2586;1.5759
0;0.8707;0.6836;-0.3448;1.4995
0;0.874;0.6921;-0.3039;1.4511
0;0.8719;0.6903;-0.7006;1.3796
0;0.8784;0.7756;-0.2867;1.3643
2;0.8693;0.6536;-0.9241;1.2603
0;0.8716;0.6179;-0.7595;1.1846
0;0.8752;0.6241;-0.5063;1.1424
0;0.8822;0.5759;-0.0542;1.1564
0;0.8765;0.5116;-0.4398;1.1071
0;0.8872;0.5938;-0.0696;1.1473
1;0.8783;0.4923;-0.5252;1.091
0;0.8905;0.568;-0.0669;1.1387
0;0.8975;0.5864;-0.0149;1.2236
0;0.8982;0.6608;0.0;1.2835
0;0.8943;0.6418;-0.1325;1.284
0;0.8981;0.6441;-0.0702;1.303
0;0.9025;0.6784;-0.1263;1.3418
0;0.9167;0.7045;-0.0227;1.4783
0;0.9039;0.6782;-0.3319;1.4619
0;0.9118;0.6957;-0.1422;1.5004
0;0.9074;0.6556;-0.2782;1.4772
0;0.9018;0.5962;-0.4602;1.396
0;0.8842;0.5337;-0.8894;1.1677
2;0.8789;0.4617;-0.8233;0.9304
0;0.8828;0.5218;-0.7406;0.7666
0;0.8939;0.5168;-0.5038;0.7241
0;0.8932;0.4779;-0.5188;0.6769
0;0.8928;0.4719;-0.504;0.6288
0;0.9042;0.5479;-0.1966;0.6812
1;0.9038;0.5287;-0.2051;0.7121
0;0.8971;0.4736;-0.2754;0.6719
0;0.9031;0.4282;-0.1111;0.6842
0;0.9107;0.5382;-0.0847;0.7512
0;0.9032;0.4516;-0.3075;0.7321
0;0.9052;0.4872;-0.3231;0.7259
0;0.8933;0.4541;-0.8129;0.6126
0;0.8822;0.4882;-0.9407;0.4222
0;0.8867;0.5456;-0.797;0.3061
2;0.8883;0.533;-0.7513;0.2249
0;0.8955;0.5101;-0.5431;0.2201
0;0.9022;0.5525;-0.3528;0.2703
0;0.8948;0.5111;-0.5635;0.2447
0;0.8985;0.4664;-0.3706;0.2534
0;0.8985;0.4684;-0.3141;0.2576
0;0.9038;0.5408;-0.1491;0.3033
0;0.9003;0.4823;-0.2733;0.306
0;0.894;0.3937;-0.4938;0.2515
0;0.8875;0.3986;-0.8062;0.1504
0;0.8959;0.4448;-0.4775;0.1404
0;0.8765;0.4083;-0.8226;-0.0334
0;0.8657;0.4099;-0.9444;-0.2615
0;0.8612;0.3607;-0.9981;-0.4763
0;0.8736;0.4284;-0.734;-0.5353
0;0.8773;0.4075;-0.656;-0.545
0;0.8599;0.3066;-0.9453;-0.6945
0;0.8622;0.3436;-0.7461;-0.7852
0;0.8765;0.404;-0.4789;-0.7273
0;0.8876;0.4568;-0.2702;-0.5793
0;0.876;0.3949;-0.3884;-0.5549
0;0.8761;0.4062;-0.3865;-0.5291
1;0.8818;0.4525;-0.259;-0.4547
0;0.8777;0.4613;-0.3506;-0.4261
0;0.8806;0.4364;-0.2869;-0.3748
2;0.8896;0.5597;-0.0857;-0.2539
0;0.8812;0.5723;-0.2729;-0.2272
0;0.8632;0.5081;-0.9522;-0.3566
0;0.8671;0.4711;-0.8287;-0.4215
0;0.8677;0.456;-0.6864;-0.4636
0;0.8697;0.5522;-0.6296;-0.4745
2;0.8815;0.5931;-0.3037;-0.378
0;0.8887;0.5634;-0.1037;-0.2368
1;0.8829;0.474;-0.2714;-0.1721
0;0.8902;0.5817;-0.1122;-0.0573
0;0.8912;0.586;-0.1272;0.042
0;0.8949;0.5765;-0.0463;0.1517
0;0.8906;0.5747;-0.2033;0.1993
0;0.8908;0.561;-0.1992;0.2363
0;0.8917;0.5142;-0.2297;0.2712
0;0.8916;0.5779;-0.3071;0.2951
0;0.8989;0.8175;-0.0837;0.3721
0;0.9059;0.8271;-0.0799;0.4886
0;0.8985;0.7332;-0.4061;0.5124
0;0.8997;0.7295;-0.3563;0.5355
0;0.8927;0.5929;-0.6552;0.489
0;0.8934;0.5438;-0.6245;0.4533
0;0.8942;0.6157;-0.59;0.4271
2;0.8702;0.3478;-0.8905;0.1983
0;0.8629;0.3036;-0.9844;-0.0461
0;0.862;0.2619;-0.9347;-0.2457
0;0.8694;0.3535;-0.784;-0.3376
0;0.8743;0.3926;-0.6814;-0.3654
0;0.8728;0.3776;-0.6743;-0.3956
0;0.8773;0.412;-0.5369;-0.3774
0;0.8747;0.343;-0.6018;-0.3809
1;0.8829;0.3527;-0.3431;-0.3101
0;0.8847;0.4047;-0.0136;-0.2358
0;0.8857;0.4032;-0.0414;-0.1665
0;0.8801;0.4113;-0.2389;-0.157
0;0.8769;0.3876;-0.3854;-0.1752
0;0.8743;0.3677;-0.5556;-0.2095
0;0.8706;0.5032;-0.7679;-0.2662
0;0.8654;0.5236;-0.9836;-0.3519
2;0.8602;0.4836;-0.8979;-0.4604
0;0.8571;0.3834;-0.8763;-0.5667
0;0.8507;0.2836;-0.9529;-0.6989
0;0.8475;0.2746;-0.9955;-0.8229
0;0.8515;0.2688;-0.8929;-0.8778
0;0.8517;0.2843;-0.8769;-0.9102
0;0.8482;0.1431;-0.9749;-0.9556
0;0.8513;0.1661;-0.8673;-0.9548
0;0.8484;0.1409;-0.9239;-0.9689
1;0.85;0.1859;-0.8174;-0.9562
0;0.8458;0.1821;-0.6483;-0.9716
0;0.8569;0.3478;-0.1078;-0.8795
0;0.8528;0.346;-0.4112;-0.832
0;0.8483;0.3501;-0.5948;-0.8239
0;0.8498;0.4023;-0.5361;-0.7966
0;0.8555;0.4856;-0.3011;-0.7178
1;0.86;0.5861;-0.2497;-0.6099
0;0.8654;0.6593;-0.1403;-0.4727
0;0.8671;0.6447;-0.0962;-0.345
0;0.8711;0.668;-0.1145;-0.2073
0;0.8762;0.7358;0.0;-0.053
0;0.8737;0.6902;-0.1796;0.0477
0;0.8752;0.7339;-0.134;0.1395
0;0.8784;0.7413;-0.1136;0.2378
0;0.8803;0.8048;-0.1095;0.3288
0;0.8873;0.7897;-0.0742;0.4564
0;0.8803;0.7476;-0.2861;0.4927
0;0.8712;0.6896;-0.7518;0.4381
0;0.8746;0.6994;-0.6527;0.4195
0;0.8791;0.6932;-0.4618;0.4386
0;0.8776;0.6522;-0.6313;0.4367
2;0.8828;0.6505;-0.3687;0.4741
0;0.8731;0.546;-0.8617;0.4169
1;0.865;0.4562;-0.7165;0.298
0;0.8642;0.4085;-0.7371;0.195
0;0.8566;0.3788;-0.7233;0.0469
0;0.8511;0.3382;-0.8562;-0.1167
2;0.8514;0.3107;-0.8497;-0.2422
0;0.8483;0.2797;-0.9237;-0.3643
0;0.8446;0.1917;-1.0;-0.4888
0;0.8385;0.1945;-0.9749;-0.6328
0;0.849;0.3415;-0.732;-0.6502
0;0.8517;0.3346;-0.5493;-0.6341
0;0.8516;0.2875;-0.5138;-0.6163
0;0.8433;0.2601;-0.7591;-0.6659
0;0.8561;0.3314;-0.0095;-0.5895
1;0.8583;0.3967;-0.021;-0.504
0;0.8559;0.4313;-0.1953;-0.4519
0;0.8504;0.4023;-0.4336;-0.4527
0;0.8552;0.4894;-0.2266;-0.408
0;0.847;0.4707;-0.6057;-0.4379
0;0.8512;0.4988;-0.4146;-0.421
2;0.8521;0.5261;-0.374;-0.3955
0;0.8574;0.5869;-0.1411;-0.3262
0;0.8635;0.6687;-0.0175;-0.2163
0;0.8633;0.6121;-0.1308;-0.129
1;0.8677;0.6223;-0.052;-0.0214
0;0.8742;0.6579;-0.061;0.1186
0;0.8748;0.7461;-0.0532;0.2329
0;0.8757;0.6885;-0.089;0.3281
0;0.8802;0.7008;-0.0734;0.437
0;0.8739;0.6543;-0.2585;0.4648
0;0.8722;0.6997;-0.3362;0.4672
0;0.8729;0.6756;-0.3806;0.4703
0;0.878;0.8273;-0.2154;0.5112
0;0.882;0.8267;-0.0385;0.5724
0;0.8771;0.7439;-0.479;0.5725
0;0.8713;0.6348;-0.7479;0.5177
0;0.8779;0.6379;-0.4412;0.5247
0;0.8809;0.6596;-0.3025;0.5499
0;0.8769;0.5842;-0.4874;0.5303
2;0.8784;0.5418;-0.4202;0.5214
0;0.8835;0.58;-0.187;0.5524
1;0.8893;0.6153;-0.122;0.6206
0;0.8829;0.5221;-0.3728;0.6128
0;0.8799;0.552;-0.4888;0.5747
0;0.8827;0.5895;-0.3798;0.5625
0;0.8749;0.5152;-0.8259;0.4807
0;0.8737;0.4653;-0.8698;0.4011
2;0.8676;0.3872;-0.8868;0.2827
0;0.8651;0.4023;-0.9293;0.1648
0;0.8775;0.5452;-0.5079;0.1756
0;0.8677;0.4286;-0.8401;0.0992
0;0.8651;0.3889;-0.8876;0.0156
0;0.8635;0.4026;-0.9266;-0.0635
0;0.853;0.3371;-0.9831;-0.2144
0;0.8561;0.3192;-0.8769;-0.3048
0;0.8653;0.3477;-0.5155;-0.2951
0;0.8556;0.3341;-0.8832;-0.3667
0;0.8696;0.4451;-0.3505;-0.2999
0;0.8625;0.3965;-0.622;-0.3049
1;0.8749;0.5;0.0;-0.2002
0;0.873;0.4965;-0.2234;-0.1317
0;0.8751;0.538;-0.1409;-0.0579
0;0.8779;0.5644;-0.0378;0.0239
0;0.8785;0.5057;-0.1145;0.0935
0;0.8794;0.5744;-0.0897;0.155
0;0.8796;0.5952;-0.0831;0.2034
0;0.874;0.565;-0.321;0.1917
0;0.8751;0.656;-0.3149;0.1904
0;0.8689;0.5863;-0.7371;0.1342
0;0.8737;0.5605;-0.5114;0.1294
0;0.8649;0.5679;-0.8202;0.0495
2;0.8654;0.4614;-0.7982;-0.01
0;0.8684;0.5585;-0.6491;-0.0307
0;0.8596;0.3397;-0.9062;-0.1213
0;0.8632;0.4004;-0.747;-0.1614
0;0.8654;0.4004;-0.6506;-0.1728
0;0.8708;0.4318;-0.4096;-0.1337
0;0.8605;0.354;-0.8635;-0.1885
0;0.8619;0.3587;-0.8032;-0.2181
1;0.8601;0.3466;-0.8352;-0.2545
0;0.8641;0.4202;-0.5568;-0.2467
0;0.856;0.361;-0.9791;-0.3063
2;0.8528;0.3774;-0.937;-0.3778
0;0.8538;0.3392;-0.8908;-0.4216
0;0.8444;0.3362;-0.9184;-0.5309
0;0.8503;0.3893;-0.7289;-0.5614
0;0.8537;0.3918;-0.6012;-0.5509
0;0.8432;0.3826;-0.9515;-0.6253
0;0.8439;0.3559;-0.8516;-0.672
0;0.8483;0.377;-0.6364;-0.6638
0;0.8606;0.4333;-0.2727;-0.5458
0;0.8695;0.56;-0.008;-0.3715
0;0.8599;0.488;-0.2922;-0.3119
1;0.8643;0.5244;-0.1635;-0.2247
0;0.8602;0.4772;-0.2842;-0.1882
0;0.8654;0.5564;-0.1314;-0.1136
0;0.8683;0.5941;-0.0507;-0.029
2;0.8704;0.5998;-0.1264;0.0564
0;0.8662;0.6386;-0.25;0.0869
0;0.868;0.6188;-0.3064;0.1254
0;0.8743;0.6335;-0.22;0.2083
0;0.8748;0.7339;-0.2;0.2752
0;0.8759;0.7356;-0.152;0.3342
0;0.8693;0.6494;-0.444;0.321
0;0.8693;0.5746;-0.444;0.3072
0;0.8699;0.5037;-0.5499;0.2985
0;0.8623;0.5252;-0.8533;0.2241
0;0.8683;0.5414;-0.5506;0.2143
2;0.8687;0.5937;-0.5322;0.2074
0;0.8738;0.5933;-0.2754;0.2432
0;0.8731;0.5559;-0.2928;0.2627
0;0.8703;0.4991;-0.3759;0.2519
1;0.9031;0.7554;-0.0285;0.5186
0;0.9024;0.7423;-0.071;0.7177
0;0.8902;0.603;-0.3353;0.763
0;0.8921;0.6104;-0.2939;0.8069
0;0.8923;0.6059;-0.3403;0.8344
0;0.8896;0.6385;-0.4074;0.8248
2;0.8786;0.5551;-0.6875;0.7145
0;0.8831;0.5748;-0.6024;0.6589
0;0.8728;0.5576;-0.878;0.5204
0;0.8793;0.5598;-0.8028;0.4608
0;0.8768;0.5433;-0.8778;0.3881
0;0.8762;0.5133;-0.8921;0.3212
0;0.8791;0.5329;-0.7473;0.29
0;0.889;0.5944;-0.3516;0.3461
1;0.8962;0.4532;-0.1409;0.4479
0;0.895;0.4498;-0.2033;0.5133
0;0.8922;0.5156;-0.3049;0.5353
0;0.8928;0.5058;-0.282;0.5524
0;0.8948;0.519;-0.2167;0.5763
0;0.8869;0.4804;-0.5033;0.5223
2;0.8967;0.6316;-0.1467;0.5572
0;0.8991;0.62;-0.0629;0.5998
0;0.909;0.7735;-0.1154;0.7108
0;0.9077;0.7331;-0.1682;0.7798
0;0.9152;0.7909;-0.0137;0.8895
1;0.9218;0.817;-0.0249;1.0224
0;0.9218;0.8093;-0.063;1.1162
0;0.9165;0.7135;-0.1891;1.1333
0;0.9112;0.6199;-0.3152;1.0897
0;0.908;0.6006;-0.3913;1.0167
0;0.9063;0.611;-0.618;0.9336
2;0.9128;0.6438;-0.4324;0.9133
0;0.9209;0.6731;-0.1749;0.9567
0;0.9171;0.711;-0.3799;0.9482
0;0.9279;0.7154;-0.0969;1.0237
0;0.9268;0.6945;-0.1384;1.0631
1;0.923;0.6073;-0.2837;1.0502
0;0.9273;0.6434;-0.2507;1.0654
0;0.9247;0.5743;-0.3363;1.0436
0;0.9229;0.5094;-0.4067;1.0005
2;0.9322;0.5762;-0.1016;1.0344
0;0.9321;0.6243;-0.1142;1.0493
0;0.941;0.7251;-0.0061;1.126
0;0.9404;0.7543;-0.1335;1.169
0;0.9465;0.7957;-0.0274;1.2425
1;0.9419;0.7206;-0.2174;1.2484
0;0.9371;0.6288;-0.4013;1.1987
0;0.9429;0.6996;-0.2006;1.1965
0;0.9333;0.5424;-0.5671;1.1005
0;0.9282;0.5101;-0.7951;0.9698
2;0.9376;0.6;-0.5191;0.9365
0;0.9366;0.5668;-0.5684;0.8918
0;0.9325;0.5551;-0.7607;0.8122
0;0.9358;0.5885;-0.6068;0.7688
0;0.9261;0.4589;-0.8522;0.6441
0;0.934;0.5117;-0.4893;0.6056
0;0.9348;0.4572;-0.4533;0.5759
0;0.9403;0.4996;-0.1929;0.5933
0;0.935;0.4251;-0.4309;0.5554
0;0.9441;0.5132;-0.0246;0.597
1;0.9442;0.5461;-0.0591;0.6243
0;0.9397;0.4783;-0.2582;0.6008
0;0.9343;0.5069;-0.485;0.5306
0;0.9297;0.5105;-0.6806;0.4305
0;0.9255;0.4072;-0.9607;0.3111
0;0.9194;0.378;-0.9286;0.1621
2;0.9261;0.4563;-0.6636;0.1001
0;0.9317;0.4731;-0.4735;0.0979
0;0.9333;0.5533;-0.4206;0.1085
0;0.934;0.5008;-0.3956;0.1219
0;0.9392;0.5342;-0.2212;0.175
1;0.9393;0.4914;-0.1315;0.2157
0;0.9392;0.5392;-0.1349;0.2448
0;0.9351;0.4087;-0.2872;0.2306
0;0.9364;0.4228;-0.2388;0.228
0;0.9355;0.4554;-0.2734;0.2156
0;0.9351;0.5088;-0.4078;0.1997
2;0.9284;0.4852;-0.8667;0.1288
0;0.9308;0.5639;-0.6311;0.0918
0;0.9265;0.5885;-0.8592;0.025
0;0.9306;0.5602;-0.6408;0.0073
0;0.9232;0.3911;-0.8517;-0.0701
0;0.9224;0.3589;-0.8531;-0.1366
0;0.9315;0.4724;-0.3825;-0.1109
0;0.9269;0.3673;-0.6065;-0.1278
0;0.925;0.3512;-0.6701;-0.1562
0;0.9259;0.3642;-0.5771;-0.169
0;0.9244;0.3837;-0.6503;-0.1907
1;0.9149;0.3024;-0.8008;-0.2863
2;0.9066;0.2664;-0.9933;-0.429
0;0.9123;0.3306;-0.7244;-0.4883
0;0.899;0.3009;-1.0;-0.6425
0;0.8872;0.2381;-0.8098;-0.8573
0;0.8787;0.2268;-0.9149;-1.0894
0;0.8787;0.1883;-0.9115;-1.2607
0;0.8822;0.241;-0.8477;-1.3534
0;0.8827;0.2485;-0.827;-1.4073
0;0.8831;0.156;-0.7992;-1.4317
0;0.8843;0.1816;-0.7354;-1.4255
1;0.8715;0.1562;-1.0;-1.5143
0;0.8691;0.1417;-0.9774;-1.5885
0;0.8692;0.1456;-0.7628;-1.6294
0;0.8611;0.1482;-0.9739;-1.7131
0;0.8614;0.1707;-0.9609;-1.7577
2;0.8599;0.0931;-0.978;-1.7868
0;0.8622;0.154;-0.82;-1.7719
0;0.862;0.1969;-0.8257;-1.743
0;0.8623;0.2534;-0.8129;-1.6993
0;0.8659;0.3275;-0.5738;-1.6156
0;0.8632;0.2399;-0.5912;-1.556
1;0.8644;0.2531;-0.4387;-1.4824
0;0.8686;0.3236;-0.2692;-1.3727
0;0.8705;0.3341;-0.1639;-1.256
0;0.8681;0.4454;-0.306;-1.1711
0;0.8712;0.5331;-0.125;-1.0652
0;0.8705;0.5198;-0.2398;-0.9768
0;0.8704;0.6891;-0.4189;-0.8975
0;0.8673;0.6081;-0.5972;-0.8513
0;0.8723;0.7006;-0.3412;-0.7637
0;0.8751;0.7061;-0.2885;-0.6629
0;0.8712;0.6312;-0.5303;-0.6095
0;0.8626;0.5044;-0.9469;-0.6337
0;0.8658;0.4983;-0.7826;-0.6191
0;0.8646;0.5171;-0.8454;-0.6113
0;0.8651;0.5095;-0.8164;-0.594
2;0.8598;0.3948;-0.8828;-0.619
0;0.8467;0.276;-0.9658;-0.7434
0;0.8645;0.4739;-0.4161;-0.6828
0;0.8641;0.446;-0.4255;-0.631
0;0.8676;0.4795;-0.2343;-0.5535
0;0.8689;0.4892;-0.1302;-0.4763
0;0.8715;0.53;-0.1006;-0.3883
1;0.8694;0.4782;-0.162;-0.3323
0;0.8689;0.4519;-0.176;-0.2885
0;0.8771;0.5437;-0.1295;-0.1816
0;0.8731;0.5827;-0.2273;-0.1293
0;0.8692;0.5268;-0.3227;-0.1199
0;0.8831;0.6203;-0.1103;0.0063
0;0.8753;0.5602;-0.464;0.0394
0;0.8803;0.622;-0.2897;0.1077
0;0.8944;0.7809;-0.2621;0.2803
0;0.8813;0.6049;-0.6044;0.302
0;0.8755;0.5668;-0.7698;0.267
0;0.8749;0.5438;-0.8238;0.2311
0;0.8818;0.5731;-0.6321;0.2587
0;0.8723;0.5044;-0.8964;0.1972
2;0.8627;0.4675;-0.9978;0.0654
0;0.8722;0.5145;-0.7711;0.0414
0;0.8619;0.4331;-0.9978;-0.0655
0;0.858;0.4335;-1.0;-0.1822
0;0.8434;0.3963;-0.9877;-0.3961
0;0.8468;0.3412;-0.8991;-0.5312
0;0.8407;0.3463;-0.8479;-0.6841
0;0.8358;0.3019;-0.9042;-0.8391
0;0.8463;0.2786;-0.666;-0.8631
0;0.8514;0.3515;-0.5172;-0.8295
0;0.846;0.3528;-0.6416;-0.84
0;0.8453;0.3528;-0.6567;-0.8448
0;0.8461;0.3107;-0.5912;-0.8334
1;0.8521;0.3889;-0.2435;-0.7642
0;0.8553;0.4559;-0.0326;-0.6748
0;0.8608;0.4289;0.0;-0.5507
0;0.862;0.5007;-0.1032;-0.4368
0;0.868;0.5684;-0.0027;-0.2911
0;0.8713;0.7246;-0.065;-0.1457
0;0.8702;0.6952;-0.0928;-0.039
0;0.8782;0.8039;-0.0392;0.1133
0;0.8797;0.8772;-0.0951;0.2455
0;0.8799;0.8508;-0.0907;0.3486
0;0.884;0.8475;0.0;0.4608
0;0.8841;0.9576;-0.145;0.5452
0;0.8844;0.973;-0.1491;0.6082
0;0.8861;0.9736;-0.1125;0.6664
0;0.8875;0.9704;-0.2183;0.717
0;0.8943;0.973;-0.2332;0.8068
0;0.8921;0.912;-0.3548;0.8501
0;0.8962;0.9182;-0.2468;0.9099
0;0.8976;0.9077;-0.2284;0.9592
0;0.8983;0.9008;-0.2037;0.9942
0;0.8987;0.9324;-0.3071;1.0143
0;0.9033;0.9245;-0.1236;1.0581
0;0.9017;0.8711;-0.1873;1.068
0;0.9023;0.8731;-0.1851;1.07
0;0.9079;0.8789;-0.199;1.1071
0;0.8982;0.6718;-0.5653;1.0427
0;0.8919;0.5801;-0.7991;0.9275
0;0.8956;0.5963;-0.7197;0.858
0;0.8971;0.5972;-0.6591;0.8069
0;0.9032;0.5915;-0.4129;0.8098
2;0.8685;0.3539;-0.9279;0.509
0;0.8568;0.2771;-0.9461;0.1671
0;0.844;0.2316;-0.9387;-0.2123
0;0.8531;0.2909;-0.8173;-0.4317
0;0.8498;0.2799;-0.8611;-0.6278
0;0.8296;0.2093;-0.9773;-0.9476
0;0.832;0.227;-0.8887;-1.1688
0;0.8595;0.3613;-0.5921;-1.0974
0;0.8784;0.4123;-0.3877;-0.8687
0;0.8742;0.4261;-0.4332;-0.7152
0;0.8805;0.4648;-0.0642;-0.5333
1;0.8836;0.4629;-0.0833;-0.3581
0;0.8799;0.4477;-0.1375;-0.2473
0;0.8888;0.457;-0.0205;-0.0818
0;0.8913;0.5847;-0.0536;0.0702
0;0.8839;0.604;-0.1543;0.1263
0;0.8787;0.6414;-0.2529;0.1253
0;0.8746;0.5912;-0.5774;0.0883
0;0.8649;0.5608;-0.9969;-0.0239
0;0.8665;0.6753;-0.8547;-0.0985
2;0.8816;0.7101;-0.405;-0.028
0;0.8849;0.6354;-0.3073;0.0557
0;0.8741;0.4748;-0.6285;0.0295
0;0.8722;0.4882;-0.6844;-0.0074
1;0.8705;0.4369;-0.6955;-0.0507
0;0.8584;0.3568;-0.8918;-0.187
0;0.8569;0.3658;-0.8983;-0.3051
2;0.858;0.3016;-0.8231;-0.3861
0;0.8515;0.2569;-0.88;-0.5008
0;0.8472;0.267;-0.8529;-0.6225
0;0.8523;0.3325;-0.7518;-0.6679
0;0.8399;0.3006;-0.9741;-0.8025
0;0.8503;0.4167;-0.732;-0.8116
0;0.84;0.3625;-0.9456;-0.8978
0;0.8326;0.2239;-0.9972;-1.019
0;0.8747;0.46;-0.0486;-0.7463
0;0.8669;0.471;-0.2241;-0.5896
0;0.8675;0.481;-0.2093;-0.4544
0;0.8808;0.5379;-0.0115;-0.2308
0;0.882;0.5949;-0.0671;-0.0418
1;0.8847;0.6108;-0.0809;0.1306
0;0.8814;0.5919;-0.1386;0.2372
0;0.8695;0.5677;-0.3482;0.2175
0;0.8817;0.6225;-0.1337;0.3032
0;0.8835;0.6132;-0.1737;0.3826
0;0.8917;0.6946;-0.1223;0.5111
0;0.897;0.6823;-0.0452;0.6516
0;0.8848;0.6724;-0.4412;0.6518
0;0.8869;0.718;-0.3837;0.6634
0;0.8833;0.55;-0.5015;0.6344
0;0.8833;0.6045;-0.5015;0.6049
0;0.8844;0.6069;-0.4653;0.5847
2;0.8907;0.569;-0.3021;0.616
0;0.9252;0.7053;-0.1082;0.927
0;0.9413;0.7384;-0.0519;1.2987
1;0.9355;0.7233;-0.1375;1.5287
0;0.9459;0.8193;-0.1308;1.782
0;0.9435;0.781;-0.1619;1.9418
0;0.9483;0.7869;-0.1008;2.0881
0;0.9375;0.6982;-0.2375;2.0896
0;0.9188;0.5845;-0.4825;1.9096
0;0.9243;0.6614;-0.4118;1.7942
0;0.9108;0.5894;-0.6811;1.5702
0;0.8982;0.5525;-0.9967;1.2702
2;0.9105;0.5878;-0.787;1.1241
0;0.9114;0.5873;-0.7707;1.005
0;0.919;0.5907;-0.6011;0.9648
0;0.9097;0.4406;-0.778;0.8442
0;0.9175;0.4029;-0.5863;0.8068
1;0.9079;0.3906;-0.7432;0.687
0;0.918;0.3892;-0.3625;0.6712
0;0.9329;0.4617;-0.1196;0.7776
0;0.9399;0.47;-0.098;0.9127
0;0.9283;0.4675;-0.3728;0.9114
0;0.9236;0.519;-0.4878;0.8606
1;0.9172;0.4723;-0.6386;0.7569
0;0.9259;0.5609;-0.4346;0.741
0;0.9217;0.602;-0.5322;0.6853
2;0.9108;0.5017;-0.9197;0.5418
0;0.9065;0.479;-0.7817;0.3861
0;0.9107;0.4638;-0.694;0.2954
0;0.9114;0.5081;-0.6803;0.2265
0;0.9161;0.493;-0.5633;0.2099
0;0.9133;0.5283;-0.5054;0.1706
0;0.9251;0.5366;-0.1694;0.2381
1;0.9217;0.4347;-0.2661;0.2599
0;0.923;0.3945;-0.2285;0.2856
0;0.9122;0.3983;-0.466;0.2112
0;0.9046;0.3841;-0.716;0.0853
0;0.8975;0.381;-0.8797;-0.0749
2;0.9098;0.4068;-0.5072;-0.096
0;0.8974;0.3714;-0.8825;-0.2168
0;0.9255;0.5656;-0.3088;-0.0712
0;0.9175;0.548;-0.4806;-0.0232
0;0.934;0.5912;-0.1247;0.1546
0;0.9122;0.5029;-0.5951;0.1084
0;0.9159;0.4994;-0.5153;0.1021
1;0.9177;0.5152;-0.4765;0.1113
0;0.9133;0.4575;-0.5726;0.0797
0;0.9251;0.5115;-0.3222;0.1543
2;0.9093;0.4577;-0.6694;0.0773
0;0.9093;0.4903;-0.8519;0.0159
0;0.9118;0.5246;-0.7664;-0.0118
0;0.9155;0.563;-0.6553;-0.0022
0;0.9292;0.5673;-0.257;0.1218
0;0.9224;0.5902;-0.4581;0.1604
1;0.9265;0.5045;-0.3352;0.2244
0;0.9209;0.5147;-0.5028;0.2243
0;0.9243;0.4509;-0.4022;0.2508
0;0.9274;0.5939;-0.3101;0.2954
2;0.9272;0.573;-0.3156;0.3259
0;0.9524;0.6723;-0.0769;0.56
0;0.947;0.666;-0.1956;0.6927
0;0.9391;0.5718;-0.4327;0.7233
0;0.9364;0.6603;-0.5024;0.7164
0;0.9314;0.6233;-0.6298;0.6608
0;0.9332;0.6209;-0.6368;0.6261
2;0.9206;0.526;-0.9302;0.4843
0;0.9153;0.4224;-0.9794;0.323
0;0.9181;0.4748;-0.913;0.216
0;0.9187;0.4524;-0.8909;0.135
0;0.9209;0.5005;-0.8349;0.0885
0;0.9189;0.4654;-0.848;0.0338
0;0.9116;0.4027;-0.9778;-0.0719
0;0.9095;0.3934;-0.9775;-0.1723
0;0.9039;0.1184;-0.9381;-0.2973
0;0.9093;0.2038;-0.7823;-0.3465
0;0.9121;0.2688;-0.6646;-0.3581
0;0.907;0.2586;-0.7791;-0.4064
0;0.8998;0.2494;-0.9082;-0.5016
0;0.9029;0.2641;-0.8;-0.5446
0;0.9085;0.395;-0.5932;-0.5249
0;0.9176;0.5187;-0.1762;-0.4269
0;0.9167;0.4887;-0.3397;-0.3524
0;0.9243;0.5419;-0.0865;-0.226
1;0.9272;0.5471;-0.198;-0.099
0;0.9221;0.5225;-0.335;-0.0415
0;0.914;0.5169;-0.5508;-0.0647
0;0.9283;0.6133;-0.1701;0.0392
0;0.9106;0.5357;-0.6528;-0.0292
0;0.9071;0.4882;-0.845;-0.1127
0;0.9137;0.5084;-0.6433;-0.1214
0;0.9176;0.5553;-0.5234;-0.0938
0;0.9126;0.5689;-0.6754;-0.1131
2;0.9225;0.5977;-0.3743;-0.0438
0;0.9145;0.5289;-0.5533;-0.0567
1;0.9207;0.5153;-0.3061;-0.0136
0;0.9317;0.5682;-0.0401;0.1144
0;0.9392;0.5678;-0.0202;0.2772
0;0.9425;0.5693;-0.0599;0.4309
0;0.9453;0.6076;-0.1143;0.5708
0;0.9337;0.5888;-0.4032;0.5771
0;0.9303;0.51;-0.4852;0.5467
0;0.9302;0.6182;-0.4875;0.5161
0;0.9286;0.6328;-0.5804;0.4728
0;0.9311;0.6132;-0.6426;0.4548
2;0.9264;0.5567;-0.7299;0.396
0;0.9169;0.5262;-0.9972;0.2653
0;0.9164;0.458;-0.9135;0.1547
0;0.9287;0.5923;-0.5852;0.1704
0;0.9371;0.6036;-0.2639;0.2523
0;0.9462;0.5938;-0.0467;0.3918
0;0.9528;0.5893;-0.2296;0.5534
0;0.9486;0.5395;-0.3111;0.6393
1;0.9459;0.5043;-0.363;0.6774
0;0.9522;0.6286;-0.2407;0.7538
0;0.9479;0.6212;-0.3241;0.7695
0;0.9438;0.5888;-0.4037;0.7388
2;0.9483;0.624;-0.3577;0.7449
0;0.9428;0.5709;-0.5585;0.6949
0;0.9377;0.5683;-0.7287;0.6051
0;0.9481;0.6856;-0.447;0.6163
0;0.9472;0.6825;-0.3085;0.6104
0;0.9604;0.686;-0.0679;0.7119
0;0.9614;0.6561;-0.1615;0.7924
0;0.9646;0.6278;-0.1677;0.875
1;0.9519;0.4939;-0.4559;0.8222
0;0.9268;0.3898;-1.0;0.5589
0;0.8861;0.2818;-0.6266;5.0E-4
0;0.8703;0.2206;-0.742;-0.5738
0;0.9079;0.3887;-0.468;-0.7011
2;0.9287;0.4614;-0.3164;-0.6174
0;0.9265;0.4437;-0.3325;-0.5636
0;0.9146;0.4298;-0.4188;-0.6158
0;0.8997;0.4097;-0.5276;-0.7771
1;0.9244;0.4473;-0.3047;-0.6858
0;0.9241;0.4486;-0.2131;-0.6092
0;0.913;0.3932;-0.2413;-0.6371
0;0.9316;0.4378;-0.0903;-0.4946
0;0.9186;0.4077;-0.2959;-0.4874
0;0.9168;0.4266;-0.4513;-0.4913
0;0.9376;0.5232;-0.0041;-0.3127
0;0.9334;0.6195;-0.1364;-0.2046
0;0.9451;0.6933;-0.0668;-0.0176
0;0.9499;0.6308;-0.0113;0.1708
0;0.9418;0.5442;-0.2425;0.2479
0;0.9342;0.5251;-0.412;0.2415
0;0.9423;0.5924;-0.2536;0.3033
0;0.9356;0.6266;-0.4194;0.2916
0;0.9373;0.5543;-0.3768;0.294
2;0.9365;0.5516;-0.4528;0.2855
0;0.9394;0.6187;-0.5074;0.3002
0;0.9237;0.4635;-0.9436;0.1754
0;0.9383;0.5898;-0.4671;0.1995
0;0.9484;0.6336;-0.1379;0.3021
0;0.9508;0.5661;-0.0683;0.4001
0;0.9605;0.6289;-0.005;0.5556
0;0.9738;0.6342;-0.0802;0.785
1;0.9808;0.6417;-0.0613;1.017
0;0.9796;0.6852;-0.0813;1.1784
0;0.9909;0.7682;-0.0676;1.3894
0;0.9891;0.735;-0.0923;1.5254
0;0.9937;0.7984;-0.0345;1.6556
0;0.9951;0.7976;-0.0204;1.752
0;0.9897;0.7621;-0.2705;1.7636
0;0.9978;0.7737;-0.1908;1.8227
0;1.0089;0.9171;-0.076;1.9446
0;1.0058;0.8717;-0.1461;1.9931
0;0.9995;0.794;-0.2798;1.9571
0;0.987;0.6865;-0.7389;1.8017
0;1.0672;0.8184;-0.0138;2.3407
0;1.0837;0.8219;-0.0248;2.8811
0;1.0798;0.7951;-0.144;3.2427
0;1.0746;0.7768;-0.1877;3.4491
0;1.0871;0.7783;-0.0825;3.6813
1;1.084;0.7727;-0.1128;3.799
0;1.0805;0.7507;-0.1439;3.8212
0;1.0791;0.7429;-0.1557;3.7867
0;1.0788;0.7655;-0.1582;3.7169
0;1.0819;0.7583;-0.2796;3.6486
2;1.0862;0.7477;-0.3294;3.5929
0;1.0907;0.7699;-0.1929;3.5484
0;1.087;0.7828;-0.1903;3.4447
0;1.0898;0.8546;-0.4175;3.3502
0;1.0959;0.7024;-0.2689;3.2916
0;1.0791;0.4675;-0.6792;3.0684
0;1.0585;0.3787;-0.9882;2.6851
0;1.069;0.47;-0.7291;2.4438
0;1.0679;0.3821;-0.7514;2.2179
0;1.0832;0.4954;-0.4564;2.1463
2;1.0906;0.5517;-0.3135;2.1301
0;1.0964;0.5847;-0.2004;2.1445
1;1.1018;0.6072;-0.0965;2.1789
0;1.1;0.5853;-0.117;2.1673
0;1.1012;0.5725;-0.0977;2.145
0;1.1081;0.5829;-0.0284;2.164
0;1.1075;0.5998;-0.0575;2.1502
0;1.1103;0.5999;-0.0901;2.1404
0;1.1032;0.5354;-0.2443;2.0499
0;1.1;0.616;-0.4395;1.9296
0;1.1273;0.8557;-0.0466;2.0458
0;1.1294;0.842;-0.0223;2.1337
0;1.1305;0.855;-0.0753;2.1894
0;1.1309;0.8256;-0.164;2.2142
0;1.137;0.8223;-0.0674;2.2612
1;1.1261;0.6926;-0.3109;2.1821
0;1.1278;0.6773;-0.2717;2.1114
0;1.1343;0.7201;-0.2458;2.0885
0;1.1432;0.7452;-0.1558;2.1233
0;1.1399;0.6935;-0.2555;2.1001
0;1.1317;0.6356;-0.5271;1.9904
1;1.1417;0.6627;-0.2847;1.9677
0;1.142;0.716;-0.2776;1.9313
0;1.1525;0.7702;-0.0235;1.9712
0;1.1502;0.6595;-0.0968;1.9627
0;1.152;0.6576;-0.0553;1.95
0;1.1648;0.7058;-0.0369;2.028
0;1.1586;0.6551;-0.1843;2.0153
0;1.1461;0.5477;-0.4816;1.8776
0;1.1406;0.5806;-0.6078;1.7031
0;1.1564;0.6369;-0.2362;1.681
0;1.1486;0.5676;-0.4197;1.5799
2;1.122;0.4142;-0.9849;1.2578
0;1.1203;0.4195;-0.9557;0.9759
0;1.132;0.5012;-0.7123;0.8431
0;1.1393;0.4901;-0.5614;0.7913
0;1.1168;0.4129;-0.9919;0.5511
0;1.1313;0.4289;-0.4226;0.4795
0;1.1174;0.3976;-0.6523;0.2994
0;1.1399;0.4666;-0.2823;0.3454
0;1.1232;0.3876;-0.5566;0.2364
0;1.1432;0.4612;-0.1103;0.3176
1;1.1486;0.5066;-0.0609;0.4243
0;1.1564;0.5405;-0.3034;0.5698
0;1.1683;0.5313;-0.1652;0.7796
0;1.1726;0.5641;-0.1157;0.9728
0;1.1872;0.6863;-0.0229;1.2391
0;1.2008;0.7155;-0.0562;1.551
0;1.2088;0.7097;-0.0211;1.8486
0;1.2024;0.6732;-0.0842;2.0091
0;1.1784;0.6675;-0.3717;1.91
0;1.1705;0.6106;-0.559;1.7449
0;1.1195;0.505;-0.9554;1.1633
0;1.1258;0.4645;-0.7244;0.7463
2;1.1351;0.5313;-0.6452;0.4888
0;1.1403;0.4917;-0.6015;0.3245
0;1.1324;0.4545;-0.6683;0.1249
0;1.144;0.4662;-0.5693;0.0651
1;1.1562;0.4667;-0.4549;0.1203
0;1.1509;0.441;-0.5004;0.118
0;1.1367;0.3618;-0.4771;-0.0061
0;1.1305;0.2996;-0.5189;-0.1565
0;1.1415;0.3114;-0.2652;-0.1794
0;1.134;0.3096;-0.6229;-0.259
2;1.1356;0.3638;-0.6366;-0.3058
0;1.1483;0.4314;-0.2891;-0.2315
0;1.1442;0.6074;-0.4134;-0.2054
0;1.1455;0.5895;-0.3776;-0.1719
0;1.1617;0.6137;-0.0798;-0.0059
0;1.1581;0.5773;-0.1666;0.0942
0;1.1406;0.5328;-0.5868;0.0236
0;1.1454;0.5057;-0.4718;0.0083
0;1.1451;0.4479;-0.4788;-0.0063
0;1.1575;0.5289;-0.1807;0.0877
2;1.1694;0.6474;-0.1148;0.262
0;1.1727;0.6953;-0.1588;0.4247
1;1.1881;0.7069;-0.0688;0.6787
0;1.2013;0.7843;-0.0722;0.9836
0;1.2065;0.7907;-0.0391;1.2573
0;1.2073;0.7682;-0.0618;1.467
0;1.2038;0.7723;-0.1103;1.5868
0;1.2128;0.7873;-0.005;1.7407
0;1.2102;0.734;-0.0832;1.8211
0;1.2103;0.7607;-0.1126;1.8659
0;1.2139;0.9252;-0.1278;1.9121
0;1.2051;0.831;-0.3685;1.8535
0;1.2039;0.823;-0.5155;1.7778
0;1.2117;0.8136;-0.3692;1.7656
0;1.2299;0.8261;-0.0785;1.8916
0;1.2285;0.8065;-0.2977;1.9584
0;1.2416;0.8015;-0.0782;2.1013
0;1.2469;0.7823;-0.0576;2.2373
1;1.2451;0.7491;-0.0941;2.3049
0;1.2464;0.7506;-0.0672;2.3454
0;1.2525;0.8022;-0.0648;2.4038
0;1.2507;0.7587;-0.1388;2.4093
0;1.2468;0.7457;-0.2185;2.355
0;1.2473;0.7471;-0.2729;2.2913
0;1.2403;0.6683;-0.478;2.1571
0;1.2463;0.7726;-0.3178;2.0799
2;1.249;0.7921;-0.3609;2.0195
0;1.2594;0.799;-0.0212;2.0392
0;1.2595;0.7401;-0.1498;2.0339
0;1.2565;0.7218;-0.336;1.9825
1;1.2295;0.4221;-0.9548;1.6919
0;1.2267;0.3644;-0.9685;1.421
0;1.2459;0.5043;-0.4885;1.3551
0;1.2483;0.51;-0.4363;1.3096
2;1.2541;0.5084;-0.3132;1.3087
0;1.2504;0.4979;-0.3925;1.2627
0;1.2364;0.45;-0.691;1.0944
1;1.2531;0.5238;-0.334;1.092
0;1.255;0.5637;-0.2923;1.0952
0;1.2641;0.5748;-0.203;1.1632
0;1.2636;0.5628;-0.2122;1.2003
0;1.2764;0.5711;0.0;1.3247
0;1.2788;0.5794;-0.1241;1.4293
0;1.2863;0.6185;-0.0614;1.5605
0;1.2623;0.6333;-0.4812;1.4431
0;1.2719;0.6742;-0.314;1.4167
0;1.2592;0.5544;-0.5733;1.2738
0;1.2672;0.5734;-0.5066;1.2149
0;1.2481;0.479;-0.9163;0.9939
2;1.2336;0.4452;-0.923;0.6864
0;1.2246;0.4603;-0.9162;0.3606
0;1.198;0.3251;-0.9572;-0.1265
0;1.2004;0.3271;-0.9318;-0.4881
0;1.2115;0.3358;-0.8091;-0.6732
0;1.2048;0.3231;-0.8667;-0.8691
0;1.21;0.2911;-0.7943;-0.9702
0;1.2047;0.2709;-0.8582;-1.0844
1;1.1931;0.2187;-0.9473;-1.2616
0;1.1922;0.2543;-0.9213;-1.3953
0;1.1931;0.2059;-0.85;-1.4783
0;1.1949;0.2384;-0.7305;-1.5129
0;1.2013;0.2289;-0.5284;-1.4698
0;1.2003;0.2689;-0.5568;-1.4287
0;1.2023;0.3282;-0.484;-1.3635
1;1.209;0.4121;-0.2858;-1.2409
0;1.2048;0.5515;-0.4111;-1.1671
0;1.211;0.5756;-0.27;-1.0439
0;1.2063;0.4586;-0.4022;-0.9758
0;1.2037;0.4908;-0.4738;-0.9336
0;1.2059;0.4637;-0.4132;-0.8721
0;1.2039;0.4925;-0.5519;-0.8311
0;1.2152;0.7096;-0.2069;-0.6938
0;1.2075;0.6277;-0.4545;-0.6444
0;1.1877;0.4656;-0.8586;-0.7666
0;1.1935;0.4917;-0.7122;-0.8054
0;1.176;0.3655;-0.8014;-0.9753
0;1.1451;0.2771;-0.9725;-1.3613
2;1.1668;0.3759;-0.6975;-1.4671
0;1.1765;0.389;-0.5738;-1.4521
0;1.1849;0.4339;-0.4675;-1.3538
0;1.1855;0.412;-0.46;-1.2571
0;1.189;0.44;-0.4091;-1.1374
1;1.1878;0.444;-0.1975;-1.0419
0;1.1906;0.4467;-0.1464;-0.9314
0;1.1945;0.4674;-0.0677;-0.8019
0;1.2013;0.4502;-0.0199;-0.6336
0;1.2037;0.4862;-0.059;-0.4735
0;1.2093;0.5896;-0.0498;-0.2947
0;1.2203;0.6063;-0.0537;-0.0579
0;1.2171;0.6837;-0.1526;0.1025
0;1.219;0.9464;-0.1176;0.2437
0;1.2456;0.9494;-0.0132;0.5779
0;1.2412;0.8934;-0.1254;0.7984
0;1.2523;0.8968;-0.0081;1.0572
0;1.2629;0.9077;-0.0476;1.3401
0;1.2544;0.8274;-0.1807;1.4769
0;1.1984;0.5344;-0.903;1.0934
0;1.1764;0.4592;-0.9744;0.5934
0;1.1758;0.4454;-0.8965;0.1881
0;1.1584;0.3817;-0.9803;-0.2811
2;1.162;0.3854;-0.9481;-0.6176
0;1.1589;0.3596;-0.9487;-0.9021
0;1.1571;0.3148;-0.9643;-1.1317
0;1.1648;0.3506;-0.8964;-1.2354
0;1.1738;0.3759;-0.8063;-1.2279
0;1.1647;0.2543;-0.837;-1.2859
0;1.1649;0.2621;-0.7436;-1.3162
0;1.1697;0.2324;-0.4495;-1.2852
1;1.1755;0.2071;-0.1402;-1.1987
0;1.1768;0.2271;-0.1718;-1.1061
0;1.167;0.3364;-0.5155;-1.105
0;1.1613;0.4049;-0.7222;-1.1409
0;1.153;0.3694;-0.8343;-1.2272
0;1.1533;0.4636;-0.8257;-1.2797
0;1.1324;0.3315;-0.998;-1.4847
2;1.1365;0.3733;-0.8566;-1.5962
0;1.1342;0.3713;-0.8994;-1.6863
0;1.131;0.3003;-0.959;-1.7661
0;1.1366;0.2706;-0.8547;-1.7634
0;1.1268;0.2684;-0.9093;-1.8254
0;1.1364;0.3434;-0.6827;-1.7737
0;1.1447;0.3678;-0.4287;-1.6435
0;1.1477;0.349;-0.2379;-1.4982
0;1.1451;0.3297;-0.2056;-1.3897
0;1.1494;0.3994;-0.0924;-1.2533
1;1.1635;0.5114;-0.3231;-1.0129
0;1.1602;0.5394;-0.3767;-0.8406
0;1.1527;0.4971;-0.4985;-0.7591
0;1.137;0.5244;-0.7566;-0.8207
0;1.1506;0.5687;-0.5851;-0.7452
0;1.1384;0.5189;-0.8826;-0.7806
2;1.1429;0.5522;-0.7945;-0.7622
0;1.1524;0.5674;-0.6067;-0.6589
0;1.1439;0.5733;-0.775;-0.6429
1;1.1432;0.5318;-0.7886;-0.6293
0;1.1555;0.5484;-0.3095;-0.5075
0;1.1603;0.5556;-0.0604;-0.3658
0;1.1645;0.5845;-0.1544;-0.214
0;1.1627;0.559;-0.2042;-0.1082
0;1.1563;0.466;-0.4092;-0.0776
0;1.1598;0.4981;-0.3365;-0.0232
0;1.1429;0.4571;-0.7937;-0.1232
0;1.139;0.5101;-0.9054;-0.2336
2;1.1447;0.4691;-0.7421;-0.2701
0;1.1376;0.495;-0.935;-0.3566
0;1.1262;0.4138;-0.9823;-0.5169
0;1.1253;0.3461;-0.9934;-0.6454
0;1.1304;0.4202;-0.7031;-0.6968
0;1.1257;0.4013;-0.7813;-0.7694
0;1.1382;0.4027;-0.5188;-0.7124
0;1.128;0.3288;-0.6901;-0.7467
0;1.1382;0.3687;-0.3529;-0.679
1;1.1452;0.417;-0.0988;-0.5595
0;1.1321;0.3918;-0.494;-0.5706
0;1.1154;0.3228;-0.9148;-0.7148
0;1.1039;0.3372;-0.9956;-0.9185
0;1.104;0.349;-0.9697;-1.0684
0;1.0972;0.2972;-0.9556;-1.2333
2;1.1305;0.4754;-0.3346;-1.0671
0;1.1269;0.5026;-0.4011;-0.9552
0;1.1185;0.4761;-0.5582;-0.9284
0;1.1124;0.4377;-0.671;-0.9489
0;1.1122;0.4514;-0.6339;-0.9575
1;1.1124;0.3984;-0.5755;-0.9524
0;1.117;0.4548;-0.4628;-0.8987
0;1.1138;0.3938;-0.5396;-0.8739
0;1.1152;0.363;-0.506;-0.8332
0;1.1086;0.3857;-0.8968;-0.8488
0;1.1018;0.4269;-0.9428;-0.9093
0;1.1195;0.5786;-0.2657;-0.7974
0;1.1323;0.6264;-0.0409;-0.5921
0;1.1409;0.6926;-0.0959;-0.3509
0;1.1363;0.5339;-0.1983;-0.1967
0;1.1334;0.5383;-0.2614;-0.0975
1;1.1695;0.7278;-0.1124;0.2882
0;1.1741;0.779;-0.0543;0.6278
0;1.1829;0.7973;-0.0445;0.9636
0;1.1853;0.801;-0.0171;1.2381
0;1.1907;0.8023;-0.0284;1.4876
0;1.1858;0.7907;-0.1149;1.6262
0;1.1877;0.7915;-0.0931;1.7341
0;1.1921;0.8423;-0.0888;1.8387
0;1.1973;0.8962;-0.0484;1.9454
0;1.2088;0.8906;-0.007;2.1064
0;1.2068;0.8599;-0.0519;2.194
0;1.1927;0.7375;-0.4659;2.1201
0;1.1847;0.7156;-0.6905;1.9714
0;1.1824;0.7193;-0.8354;1.8138
0;1.1929;0.6358;-0.5093;1.7596
2;1.1925;0.6124;-0.5217;1.6948
0;1.1992;0.6021;-0.3136;1.6826
0;1.2045;0.6161;-0.2035;1.7002
0;1.2126;0.628;-0.0028;1.7647
1;1.2174;0.6855;-0.1123;1.8376
0;1.2268;0.711;-0.0461;1.9553
0;1.2284;0.7018;-0.0984;2.0408
0;1.2236;0.647;-0.1828;2.0458
0;1.2324;0.6359;-0.1117;2.1028
0;1.2299;0.6323;-0.1583;2.1041
0;1.2333;0.765;-0.105;2.1117
0;1.2318;0.8359;-0.1636;2.0825
0;1.2372;0.8743;-0.0739;2.0832
0;1.2314;0.781;-0.3139;2.0125
0;1.2307;0.7776;-0.4152;1.9295
0;1.2268;0.7091;-0.5919;1.8105
0;1.2279;0.6893;-0.5426;1.7069
0;1.2172;0.5357;-0.8906;1.5164
