0;0.4718;0.0;-0.8762;0.0
0;0.4748;1.0;-0.6245;0.0
0;0.4716;0.4857;-0.7427;0.0
0;0.4785;0.7551;-0.4232;0.0
0;0.4728;0.5261;-0.6888;0.0
0;0.4741;0.5575;-0.6266;0.0
0;0.4887;0.7423;-0.0195;0.0
0;0.4945;0.7792;-0.0704;0.0
0;0.5003;0.8069;-0.0498;0.0
0;0.4994;0.7917;-0.1468;0.0
0;0.4828;0.5863;-0.5711;0.0
0;0.4774;0.5408;-0.7087;-0.0369
0;0.4684;0.4783;-0.967;-0.1378
0;0.4619;0.4419;-0.9857;-0.2753
2;0.4649;0.4607;-0.8119;-0.363
0;0.4676;0.4585;-0.7577;-0.4097
0;0.4625;0.4492;-0.859;-0.4945
0;0.4643;0.4152;-0.8246;-0.5455
0;0.4686;0.4745;-0.7378;-0.5416
1;0.469;0.4687;-0.6094;-0.5315
0;0.4739;0.3973;-0.3289;-0.4693
0;0.4748;0.3538;-0.2007;-0.4054
0;0.4696;0.2695;-0.4164;-0.4086
0;0.4576;0.2309;-0.8367;-0.5444
0;0.4599;0.3197;-0.7483;-0.6273
0;0.4599;0.3488;-0.7517;-0.6939
0;0.4566;0.3877;-0.8741;-0.7837
0;0.4633;0.5128;-0.6224;-0.7443
0;0.4632;0.4828;-0.6258;-0.7061
0;0.4634;0.4563;-0.6156;-0.6663
0;0.4811;0.6552;-0.1484;-0.4778
0;0.4842;0.6628;-0.0875;-0.2983
1;0.483;0.6244;-0.2545;-0.1636
0;0.4804;0.5946;-0.3381;-0.0779
0;0.4821;0.5723;-0.2929;0.005
0;0.4759;0.5086;-0.4571;0.0176
0;0.4775;0.5673;-0.478;0.0411
2;0.4641;0.5537;-0.808;-0.0551
0;0.4683;0.5673;-0.6908;-0.0945
0;0.4733;0.6005;-0.5511;-0.0818
0;0.4862;0.6932;-0.2174;0.0387
0;0.4753;0.5743;-0.5121;0.0403
0;0.4844;0.6181;-0.2657;0.1188
1;0.4828;0.6061;-0.3092;0.1657
0;0.4786;0.4839;-0.4227;0.165
0;0.4756;0.4452;-0.5024;0.1377
2;0.4781;0.4688;-0.4372;0.1352
0;0.4756;0.4699;-0.5417;0.1113
0;0.479;0.4805;-0.4453;0.1194
0;0.4851;0.5569;-0.4274;0.1764
0;0.4768;0.4959;-0.789;0.1493
0;0.4873;0.6382;-0.1684;0.2155
0;0.4855;0.6055;-0.3616;0.2501
0;0.4939;0.6209;-0.0445;0.3456
0;0.4998;0.5869;-0.1517;0.4674
0;0.5072;0.7141;-0.0565;0.6209
0;0.5105;0.6898;-0.0503;0.7634
0;0.5012;0.6207;-0.286;0.7891
0;0.4919;0.5817;-0.5439;0.7217
0;0.4745;0.4939;-0.8962;0.5132
0;0.4756;0.4871;-0.8686;0.3533
0;0.4825;0.5345;-0.7075;0.2816
2;0.4904;0.5551;-0.5211;0.2891
0;0.4944;0.546;-0.4257;0.3263
0;0.4968;0.6047;-0.3685;0.3727
1;0.4928;0.5307;-0.4638;0.371
0;0.487;0.5082;-0.5664;0.317
0;0.4772;0.4118;-0.8188;0.1872
0;0.477;0.3717;-0.7831;0.0814
0;0.4755;0.3092;-0.7973;-0.0157
2;0.4835;0.3467;-0.5541;-0.0234
0;0.4905;0.437;-0.3459;0.0294
0;0.4868;0.4679;-0.4568;0.0394
0;0.4674;0.4566;-0.828;-0.1177
0;0.4777;0.5114;-0.5278;-0.1526
0;0.4844;0.5109;-0.3077;-0.1213
0;0.487;0.48;-0.2359;-0.074
2;0.4754;0.3977;-0.5667;-0.1343
0;0.4733;0.3731;-0.6256;-0.1979
1;0.4773;0.4161;-0.5128;-0.2123
0;0.4764;0.4395;-0.5359;-0.2284
0;0.4737;0.4783;-0.5946;-0.2622
0;0.483;0.5335;-0.1859;-0.2068
0;0.4776;0.5115;-0.5221;-0.2066
0;0.481;0.4859;-0.3653;-0.1754
0;0.4782;0.4275;-0.5114;-0.1733
0;0.4769;0.4401;-0.489;-0.1805
0;0.4767;0.5739;-0.5;-0.1858
2;0.4761;0.4849;-0.49;-0.1933
0;0.4812;0.4689;-0.205;-0.1537
0;0.4744;0.3882;-0.585;-0.1788
0;0.473;0.4746;-0.66;-0.2082
0;0.4831;0.5907;-0.1;-0.1437
0;0.4817;0.5437;-0.175;-0.1028
0;0.4801;0.5353;-0.265;-0.0832
0;0.4804;0.5678;-0.3333;-0.0646
0;0.4839;0.5102;-0.1957;-0.0196
1;0.4843;0.5856;-0.1787;0.0192
0;0.4868;0.5758;-0.1152;0.0709
0;0.4886;0.6415;-0.0957;0.126
0;0.49;0.6772;-0.0969;0.1804
0;0.49;0.6805;-0.1429;0.2213
0;0.4918;0.7069;-0.25;0.2664
0;0.4958;0.6976;-0.1106;0.3326
0;0.4957;0.8537;-0.1149;0.3805
0;0.4912;0.773;-0.3632;0.3761
0;0.4846;0.5257;-0.8065;0.313
0;0.4791;0.4615;-0.8792;0.2135
0;0.4819;0.5256;-0.7317;0.1565
2;0.4776;0.4644;-0.9268;0.0733
0;0.4758;0.3918;-0.9185;-0.0083
0;0.4769;0.4033;-0.7564;-0.0633
0;0.4755;0.3471;-0.8077;-0.1182
0;0.475;0.3098;-0.8226;-0.1639
0;0.4747;0.2786;-0.8129;-0.2006
0;0.4736;0.2695;-0.8289;-0.2372
0;0.4624;0.1737;-0.9614;-0.358
0;0.4649;0.1446;-0.7638;-0.4288
0;0.4606;0.1321;-0.8989;-0.5159
0;0.4624;0.18;-0.793;-0.5638
0;0.465;0.261;-0.6592;-0.5734
0;0.4647;0.2982;-0.6757;-0.578
0;0.4678;0.3052;-0.518;-0.5487
0;0.4592;0.2727;-0.8233;-0.5931
0;0.4689;0.4286;-0.3391;-0.5394
0;0.4682;0.4093;-0.3739;-0.4975
0;0.471;0.4545;-0.2391;-0.4355
0;0.4761;0.51;-0.0645;-0.3387
0;0.4667;0.4361;-0.4879;-0.3388
1;0.4629;0.4188;-0.6573;-0.3673
0;0.4616;0.4928;-0.7137;-0.3966
0;0.4767;0.5864;-0.0363;-0.2874
0;0.4757;0.6154;-0.0806;-0.2067
0;0.4755;0.602;-0.343;-0.1432
0;0.4759;0.5881;-0.3249;-0.0878
0;0.4811;0.6235;-0.1751;9.0E-4
1;0.4659;0.488;-0.7441;-0.058
0;0.4608;0.5108;-0.8373;-0.1472
0;0.4595;0.4293;-0.8825;-0.2274
0;0.458;0.4242;-0.9337;-0.3011
0;0.4598;0.4164;-0.85;-0.34
2;0.4509;0.321;-0.9047;-0.4432
0;0.4412;0.3198;-0.994;-0.6021
0;0.4395;0.3294;-0.9645;-0.7354
0;0.4349;0.3142;-0.9497;-0.8715
0;0.4309;0.1239;-0.8725;-1.003
0;0.4342;0.1719;-0.7797;-1.0678
0;0.4265;0.1537;-0.9674;-1.173
0;0.4355;0.2449;-0.7286;-1.1672
0;0.4309;0.1806;-0.6125;-1.1892
0;0.4272;0.2112;-0.6698;-1.2259
0;0.416;0.1939;-0.8884;-1.3363
0;0.4263;0.2984;-0.6253;-1.3214
0;0.4404;0.407;-0.2278;-1.1768
0;0.4353;0.3747;-0.3621;-1.093
0;0.4411;0.4482;-0.229;-0.9667
0;0.4387;0.4861;-0.2897;-0.8767
1;0.4472;0.5411;-0.0701;-0.7249
0;0.4449;0.5549;-0.1978;-0.6167
0;0.445;0.5803;-0.205;-0.5241
0;0.4368;0.5141;-0.4099;-0.5149
0;0.4366;0.5591;-0.4186;-0.5046
0;0.4455;0.5586;-0.3221;-0.4156
2;0.4417;0.564;-0.512;-0.3731
0;0.4367;0.5557;-0.736;-0.3783
0;0.4372;0.6415;-0.712;-0.3739
0;0.4404;0.604;-0.5992;-0.3389
1;0.4491;0.5698;-0.1941;-0.2347
0;0.4507;0.6301;-0.2113;-0.1363
0;0.4426;0.5124;-0.5509;-0.126
0;0.4454;0.5538;-0.4457;-0.0929
0;0.4417;0.452;-0.6047;-0.0971
0;0.4411;0.4652;-0.6573;-0.1047
0;0.4451;0.5008;-0.4758;-0.0752
2;0.4442;0.5707;-0.5161;-0.0589
0;0.4449;0.5795;-0.4959;-0.0393
0;0.4482;0.5287;-0.4264;0.004
0;0.4485;0.5785;-0.4061;0.0411
0;0.4499;0.6659;-0.2235;0.0814
0;0.4475;0.6242;-0.3765;0.0924
0;0.4473;0.5884;-0.3941;0.0978
0;0.4482;0.4855;-0.3353;0.1087
0;0.445;0.4127;-0.5412;0.0894
0;0.4443;0.534;-0.7692;0.0671
2;0.4428;0.4453;-0.8667;0.036
0;0.4423;0.5153;-0.9037;0.0072
0;0.4349;0.3869;-0.8266;-0.0788
0;0.4323;0.2526;-0.9105;-0.1678
0;0.43;0.2401;-0.8444;-0.2552
0;0.4225;0.1711;-0.8715;-0.3854
0;0.4254;0.1645;-0.7793;-0.4587
0;0.4283;0.2222;-0.6838;-0.4872
0;0.4293;0.2145;-0.6325;-0.4961
0;0.4354;0.3476;-0.3559;-0.446
0;0.443;0.4542;-0.1133;-0.3378
1;0.443;0.4447;-0.11;-0.2482
0;0.4462;0.5126;-0.0855;-0.1483
0;0.4394;0.4528;-0.3097;-0.126
0;0.4355;0.4335;-0.4366;-0.1398
0;0.4364;0.4463;-0.4876;-0.1416
0;0.4319;0.4716;-0.7231;-0.1796
0;0.4261;0.4441;-0.9693;-0.2572
2;0.4322;0.5182;-0.6401;-0.2638
0;0.4386;0.6383;-0.3945;-0.212
0;0.4352;0.5837;-0.5225;-0.1972
0;0.4358;0.5664;-0.5017;-0.1789
0;0.4309;0.5135;-0.64;-0.2037
1;0.4306;0.4553;-0.6074;-0.2241
0;0.4301;0.3638;-0.6281;-0.2417
2;0.4413;0.4854;-0.1794;-0.1576
0;0.436;0.4154;-0.4084;-0.1355
0;0.4395;0.5008;-0.2595;-0.0869
0;0.4411;0.5507;-0.1908;-0.034
0;0.4453;0.5763;-0.0226;0.0439
1;0.4476;0.64;-0.1949;0.1246
0;0.4516;0.7351;-0.0706;0.2204
0;0.464;0.7626;-0.1141;0.3987
0;0.4727;0.7714;-0.0643;0.6089
0;0.4786;0.8313;0.0;0.8183
0;0.4763;0.8011;-0.1135;0.9548
0;0.4761;0.8608;-0.1373;1.0506
0;0.4797;0.8731;-0.0717;1.1455
0;0.4803;0.8803;-0.0633;1.2134
0;0.4855;0.8683;-0.0769;1.2982
0;0.4796;0.8605;-0.2118;1.301
0;0.4855;0.8659;-0.0833;1.3397
0;0.4793;0.7832;-0.4311;1.3033
0;0.4875;0.7952;-0.2218;1.3302
0;0.4914;0.7995;-0.0463;1.3701
0;0.4917;0.7891;-0.0933;1.39
0;0.4939;0.7527;0.0;1.4092
0;0.4905;0.6661;-0.1869;1.3812
1;0.4879;0.5915;-0.3545;1.3216
0;0.491;0.6434;-0.1693;1.2873
0;0.5027;0.7114;-0.0072;1.3458
0;0.5087;0.7221;-0.0899;1.4286
0;0.5196;0.7601;-0.0169;1.5716
0;0.5125;0.6736;-0.2405;1.6067
0;0.516;0.7422;-0.1959;1.6477
0;0.5121;0.6814;-0.295;1.6291
0;0.5094;0.7156;-0.3626;1.5742
0;0.5081;0.6643;-0.3941;1.5036
2;0.5136;0.6727;-0.2721;1.4785
0;0.5151;0.6781;-0.2339;1.4553
0;0.5218;0.6991;-0.0712;1.4787
0;0.5297;0.762;-0.0827;1.5485
0;0.5287;0.7798;-0.1333;1.5787
1;0.5293;0.772;-0.1172;1.5911
0;0.524;0.6667;-0.2529;1.539
0;0.5233;0.6244;-0.2713;1.4755
0;0.5226;0.5305;-0.3925;1.4038
2;0.5089;0.4674;-0.8692;1.2157
0;0.5112;0.455;-0.7882;1.0745
0;0.5028;0.4206;-0.983;0.881
0;0.5108;0.5106;-0.6582;0.7862
0;0.5047;0.475;-0.8291;0.6522
0;0.5046;0.428;-0.8333;0.5381
0;0.5037;0.4086;-0.7666;0.435
0;0.502;0.3276;-0.7863;0.3353
0;0.4976;0.202;-0.9;0.216
0;0.4934;0.1906;-0.8739;0.0838
0;0.4964;0.2224;-0.7458;0.0039
0;0.4881;0.2118;-0.8455;-0.1291
0;0.4885;0.2188;-0.7048;-0.2295
0;0.4599;0.151;-0.8743;-0.5486
0;0.4521;0.1617;-0.7618;-0.8604
0;0.4474;0.1301;-0.7993;-1.1373
0;0.449;0.1614;-0.778;-1.3297
0;0.4669;0.2555;-0.537;-1.3147
0;0.456;0.2422;-0.6736;-1.382
0;0.4504;0.2291;-0.7497;-1.4675
0;0.4565;0.2758;-0.6334;-1.4675
1;0.4499;0.2632;-0.7071;-1.5083
0;0.4481;0.2696;-0.6337;-1.5398
0;0.4436;0.2689;-0.6878;-1.5863
0;0.4434;0.2479;-0.966;-1.6076
0;0.4403;0.2606;-0.8961;-1.634
0;0.4328;0.2399;-0.8683;-1.7008
0;0.433;0.3288;-0.8282;-1.7338
0;0.4334;0.369;-0.7749;-1.7376
0;0.4218;0.3364;-0.5829;-1.8212
0;0.4185;0.3093;-0.6287;-1.8952
0;0.4287;0.2344;-0.3997;-1.8473
0;0.4317;0.3109;-0.3451;-1.764
0;0.4319;0.3425;-0.2943;-1.6782
0;0.4292;0.2532;-0.3226;-1.6156
0;0.4253;0.2662;-0.3086;-1.5827
1;0.4308;0.3471;-0.1441;-1.4928
0;0.4394;0.4651;-0.006;-1.3336
0;0.4415;0.4849;-0.0735;-1.1758
0;0.4311;0.4343;-0.4645;-1.1275
0;0.4174;0.3983;-0.9509;-1.194
0;0.4162;0.3909;-0.8015;-1.2437
0;0.4199;0.4155;-0.6998;-1.2383
0;0.424;0.5155;-0.5856;-1.186
2;0.4113;0.4562;-0.9355;-1.2396
0;0.406;0.3531;-0.9842;-1.3144
0;0.4047;0.321;-0.9783;-1.37
0;0.3434;0.1761;-0.925;-1.9199
0;0.3294;0.1626;-0.8606;-2.4517
0;0.3437;0.2426;-0.7229;-2.7226
0;0.3339;0.2021;-0.8016;-2.9902
0;0.3039;0.1321;-0.9919;-3.4247
0;0.3148;0.1717;-0.892;-3.6376
0;0.3192;0.2008;-0.8534;-3.7294
0;0.3172;0.2141;-0.8561;-3.7797
0;0.3207;0.231;-0.824;-3.7495
0;0.3168;0.2101;-0.7779;-3.7187
1;0.3062;0.1803;-0.9138;-3.7449
0;0.3053;0.1926;-0.9301;-3.7334
0;0.3089;0.2157;-0.865;-3.6543
0;0.3088;0.2172;-0.7397;-3.5539
0;0.3258;0.4298;-0.0961;-3.293
0;0.3232;0.4728;-0.2806;-3.0746
0;0.3249;0.4068;-0.238;-2.8554
1;0.328;0.4687;-0.1254;-2.6258
0;0.3296;0.6949;-0.1216;-2.4041
0;0.3422;0.7026;-0.055;-2.0963
0;0.335;0.6123;-0.2308;-1.8926
0;0.3289;0.5791;-0.3844;-1.764
0;0.3224;0.5111;-0.5467;-1.6996
0;0.3261;0.5604;-0.5469;-1.5988
0;0.3347;0.6889;-0.3695;-1.43
2;0.3217;0.594;-0.8576;-1.3916
0;0.3298;0.6139;-0.5821;-1.278
0;0.3348;0.6342;-0.3857;-1.133
0;0.3398;0.5826;-0.1857;-0.964
0;0.3069;0.4294;-0.8604;-1.0998
0;0.3121;0.4462;-0.7294;-1.1509
0;0.3019;0.396;-0.9616;-1.2659
0;0.3055;0.4058;-0.8763;-1.3126
0;0.3023;0.3313;-0.951;-1.3621
2;0.3002;0.346;-0.9109;-1.405
0;0.2933;0.3436;-0.9768;-1.4826
0;0.2957;0.3786;-0.8997;-1.5074
0;0.3008;0.3861;-0.801;-1.4675
0;0.2972;0.3238;-0.7475;-1.451
0;0.2948;0.3593;-0.8384;-1.4432
0;0.2935;0.296;-0.8855;-1.4324
1;0.2966;0.2807;-0.6667;-1.3828
0;0.296;0.235;-0.6961;-1.3336
0;0.2946;0.3796;-0.7745;-1.2929
0;0.2925;0.2959;-0.8873;-1.2647
0;0.2878;0.334;-1.0;-1.2694
0;0.2849;0.2538;-0.9268;-1.2841
0;0.2905;0.3659;-0.6732;-1.2348
0;0.3005;0.5034;-0.0802;-1.0974
0;0.306;0.6259;-0.0519;-0.9309
0;0.307;0.615;-0.1217;-0.7816
0;0.3173;0.6512;-0.1098;-0.5686
1;0.3123;0.6355;-0.2383;-0.4368
0;0.3147;0.679;-0.1752;-0.3077
0;0.3076;0.6146;-0.3598;-0.263
0;0.3101;0.6106;-0.2967;-0.2044
0;0.3075;0.5906;-0.399;-0.1782
2;0.3055;0.5856;-0.5361;-0.1725
0;0.3051;0.6017;-0.7879;-0.1691
0;0.3039;0.6389;-0.859;-0.1747
0;0.305;0.6783;-0.8062;-0.168
0;0.2968;0.554;-0.9843;-0.2304
0;0.296;0.4541;-0.9277;-0.2847
0;0.293;0.3624;-0.9565;-0.3497
0;0.2871;0.3098;-0.9369;-0.4467
0;0.2787;0.1176;-0.992;-0.5901
0;0.2763;0.1238;-0.8326;-0.7175
0;0.2714;0.0696;-0.9361;-0.8513
0;0.2696;0.0778;-0.9811;-0.963
0;0.2716;0.0685;-0.9227;-1.024
0;0.2507;0.0486;-0.8621;-1.239
0;0.2437;0.045;-0.9699;-1.4539
0;0.2372;0.0413;-0.975;-1.6635
0;0.2375;0.0466;-0.9235;-1.8079
0;0.2408;0.0739;-0.8595;-1.875
0;0.2334;0.0747;-0.984;-1.9705
0;0.2338;0.0801;-0.9753;-2.0218
0;0.2359;0.1104;-0.8503;-2.0225
0;0.2303;0.1108;-0.9335;-2.0488
0;0.2258;0.117;-0.9782;-2.0867
0;0.2063;0.0939;-0.9541;-2.2593
0;0.2095;0.1331;-0.8636;-2.3445
0;0.2092;0.1356;-0.8392;-2.3891
0;0.2061;0.1102;-0.9123;-2.4255
0;0.2029;0.1398;-0.9219;-2.4552
0;0.1992;0.1467;-0.8924;-2.4846
0;0.1993;0.1664;-0.8889;-2.4798
0;0.2007;0.1807;-0.8148;-2.4383
0;0.2025;0.1597;-0.782;-2.3645
0;0.2119;0.3159;-0.372;-2.2012
0;0.2148;0.3442;-0.1262;-2.0247
1;0.2142;0.3167;-0.1624;-1.8696
0;0.2356;0.5347;-0.0365;-1.546
0;0.2495;0.6404;-0.0534;-1.1564
0;0.2428;0.7544;-0.1602;-0.8937
0;0.2467;0.7568;-0.0981;-0.6444
0;0.2407;0.7011;-0.1948;-0.4923
0;0.2474;0.7527;-0.0974;-0.31
0;0.2452;0.7611;-0.1507;-0.1822
2;0.2524;0.8156;-0.1553;-0.0186
0;0.2528;0.8162;-0.1612;0.1143
0;0.2603;0.8285;-0.1009;0.2812
0;0.2737;0.848;-0.0078;0.5233
0;0.2684;0.7875;-0.1606;0.6634
0;0.2621;0.7327;-0.342;0.7134
0;0.2786;0.7743;-0.0416;0.8856
0;0.2809;0.7303;-0.1181;1.0309
0;0.2829;0.6933;-0.0876;1.152
0;0.2841;0.7547;-0.0685;1.2451
0;0.2866;0.7506;-0.0955;1.3266
0;0.2967;0.8346;-0.0161;1.4621
0;0.2888;0.7436;-0.3002;1.4863
0;0.2783;0.6783;-0.5625;1.401
0;0.2718;0.6051;-0.7254;1.2633
0;0.2723;0.6054;-0.7559;1.146
0;0.2751;0.5844;-0.7912;1.0651
2;0.2634;0.4405;-0.9654;0.8909
0;0.2648;0.4781;-0.8996;0.7556
0;0.2645;0.5159;-0.8694;0.6387
0;0.2702;0.4353;-0.7345;0.588
0;0.2737;0.4459;-0.651;0.5715
0;0.2631;0.3681;-0.861;0.4631
0;0.2667;0.3879;-0.6654;0.4034
0;0.2522;0.3075;-0.9074;0.2285
0;0.249;0.2113;-0.8846;0.0616
0;0.2621;0.3477;-0.5361;0.04
0;0.256;0.3657;-0.6995;-0.0292
0;0.2634;0.4504;-0.5;-0.0202
0;0.2693;0.4829;-0.3438;0.0368
0;0.2661;0.45;-0.4279;0.0545
1;0.2517;0.4369;-0.8125;-0.0541
0;0.2407;0.3822;-0.7757;-0.233
0;0.2293;0.3447;-0.9978;-0.4683
0;0.2388;0.3663;-0.6745;-0.5678
2;0.2408;0.3579;-0.6316;-0.6234
0;0.2383;0.3848;-0.6842;-0.6812
0;0.2337;0.3479;-0.7843;-0.7592
0;0.2256;0.3699;-0.9608;-0.8812
0;0.2292;0.4033;-0.8824;-0.9375
0;0.232;0.3372;-0.8216;-0.9482
0;0.1887;0.2406;-1.0;-1.3135
0;0.2282;0.391;-0.5122;-1.2525
0;0.2254;0.3617;-0.5467;-1.2148
0;0.2225;0.3623;-0.5822;-1.1966
0;0.2167;0.383;-0.5215;-1.2191
0;0.2001;0.3692;-0.8062;-1.3651
1;0.1844;0.3594;-1.0;-1.5984
0;0.1726;0.2954;-1.0;-1.8658
0;0.16;0.2658;-0.97;-2.1636
0;0.1559;0.2633;-0.7528;-2.4095
0;0.2101;0.4473;-0.228;-2.1177
0;0.2066;0.4567;-0.26;-1.895
0;0.1948;0.4243;-0.3461;-1.8002
0;0.2034;0.4387;-0.2468;-1.6332
0;0.2192;0.574;-0.0801;-1.3501
1;0.2293;0.5031;-0.009;-1.0272
0;0.2269;0.5043;-0.0645;-0.7819
0;0.2162;0.4829;-0.1681;-0.671
0;0.2151;0.4955;-0.1794;-0.5865
0;0.2059;0.517;-0.3775;-0.5915
0;0.1836;0.4977;-0.9603;-0.7783
0;0.2018;0.5792;-0.591;-0.7632
0;0.1916;0.5869;-0.7796;-0.8294
0;0.2012;0.6207;-0.601;-0.7911
0;0.2133;0.5108;-0.3773;-0.6503
0;0.2111;0.5156;-0.4174;-0.5508
1;0.2051;0.5374;-0.4149;-0.5177
0;0.2046;0.5048;-0.4217;-0.4899
0;0.1992;0.4164;-0.5189;-0.5093
0;0.2016;0.3766;-0.4588;-0.4987
2;0.1927;0.3558;-0.6793;-0.5605
0;0.1812;0.3534;-0.8837;-0.7009
0;0.1696;0.325;-0.9929;-0.9025
0;0.1873;0.4328;-0.5505;-0.9014
0;0.1799;0.4851;-0.6742;-0.9536
0;0.1698;0.3616;-0.8446;-1.0708
0;0.171;0.4035;-0.7976;-1.141
0;0.1593;0.3074;-0.9945;-1.2835
0;0.1465;0.1952;-0.9471;-1.4911
0;0.1541;0.2523;-0.7401;-1.5741
0;0.1714;0.3665;-0.3928;-1.4762
0;0.1863;0.4349;-0.133;-1.2569
0;0.1886;0.4614;-0.0939;-1.0516
0;0.1888;0.4529;-0.0892;-0.8765
1;0.1808;0.4559;-0.32;-0.7972
0;0.1826;0.5058;-0.2924;-0.7109
0;0.1832;0.5597;-0.2841;-0.6309
0;0.1788;0.4579;-0.3503;-0.5977
0;0.1924;0.5586;-0.1421;-0.4501
0;0.1928;0.619;-0.1919;-0.3259
0;0.1868;0.5775;-0.4897;-0.2758
0;0.1939;0.6781;-0.2566;-0.1731
0;0.2111;0.819;-0.0957;0.0561
1;0.2116;0.8052;-0.0855;0.2399
0;0.2137;0.7679;-0.1289;0.4005
0;0.2188;0.7351;-0.0925;0.5662
0;0.2148;0.6848;-0.1749;0.6564
0;0.2239;0.7196;-0.0291;0.7975
0;0.2381;0.8328;-0.0639;1.0208
0;0.2313;0.7678;-0.1753;1.1287
0;0.2335;0.7718;-0.1559;1.2199
0;0.2333;0.8079;-0.1681;1.2774
0;0.2364;0.782;-0.1403;1.335
0;0.2298;0.7201;-0.3054;1.3106
2;0.243;0.8081;-0.0152;1.3896
0;0.2391;0.7564;-0.1951;1.4035
0;0.248;0.7309;-0.0323;1.4751
0;0.2439;0.694;-0.2071;1.4815
0;0.2382;0.6405;-0.4485;1.422
1;0.2364;0.6047;-0.5379;1.3448
0;0.2401;0.6516;-0.3826;1.301
0;0.2377;0.5904;-0.4811;1.2328
2;0.2303;0.444;-0.7955;1.1028
0;0.2279;0.4739;-0.8223;0.9687
0;0.2164;0.3858;-0.9215;0.7552
0;0.2237;0.4413;-0.7165;0.6408
0;0.2292;0.4574;-0.5564;0.5904
0;0.2171;0.4294;-0.8917;0.4422
0;0.2251;0.3943;-0.6133;0.3887
0;0.2444;0.5266;-0.0681;0.5056
1;0.252;0.5205;-0.1104;0.6572
0;0.253;0.5475;-0.1152;0.7781
0;0.2614;0.6181;-0.0733;0.936
0;0.2695;0.6586;-0.0401;1.1198
0;0.2578;0.5791;-0.2441;1.1536
0;0.2546;0.5745;-0.3005;1.1406
0;0.262;0.64;-0.1721;1.1807
0;0.2673;0.6692;-0.0798;1.2448
0;0.2605;0.6973;-0.254;1.2242
2;0.2588;0.6658;-0.3356;1.1812
0;0.2601;0.6519;-0.5058;1.1454
0;0.2653;0.7538;-0.2819;1.1494
0;0.2514;0.6301;-0.8803;1.022
0;0.2566;0.5704;-0.6538;0.9551
0;0.2649;0.5739;-0.28;0.9632
0;0.2603;0.5399;-0.4691;0.9197
0;0.2554;0.4662;-0.608;0.8345
0;0.2546;0.4072;-0.5963;0.7516
1;0.2575;0.4975;-0.4268;0.7028
0;0.2515;0.4788;-0.6992;0.6057
0;0.2141;0.2705;-0.926;0.2055
0;0.2176;0.2577;-0.8637;-0.0822
0;0.207;0.2485;-0.9327;-0.398
0;0.1804;0.2012;-0.9442;-0.8684
0;0.1766;0.188;-0.977;-1.2618
0;0.1571;0.1347;-0.9613;-1.7238
0;0.16;0.1666;-0.9235;-2.0451
0;0.1614;0.143;-0.9108;-2.2644
0;0.1469;0.0767;-0.9863;-2.5359
0;0.1609;0.1657;-0.8396;-2.6046
0;0.1599;0.1701;-0.8108;-2.6395
0;0.1735;0.2429;-0.6048;-2.523
0;0.1718;0.2263;-0.5894;-2.419
0;0.1834;0.2901;-0.043;-2.213
1;0.192;0.417;-0.0582;-1.9548
0;0.1859;0.3832;-0.1921;-1.7824
0;0.1936;0.4496;-0.053;-1.5622
0;0.1973;0.5768;-0.1401;-1.3408
0;0.1914;0.5662;-0.242;-1.2017
0;0.1854;0.6436;-0.393;-1.1306
0;0.1982;0.6761;-0.16;-0.9542
0;0.1898;0.6231;-0.4296;-0.876
0;0.1904;0.7139;-0.4243;-0.8006
0;0.1943;0.6827;-0.4811;-0.6991
0;0.1895;0.655;-0.6856;-0.6529
1;0.1846;0.5639;-0.8608;-0.6508
2;0.1884;0.5933;-0.7067;-0.6102
0;0.1861;0.517;-0.6703;-0.5908
0;0.1896;0.4843;-0.4424;-0.5394
0;0.1849;0.4932;-0.6846;-0.5337
0;0.1974;0.5244;-0.0545;-0.4174
1;0.2111;0.5786;-0.0793;-0.2052
0;0.2057;0.5822;-0.337;-0.0809
0;0.2148;0.6628;-0.1167;0.0942
0;0.2193;0.6292;-0.0444;0.2702
0;0.2205;0.7053;-0.0737;0.4158
0;0.226;0.7236;-0.1233;0.5728
0;0.2193;0.6511;-0.2919;0.6331
0;0.2173;0.6746;-0.3289;0.657
0;0.2179;0.7208;-0.3231;0.6743
0;0.2052;0.5998;-0.6111;0.573
0;0.2053;0.6166;-0.9139;0.4879
2;0.2084;0.615;-0.7084;0.4424
0;0.2075;0.6455;-0.7325;0.3942
0;0.2071;0.5738;-0.7446;0.3483
0;0.215;0.5329;-0.5325;0.3756
1;0.2148;0.5827;-0.5373;0.3917
0;0.2117;0.4689;-0.5824;0.3734
0;0.2067;0.3727;-0.7287;0.313
0;0.2135;0.4363;-0.5293;0.3194
0;0.2301;0.5306;-0.0322;0.4617
0;0.2334;0.6126;-0.0173;0.5971
0;0.2555;0.7307;-0.0218;0.8854
0;0.2598;0.7422;-0.1171;1.1397
1;0.2483;0.7524;-0.3;1.2303
0;0.2459;0.7313;-0.341;1.2679
0;0.249;0.731;-0.2921;1.3101
0;0.2502;0.7423;-0.2719;1.3401
0;0.2476;0.7246;-0.3164;1.3274
2;0.2503;0.7076;-0.3097;1.3262
0;0.2472;0.6837;-0.5023;1.2844
0;0.25;0.7187;-0.491;1.2624
0;0.2423;0.6965;-0.8343;1.1659
0;0.2367;0.63;-0.9349;1.0301
0;0.2447;0.5909;-0.5382;0.9803
2;0.2474;0.5876;-0.434;0.9535
0;0.2447;0.411;-0.5382;0.8994
0;0.2394;0.3343;-0.7431;0.8021
0;0.2475;0.493;-0.3716;0.7857
1;0.2529;0.5574;-0.1418;0.8103
0;0.2475;0.4887;-0.3716;0.7753
0;0.2454;0.4629;-0.4598;0.7219
0;0.2439;0.4708;-0.5175;0.6591
0;0.2345;0.3869;-0.8592;0.5225
0;0.2338;0.4013;-0.798;0.404
2;0.2316;0.362;-0.8795;0.2872
0;0.2165;0.3261;-0.8423;0.0639
0;0.2179;0.3659;-0.8115;-0.1006
0;0.2116;0.2579;-0.9462;-0.2825
0;0.2162;0.2778;-0.8319;-0.3839
0;0.2162;0.2889;-0.8319;-0.4597
0;0.2291;0.4311;-0.5088;-0.4053
0;0.2289;0.3614;-0.4164;-0.3596
0;0.2211;0.2713;-0.5908;-0.3863
1;0.2209;0.2933;-0.5969;-0.4048
0;0.2233;0.3292;-0.5138;-0.3944
0;0.2249;0.3537;-0.4642;-0.3683
2;0.2229;0.3997;-0.5327;-0.3606
0;0.2261;0.4354;-0.4237;-0.324
0;0.2248;0.4427;-0.566;-0.3024
0;0.2265;0.6099;-0.5259;-0.2685
0;0.2152;0.4756;-0.9923;-0.3344
0;0.2168;0.5516;-0.8198;-0.369
0;0.2265;0.5929;-0.4351;-0.3098
0;0.222;0.5486;-0.626;-0.2981
0;0.2245;0.4539;-0.5229;-0.2651
0;0.222;0.4343;-0.626;-0.2569
1;0.2251;0.5429;-0.4962;-0.2218
0;0.2229;0.521;-0.5878;-0.2101
2;0.2242;0.5094;-0.5344;-0.1879
0;0.2273;0.5236;-0.4046;-0.1425
0;0.2258;0.5294;-0.4656;-0.1174
0;0.2236;0.4738;-0.6125;-0.1155
0;0.2303;0.5513;-0.1429;-0.0555
0;0.234;0.568;-0.2449;0.0237
0;0.2435;0.7625;-0.0909;0.166
0;0.2459;0.7661;-0.0621;0.297
0;0.2486;0.7316;-0.1432;0.42
0;0.2617;0.8528;-0.1133;0.624
0;0.2557;0.7609;-0.2412;0.7268
0;0.2529;0.7564;-0.3009;0.7765
0;0.2526;0.7387;-0.3084;0.8043
0;0.2463;0.6891;-0.4937;0.7642
0;0.2424;0.6415;-0.6406;0.6917
2;0.2356;0.5616;-0.9515;0.5699
0;0.2338;0.5586;-0.8695;0.4526
0;0.2386;0.6061;-0.7459;0.3959
0;0.2436;0.5964;-0.6154;0.3898
0;0.2504;0.6135;-0.4258;0.4382
0;0.2501;0.5529;-0.3398;0.4694
0;0.2553;0.5718;-0.0167;0.5332
0;0.2526;0.5301;-0.1401;0.5542
0;0.2563;0.4522;-0.28;0.597
0;0.2536;0.4805;-0.3506;0.6014
0;0.2536;0.5071;-0.3506;0.5985
0;0.2555;0.5286;-0.3478;0.6059
0;0.2603;0.6393;-0.2149;0.6458
0;0.2672;0.7323;-0.0103;0.7292
0;0.2693;0.845;-0.0285;0.8047
0;0.2604;0.7375;-0.3808;0.7801
0;0.2605;0.7135;-0.4435;0.7531
0;0.2536;0.5942;-0.7615;0.6659
0;0.252;0.5169;-0.8368;0.5763
0;0.246;0.4614;-0.978;0.4484
2;0.258;0.5216;-0.4908;0.4445
0;0.2598;0.5613;-0.4139;0.4528
0;0.2599;0.5323;-0.4103;0.4553
0;0.2506;0.4755;-0.7912;0.3729
0;0.2556;0.5147;-0.5603;0.3469
1;0.262;0.545;-0.0707;0.377
0;0.2616;0.51;-0.1589;0.3936
0;0.2589;0.434;-0.3037;0.3788
0;0.2493;0.3591;-0.7991;0.2822
0;0.2636;0.5212;-0.0585;0.3245
0;0.2641;0.5235;-0.2358;0.3583
0;0.2572;0.5235;-0.5677;0.323
0;0.2573;0.5353;-0.5633;0.2925
0;0.2482;0.5144;-0.9705;0.1883
0;0.2401;0.3801;-0.9846;0.0354
0;0.2343;0.3368;-0.9872;-0.1351
2;0.2281;0.3113;-0.9558;-0.3207
0;0.2322;0.3841;-0.8589;-0.4284
0;0.2311;0.3373;-0.8502;-0.5178
0;0.2254;0.2545;-0.903;-0.6316
0;0.2231;0.2482;-0.943;-0.7337
0;0.2185;0.2425;-0.9339;-0.8453
0;0.2164;0.2678;-0.9814;-0.9426
0;0.2194;0.1297;-0.861;-0.9833
0;0.2255;0.2041;-0.618;-0.9537
0;0.2175;0.2005;-0.7755;-0.9883
0;0.222;0.2513;-0.602;-0.9661
0;0.2271;0.3419;-0.4116;-0.8955
1;0.2186;0.34;-0.6308;-0.9023
0;0.2238;0.4216;-0.3598;-0.8537
0;0.221;0.4438;-0.4802;-0.8308
0;0.2201;0.3988;-0.5297;-0.8117
0;0.2243;0.4459;-0.297;-0.752
2;0.2337;0.562;-0.1854;-0.6176
0;0.2261;0.5206;-0.4636;-0.5693
0;0.2314;0.5884;-0.3164;-0.4802
0;0.2327;0.6133;-0.2617;-0.3942
0;0.2278;0.5568;-0.4727;-0.3635
0;0.2385;0.5832;-0.1215;-0.2445
0;0.2329;0.6019;-0.3725;-0.1956
0;0.2382;0.6056;-0.1336;-0.1099
0;0.2336;0.5425;-0.3556;-0.0809
0;0.2378;0.633;-0.2135;-0.0214
0;0.2422;0.6288;-0.0455;0.0632
0;0.2508;0.6939;-0.2766;0.2025
0;0.2539;0.7136;-0.1989;0.3361
0;0.258;0.7133;-0.0769;0.4729
0;0.2622;0.6931;-0.0272;0.6108
0;0.2607;0.7556;-0.075;0.7008
0;0.2643;0.7493;-0.0158;0.7947
0;0.2589;0.6863;-0.1768;0.8137
0;0.2617;0.7484;-0.0923;0.8445
0;0.2624;0.7048;-0.108;0.8651
0;0.2607;0.7562;-0.2819;0.8585
0;0.2598;0.7166;-0.3443;0.8365
2;0.2577;0.7548;-0.5118;0.7919
0;0.2571;0.7202;-0.5767;0.7431
0;0.2617;0.7219;-0.2924;0.7364
0;0.2661;0.6916;-0.0714;0.7601
0;0.2659;0.6626;-0.107;0.7691
0;0.265;0.6032;-0.1604;0.7604
0;0.258;0.4431;-0.5722;0.6867
1;0.2583;0.4655;-0.5561;0.6236
0;0.2546;0.3622;-0.7754;0.5359
2;0.246;0.3326;-0.9877;0.3879
0;0.2472;0.3015;-0.9344;0.277
0;0.2547;0.4124;-0.5902;0.251
0;0.2562;0.4472;-0.5246;0.24
0;0.2565;0.4612;-0.5082;0.2318
0;0.2728;0.6325;-0.1199;0.3612
0;0.2743;0.6491;-0.1497;0.4723
0;0.2786;0.6463;-0.0736;0.5907
0;0.2819;0.6401;-0.0147;0.706
0;0.2898;0.6863;-0.0239;0.8566
0;0.2864;0.6604;-0.1014;0.9371
0;0.2839;0.7071;-0.1642;0.9692
0;0.2895;0.7304;-0.2085;1.0323
0;0.2909;0.7772;-0.1816;1.0825
0;0.2846;0.806;-0.3461;1.0571
0;0.2851;0.804;-0.5509;1.0305
0;0.2825;0.7418;-0.747;0.9764
0;0.2777;0.6765;-0.9486;0.8822
0;0.2791;0.6821;-0.8453;0.8108
2;0.2743;0.5152;-0.9893;0.7055
0;0.2838;0.5809;-0.6143;0.6953
0;0.2833;0.5437;-0.6321;0.6761
0;0.2861;0.5391;-0.3909;0.6774
0;0.2971;0.5638;-0.0154;0.7645
0;0.2943;0.5701;-0.1346;0.8013
0;0.2963;0.6109;-0.0784;0.8386
0;0.2885;0.4907;-0.403;0.7926
0;0.2929;0.5162;-0.2201;0.7854
0;0.2999;0.6235;-0.0035;0.831
0;0.3038;0.6428;-0.0795;0.8909
0;0.3162;0.7242;-0.1667;1.0341
0;0.311;0.7208;-0.3262;1.0916
0;0.2979;0.6081;-0.6556;1.0146
0;0.2985;0.6457;-0.6424;0.9477
0;0.297;0.5884;-0.6777;0.8728
0;0.292;0.5544;-0.8013;0.7617
2;0.2992;0.5779;-0.6446;0.7272
0;0.3009;0.5254;-0.6667;0.7068
0;0.297;0.5179;-0.7753;0.6504
0;0.2982;0.5126;-0.7424;0.609
0;0.3065;0.6196;-0.5101;0.6403
1;0.2999;0.5453;-0.662;0.6023
0;0.2922;0.4505;-0.8259;0.5003
0;0.2929;0.4274;-0.693;0.4207
0;0.2917;0.3079;-0.75;0.3436
0;0.297;0.3907;-0.4912;0.3244
2;0.2944;0.4671;-0.6184;0.2836
0;0.2981;0.4968;-0.4386;0.2797
0;0.2896;0.4419;-0.8509;0.2019
0;0.2847;0.4426;-0.9121;0.0965
0;0.293;0.4519;-0.5639;0.0827
0;0.2942;0.448;-0.2973;0.0816
0;0.2875;0.4288;-0.6978;0.0226
2;0.2977;0.497;-0.0714;0.063
0;0.2953;0.4205;-0.2198;0.0735
1;0.3026;0.519;-0.0176;0.1429
0;0.3011;0.5688;-0.2046;0.1831
0;0.3048;0.5878;-0.1512;0.2441
0;0.3064;0.6077;-0.2042;0.3033
0;0.3056;0.5672;-0.2533;0.3399
0;0.3069;0.6003;-0.2145;0.3765
0;0.2966;0.4889;-0.6125;0.3136
0;0.3037;0.6037;-0.3451;0.321
0;0.2979;0.5966;-0.6864;0.2745
0;0.2977;0.5395;-0.6949;0.2335
0;0.2992;0.5409;-0.6435;0.2109
2;0.3015;0.625;-0.5304;0.2107
1;0.2962;0.4851;-0.787;0.1633
0;0.2928;0.4759;-0.7541;0.0952
0;0.2975;0.4483;-0.5372;0.0802
0;0.2948;0.4379;-0.6221;0.0446
0;0.3023;0.4778;-0.1309;0.0803
0;0.3095;0.5262;-0.1119;0.1687
0;0.2997;0.4577;-0.5759;0.1533
1;0.2985;0.4388;-0.6192;0.1288
0;0.2945;0.4835;-0.7554;0.0745
0;0.2981;0.4529;-0.6316;0.0615
0;0.2937;0.4635;-0.7833;0.0132
2;0.2956;0.4819;-0.7296;-0.0089
0;0.2976;0.4865;-0.6604;-0.0095
0;0.294;0.4391;-0.783;-0.0396
0;0.2972;0.5084;-0.8044;-0.0362
0;0.2985;0.5505;-0.7479;-0.0216
1;0.301;0.5321;-0.3857;0.0107
0;0.2967;0.5168;-0.6994;-6.0E-4
0;0.2939;0.4181;-0.7667;-0.0332
0;0.2906;0.3019;-0.728;-0.0861
0;0.2906;0.3801;-0.728;-0.1268
0;0.2897;0.3837;-0.7699;-0.1652
2;0.2797;0.3305;-0.9641;-0.2786
0;0.2759;0.2469;-0.8597;-0.3971
0;0.2768;0.2908;-0.8342;-0.4786
0;0.2813;0.334;-0.7066;-0.4994
0;0.2791;0.286;-0.7391;-0.5297
0;0.2726;0.2676;-0.9375;-0.603
0;0.2744;0.2455;-0.7951;-0.639
0;0.2788;0.2938;-0.6179;-0.6232
0;0.2689;0.2101;-0.9497;-0.6882
0;0.2685;0.2259;-0.931;-0.7359
0;0.2742;0.3195;-0.6858;-0.7168
0;0.282;0.4266;-0.3563;-0.6283
0;0.2731;0.3705;-0.7356;-0.6277
0;0.2726;0.373;-0.7548;-0.6243
0;0.2657;0.3908;-0.9146;-0.6739
0;0.2703;0.4564;-0.6692;-0.6669
0;0.2634;0.4056;-0.6631;-0.7124
2;0.2614;0.3548;-0.7215;-0.7575
0;0.2692;0.4331;-0.4934;-0.7192
0;0.2689;0.4728;-0.5013;-0.6837
0;0.2731;0.491;-0.3767;-0.6126
0;0.2719;0.4483;-0.3442;-0.5607
0;0.2738;0.5412;-0.0728;-0.4979
1;0.2742;0.5488;-0.1051;-0.4392
0;0.2719;0.479;-0.2022;-0.4083
0;0.2702;0.3811;-0.2708;-0.3941
0;0.2609;0.3784;-0.7149;-0.4575
0;0.2585;0.3646;-0.7907;-0.5225
0;0.2597;0.4355;-0.7403;-0.5582
0;0.2601;0.3785;-0.711;-0.5773
0;0.2594;0.4433;-0.7414;-0.5924
0;0.2641;0.535;-0.5399;-0.5574
0;0.2619;0.3896;-0.635;-0.5431
1;0.2611;0.3834;-0.6692;-0.5329
0;0.2695;0.4511;-0.1589;-0.4482
0;0.2756;0.5431;-0.012;-0.3248
0;0.2745;0.5083;-0.3511;-0.2334
0;0.2756;0.5157;-0.3179;-0.1497
0;0.2794;0.586;-0.199;-0.0491
0;0.2762;0.5661;-0.3648;0.003
0;0.2777;0.7229;-0.3159;0.0571
0;0.2775;0.7648;-0.3263;0.0967
0;0.2767;0.7413;-0.3566;0.1208
0;0.2822;0.7738;-0.1468;0.1846
0;0.284;0.7971;-0.1039;0.2482
0;0.285;0.7768;-0.0563;0.3042
0;0.2834;0.7918;-0.1299;0.332
0;0.2818;0.7746;-0.3892;0.3365
0;0.2772;0.6138;-0.6946;0.2974
0;0.2733;0.4644;-0.9464;0.2304
0;0.2692;0.4245;-0.9401;0.1406
2;0.2703;0.4245;-0.8649;0.0776
0;0.2641;0.2927;-0.9739;-0.0259
0;0.259;0.2791;-0.9491;-0.1501
0;0.2569;0.2362;-0.9742;-0.264
0;0.2519;0.2111;-0.8458;-0.3932
0;0.256;0.2819;-0.7495;-0.4563
0;0.2614;0.2805;-0.5819;-0.4558
0;0.2642;0.2953;-0.4538;-0.4268
0;0.2685;0.3409;-0.2031;-0.3625
0;0.2711;0.3836;-0.1125;-0.2858
1;0.2718;0.4031;-0.0906;-0.217
0;0.2727;0.453;-0.0414;-0.1527
0;0.2743;0.5108;-0.0215;-0.0867
0;0.2794;0.6081;-0.0132;0.0092
0;0.2745;0.5411;-0.2342;0.0433
0;0.2788;0.6512;-0.106;0.1065
0;0.2789;0.7273;-0.2454;0.1559
0;0.2777;0.7426;-0.3527;0.1832
0;0.2804;0.8508;-0.2487;0.2258
0;0.2797;0.818;-0.3032;0.2508
0;0.2847;0.8162;-0.0117;0.3101
0;0.2785;0.6771;-0.4845;0.3005
0;0.2744;0.5734;-0.8688;0.2553
0;0.2754;0.5553;-0.7619;0.2253
0;0.2755;0.5489;-0.7135;0.2001
0;0.2844;0.628;-0.1573;0.2542
2;0.2933;0.6786;-0.0606;0.3693
0;0.2977;0.6747;-0.1;0.4937
1;0.3023;0.7664;-0.0197;0.6256
0;0.3026;0.7467;-0.0277;0.7252
0;0.303;0.7481;-0.0779;0.7991
0;0.3015;0.744;-0.1195;0.8365
0;0.2894;0.577;-0.4675;0.7542
0;0.2907;0.5932;-0.4312;0.6921
0;0.2898;0.5464;-0.5946;0.6281
0;0.2886;0.6022;-0.75;0.5611
2;0.2927;0.6843;-0.595;0.5369
0;0.2944;0.6888;-0.5165;0.5268
0;0.2876;0.6063;-0.8264;0.4556
0;0.286;0.5155;-0.9008;0.3808
0;0.285;0.4004;-0.9422;0.3095
0;0.2808;0.2963;-0.9214;0.2147
0;0.2891;0.354;-0.4673;0.2083
2;0.2881;0.3425;-0.5187;0.1927
0;0.2928;0.3993;-0.2757;0.2182
0;0.2887;0.3788;-0.4907;0.2007
0;0.287;0.4713;-0.5794;0.1702
1;0.2948;0.5423;-0.0221;0.2112
0;0.2973;0.574;-0.0332;0.2619
0;0.3068;0.6539;-0.0;0.3798
0;0.3056;0.6151;-0.0948;0.4586
0;0.3062;0.6076;-0.0734;0.5212
0;0.3078;0.7024;-0.0813;0.578
0;0.3132;0.7537;-0.045;0.6625
0;0.3153;0.7768;-0.1409;0.7398
0;0.3143;0.8244;-0.1685;0.7844
0;0.3112;0.7379;-0.2839;0.7849
0;0.3109;0.7496;-0.3346;0.7747
0;0.3099;0.7036;-0.4617;0.75
0;0.3172;0.8166;-0.1689;0.7842
0;0.3202;0.8588;-0.1047;0.8283
0;0.324;0.8452;-0.0105;0.8866
0;0.3218;0.7923;-0.18;0.9046
0;0.3244;0.7517;-0.104;0.9316
1;0.321;0.7059;-0.2921;0.9136
0;0.3182;0.6509;-0.4455;0.8659
0;0.3196;0.6502;-0.3663;0.8315
0;0.3188;0.5807;-0.4586;0.7886
0;0.3217;0.5903;-0.3208;0.7711
2;0.3136;0.4926;-0.8805;0.6805
0;0.3184;0.5816;-0.5472;0.6428
0;0.3083;0.4758;-0.995;0.5199
0;0.3118;0.5167;-0.8;0.4477
0;0.3119;0.4471;-0.7831;0.3868
0;0.3146;0.444;-0.5748;0.3579
0;0.318;0.4389;-0.3333;0.3598
0;0.3207;0.489;-0.1786;0.3806
1;0.3249;0.5044;-0.2069;0.4284
0;0.3267;0.5578;-0.1207;0.4769
0;0.3291;0.6118;-0.0494;0.5309
0;0.3205;0.5081;-0.4403;0.4946
0;0.3335;0.6074;-0.0075;0.5709
0;0.3313;0.571;-0.1295;0.6065
0;0.3383;0.6853;0.0;0.6875
0;0.341;0.6751;-0.1111;0.7671
0;0.3411;0.8017;-0.1254;0.8224
0;0.3262;0.6097;-0.6667;0.7309
0;0.3291;0.6257;-0.5611;0.6757
0;0.3273;0.5938;-0.6271;0.6096
0;0.3279;0.5762;-0.6073;0.5557
0;0.336;0.6085;-0.38;0.576
2;0.3329;0.5577;-0.5733;0.5596
1;0.3341;0.5542;-0.5111;0.5516
0;0.3347;0.5415;-0.4844;0.544
0;0.337;0.6366;-0.2864;0.5523
0;0.3358;0.5233;-0.2686;0.5422
0;0.3374;0.5631;-0.1657;0.5424
0;0.3402;0.5216;-0.0167;0.5606
0;0.333;0.4168;-0.4611;0.5074
0;0.3221;0.3394;-0.9854;0.3676
0;0.3179;0.4142;-0.9257;0.2181
0;0.3208;0.4142;-0.7432;0.1227
0;0.3235;0.4615;-0.6233;0.0694
2;0.3269;0.4905;-0.5;0.0551
0;0.3311;0.4494;-0.3467;0.0788
0;0.3273;0.4436;-0.4833;0.065
1;0.3285;0.4426;-0.44;0.0634
0;0.3258;0.4131;-0.5274;0.0384
0;0.3322;0.4565;-0.2842;0.073
0;0.3316;0.4618;-0.3082;0.0941
0;0.342;0.5365;-0.0676;0.1983
0;0.3455;0.5411;-0.0028;0.3077
0;0.3445;0.6001;-0.0525;0.3824
0;0.3397;0.6705;-0.2266;0.3962
0;0.335;0.6633;-0.3974;0.3627
0;0.3356;0.6481;-0.3744;0.3379
0;0.3339;0.6056;-0.4368;0.3
2;0.3341;0.5783;-0.4302;0.2686
0;0.3362;0.5583;-0.5247;0.2587
0;0.3325;0.5593;-0.9024;0.2173
0;0.3229;0.4465;-0.8815;0.1012
0;0.3244;0.4864;-0.7796;0.021
0;0.3193;0.3693;-0.9626;-0.0857
0;0.3205;0.3889;-0.9178;-0.1588
0;0.3218;0.2534;-0.8664;-0.2031
0;0.3265;0.2746;-0.6918;-0.1964
0;0.3259;0.2767;-0.7158;-0.1945
0;0.3238;0.296;-0.7945;-0.2087
1;0.3254;0.3671;-0.6355;-0.2037
0;0.3271;0.3857;-0.3071;-0.183
0;0.3274;0.4092;-0.1379;-0.1624
0;0.329;0.431;-0.0806;-0.1312
0;0.3382;0.5237;-0.0227;-0.0265
0;0.3413;0.6013;-0.0122;0.0826
0;0.3424;0.7772;-0.087;0.177
0;0.3495;0.808;-0.0099;0.3098
0;0.3503;0.925;-0.0285;0.4173
0;0.3503;0.9225;-0.0612;0.4975
0;0.356;0.931;-0.0058;0.6042
0;0.354;0.8719;-0.1302;0.6648
0;0.3607;0.9049;0.0;0.7627
0;0.3714;0.9612;-0.0287;0.9222
0;0.3724;0.9607;-0.0264;1.0466
0;0.3695;0.9058;-0.1233;1.1087
0;0.3672;0.8672;-0.2165;1.1266
0;0.3681;0.8656;-0.2027;1.1364
0;0.3627;0.7454;-0.402;1.0857
0;0.37;0.7656;-0.1493;1.0969
2;0.3667;0.7152;-0.3793;1.0655
0;0.3853;0.7634;-0.0372;1.1871
0;0.3729;0.6422;-0.4919;1.1652
0;0.374;0.6471;-0.4528;1.1449
1;0.3832;0.662;-0.1205;1.1956
0;0.3822;0.6692;-0.1596;1.2136
0;0.3921;0.6814;-0.2365;1.2991
0;0.3871;0.5971;-0.3604;1.3102
0;0.3809;0.5493;-0.5135;1.2525
0;0.3823;0.5761;-0.5327;1.2061
0;0.3832;0.5965;-0.5534;1.1645
0;0.3865;0.6077;-0.4911;1.1472
2;0.3861;0.6455;-0.5059;1.1175
0;0.3868;0.6136;-0.511;1.0884
0;0.3829;0.6091;-0.6458;1.0208
0;0.3872;0.5159;-0.4984;0.993
0;0.388;0.656;-0.5219;0.9675
0;0.3903;0.6642;-0.2408;0.9565
0;0.3914;0.5978;-0.466;0.9469
0;0.3909;0.6071;-0.524;0.9255
0;0.3894;0.4592;-0.583;0.8864
0;0.3873;0.5046;-0.6679;0.8284
0;0.3879;0.6475;-0.6458;0.7786
0;0.3867;0.593;-0.7705;0.7211
2;0.3968;0.7075;-0.3291;0.7539
0;0.4092;0.7712;-0.035;0.8768
0;0.4061;0.7252;-0.1653;0.938
0;0.398;0.6076;-0.4997;0.9073
0;0.4004;0.6741;-0.3983;0.8943
1;0.4065;0.685;-0.1503;0.9258
0;0.4001;0.6046;-0.4133;0.8865
2;0.3982;0.5696;-0.4884;0.8307
0;0.3943;0.5246;-0.6574;0.7445
0;0.3909;0.5002;-0.7692;0.64
0;0.3824;0.45;-0.8834;0.4788
0;0.3862;0.4918;-0.7618;0.3785
0;0.3892;0.5088;-0.6556;0.3211
0;0.3946;0.5502;-0.4328;0.3182
0;0.3905;0.4562;-0.5803;0.2776
0;0.3906;0.345;-0.5442;0.2435
1;0.4002;0.4554;-0.1;0.2955
0;0.3997;0.5147;-0.1055;0.3294
0;0.4008;0.5032;-0.0695;0.3619
0;0.4064;0.4992;0.0;0.431
0;0.4148;0.6244;-0.049;0.5522
0;0.4129;0.6244;-0.1594;0.6263
0;0.4167;0.6899;-0.0417;0.7099
0;0.4166;0.7307;-0.1324;0.7674
0;0.4119;0.7848;-0.2703;0.765
0;0.4108;0.7495;-0.3669;0.7449
0;0.4059;0.6637;-0.8185;0.6801
0;0.4055;0.6178;-0.8284;0.6179
2;0.4049;0.6695;-0.882;0.5577
0;0.4094;0.7004;-0.7954;0.5424
0;0.405;0.558;-0.8966;0.4874
0;0.4095;0.6068;-0.7932;0.4768
0;0.4109;0.6099;-0.7595;0.4759
0;0.3979;0.4208;-0.9618;0.3592
0;0.4016;0.3657;-0.875;0.2952
0;0.4042;0.4118;-0.822;0.2634
0;0.4368;0.6279;-0.1946;0.5124
0;0.4359;0.6214;-0.2125;0.6954
0;0.4326;0.6323;-0.2768;0.8042
1;0.4404;0.6753;-0.1232;0.9481
0;0.4486;0.7425;0.0;1.1205
0;0.4498;0.7497;-0.0279;1.2544
0;0.4557;0.7699;-0.0464;1.397
0;0.4539;0.7433;-0.0754;1.4791
0;0.4528;0.771;-0.1063;1.5187
0;0.453;0.7593;-0.1867;1.5353
0;0.4579;0.7688;-0.0386;1.574
0;0.4611;0.908;-0.1092;1.615
0;0.4615;0.9038;-0.1146;1.6332
0;0.457;0.8474;-0.3288;1.5922
0;0.4575;0.736;-0.3896;1.5477
0;0.4563;0.7314;-0.604;1.4861
0;0.4584;0.8;-0.516;1.4389
0;0.4567;0.7214;-0.588;1.3725
2;0.4624;0.7013;-0.3484;1.3537
0;0.4618;0.6793;-0.3808;1.3198
0;0.4544;0.4818;-0.7197;1.2163
0;0.4491;0.4384;-0.8185;1.0769
0;0.4382;0.3491;-0.9563;0.8626
0;0.4373;0.3408;-0.9253;0.6777
2;0.4358;0.258;-0.8374;0.5116
0;0.4413;0.2933;-0.6509;0.4219
0;0.4472;0.3669;-0.4803;0.3971
0;0.4417;0.3601;-0.6378;0.3268
0;0.4512;0.4504;-0.3648;0.3487
0;0.4478;0.4348;-0.4599;0.3329
1;0.4414;0.3789;-0.4685;0.2624
0;0.4397;0.3788;-0.5401;0.1901
0;0.4418;0.3457;-0.4486;0.149
0;0.4638;0.5113;-0.0026;0.3018
0;0.4529;0.4917;-0.3777;0.3264
0;0.4502;0.5058;-0.4934;0.3189
0;0.4546;0.5998;-0.3322;0.3478
1;0.4524;0.5893;-0.4145;0.3474
0;0.4552;0.6137;-0.3125;0.3675
2;0.4579;0.601;-0.2138;0.4028
0;0.47;0.6283;-0.0931;0.5283
0;0.4787;0.701;-0.0064;0.6954
0;0.4746;0.6354;-0.2009;0.7855
0;0.4689;0.6188;-0.3782;0.7991
0;0.4625;0.6194;-0.5533;0.7476
0;0.4678;0.6521;-0.4086;0.7435
0;0.4745;0.6689;-0.2208;0.79
2;0.4724;0.556;-0.2792;0.8003
0;0.4728;0.6497;-0.3545;0.803
0;0.487;0.7365;-0.0387;0.9173
0;0.4844;0.696;-0.13;0.9757
0;0.487;0.7272;-0.0433;1.0332
0;0.4824;0.6745;-0.2514;1.0287
0;0.4774;0.621;-0.4201;0.9714
0;0.4669;0.4808;-0.7574;0.8272
2;0.4712;0.4501;-0.7545;0.7415
0;0.4742;0.4969;-0.639;0.6909
0;0.4791;0.5709;-0.444;0.6858
0;0.4764;0.6005;-0.5523;0.6511
0;0.4762;0.5661;-0.5596;0.6154
1;0.4716;0.4762;-0.5775;0.5418
0;0.4722;0.4977;-0.5606;0.4827
0;0.478;0.5399;-0.2542;0.4808
0;0.4835;0.4694;-0.0508;0.5209
0;0.4733;0.4134;-0.4305;0.4599
0;0.4699;0.3689;-0.5559;0.3781
0;0.4573;0.3287;-0.9436;0.2031
0;0.4576;0.3556;-0.9342;0.0654
0;0.4549;0.4012;-0.6827;-0.0664
2;0.4402;0.2819;-0.6768;-0.2947
0;0.4306;0.2203;-0.8211;-0.5524
0;0.4325;0.1877;-0.7933;-0.734
0;0.4131;0.1536;-0.9936;-1.0334
0;0.4176;0.1937;-0.8473;-1.2202
0;0.3843;0.149;-0.9818;-1.6368
0;0.41;0.292;-0.675;-1.7298
0;0.3836;0.2222;-0.9805;-2.0088
0;0.4027;0.2797;-0.7074;-2.0455
0;0.4107;0.3276;-0.6106;-1.9842
0;0.4211;0.3705;-0.3487;-1.8269
0;0.4171;0.3881;-0.2973;-1.7179
0;0.4173;0.3881;-0.2169;-1.6114
1;0.4023;0.3631;-0.4707;-1.638
0;0.3971;0.382;-0.585;-1.686
0;0.3997;0.4121;-0.5263;-1.6833
2;0.4113;0.4429;-0.2713;-1.5653
0;0.4208;0.5219;-0.0607;-1.3748
0;0.4133;0.4879;-0.383;-1.274
0;0.4191;0.6149;-0.1988;-1.132
1;0.4286;0.5689;-0.0182;-0.9272
0;0.4334;0.7195;-0.0713;-0.7156
0;0.4356;0.6705;-0.176;-0.5226
0;0.4325;0.6186;-0.2377;-0.3915
0;0.4206;0.4975;-0.4844;-0.3845
0;0.4204;0.5189;-0.4882;-0.3765
0;0.4342;0.5823;-0.2242;-0.2491
0;0.4341;0.6814;-0.2262;-0.1468
2;0.4187;0.6103;-0.5647;-0.1959
0;0.4255;0.6261;-0.4873;-0.1747
0;0.4414;0.6414;-0.0786;-0.0211
0;0.4478;0.6303;-0.1388;0.154
0;0.4649;0.7283;-0.0301;0.4356
0;0.4669;0.719;-0.0592;0.6699
1;0.4594;0.6439;-0.1735;0.7842
0;0.4583;0.6206;-0.2074;0.8565
0;0.4416;0.5255;-0.475;0.7624
0;0.4331;0.5027;-0.6103;0.6082
0;0.4378;0.574;-0.5353;0.5202
2;0.449;0.6122;-0.4939;0.5398
0;0.4548;0.5864;-0.3646;0.5994
0;0.4382;0.5149;-0.7332;0.4988
0;0.4284;0.5375;-0.855;0.3314
0;0.4242;0.4949;-0.9094;0.1601
0;0.3948;0.3346;-0.994;-0.2263
0;0.3935;0.3004;-0.8394;-0.5393
0;0.4089;0.2913;-0.6549;-0.6498
0;0.4134;0.3042;-0.6009;-0.6917
0;0.4129;0.3206;-0.6064;-0.7212
0;0.4279;0.394;-0.4267;-0.6096
0;0.429;0.4508;-0.3512;-0.5058
1;0.4266;0.4732;-0.3181;-0.439
0;0.428;0.4585;-0.1769;-0.37
0;0.4343;0.4357;-0.0679;-0.2578
0;0.4286;0.3846;-0.1659;-0.2151
0;0.417;0.4025;-0.4802;-0.2776
0;0.4272;0.4945;-0.2505;-0.2372
0;0.4312;0.5321;-0.1608;-0.1692
0;0.4408;0.7588;-0.1028;-0.0327
0;0.451;0.794;-0.0329;0.1618
0;0.4485;0.7335;-0.0839;0.2923
1;0.4485;0.7185;-0.1088;0.3919
0;0.4524;0.7355;-0.1148;0.4991
0;0.4493;0.6492;-0.1611;0.5525
0;0.4414;0.5789;-0.2815;0.5215
0;0.4251;0.492;-0.7891;0.3534
0;0.4264;0.4915;-0.8966;0.2281
0;0.4248;0.4455;-0.9095;0.1129
2;0.4192;0.4464;-0.8984;-0.0258
0;0.4155;0.4902;-0.9288;-0.1669
0;0.4245;0.4824;-0.7404;-0.1997
0;0.4189;0.4232;-0.8577;-0.2711
0;0.4243;0.3918;-0.7077;-0.2784
0;0.4335;0.3836;-0.4386;-0.2031
0;0.4318;0.3874;-0.2103;-0.1565
1;0.4282;0.3695;-0.3542;-0.1485
0;0.4131;0.2797;-0.9594;-0.2687
0;0.4095;0.2779;-0.8642;-0.391
0;0.4098;0.3072;-0.8555;-0.4809
2;0.4088;0.3774;-0.8143;-0.5551
0;0.4086;0.3641;-0.8196;-0.6093
0;0.4007;0.3325;-0.9658;-0.7127
0;0.4017;0.3697;-0.9389;-0.778
0;0.4142;0.4915;-0.5861;-0.715
0;0.422;0.4834;-0.307;-0.5914
0;0.4486;0.6548;-0.0201;-0.2621
0;0.4463;0.6184;-0.0957;-0.0194
1;0.4436;0.5586;-0.1472;0.1493
0;0.4455;0.5795;-0.1975;0.2965
0;0.4457;0.6055;-0.1943;0.4109
0;0.4554;0.7724;-0.056;0.579
0;0.4445;0.706;-0.2415;0.6128
0;0.4514;0.7273;-0.1447;0.6917
0;0.4448;0.6858;-0.315;0.6908
0;0.4424;0.6699;-0.617;0.6617
0;0.4408;0.7156;-0.9372;0.6184
2;0.4478;0.7328;-0.57;0.6373
0;0.4522;0.7091;-0.3382;0.683
0;0.452;0.6795;-0.3527;0.7094
0;0.4598;0.5866;-0.0519;0.7893
0;0.4614;0.6179;-0.0042;0.8572
1;0.4682;0.6803;-0.0606;0.9595
0;0.4739;0.6974;-0.0388;1.0785
0;0.4739;0.6967;-0.0882;1.1608
0;0.468;0.5929;-0.2451;1.1632
0;0.4724;0.7267;-0.1384;1.1896
0;0.4677;0.6381;-0.3433;1.1586
0;0.4752;0.7527;-0.0767;1.1853
0;0.4821;0.8083;-0.0035;1.2525
0;0.4854;0.8368;-0.044;1.3196
0;0.4871;0.8227;-0.1793;1.3733
0;0.4866;0.801;-0.2536;1.3964
1;0.4856;0.792;-0.2899;1.3919
0;0.4892;0.7755;-0.1486;1.4042
0;0.4879;0.75;-0.2007;1.388
0;0.4864;0.6898;-0.2628;1.3472
0;0.4944;0.704;-0.0277;1.3689
0;0.4978;0.7229;-0.0819;1.4004
0;0.4829;0.6186;-0.6739;1.2835
0;0.4824;0.5856;-0.692;1.1739
0;0.4839;0.6451;-0.6341;1.0876
0;0.4737;0.4873;-0.9661;0.9219
0;0.476;0.4423;-0.5986;0.8004
2;0.4647;0.3323;-0.8784;0.6006
0;0.4709;0.3771;-0.7248;0.4893
0;0.4713;0.3846;-0.7133;0.4004
0;0.478;0.4466;-0.5482;0.3825
0;0.4915;0.5141;-0.0923;0.4795
0;0.4849;0.4825;-0.2823;0.4944
1;0.4736;0.4337;-0.6069;0.4045
0;0.4734;0.3817;-0.6121;0.3279
0;0.4802;0.4046;-0.4169;0.322
0;0.4812;0.4894;-0.3962;0.3226
2;0.4897;0.5422;-0.1554;0.3917
0;0.4921;0.547;-0.0819;0.4623
0;0.497;0.6416;-0.1096;0.5546
0;0.5026;0.6559;-0.0079;0.6692
0;0.5041;0.76;-0.0529;0.7649
0;0.5057;0.7445;-0.0238;0.8455
0;0.5047;0.7323;-0.0499;0.8914
0;0.5106;0.7295;-0.0455;0.9682
0;0.5093;0.6509;-0.1153;1.0075
0;0.5071;0.7041;-0.2035;1.009
0;0.5136;0.9049;-0.0262;1.0551
0;0.5143;0.9096;-0.1547;1.0864
0;0.5154;0.8977;-0.1236;1.1082
0;0.5145;0.8784;-0.2113;1.1066
0;0.5183;0.8637;-0.055;1.1252
0;0.5169;0.8238;-0.1512;1.1162
0;0.5095;0.653;-0.6626;1.0344
0;0.5041;0.5182;-0.8283;0.9134
0;0.5034;0.4918;-0.8636;0.8028
0;0.5147;0.5918;-0.2475;0.8031
2;0.5163;0.6167;-0.1658;0.8082
0;0.5093;0.4875;-0.5477;0.7439
0;0.5122;0.5274;-0.392;0.7097
0;0.5163;0.5848;-0.1658;0.7105
1;0.5157;0.5212;-0.2535;0.6982
0;0.5146;0.5022;-0.3099;0.6716
0;0.5196;0.5395;-0.0946;0.686
0;0.5071;0.4423;-0.7429;0.584
0;0.4996;0.3635;-0.9958;0.4338
0;0.4987;0.3665;-0.8367;0.3038
0;0.4967;0.3979;-0.9116;0.1809
0;0.51;0.542;-0.4218;0.1952
2;0.5131;0.566;-0.3095;0.2304
0;0.5132;0.4873;-0.3061;0.2565
0;0.5379;0.627;-0.0427;0.4841
0;0.5456;0.7121;-0.0813;0.7234
1;0.5472;0.708;-0.0514;0.9185
0;0.5498;0.7025;-0.0338;1.0844
0;0.5467;0.6819;-0.0886;1.1768
0;0.5462;0.6871;-0.0985;1.2333
0;0.5382;0.6061;-0.2557;1.1963
0;0.5328;0.6598;-0.3775;1.1089
0;0.5371;0.7425;-0.3362;1.0645
2;0.5411;0.7632;-0.2484;1.0527
0;0.5373;0.7469;-0.6527;1.0
0;0.5309;0.6388;-0.9414;0.8938
0;0.5378;0.6561;-0.6318;0.8587
0;0.5306;0.6009;-0.9032;0.7606
0;0.5434;0.5373;-0.2712;0.7845
0;0.5508;0.5356;-0.0735;0.8579
0;0.5479;0.5043;-0.1912;0.8815
0;0.5435;0.4592;-0.364;0.8537
0;0.5449;0.4883;-0.3088;0.8346
1;0.5403;0.4628;-0.4136;0.7714
0;0.536;0.486;-0.5556;0.6773
2;0.5197;0.4248;-0.8416;0.4577
0;0.5288;0.455;-0.6099;0.3568
0;0.5245;0.4093;-0.721;0.2367
0;0.5158;0.3885;-0.9236;0.0656
0;0.5065;0.3773;-0.9876;-0.1484
0;0.5114;0.3649;-0.8111;-0.2738
0;0.5167;0.4275;-0.7023;-0.3248
0;0.5111;0.3173;-0.7857;-0.4088
0;0.5118;0.2608;-0.7701;-0.4651
0;0.5109;0.2678;-0.7081;-0.5116
1;0.5106;0.2819;-0.7152;-0.5459
0;0.5085;0.2612;-0.7848;-0.5844
0;0.5082;0.2767;-0.7168;-0.6117
0;0.508;0.2933;-0.6374;-0.6283
0;0.4997;0.3328;-0.9041;-0.7047
0;0.5142;0.3878;-0.1918;-0.6347
0;0.5158;0.4303;-0.3193;-0.5596
0;0.5124;0.4708;-0.4456;-0.5227
0;0.5204;0.6246;-0.1757;-0.4206
0;0.5195;0.5778;-0.2095;-0.3435
1;0.5197;0.5327;-0.1993;-0.2767
0;0.5199;0.6063;-0.1926;-0.2197
0;0.5162;0.55;-0.3277;-0.2038
0;0.5095;0.4853;-0.5743;-0.2465
2;0.5083;0.4774;-0.688;-0.2877
0;0.5187;0.5854;-0.3415;-0.2284
0;0.5341;0.6737;0.0;-0.0488
0;0.5318;0.655;-0.2541;0.0736
0;0.5369;0.7522;-0.1054;0.2124
0;0.5319;0.6378;-0.2514;0.2771
1;0.5354;0.6485;-0.1486;0.355
0;0.5389;0.6999;-0.1287;0.4428
0;0.5505;0.7152;-0.0266;0.605
0;0.5472;0.6922;-0.1772;0.6988
0;0.552;0.7104;-0.0807;0.8063
0;0.5598;0.7366;-0.1099;0.9487
0;0.5537;0.716;-0.2792;0.9987
0;0.542;0.6773;-0.585;0.9282
0;0.5488;0.7082;-0.4243;0.9203
0;0.536;0.5865;-0.7727;0.7956
0;0.5463;0.5644;-0.554;0.7764
2;0.5508;0.5984;-0.4148;0.7916
0;0.5537;0.589;-0.2126;0.8197
0;0.5435;0.5582;-0.4159;0.7464
0;0.5227;0.4458;-0.8299;0.5041
0;0.5099;0.385;-0.9761;0.199
0;0.5185;0.3707;-0.8174;0.0299
0;0.5186;0.3812;-0.8157;-0.1029
0;0.5211;0.369;-0.7696;-0.1851
0;0.5175;0.314;-0.8362;-0.2786
0;0.5206;0.3509;-0.7782;-0.3225
1;0.507;0.3449;-0.9789;-0.4696
0;0.5128;0.3394;-0.8766;-0.5309
0;0.5125;0.3819;-0.8522;-0.5766
0;0.5193;0.3598;-0.3624;-0.5482
0;0.5235;0.3573;-0.1396;-0.4845
0;0.5109;0.2969;-0.6574;-0.5364
1;0.5148;0.3552;-0.5516;-0.5385
0;0.5064;0.4062;-0.7783;-0.6054
0;0.51;0.5012;-0.6801;-0.621
0;0.4876;0.3306;-0.7769;-0.8175
2;0.4832;0.3149;-0.8331;-1.0006
0;0.4956;0.3789;-0.6349;-1.0294
0;0.4948;0.3895;-0.6468;-1.0475
0;0.4747;0.3077;-0.9702;-1.2218
0;0.4758;0.3542;-0.9328;-1.3366
0;0.4747;0.3136;-0.8584;-1.4216
0;0.4795;0.3452;-0.7301;-1.4333
0;0.4738;0.284;-0.8577;-1.4753
0;0.4881;0.3467;-0.3451;-1.3714
0;0.4899;0.3996;-0.2891;-1.2599
0;0.4833;0.3532;-0.4985;-1.2148
0;0.4822;0.3788;-0.5339;-1.1758
0;0.4822;0.3555;-0.4495;-1.1326
1;0.4828;0.4682;-0.3605;-1.081
0;0.4907;0.5482;-0.0347;-0.9619
0;0.496;0.5033;-0.0481;-0.8129
0;0.4936;0.4917;-0.191;-0.7074
0;0.4943;0.6841;-0.1811;-0.6112
0;0.4963;0.6895;-0.1928;-0.5116
0;0.5014;0.7289;-0.0483;-0.3844
0;0.5009;0.6988;-0.1463;-0.284
0;0.5032;0.7904;-0.0646;-0.183
0;0.5074;0.7379;-0.1195;-0.066
0;0.5048;0.6802;-0.2075;0.0048
0;0.5076;0.8243;-0.1563;0.085
0;0.5081;0.8514;-0.1339;0.1512
0;0.5045;0.7752;-0.3202;0.171
0;0.5069;0.7846;-0.264;0.2053
0;0.5043;0.6834;-0.4464;0.208
0;0.51;0.6866;-0.1102;0.2561
0;0.5099;0.7321;-0.2621;0.2904
0;0.4993;0.5558;-0.8837;0.2245
0;0.4905;0.4442;-0.9572;0.0961
0;0.4927;0.4107;-0.8662;0.0123
0;0.5027;0.515;-0.4481;0.0309
2;0.5061;0.5242;-0.3653;0.0738
0;0.5082;0.5073;-0.2829;0.125
0;0.5143;0.5782;-0.1016;0.2154
1;0.5126;0.5415;-0.1626;0.2701
0;0.5125;0.5371;-0.166;0.3096
0;0.5241;0.6458;-0.0107;0.4356
0;0.5222;0.6148;-0.1586;0.5143
0;0.5242;0.651;-0.1084;0.5884
0;0.5203;0.5806;-0.2326;0.6072
0;0.5246;0.6077;-0.1711;0.652
0;0.5169;0.634;-0.4891;0.6147
0;0.5267;0.7707;-0.1184;0.6619
0;0.5298;0.7741;-0.0363;0.719
0;0.5304;0.7376;-0.1058;0.7611
0;0.5408;0.7657;-0.0556;0.874
0;0.5329;0.6741;-0.3434;0.8872
1;0.5373;0.6662;-0.2219;0.9255
0;0.5361;0.6707;-0.2637;0.9354
0;0.5327;0.6404;-0.3794;0.9049
0;0.5379;0.6051;-0.2026;0.9148
2;0.5324;0.5734;-0.4404;0.8661
0;0.5363;0.5845;-0.404;0.8519
0;0.5306;0.5703;-0.6946;0.7833
0;0.5223;0.4848;-0.8712;0.6505
0;0.5225;0.5403;-0.8636;0.5406
0;0.5192;0.4407;-0.9007;0.4205
0;0.5274;0.4821;-0.5836;0.3911
0;0.5241;0.4551;-0.7067;0.3354
0;0.5216;0.3477;-0.7986;0.2673
0;0.5243;0.4256;-0.656;0.2338
0;0.5203;0.3518;-0.8247;0.1708
1;0.5224;0.382;-0.7371;0.1368
0;0.5312;0.4883;-0.3178;0.1839
0;0.5228;0.3877;-0.6263;0.1477
0;0.5157;0.3782;-0.8133;0.0566
0;0.526;0.4316;-0.3282;0.0722
0;0.5061;0.363;-0.774;-0.0849
0;0.4985;0.3656;-0.987;-0.2728
2;0.4935;0.3447;-0.9435;-0.4606
0;0.4869;0.333;-0.9711;-0.6591
0;0.4868;0.2708;-0.9637;-0.8093
0;0.4781;0.2552;-0.9756;-0.9935
0;0.4781;0.262;-0.974;-1.128
0;0.4841;0.2881;-0.85;-1.1706
0;0.4936;0.3665;-0.663;-1.1117
0;0.4957;0.3671;-0.5244;-1.0353
0;0.4993;0.3324;-0.3728;-0.9333
1;0.503;0.3901;-0.0275;-0.8121
0;0.4993;0.406;-0.1408;-0.7389
0;0.4906;0.2921;-0.4718;-0.7478
0;0.4921;0.3947;-0.4155;-0.7343
0;0.5071;0.5578;-0.0657;-0.5883
0;0.5074;0.6;-0.131;-0.4647
0;0.5027;0.6166;-0.3419;-0.402
0;0.4994;0.5889;-0.5203;-0.376
1;0.5022;0.6863;-0.4096;-0.3278
0;0.5005;0.6681;-0.4797;-0.3014
0;0.5045;0.6577;-0.3193;-0.243
2;0.5075;0.6199;-0.2007;-0.169
0;0.5128;0.6397;-0.0746;-0.0636
0;0.5174;0.6452;-0.1881;0.0591
0;0.5093;0.5472;-0.5233;0.086
0;0.5062;0.5518;-0.6433;0.08
0;0.5091;0.6534;-0.5306;0.0991
0;0.5146;0.6751;-0.3162;0.16
0;0.5103;0.5301;-0.4834;0.1697
2;0.5194;0.5963;-0.1481;0.2526
0;0.5154;0.6024;-0.3798;0.2811
0;0.5137;0.6182;-0.5105;0.2863
0;0.5078;0.5438;-0.8421;0.2372
0;0.5098;0.5737;-0.675;0.2135
0;0.5044;0.4993;-0.9651;0.1465
2;0.508;0.5036;-0.6305;0.1223
0;0.5108;0.4837;-0.4828;0.1259
0;0.4869;0.3148;-0.9619;-0.0754
0;0.4878;0.3574;-0.9346;-0.2252
0;0.4878;0.3727;-0.864;-0.3408
0;0.4814;0.3168;-0.9892;-0.4832
0;0.4905;0.3475;-0.7225;-0.5131
0;0.4974;0.4211;-0.5192;-0.4723
0;0.4947;0.3362;-0.5989;-0.4583
0;0.4997;0.3978;-0.4505;-0.3994
0;0.5022;0.4255;-0.3791;-0.3282
1;0.5025;0.4634;-0.2484;-0.2654
0;0.5095;0.4976;-0.041;-0.1543
0;0.511;0.5451;-0.0214;-0.0524
0;0.5246;0.6007;-0.0148;0.1445
0;0.5236;0.5792;-0.0716;0.2894
0;0.5265;0.83;-0.0535;0.425
0;0.5248;0.8043;-0.0973;0.5131
0;0.5227;0.7768;-0.1832;0.5587
0;0.5271;0.8754;-0.1165;0.6261
0;0.5252;0.8237;-0.1733;0.6567
0;0.5171;0.6792;-0.4205;0.6046
0;0.5223;0.7406;-0.3725;0.6017
0;0.5221;0.713;-0.4413;0.5915
0;0.541;0.7815;-0.0229;0.7377
0;0.5374;0.7409;-0.1718;0.814
0;0.5343;0.6813;-0.2977;0.8393
1;0.5408;0.7028;-0.1705;0.9052
0;0.5349;0.5786;-0.3738;0.8982
0;0.5339;0.5786;-0.4098;0.8744
2;0.536;0.5731;-0.3377;0.8639
0;0.5343;0.5731;-0.4116;0.8321
0;0.5368;0.6086;-0.3197;0.8197
0;0.5306;0.5266;-0.3791;0.7488
0;0.5171;0.4482;-0.7227;0.5697
0;0.5173;0.502;-0.7156;0.4249
0;0.5101;0.4162;-0.8981;0.2452
0;0.4992;0.3625;-0.9977;0.008
0;0.4968;0.1695;-0.8916;-0.1989
0;0.5045;0.2682;-0.7269;-0.2945
0;0.5006;0.265;-0.8112;-0.4001
0;0.5012;0.2003;-0.7972;-0.4735
0;0.4994;0.213;-0.8146;-0.5422
0;0.501;0.2377;-0.7568;-0.5763
1;0.5021;0.2249;-0.6793;-0.5882
0;0.5039;0.2534;-0.5552;-0.5763
0;0.5039;0.2227;-0.4196;-0.56
0;0.5077;0.2982;-0.2019;-0.5094
0;0.5135;0.4637;-0.0802;-0.4149
0;0.5122;0.4487;-0.1815;-0.347
0;0.5146;0.5489;-0.068;-0.2699
0;0.5146;0.7244;-0.0861;-0.2063
0;0.5171;0.7939;-0.1883;-0.1325
0;0.5187;0.7498;-0.129;-0.0594
0;0.516;0.7831;-0.2932;-0.0243
0;0.5177;0.791;-0.212;0.018
0;0.512;0.6978;-0.5383;0.0033
0;0.5158;0.7162;-0.4038;0.0235
0;0.5232;0.7611;-0.0756;0.1023
0;0.5323;0.7978;-0.138;0.2406
0;0.5379;0.8185;-0.0325;0.3942
0;0.5544;0.8537;-0.076;0.6514
1;0.5805;0.888;-0.2274;1.0682
0;0.5798;0.8946;-0.2346;1.3796
0;0.5832;0.8959;-0.1975;1.639
0;0.5838;0.8967;-0.1903;1.8316
0;0.5819;0.8732;-0.2166;1.9471
0;0.5846;0.8749;-0.1998;2.0406
0;0.5868;0.9053;-0.181;2.1109
0;0.5921;0.9091;-0.13;2.1895
0;0.5926;0.9693;-0.1326;2.2321
0;0.579;0.8309;-0.8872;2.127
0;0.5905;0.8377;-0.2362;2.1191
0;0.5832;0.7598;-0.6281;2.0281
0;0.5612;0.602;-0.6838;1.7482
0;0.5645;0.5498;-0.6171;1.537
2;0.5568;0.3568;-0.7733;1.2889
0;0.5504;0.3337;-0.9029;1.0255
0;0.5527;0.3258;-0.8552;0.8271
0;0.5579;0.3589;-0.7505;0.7059
0;0.5592;0.3759;-0.7168;0.6141
0;0.5642;0.391;-0.6133;0.5776
0;0.5634;0.3735;-0.6289;0.5363
1;0.5615;0.3273;-0.3787;0.4813
0;0.5592;0.3157;-0.4829;0.4137
0;0.5539;0.3474;-0.6624;0.3114
0;0.566;0.3519;-0.2031;0.3296
0;0.5688;0.4082;-0.25;0.3644
0;0.5877;0.6762;-0.0625;0.5484
0;0.583;0.6209;-0.1949;0.6476
0;0.5915;0.7242;-0.0194;0.7907
1;0.5866;0.7385;-0.1456;0.8536
0;0.5804;0.6733;-0.3058;0.8413
0;0.5792;0.641;-0.335;0.8132
0;0.5842;0.6576;-0.2063;0.8247
0;0.5908;0.6643;-0.1178;0.8809
2;0.5882;0.6493;-0.2219;0.8935
0;0.5911;0.6768;-0.1467;0.9186
0;0.5855;0.6512;-0.4813;0.8816
1;0.5863;0.6959;-0.4439;0.8495
0;0.5835;0.6192;-0.5841;0.7912
0;0.5955;0.6617;-0.0996;0.8391
0;0.5956;0.5619;-0.0954;0.8687
0;0.6079;0.6746;-0.0649;0.9873
0;0.5888;0.4839;-0.6657;0.9083
0;0.5904;0.5245;-0.6158;0.85
1;0.5863;0.5387;-0.7449;0.7599
0;0.5806;0.5081;-0.9238;0.6322
0;0.5822;0.4867;-0.7544;0.5385
2;0.5883;0.4836;-0.5899;0.5108
0;0.5987;0.5618;-0.3089;0.5721
0;0.601;0.5589;-0.2456;0.6343
0;0.6001;0.5911;-0.2709;0.6686
1;0.6058;0.6147;-0.107;0.7366
0;0.6025;0.6112;-0.1725;0.7544
0;0.6079;0.5784;-0.1909;0.806
0;0.6202;0.6353;-0.006;0.9431
0;0.6163;0.5505;-0.1643;1.0075
0;0.6025;0.5882;-0.4989;0.9305
0;0.6034;0.5846;-0.5848;0.8679
0;0.6105;0.6519;-0.4043;0.8696
0;0.6018;0.6286;-0.8073;0.7879
2;0.6117;0.6626;-0.4585;0.7994
0;0.6241;0.6843;-0.0362;0.9049
0;0.6183;0.6061;-0.2572;0.9296
0;0.6198;0.6021;-0.2491;0.9512
0;0.6164;0.5863;-0.372;0.9292
1;0.6189;0.5722;-0.2799;0.9237
0;0.6248;0.6196;-0.0648;0.9601
0;0.638;0.6486;-0.0049;1.09
0;0.6418;0.6165;-0.1002;1.2136
0;0.6392;0.6254;-0.2241;1.2756
0;0.6455;0.7562;-0.0951;1.3647
0;0.6421;0.7238;-0.1829;1.3915
0;0.6385;0.6689;-0.2756;1.3674
0;0.6318;0.6853;-0.4488;1.277
0;0.6254;0.5883;-0.6146;1.1378
0;0.6662;0.6988;-0.0538;1.3622
0;0.6747;0.7593;-0.1037;1.5968
0;0.6816;0.7709;-0.0544;1.8231
0;0.6864;0.8031;-0.0073;2.0229
0;0.6849;0.7881;-0.0858;2.1461
1;0.6858;0.7783;-0.0733;2.2275
0;0.6819;0.7191;-0.13;2.2352
0;0.6874;0.7236;-0.0498;2.264
0;0.6825;0.7078;-0.1301;2.221
0;0.6879;0.7054;-0.1705;2.2101
0;0.6909;0.7371;-0.1429;2.2029
0;0.6824;0.7035;-0.6195;2.1017
0;0.6926;0.7732;-0.1531;2.0862
0;0.6916;0.8132;-0.201;2.0439
0;0.6886;0.6648;-0.3541;1.9632
0;0.691;0.6321;-0.2333;1.8996
0;0.6887;0.5618;-0.4253;1.8094
0;0.6836;0.4754;-0.7356;1.6758
2;0.6927;0.5594;-0.1839;1.6297
0;0.6845;0.4915;-0.6782;1.5072
0;0.6742;0.4515;-0.987;1.3073
0;0.6745;0.4128;-0.839;1.1384
0;0.6772;0.463;-0.7341;1.0157
0;0.6842;0.4748;-0.4532;0.9683
2;0.6785;0.4184;-0.6816;0.8719
0;0.6796;0.48;-0.6255;0.7962
1;0.685;0.4407;-0.3556;0.7739
0;0.6835;0.4368;-0.4226;0.7353
0;0.6754;0.4046;-0.7739;0.6281
0;0.6756;0.3845;-0.7187;0.5386
0;0.6841;0.4684;-0.25;0.5345
0;0.6774;0.4589;-0.6667;0.4695
2;0.6852;0.4492;-0.2034;0.4791
0;0.6927;0.5558;0.0;0.5449
1;0.6992;0.6808;-0.0617;0.6462
0;0.6994;0.6804;-0.2006;0.7208
0;0.7011;0.6764;-0.1484;0.7871
0;0.7047;0.6589;-0.044;0.8614
0;0.7126;0.7561;-0.0023;0.9777
0;0.7084;0.7069;-0.1646;1.0235
0;0.706;0.6571;-0.2384;1.0277
0;0.712;0.7002;-0.1743;1.0717
0;0.7044;0.7046;-0.3974;1.0298
0;0.6923;0.6014;-0.7884;0.8837
2;0.6715;0.4338;-0.9582;0.5822
0;0.6689;0.4531;-0.969;0.3168
0;0.6808;0.4767;-0.7409;0.2049
0;0.6855;0.4613;-0.6496;0.1548
0;0.6823;0.4052;-0.7117;0.0864
0;0.684;0.4151;-0.6788;0.046
0;0.6824;0.3961;-0.7099;0.0
1;0.6788;0.3564;-0.7556;-0.0667
0;0.688;0.3657;-0.4248;-0.0406
0;0.6879;0.3827;-0.2022;-0.0204
0;0.6874;0.3916;-0.1783;-0.0083
0;0.6918;0.3799;-0.0595;0.0392
0;0.6841;0.3795;-0.4554;0.0102
1;0.6775;0.406;-0.7793;-0.0683
0;0.6766;0.5435;-0.8263;-0.1374
0;0.7012;0.6999;0.0;0.0187
0;0.704;0.6618;0.0;0.1649
0;0.7082;0.6596;-0.0248;0.3145
0;0.7002;0.6177;-0.2827;0.3606
0;0.7127;0.6652;-0.0696;0.4994
1;0.6765;0.4758;-0.9279;0.296
0;0.6518;0.4053;-0.8465;-0.0773
0;0.6464;0.3504;-0.8679;-0.4157
0;0.6527;0.3787;-0.7893;-0.6247
0;0.6446;0.3599;-0.8905;-0.8512
2;0.6409;0.3321;-0.9381;-1.0527
0;0.6409;0.3504;-0.9369;-1.1995
0;0.6345;0.3507;-0.9749;-1.3571
0;0.6453;0.3984;-0.8449;-1.3752
0;0.6446;0.2823;-0.7906;-1.3805
0;0.647;0.2802;-0.6674;-1.3498
0;0.6505;0.2759;-0.3436;-1.2816
0;0.6536;0.3116;-0.2337;-1.1886
1;0.6514;0.2297;-0.2126;-1.1211
0;0.6663;0.4444;-0.1698;-0.9298
0;0.6612;0.5654;-0.293;-0.8119
0;0.6682;0.6471;-0.1209;-0.6508
0;0.6682;0.6145;-0.1247;-0.517
0;0.663;0.6414;-0.3292;-0.4503
0;0.6731;0.7261;-0.0367;-0.3078
0;0.6772;0.7406;-0.0438;-0.1576
0;0.6812;0.8205;-0.0244;-0.003
0;0.6794;0.7671;-0.1097;0.1035
0;0.6788;0.7671;-0.1485;0.1807
0;0.6823;0.7711;-0.2733;0.2693
0;0.6911;0.7884;-0.1906;0.4111
0;0.699;0.802;-0.0025;0.5853
0;0.7021;0.8331;-0.1217;0.7428
0;0.7063;0.8061;-0.0907;0.8952
0;0.7048;0.8517;-0.1556;0.9929
0;0.706;0.8361;-0.1308;1.069
0;0.7029;0.7933;-0.2225;1.0919
0;0.6989;0.8088;-0.3378;1.0637
0;0.7008;0.7776;-0.3181;1.0464
2;0.6922;0.6384;-0.7491;0.9489
0;0.6993;0.6577;-0.5524;0.9227
0;0.7014;0.6906;-0.455;0.91
0;0.7046;0.7144;-0.3026;0.9169
0;0.6864;0.5275;-0.9126;0.7585
0;0.6756;0.3994;-0.9732;0.5343
0;0.6706;0.3083;-0.9949;0.3092
0;0.6761;0.33;-0.8481;0.1755
0;0.673;0.2782;-0.8741;0.0416
2;0.6887;0.4097;-0.4822;0.069
0;0.6888;0.4027;-0.4798;0.0906
0;0.6979;0.4734;-0.2518;0.1842
1;0.7074;0.5429;-0.0547;0.3367
0;0.7053;0.5228;-0.1048;0.4356
0;0.7122;0.6015;-0.0252;0.567
0;0.7107;0.561;-0.123;0.6515
0;0.7115;0.5551;-0.1055;0.7185
0;0.7165;0.5637;-0.0449;0.8056
0;0.7095;0.6408;-0.2004;0.8068
0;0.7146;0.7547;-0.1614;0.8419
0;0.7064;0.7249;-0.4841;0.7912
0;0.728;0.7711;-0.2265;0.9262
0;0.7195;0.7304;-0.5015;0.9509
0;0.7239;0.6964;-0.3894;0.9973
0;0.7108;0.607;-0.8193;0.9119
0;0.7035;0.5279;-0.9288;0.7736
0;0.7043;0.4829;-0.9069;0.6628
2;0.7121;0.5346;-0.6822;0.6348
0;0.6923;0.4101;-0.8822;0.438
0;0.69;0.4073;-0.9286;0.2589
0;0.6961;0.4339;-0.805;0.1668
0;0.6984;0.4207;-0.71;0.1118
0;0.6965;0.4402;-0.747;0.0511
0;0.6813;0.3602;-0.9553;-0.1264
0;0.6817;0.3894;-0.8679;-0.2609
0;0.6823;0.2474;-0.8468;-0.3592
0;0.678;0.2594;-0.8955;-0.4692
0;0.6927;0.3383;-0.51;-0.4265
0;0.6877;0.3696;-0.534;-0.4304
0;0.6731;0.341;-0.9696;-0.5532
0;0.6709;0.3281;-0.8281;-0.6627
0;0.6738;0.2928;-0.7378;-0.7168
0;0.6743;0.3768;-0.6698;-0.7479
0;0.679;0.4268;-0.5185;-0.7248
0;0.6636;0.3079;-0.951;-0.8298
0;0.6719;0.3543;-0.6974;-0.8326
0;0.6683;0.3477;-0.8069;-0.8567
0;0.6775;0.4785;-0.4101;-0.7882
0;0.6995;0.5824;-0.0749;-0.5394
0;0.7025;0.5914;-0.1564;-0.3126
1;0.6998;0.6002;-0.2119;-0.1532
0;0.6991;0.5341;-0.2257;-0.0317
0;0.7023;0.5783;-0.1604;0.0911
0;0.7232;0.7526;-0.1056;0.3645
0;0.7167;0.7208;-0.2017;0.5202
0;0.7237;0.7314;-0.1038;0.6972
0;0.7233;0.7277;-0.1096;0.826
0;0.7352;0.7448;-0.0656;1.0197
0;0.7336;0.8465;-0.1362;1.1477
0;0.7434;0.8487;-0.0824;1.3195
0;0.7421;0.868;-0.1086;1.4296
0;0.7387;0.8244;-0.1778;1.4729
0;0.7364;0.7474;-0.256;1.472
0;0.741;0.7528;-0.1821;1.4944
0;0.7401;0.7701;-0.2084;1.4882
2;0.741;0.7799;-0.2322;1.4755
0;0.7354;0.7141;-0.4627;1.4021
0;0.7229;0.4975;-0.981;1.2232
0;0.733;0.6128;-0.5791;1.1552
0;0.7448;0.6369;-0.0847;1.1899
0;0.7636;0.7105;-0.0731;1.3635
0;0.7785;0.7196;-0.0101;1.613
0;0.7767;0.7182;-0.2581;1.7771
1;0.7762;0.6828;-0.266;1.8826
0;0.7744;0.6799;-0.2894;1.9312
0;0.7786;0.7196;-0.2321;1.9846
0;0.7737;0.699;-0.2999;1.9635
0;0.7794;0.7026;-0.2351;1.9747
0;0.7829;0.7203;-0.2031;1.9925
0;0.7815;0.707;-0.2751;1.9733
0;0.7793;0.7328;-0.4396;1.9185
0;0.7854;0.8556;-0.4213;1.9069
1;0.7785;0.7689;-0.6696;1.8192
0;0.7742;0.6906;-0.8565;1.6943
0;0.7702;0.5535;-0.8129;1.5439
0;0.7772;0.4877;-0.5646;1.4682
0;0.7638;0.4023;-0.9358;1.2795
2;0.7539;0.3523;-0.9693;1.033
0;0.7561;0.3791;-0.8287;0.8464
0;0.7593;0.3704;-0.7023;0.7173
0;0.7466;0.336;-0.8681;0.5009
0;0.7236;0.2203;-0.7672;0.1298
0;0.7157;0.1771;-0.8401;-0.2312
0;0.7234;0.237;-0.7434;-0.4475
0;0.7193;0.233;-0.7947;-0.648
0;0.7314;0.2714;-0.6444;-0.697
0;0.7225;0.2669;-0.6777;-0.8035
0;0.7233;0.2815;-0.6514;-0.8725
1;0.7181;0.2788;-0.7398;-0.9613
0;0.7166;0.2302;-0.7589;-1.034
0;0.7157;0.2591;-0.6359;-1.0876
0;0.7165;0.2937;-0.7459;-1.1119
0;0.7184;0.2914;-0.6799;-1.1029
0;0.7187;0.2683;-0.67;-1.0818
0;0.744;0.4867;-0.0108;-0.8388
0;0.7342;0.5609;-0.3079;-0.7212
0;0.7348;0.6199;-0.2921;-0.616
0;0.7424;0.619;-0.0842;-0.4626
0;0.7452;0.6654;-0.0455;-0.3125
0;0.7369;0.5372;-0.2652;-0.2615
0;0.7303;0.5542;-0.4439;-0.2744
0;0.7319;0.5595;-0.4005;-0.2679
0;0.7372;0.6305;-0.3063;-0.2154
0;0.732;0.6007;-0.4968;-0.2155
2;0.7422;0.6537;-0.2262;-0.1274
0;0.7481;0.6733;-0.1107;-0.0063
1;0.7522;0.681;-0.0769;0.1239
0;0.7554;0.6908;-0.0663;0.2528
0;0.7504;0.542;-0.2259;0.3087
0;0.7579;0.6602;-0.0175;0.4135
0;0.7604;0.6688;-0.0295;0.5127
0;0.7589;0.6183;-0.1289;0.5725
0;0.7628;0.624;-0.0785;0.6467
0;0.7688;0.7326;-0.0152;0.7494
0;0.762;0.7306;-0.3045;0.7648
0;0.7633;0.7291;-0.3071;0.7794
0;0.7616;0.6888;-0.3708;0.7688
0;0.7621;0.7504;-0.3521;0.7563
0;0.7656;0.7191;-0.2172;0.7677
2;0.7622;0.6383;-0.5009;0.7396
0;0.7597;0.5758;-0.6727;0.6884
0;0.7483;0.4381;-0.9258;0.5447
0;0.75;0.4962;-0.7748;0.4396
0;0.7599;0.518;-0.4089;0.4368
0;0.7724;0.5906;-0.0859;0.5358
0;0.7811;0.651;-0.0202;0.6814
0;0.7818;0.6354;-0.0388;0.7954
1;0.7842;0.6156;-0.1337;0.8971
0;0.79;0.7129;-0.0103;1.0166
0;0.7895;0.7021;-0.0384;1.0959
0;0.7867;0.6898;-0.097;1.1231
0;0.7843;0.6633;-0.1577;1.1122
0;0.7857;0.6526;-0.1366;1.1033
0;0.7914;0.7145;-0.0152;1.1334
0;0.7997;0.7704;-0.0302;1.2151
0;0.7888;0.7755;-0.4639;1.1746
0;0.786;0.7416;-0.5741;1.1066
0;0.7938;0.7338;-0.2662;1.1073
0;0.7875;0.6136;-0.569;1.0423
0;0.7951;0.6074;-0.2385;1.0444
2;0.8085;0.6712;-0.1154;1.1489
0;0.8049;0.6311;-0.2276;1.189
0;0.8036;0.5913;-0.2656;1.1965
0;0.8165;0.6553;-0.3441;1.2997
0;0.8205;0.6913;-0.2779;1.4006
0;0.8161;0.6759;-0.3522;1.4277
0;0.8256;0.7027;-0.1922;1.5146
0;0.8245;0.6766;-0.21;1.558
0;0.822;0.627;-0.2831;1.5545
0;0.8124;0.6361;-0.6352;1.4538
0;0.8227;0.6945;-0.3706;1.4462
0;0.8085;0.5729;-0.7388;1.3043
2;0.7958;0.539;-0.7772;1.0712
0;0.7776;0.4258;-0.9195;0.7215
0;0.7818;0.377;-0.8486;0.4742
0;0.7893;0.4304;-0.723;0.3378
0;0.777;0.3922;-0.9267;0.1226
0;0.7819;0.3497;-0.8356;-0.0068
0;0.7604;0.2738;-0.9852;-0.291
0;0.7687;0.3265;-0.8073;-0.4418
0;0.7663;0.2711;-0.8343;-0.5763
0;0.7696;0.2918;-0.7586;-0.6476
0;0.782;0.3588;-0.2691;-0.5919
0;0.785;0.3984;-0.1873;-0.5164
1;0.7816;0.3398;-0.2797;-0.48
0;0.79;0.4243;-0.0501;-0.3754
0;0.8008;0.5207;-0.0578;-0.197
0;0.8004;0.6112;-0.0657;-0.0576
0;0.8037;0.6075;-0.0616;0.0805
0;0.8038;0.5768;-0.07;0.1893
0;0.8082;0.6804;-0.0977;0.3104
0;0.8166;0.693;-0.0425;0.4742
0;0.8287;0.9238;-0.0866;0.7008
0;0.8283;0.9103;-0.1066;0.8687
0;0.8316;0.9439;-0.0935;1.0194
0;0.8288;0.9054;-0.1622;1.1037
0;0.8327;0.8929;-0.1122;1.1909
0;0.8353;0.8922;-0.2786;1.269
0;0.8419;0.9473;-0.1403;1.3733
0;0.8434;0.9414;-0.12;1.4539
0;0.8496;0.9365;-0.0617;1.5548
0;0.8406;0.8114;-0.3205;1.5414
0;0.839;0.7805;-0.4249;1.5006
0;0.8303;0.6856;-0.7476;1.379
0;0.8289;0.6509;-0.796;1.2562
0;0.8398;0.6629;-0.5019;1.2386
2;0.8381;0.5777;-0.5655;1.1977
0;0.8443;0.6203;-0.3258;1.205
0;0.8459;0.6107;-0.3183;1.212
0;0.8456;0.6352;-0.3287;1.2021
1;0.8343;0.5116;-0.737;1.0851
0;0.8499;0.5884;-0.1765;1.1139
0;0.8303;0.4397;-0.8789;0.9588
0;0.8344;0.454;-0.7336;0.8607
0;0.8335;0.4131;-0.7038;0.767
0;0.831;0.4442;-0.7866;0.6637
0;0.8178;0.3917;-0.9343;0.4633
2;0.818;0.431;-0.7655;0.3021
0;0.8288;0.4995;-0.5159;0.2635
0;0.8198;0.397;-0.7125;0.1543
0;0.8112;0.3701;-0.9027;-0.007
0;0.8346;0.4598;-0.3232;0.0647
0;0.8184;0.3984;-0.6388;-0.0169
0;0.8227;0.4179;-0.5045;-0.0441
0;0.8088;0.4106;-0.9343;-0.1829
0;0.798;0.3111;-0.9386;-0.3827
0;0.7916;0.3442;-0.7689;-0.5901
2;0.8227;0.4615;-0.2504;-0.483
0;0.8496;0.5454;-0.0779;-0.1653
0;0.8531;0.5619;-0.0369;0.1161
0;0.8763;0.6552;-0.0125;0.5337
0;0.8649;0.6176;-0.1558;0.7605
1;0.8735;0.6133;-0.0728;1.0039
0;0.8829;0.6595;-0.0055;1.2651
0;0.8877;0.6973;-0.013;1.4976
0;0.8926;0.6654;-0.0116;1.7065
0;0.8957;0.7381;-0.0752;1.8792
0;0.9045;0.7452;-0.0365;2.0705
0;0.9154;0.8253;-0.086;2.2917
0;0.914;0.8758;-0.1188;2.4294
0;0.9151;0.9141;-0.1158;2.5218
0;0.923;0.8982;-0.0372;2.635
0;0.927;0.8756;-0.0685;2.7297
0;0.9019;0.6961;-0.4825;2.5628
0;0.9129;0.663;-0.301;2.4973
0;0.922;0.7592;-0.2295;2.496
0;0.9219;0.7381;-0.2319;2.4678
0;0.924;0.7178;-0.2252;2.4373
2;0.9164;0.6478;-0.437;2.3229
1;0.9295;0.6752;-0.0724;2.3193
0;0.946;0.7121;-0.075;2.4325
0;0.9332;0.617;-0.3125;2.3871
0;0.9331;0.5792;-0.3143;2.3252
0;0.9318;0.5797;-0.3718;2.2403
0;0.9336;0.5822;-0.4181;2.1652
0;0.9433;0.5885;-0.1736;2.1649
2;0.9453;0.5815;-0.1615;2.1588
0;0.9503;0.762;-0.1725;2.1736
0;0.9544;0.743;-0.1543;2.1974
0;0.9618;0.7379;-0.0444;2.2558
0;0.9749;0.7739;-0.096;2.3883
0;0.9639;0.6892;-0.3007;2.3746
0;0.9703;0.7585;-0.193;2.3927
0;0.9663;0.6937;-0.2721;2.348
0;0.977;0.6733;-0.0648;2.3781
0;0.9583;0.6319;-0.5777;2.2182
0;0.9645;0.655;-0.4338;2.1212
0;0.9551;0.6068;-0.6968;1.9427
0;0.9504;0.5748;-0.7806;1.7412
0;0.927;0.4354;-0.9821;1.3654
2;0.9588;0.5434;-0.3652;1.3249
0;0.9888;0.6065;-0.0031;1.5334
0;0.9912;0.6027;-0.183;1.7019
0;0.9965;0.598;-0.1164;1.8617
0;0.9947;0.5598;-0.1394;1.9523
1;0.993;0.5931;-0.16;1.989
0;0.9918;0.571;-0.1758;1.9861
0;0.9897;0.578;-0.2024;1.9447
0;0.9947;0.5615;-0.1394;1.9341
2;0.9777;0.568;-0.3716;1.7608
0;0.9747;0.5365;-0.7873;1.5802
0;0.9586;0.512;-0.9295;1.2848
0;0.9567;0.522;-0.9159;1.0221
0;0.9664;0.6527;-0.7313;0.8871
0;1.0126;0.6873;-0.0429;1.163
0;1.0031;0.5582;-0.1933;1.2875
0;0.9918;0.5022;-0.3727;1.276
0;0.9968;0.5011;-0.3543;1.296
1;0.9993;0.5175;-0.3179;1.3193
0;1.0103;0.5608;-0.1597;1.4165
2;1.0229;0.6018;-0.0305;1.5856
0;1.0215;0.6044;-0.096;1.6896
0;1.0573;0.6709;-0.0123;2.0574
0;1.1011;0.794;-0.0201;2.6971
0;1.0832;0.7414;-0.1766;3.0207
0;1.0794;0.7843;-0.2062;3.2115
0;1.0639;0.7373;-0.328;3.1964
0;1.0489;0.6784;-0.446;3.0233
0;1.0579;0.6168;-0.4406;2.9313
2;1.0276;0.5569;-0.7563;2.5699
0;1.0376;0.6072;-0.7159;2.3433
0;1.0426;0.6072;-0.7038;2.1826
0;1.0437;0.6046;-0.6919;2.0419
0;1.0524;0.6004;-0.5946;1.9832
0;1.0406;0.5423;-0.6349;1.8158
1;1.0299;0.5193;-0.7702;1.5736
0;1.0539;0.4918;-0.3287;1.5696
0;1.0624;0.3871;-0.0421;1.6221
0;1.0623;0.432;-0.1646;1.6454
0;1.0584;0.4317;-0.2347;1.6135
0;1.0615;0.4914;-0.2267;1.5974
1;1.0616;0.5501;-0.2244;1.5687
0;1.0641;0.5258;-0.1667;1.5508
0;1.0892;0.7688;-0.0306;1.7328
0;1.1257;0.8122;-0.0088;2.1681
0;1.1163;0.7533;-0.1217;2.4084
0;1.103;0.6879;-0.3085;2.4589
0;1.0992;0.6532;-0.3623;2.4405
0;1.0989;0.7064;-0.366;2.3977
0;1.1064;0.7772;-0.2705;2.4018
2;1.0915;0.6459;-0.4875;2.2531
0;1.1008;0.648;-0.3866;2.1908
0;1.1102;0.6722;-0.2507;2.1982
0;1.0917;0.6083;-0.7505;2.0238
0;1.1112;0.6462;-0.3408;2.0308
0;1.0876;0.5672;-0.8058;1.8145
0;1.0938;0.5752;-0.6444;1.6771
0;1.1147;0.5662;-0.112;1.729
0;1.1183;0.4769;-0.034;1.782
0;1.1501;0.5924;-0.0229;2.0742
0;1.1411;0.6071;-0.1471;2.2066
1;1.164;0.6643;-0.0664;2.4819
0;1.1718;0.678;-0.0377;2.7383
0;1.1561;0.6167;-0.253;2.7778
0;1.1551;0.6599;-0.2636;2.7713
0;1.1462;0.6143;-0.3836;2.6609
0;1.1308;0.5506;-0.5955;2.4156
0;1.128;0.5962;-0.66;2.1728
2;1.1451;0.5909;-0.5079;2.1035
0;1.1741;0.7254;-0.3013;2.2728
0;1.1478;0.6275;-0.5972;2.1589
0;1.1397;0.5626;-0.6889;1.977
0;1.1388;0.5521;-0.6987;1.8054
1;1.1421;0.4763;-0.6616;1.679
0;1.1387;0.4925;-0.6998;1.5328
2;1.1469;0.4419;-0.6081;1.4705
0;1.1504;0.4253;-0.5688;1.4356
0;1.1547;0.4949;-0.6095;1.4298
0;1.1583;0.5119;-0.5621;1.4406
0;1.1636;0.5666;-0.2593;1.4791
1;1.1384;0.5268;-0.7444;1.2796
0;1.1799;0.6444;-0.113;1.4614
0;1.1519;0.5178;-0.5667;1.3511
0;1.1506;0.428;-0.6482;1.2391
0;1.1574;0.5335;-0.5269;1.1954
0;1.1432;0.5117;-0.7816;1.0272
1;1.1475;0.5285;-0.7036;0.9209
2;1.1517;0.5312;-0.6291;0.8628
0;1.1279;0.4691;-0.9728;0.606
0;1.141;0.4838;-0.5883;0.5085
0;1.1024;0.3882;-0.8473;0.0985
0;1.081;0.3407;-0.9718;-0.4075
0;1.0984;0.378;-0.7742;-0.6537
0;1.1116;0.3973;-0.61;-0.7286
0;1.1001;0.42;-0.7449;-0.8779
0;1.1013;0.3025;-0.7141;-0.9763
0;1.1136;0.3956;-0.5609;-0.9389
1;1.1225;0.4264;-0.4499;-0.8237
0;1.1137;0.3867;-0.4486;-0.7991
0;1.1124;0.4146;-0.4323;-0.782
0;1.1243;0.438;-0.1335;-0.6598
0;1.1502;0.4963;-0.0131;-0.3365
0;1.1579;0.5775;-0.003;-0.0124
0;1.1625;0.558;-0.0246;0.2817
0;1.1698;0.7193;-0.0685;0.5723
0;1.1765;0.8441;-0.0698;0.8519
0;1.1689;0.7733;-0.1733;0.9989
0;1.1604;0.6966;-0.2818;1.0325
0;1.1473;0.688;-0.4501;0.9368
0;1.1591;0.7123;-0.332;0.9511
0;1.1607;0.6878;-0.3954;0.9663
2;1.1665;0.6796;-0.3952;1.0166
0;1.1631;0.7112;-0.4795;1.0167
0;1.1426;0.6108;-0.9234;0.8321
0;1.1484;0.5928;-0.7883;0.7273
0;1.1319;0.4244;-0.8891;0.497
0;1.1308;0.381;-0.8131;0.3004
0;1.1344;0.3762;-0.7524;0.1736
0;1.1352;0.3382;-0.7396;0.0785
0;1.1504;0.3867;-0.4904;0.1313
0;1.1627;0.4743;-0.2867;0.2764
0;1.1465;0.4453;-0.4638;0.2498
1;1.1594;0.5473;-0.3163;0.3361
0;1.1845;0.59;-0.0862;0.6131
0;1.1668;0.5194;-0.3358;0.6751
0;1.178;0.5356;-0.1788;0.812
0;1.1726;0.5289;-0.2711;0.8648
0;1.1718;0.6008;-0.2858;0.8906
0;1.1961;0.6459;-0.0044;1.1075
0;1.1613;0.5808;-0.5471;0.9713
0;1.1921;0.6452;-0.1457;1.1151
0;1.201;0.6538;-0.106;1.2926
0;1.181;0.597;-0.5714;1.2484
0;1.1888;0.5842;-0.4212;1.2673
0;1.2023;0.5862;-0.1457;1.3829
1;1.187;0.5887;-0.4591;1.3294
0;1.1904;0.5707;-0.3892;1.3021
0;1.1762;0.4801;-0.5413;1.146
0;1.1575;0.4777;-0.846;0.8521
0;1.1629;0.4629;-0.7571;0.6578
2;1.1903;0.5393;-0.3111;0.7302
0;1.1932;0.5471;-0.2356;0.8043
0;1.2181;0.5482;-0.0271;1.0651
0;1.2265;0.6615;-0.0231;1.3304
1;1.2174;0.5703;-0.1359;1.4483
0;1.2069;0.5161;-0.267;1.4365
0;1.1952;0.5411;-0.4126;1.3127
0;1.1777;0.4696;-0.6784;1.0532
0;1.1753;0.4214;-0.8071;0.8169
2;1.1628;0.4285;-0.9218;0.5162
0;1.1493;0.3852;-0.9575;0.1589
0;1.1487;0.417;-0.8701;-0.1292
0;1.1842;0.5733;-0.4824;-0.0538
0;1.1842;0.5601;-0.4502;0.0062
0;1.1748;0.4512;-0.5313;-0.026
0;1.183;0.4688;-0.3738;0.0184
0;1.178;0.3611;-0.302;0.011
1;1.1775;0.3205;-0.3102;9.0E-4
2;1.2076;0.4687;-0.0422;0.2477
0;1.1892;0.4465;-0.3258;0.284
0;1.1871;0.474;-0.3534;0.2914
0;1.1935;0.5547;-0.3518;0.3487
0;1.1914;0.5558;-0.4676;0.3719
0;1.181;0.5642;-0.6154;0.2986
2;1.1744;0.5931;-0.737;0.1815
0;1.1793;0.6098;-0.6476;0.1286
0;1.2066;0.5854;-0.1467;0.3172
0;1.223;0.6314;-0.0992;0.6014
0;1.2007;0.5808;-0.4176;0.6303
0;1.1673;0.4577;-0.8966;0.3626
0;1.1331;0.3955;-0.9735;-0.1424
0;1.0761;0.3131;-0.5056;-1.0226
0;1.0717;0.2236;-0.52;-1.7424
2;1.1056;0.34;-0.4085;-2.0031
0;1.1476;0.4345;-0.2704;-1.8308
0;1.1428;0.4154;-0.2861;-1.7161
0;1.1275;0.3978;-0.3368;-1.7382
0;1.0975;0.3744;-0.4121;-1.9912
1;1.1131;0.4102;-0.2987;-2.037
0;1.1108;0.3989;-0.2021;-2.0713
0;1.0949;0.3295;-0.27;-2.2111
0;1.1313;0.368;-0.2996;-1.9894
0;1.1263;0.3872;-0.3767;-1.8359
0;1.1428;0.4609;-0.2001;-1.5551
0;1.1617;0.548;-0.021;-1.1571
0;1.1529;0.6537;-0.195;-0.906
1;1.1747;0.6927;-0.059;-0.5134
0;1.1857;0.6638;-0.0199;-0.1056
0;1.2063;0.6317;-0.1297;0.3921
0;1.1986;0.6234;-0.1848;0.7144
0;1.213;0.6902;-0.0988;1.0828
0;1.2031;0.7577;-0.2108;1.2777
0;1.2065;0.7424;-0.1771;1.4467
0;1.1851;0.6754;-0.4352;1.3826
0;1.1389;0.5908;-0.8847;0.9253
0;1.103;0.4415;-0.8802;0.2504
2;1.1178;0.4833;-0.7725;-0.1577
0;1.1354;0.4853;-0.6456;-0.3288
0;1.1412;0.4573;-0.5777;-0.4103
0;1.163;0.52;-0.4103;-0.2857
0;1.171;0.4922;-0.3455;-0.1165
1;1.1358;0.4051;-0.6182;-0.2809
0;1.1395;0.3641;-0.5336;-0.3759
0;1.136;0.3706;-0.5553;-0.4758
0;1.1673;0.4116;-0.1147;-0.2845
0;1.199;0.4927;-0.0489;0.1384
0;1.2135;0.5119;-0.1756;0.593
0;1.1947;0.5166;-0.3442;0.7854
0;1.1761;0.5712;-0.511;0.7707
0;1.1742;0.6569;-0.5277;0.7353
0;1.1816;0.6451;-0.4618;0.7618
0;1.1785;0.6053;-0.489;0.7489
2;1.1559;0.5331;-0.7106;0.5389
0;1.1138;0.3985;-0.7651;0.0105
0;1.1345;0.4284;-0.6325;-0.2306
0;1.1405;0.5104;-0.5942;-0.3674
0;1.1682;0.5576;-0.3771;-0.2353
0;1.1723;0.5724;-0.1557;-0.0948
0;1.1716;0.5098;-0.169;0.0112
1;1.1527;0.3881;-0.3353;-0.0658
0;1.1616;0.3711;-0.2569;-0.0502
0;1.1515;0.3879;-0.3457;-0.1229
0;1.122;0.367;-0.606;-0.4297
2;1.1375;0.4155;-0.6766;-0.5348
0;1.1236;0.3705;-0.8532;-0.7299
0;1.1182;0.3667;-0.8557;-0.9215
0;1.1342;0.4505;-0.6674;-0.9273
0;1.121;0.5187;-0.8233;-1.0342
0;1.1041;0.4188;-0.963;-1.2503
0;1.0903;0.3712;-0.9738;-1.5244
0;1.1139;0.3573;-0.605;-1.5239
0;1.1195;0.3626;-0.4828;-1.4601
0;1.1475;0.4451;-0.0415;-1.1567
0;1.0827;0.368;-0.8712;-1.4553
0;1.1056;0.3997;-0.5758;-1.4808
0;1.0977;0.4028;-0.678;-1.5524
0;1.1078;0.4724;-0.548;-1.5068
0;1.1197;0.4649;-0.3939;-1.3535
2;1.119;0.4904;-0.4028;-1.2242
1;1.1031;0.4698;-0.6086;-1.2448
0;1.1378;0.5067;-0.1604;-0.9529
0;1.1563;0.5641;-0.1699;-0.556
0;1.1303;0.5461;-0.4277;-0.4576
0;1.1573;0.6125;-0.1772;-0.1467
0;1.1393;0.5434;-0.3944;-0.0529
0;1.139;0.534;-0.3978;0.0191
0;1.1308;0.4688;-0.5977;0.0063
0;1.1422;0.6394;-0.4376;0.093
0;1.14;0.5891;-0.4693;0.1411
2;1.1387;0.6102;-0.5179;0.1667
0;1.156;0.6247;-0.326;0.3319
0;1.168;0.6248;-0.1601;0.5603
0;1.1718;0.6343;-0.2619;0.7668
0;1.1384;0.5825;-0.7381;0.6377
0;1.154;0.5416;-0.5154;0.6619
0;1.1543;0.4944;-0.5407;0.6764
0;1.1666;0.6112;-0.3556;0.785
0;1.1632;0.5211;-0.4129;0.833
2;1.1631;0.5977;-0.4144;0.8611
1;1.1777;0.6423;-0.241;0.9985
0;1.1689;0.6391;-0.4118;1.021
0;1.1563;0.551;-0.6546;0.9211
0;1.1447;0.516;-0.6718;0.7342
0;1.1469;0.5275;-0.6344;0.5975
0;1.1352;0.4269;-0.8325;0.3842
2;1.1017;0.298;-0.9255;-0.0716
0;1.0828;0.2514;-0.9624;-0.5909
0;1.0771;0.2974;-0.8863;-1.0421
0;1.1034;0.3438;-0.6669;-1.163
0;1.0736;0.2894;-0.9128;-1.4986
0;1.0887;0.2994;-0.726;-1.6195
0;1.074;0.2831;-0.8304;-1.8218
0;1.1066;0.3812;-0.5116;-1.6858
0;1.1283;0.3991;-0.2035;-1.3763
0;1.1156;0.393;-0.2722;-1.2255
1;1.1238;0.4335;-0.1713;-1.0245
0;1.1144;0.4375;-0.2868;-0.9345
0;1.1201;0.4456;-0.2163;-0.8053
0;1.1041;0.4379;-0.4143;-0.831
2;1.0948;0.4846;-0.5298;-0.9217
0;1.1319;0.6006;-0.073;-0.6679
0;1.1391;0.6263;-0.0397;-0.4001
0;1.1193;0.5333;-0.3783;-0.3525
0;1.1082;0.5785;-0.5812;-0.4055
0;1.1225;0.577;-0.3333;-0.3221
1;1.0981;0.5525;-0.7573;-0.4598
0;1.0814;0.4411;-0.8374;-0.7052
2;1.0926;0.4121;-0.6817;-0.796
0;1.1081;0.4819;-0.4658;-0.7273
0;1.0873;0.4166;-0.7555;-0.8422
0;1.0991;0.4653;-0.5915;-0.8238
0;1.1318;0.5236;-0.0366;-0.5227
1;1.1628;0.6116;-0.0094;-0.0171
0;1.1544;0.6139;-0.2283;0.3104
0;1.1567;0.5545;-0.2077;0.5844
0;1.192;0.6036;-0.0654;1.0935
0;1.1908;0.651;-0.0762;1.4729
0;1.1815;0.6559;-0.161;1.677
0;1.1913;0.6493;-0.078;1.9034
0;1.1926;0.7278;-0.0772;2.0724
0;1.1706;0.71;-0.3248;1.9975
0;1.1959;0.728;-0.0836;2.1317
0;1.192;0.695;-0.1587;2.1815
0;1.1974;0.7759;-0.0705;2.2434
0;1.1972;0.761;-0.1038;2.2667
0;1.1968;0.7088;-0.1996;2.2577
1;1.1958;0.6315;-0.22;2.2183
0;1.1952;0.673;-0.3025;2.1587
0;1.205;0.6926;-0.1566;2.1718
0;1.2347;0.6783;-0.0322;2.4112
0;1.2359;0.6882;-0.112;2.5843
0;1.2322;0.7225;-0.1821;2.6622
0;1.2327;0.6977;-0.1744;2.6996
0;1.2291;0.6704;-0.2575;2.6693
0;1.2507;0.8746;-0.0526;2.8007
0;1.2509;0.8361;-0.0497;2.8761
0;1.2635;0.8953;-0.0951;3.0122
0;1.281;0.9077;-0.0563;3.2358
0;1.2691;0.8151;-0.2165;3.2771
0;1.2724;0.823;-0.1759;3.3025
0;1.2814;0.8421;-0.064;3.3636
0;1.2799;0.8362;-0.1599;3.3636
0;1.2722;0.7713;-0.2477;3.2625
0;1.2823;0.7282;-0.1796;3.2337
0;1.278;0.6964;-0.297;3.1407
0;1.2538;0.5846;-0.7992;2.8289
0;1.2636;0.6127;-0.7275;2.6361
0;1.2522;0.5797;-0.8686;2.3591
0;1.2404;0.462;-0.9281;2.0162
2;1.2468;0.4857;-0.8168;1.7791
0;1.2515;0.4548;-0.7363;1.6128
0;1.2609;0.42;-0.5404;1.5451
0;1.2631;0.474;-0.5;1.4938
0;1.2567;0.4339;-0.6195;1.3831
1;1.2614;0.4129;-0.3929;1.3214
0;1.288;0.529;-0.1325;1.4842
0;1.3218;0.6498;-0.1198;1.884
0;1.3123;0.5908;-0.2183;2.0977
0;1.3238;0.6327;-0.1009;2.3418
0;1.3204;0.7191;-0.137;2.48
0;1.3249;0.7091;-0.0979;2.601
0;1.3107;0.696;-0.2598;2.5482
0;1.3035;0.7178;-0.342;2.4183
0;1.2996;0.6856;-0.4031;2.2577
0;1.3038;0.6845;-0.4871;2.1424
0;1.3073;0.6708;-0.4288;2.059
2;1.3031;0.645;-0.4542;1.9354
0;1.3058;0.6831;-0.4049;1.841
0;1.3032;0.658;-0.4525;1.7244
1;1.3094;0.5958;-0.3415;1.6671
0;1.3183;0.4795;-0.1788;1.6797
0;1.2899;0.394;-0.6777;1.4304
0;1.2805;0.2908;-0.8114;1.1394
0;1.2732;0.2803;-0.9174;0.836
0;1.2894;0.3507;-0.6143;0.7255
0;1.2787;0.3615;-0.8117;0.5402
2;1.2881;0.4346;-0.638;0.4682
0;1.283;0.4302;-0.7313;0.3637
0;1.2923;0.4538;-0.5594;0.3563
1;1.2872;0.4198;-0.6545;0.3031
0;1.3086;0.5194;-0.2578;0.4398
0;1.3168;0.537;-0.1525;0.6123
0;1.3125;0.531;-0.2288;0.7049
0;1.3225;0.5427;-0.0883;0.8558
0;1.3193;0.5033;-0.1803;0.9379
0;1.3278;0.6479;-0.0525;1.0648
0;1.3427;0.7326;-0.0149;1.2799
0;1.3506;0.7882;-0.0394;1.5028
0;1.3635;0.783;-0.0286;1.7722
0;1.3515;0.7754;-0.1905;1.8642
0;1.3857;0.8108;-0.0595;2.2068
0;1.3885;0.8406;-0.0255;2.4768
0;1.3742;0.7565;-0.2081;2.5425
0;1.3629;0.7281;-0.3558;2.471
0;1.3607;0.6777;-0.3837;2.37
0;1.3609;0.659;-0.4368;2.2666
0;1.3748;0.7102;-0.2785;2.2788
2;1.3651;0.6442;-0.5874;2.1827
0;1.3734;0.6771;-0.4337;2.1537
0;1.3701;0.6435;-0.5323;2.0802
0;1.3672;0.5907;-0.6053;1.9758
0;1.38;0.6049;-0.2194;1.9811
0;1.3612;0.4921;-0.5569;1.8044
0;1.3594;0.5288;-0.5942;1.631
0;1.3752;0.4557;-0.2629;1.6116
0;1.3932;0.5178;-0.0289;1.7316
0;1.3999;0.6023;-0.0179;1.865
0;1.3966;0.6432;-0.1401;1.9217
0;1.4035;0.6749;-0.0518;2.0049
1;1.4116;0.6948;-0.0743;2.1181
0;1.396;0.5803;-0.2766;2.0519
0;1.4006;0.6396;-0.2164;2.0175
0;1.3912;0.5696;-0.3529;1.8891
0;1.3866;0.5639;-0.5838;1.7291
0;1.4027;0.6243;-0.4123;1.7211
2;1.3964;0.56;-0.5905;1.6427
0;1.4012;0.6637;-0.454;1.6047
0;1.3955;0.6429;-0.6156;1.5089
0;1.4137;0.6495;-0.1017;1.5723
1;1.418;0.6078;-0.2829;1.6418
0;1.4165;0.5754;-0.312;1.6665
0;1.4246;0.6225;-0.1531;1.7372
0;1.4052;0.5066;-0.5329;1.6096
0;1.4049;0.4717;-0.5388;1.4894
0;1.4047;0.5421;-0.5426;1.3773
0;1.4154;0.5673;-0.3333;1.3652
0;1.4198;0.6364;-0.2481;1.3783
2;1.4228;0.6753;-0.188;1.4
0;1.4195;0.5926;-0.2867;1.3736
0;1.4166;0.6162;-0.3012;1.3139
1;1.4149;0.5816;-0.3412;1.2386
0;1.4177;0.6373;-0.2753;1.1897
0;1.4092;0.468;-0.4776;1.0662
2;1.4061;0.415;-0.5506;0.9315
0;1.4098;0.4533;-0.6099;0.8466
0;1.4141;0.4232;-0.4737;0.8078
0;1.4166;0.6108;-0.3963;0.7897
0;1.4041;0.4938;-0.773;0.661
0;1.3987;0.4568;-0.772;0.5072
0;1.405;0.4191;-0.5701;0.4336
0;1.4096;0.4209;-0.4268;0.4098
0;1.4083;0.3839;-0.3915;0.3757
0;1.4088;0.4106;-0.3737;0.3491
0;1.408;0.4254;-0.4021;0.3177
1;1.3867;0.3179;-0.9008;0.1095
0;1.3613;0.218;-0.9558;-0.272
0;1.3545;0.222;-0.9115;-0.6268
0;1.361;0.278;-0.8174;-0.845
0;1.357;0.2412;-0.8745;-1.0416
0;1.3489;0.1914;-0.9329;-1.2545
0;1.3458;0.167;-0.949;-1.4349
0;1.3544;0.2575;-0.8353;-1.4886
0;1.3481;0.255;-0.9176;-1.569
0;1.3445;0.1999;-0.8907;-1.6457
0;1.349;0.1992;-0.7473;-1.6506
0;1.3309;0.1707;-1.0;-1.7908
0;1.3499;0.2837;-0.3739;-1.7208
0;1.3342;0.2556;-0.6657;-1.781
0;1.3316;0.2916;-0.6717;-1.8315
0;1.3507;0.4581;-0.1869;-1.6895
0;1.3792;0.5836;-0.013;-1.3179
1;1.3713;0.5348;-0.2443;-1.078
0;1.3692;0.5416;-0.2743;-0.8953
0;1.3936;0.6367;-0.0066;-0.5356
0;1.4048;0.6719;-0.041;-0.151
0;1.3995;0.634;-0.1353;0.1088
0;1.3917;0.6283;-0.2315;0.2455
0;1.4023;0.6633;-0.1112;0.441
0;1.3985;0.6405;-0.1539;0.5583
0;1.3777;0.6308;-0.5536;0.4681
2;1.3944;0.6261;-0.3771;0.534
0;1.3794;0.6285;-0.697;0.4527
0;1.3761;0.6261;-0.7835;0.3559
0;1.3705;0.5608;-0.8069;0.2285
0;1.3593;0.4317;-0.8676;0.0302
0;1.3612;0.4637;-0.8347;-0.1103
0;1.3753;0.52;-0.6;-0.0997
0;1.3422;0.3401;-0.9482;-0.3719
0;1.3456;0.3066;-0.7865;-0.5528
0;1.3366;0.2992;-0.9156;-0.7663
0;1.3339;0.3095;-0.9493;-0.9493
0;1.336;0.2681;-0.8262;-1.0656
0;1.4282;0.5641;-0.0513;-0.363
0;1.438;0.6367;-0.1493;0.2772
0;1.4449;0.6199;-0.0968;0.8378
0;1.4479;0.6725;-0.0743;1.2959
1;1.4412;0.6609;-0.1253;1.5855
0;1.4321;0.6497;-0.1935;1.7199
0;1.4167;0.6368;-0.3098;1.6766
0;1.4138;0.6248;-0.3316;1.6001
0;1.3979;0.5532;-0.4509;1.3884
2;1.4077;0.6733;-0.5925;1.2898
0;1.3888;0.6055;-0.9191;1.0378
0;1.3843;0.6193;-0.9784;0.7902
0;1.3728;0.5933;-0.979;0.4895
0;1.3716;0.5858;-0.993;0.2373
0;1.4137;0.4539;-0.4463;0.3929
0;1.4233;0.4535;-0.1436;0.5933
0;1.4134;0.4016;-0.2873;0.6603
0;1.4555;0.519;-0.0425;1.0638
0;1.4584;0.544;-0.0957;1.3948
1;1.5168;0.6728;-0.0383;2.1362
0;1.5163;0.7165;-0.0975;2.6934
0;1.509;0.7031;-0.1387;3.0421
0;1.5017;0.7297;-0.1798;3.2228
0;1.4886;0.6764;-0.2542;3.2193
0;1.4981;0.7486;-0.2001;3.2636
2;1.5166;0.7828;-0.0958;3.4203
0;1.5293;0.8327;-0.0351;3.6157
0;1.522;0.8117;-0.1991;3.6695
0;1.5151;0.7459;-0.3204;3.6138
0;1.5696;0.7914;-0.0554;3.9948
0;1.5832;0.8334;-0.1221;4.3677
0;1.6094;0.8223;-0.0567;4.8374
0;1.6073;0.8129;-0.123;5.1383
0;1.5763;0.6414;-0.3361;5.0578
0;1.5732;0.6335;-0.3965;4.9143
0;1.594;0.6875;-0.2379;4.9257
0;1.5932;0.7077;-0.244;4.8756
2;1.6012;0.7618;-0.183;4.8524
0;1.5949;0.7284;-0.3809;4.7291
0;1.6054;0.7178;-0.3148;4.6709
0;1.5986;0.675;-0.4229;4.5178
0;1.6062;0.7122;-0.3021;4.4137
0;1.6394;0.7769;-0.0077;4.5667
0;1.6154;0.6179;-0.3178;4.4351
0;1.6159;0.5904;-0.315;4.2886
0;1.6133;0.5124;-0.4245;4.1056
0;1.6158;0.527;-0.3847;3.9391
0;1.6303;0.6912;-0.1552;3.8892
2;1.6264;0.6873;-0.2576;3.7755
0;1.6144;0.5766;-0.4848;3.5441
0;1.6104;0.563;-0.6477;3.2902
0;1.6004;0.4971;-0.9041;2.9704
