0;0.2914;0.0;-0.6182;0.0
0;0.2937;1.0;-0.1429;0.0
0;0.2913;0.4909;-0.6429;0.0
0;0.294;0.6744;-0.2031;0.0
0;0.2935;0.6374;-0.3243;0.0
0;0.2939;0.6526;-0.2703;0.0
0;0.2981;0.7724;-0.037;0.0
0;0.3;0.8024;-0.0597;0.0
0;0.2985;0.7243;-0.194;0.0
0;0.3004;0.7536;-0.037;0.0
0;0.3055;0.809;-0.0404;0.0
0;0.3025;0.7152;-0.2327;0.043
0;0.2995;0.6409;-0.4059;0.0564
0;0.3032;0.6816;-0.1931;0.0978
0;0.3012;0.6427;-0.3116;0.1148
0;0.2977;0.5564;-0.6776;0.0965
2;0.2944;0.5421;-0.9467;0.0496
0;0.2955;0.522;-0.8431;0.0215
0;0.2986;0.5669;-0.6078;0.0294
0;0.2997;0.5756;-0.5229;0.0473
0;0.2983;0.5024;-0.6275;0.0473
0;0.2998;0.4964;-0.4351;0.0628
1;0.3004;0.5287;-0.374;0.0828
0;0.2998;0.4922;-0.4275;0.0922
0;0.3023;0.4479;-0.0956;0.1277
0;0.3007;0.469;-0.4848;0.1377
0;0.2928;0.4005;-0.7972;0.0528
0;0.289;0.2915;-0.9353;-0.0317
0;0.2947;0.414;-0.6466;-0.0495
0;0.2961;0.4772;-0.5776;-0.0514
2;0.2954;0.5155;-0.6121;-0.0582
0;0.2973;0.5266;-0.5172;-0.047
0;0.2987;0.5013;-0.4483;-0.0261
1;0.2994;0.496;-0.4095;-0.0028
0;0.2996;0.521;-0.4009;0.017
0;0.2994;0.4942;-0.1046;0.031
0;0.2992;0.4777;-0.1184;0.0395
0;0.282;0.3032;-0.8295;-0.0996
0;0.2918;0.4003;-0.3939;-0.125
0;0.293;0.4265;-0.3409;-0.1335
2;0.2893;0.4636;-0.5076;-0.1706
0;0.2873;0.4815;-0.5947;-0.2147
0;0.2929;0.4796;-0.3485;-0.2001
1;0.2934;0.4698;-0.3258;-0.1822
0;0.2956;0.5018;-0.2273;-0.1473
0;0.2929;0.4534;-0.3485;-0.1414
0;0.2914;0.424;-0.3404;-0.1475
0;0.2865;0.375;-0.8153;-0.1928
0;0.2874;0.3841;-0.7222;-0.2184
0;0.2879;0.3913;-0.6852;-0.2319
2;0.2864;0.3821;-0.7963;-0.2532
0;0.2905;0.6025;-0.5;-0.2325
0;0.2929;0.5164;-0.321;-0.1927
0;0.2997;0.5844;-0.0406;-0.1023
0;0.301;0.659;-0.0421;-0.0183
0;0.2981;0.6427;-0.2009;0.0234
1;0.3001;0.6055;-0.0935;0.0727
0;0.2953;0.5254;-0.3551;0.0702
0;0.2917;0.4511;-0.6198;0.0364
0;0.293;0.5022;-0.5365;0.021
2;0.2934;0.5261;-0.6149;0.0115
0;0.2937;0.6098;-0.6552;0.0068
0;0.2975;0.6413;-0.3623;0.0356
0;0.2952;0.5959;-0.5652;0.0376
1;0.2975;0.6438;-0.315;0.0584
0;0.2975;0.6015;-0.281;0.0741
0;0.2981;0.5796;-0.1593;0.0914
0;0.2947;0.4157;-0.5133;0.0752
0;0.2954;0.4018;-0.4425;0.0675
0;0.2958;0.456;-0.3982;0.0642
0;0.2984;0.4682;-0.1613;0.0827
0;0.2995;0.5904;-0.1;0.1058
0;0.2975;0.6374;-0.3556;0.1062
0;0.2975;0.6128;-0.3556;0.1054
0;0.3006;0.6592;-0.0408;0.1297
0;0.2989;0.6078;-0.2449;0.133
0;0.2975;0.498;-0.4184;0.1219
0;0.301;0.6269;-0.11;0.1415
0;0.2997;0.5508;-0.3125;0.1446
0;0.2981;0.5127;-0.5444;0.1318
0;0.2981;0.4981;-0.5444;0.1202
0;0.3022;0.6594;-0.0323;0.1453
0;0.3042;0.677;-0.2098;0.1802
0;0.3041;0.669;-0.2443;0.205
0;0.3055;0.652;-0.2123;0.234
0;0.3073;0.6619;-0.15;0.2695
0;0.3114;0.7655;-0.0107;0.3301
0;0.3078;0.6714;-0.2406;0.3432
0;0.3041;0.5574;-0.4706;0.3188
0;0.3073;0.632;-0.2674;0.3236
0;0.3066;0.6458;-0.3986;0.3175
0;0.3062;0.5939;-0.5385;0.3065
2;0.3068;0.6304;-0.549;0.2995
0;0.3067;0.6656;-0.5686;0.2895
0;0.3069;0.6688;-0.5392;0.2806
0;0.3105;0.6611;-0.2645;0.3011
0;0.3091;0.5966;-0.405;0.3017
0;0.3108;0.6254;-0.25;0.3142
0;0.3054;0.4986;-0.8962;0.2744
0;0.307;0.4958;-0.6609;0.2538
0;0.3033;0.3652;-0.9091;0.2032
0;0.306;0.4696;-0.5789;0.1842
0;0.302;0.4642;-0.8882;0.1333
2;0.3003;0.3746;-0.9337;0.0774
0;0.3042;0.462;-0.6566;0.0658
0;0.3005;0.4177;-0.9157;0.0248
0;0.2975;0.3739;-0.9216;-0.0338
0;0.2919;0.3267;-0.8817;-0.1266
0;0.2914;0.3187;-0.8263;-0.2027
0;0.2912;0.2554;-0.834;-0.2619
0;0.286;0.2327;-0.9837;-0.3507
0;0.2927;0.3122;-0.6562;-0.3593
0;0.2962;0.4;-0.4782;-0.3333
0;0.3015;0.4448;-0.2135;-0.2639
0;0.3027;0.4944;-0.1527;-0.196
0;0.3047;0.4858;-0.0565;-0.1241
1;0.2997;0.4756;-0.3041;-0.1085
0;0.2997;0.4933;-0.3041;-0.0951
0;0.2992;0.4413;-0.3258;-0.0872
0;0.2985;0.4745;-0.3605;-0.086
0;0.2985;0.5146;-0.4392;-0.0842
2;0.3004;0.6293;-0.4161;-0.0662
0;0.2967;0.5736;-0.8889;-0.0826
0;0.2992;0.6045;-0.6356;-0.0731
0;0.3026;0.729;-0.2957;-0.0365
0;0.3027;0.6686;-0.2095;-0.0059
0;0.3035;0.6364;-0.0891;0.0251
0;0.3023;0.5172;-0.2277;0.0388
1;0.302;0.484;-0.2574;0.0469
0;0.297;0.3474;-0.8218;0.0104
0;0.2978;0.4557;-0.7048;-0.0118
0;0.3002;0.5114;-0.4476;-0.009
2;0.3012;0.5424;-0.3333;0.0022
0;0.3021;0.5751;-0.2381;0.0184
0;0.304;0.6054;-0.1583;0.0466
1;0.3033;0.5587;-0.225;0.0624
0;0.3021;0.623;-0.3333;0.0645
0;0.301;0.5424;-0.4417;0.0558
0;0.307;0.5955;-0.1282;0.0997
0;0.3046;0.5358;-0.3684;0.1124
0;0.3061;0.5497;-0.3169;0.1346
0;0.2987;0.445;-0.7927;0.0874
0;0.2957;0.4109;-1.0;0.024
0;0.2981;0.516;-0.7569;-0.0061
2;0.2892;0.3948;-0.9958;-0.1049
0;0.2965;0.4598;-0.5894;-0.1199
0;0.3012;0.4991;-0.3878;-0.091
0;0.2971;0.4524;-0.5627;-0.1015
0;0.3006;0.4693;-0.4106;-0.0789
0;0.3028;0.4961;-0.2623;-0.0417
1;0.3005;0.4861;-0.2936;-0.0312
0;0.2892;0.4123;-0.8853;-0.1187
0;0.2906;0.3685;-0.6189;-0.1744
0;0.2913;0.3907;-0.5909;-0.2105
0;0.2836;0.3311;-0.8986;-0.3021
2;0.2779;0.3401;-0.9758;-0.4195
0;0.2856;0.427;-0.6386;-0.4428
0;0.2864;0.4144;-0.6114;-0.449
0;0.2884;0.4936;-0.5489;-0.432
0;0.2918;0.4587;-0.4457;-0.3858
0;0.2942;0.4372;-0.2136;-0.3244
1;0.2906;0.4407;-0.3004;-0.3031
0;0.2969;0.4672;-0.0403;-0.2304
0;0.2966;0.4439;-0.0848;-0.1728
0;0.291;0.4188;-0.311;-0.1732
0;0.297;0.5728;-0.0671;-0.1204
0;0.2934;0.5243;-0.3427;-0.1088
0;0.2945;0.528;-0.3077;-0.0888
0;0.2991;0.6458;-0.1024;-0.0326
0;0.2983;0.7114;-0.1955;0.0052
0;0.3016;0.6826;-0.0464;0.0625
0;0.2944;0.5794;-0.6312;0.046
0;0.2941;0.5588;-0.6525;0.0303
0;0.2935;0.5192;-0.7021;0.0124
0;0.2955;0.5145;-0.539;0.0152
0;0.2938;0.5363;-0.768;0.0024
2;0.2941;0.4639;-0.6216;-0.0047
0;0.2926;0.4482;-0.7432;-0.0237
0;0.3031;0.638;-0.0706;0.0509
0;0.3029;0.5774;-0.2;0.1077
0;0.2983;0.5643;-0.4667;0.1125
0;0.3033;0.6029;-0.1795;0.1568
0;0.3008;0.5206;-0.3231;0.1692
1;0.2986;0.5031;-0.4513;0.1586
0;0.3026;0.5113;-0.2205;0.1821
0;0.2998;0.5714;-0.3795;0.1755
0;0.3014;0.5924;-0.2963;0.1819
0;0.3037;0.6239;-0.1935;0.2043
0;0.3047;0.6149;-0.1804;0.2288
0;0.3043;0.6357;-0.218;0.2419
0;0.3059;0.6469;-0.1223;0.263
0;0.3109;0.7111;-0.0677;0.3193
0;0.3091;0.5873;-0.209;0.3454
0;0.3107;0.6083;-0.1364;0.3756
0;0.3092;0.6649;-0.233;0.3828
0;0.3068;0.5591;-0.3864;0.3644
0;0.3109;0.6575;-0.1679;0.3802
2;0.308;0.6434;-0.4783;0.364
0;0.3068;0.5718;-0.5913;0.3378
0;0.3101;0.6686;-0.3605;0.3411
0;0.3048;0.5501;-0.9286;0.2954
0;0.2963;0.4087;-0.9792;0.1841
0;0.304;0.4916;-0.4612;0.1592
0;0.3058;0.5154;-0.3592;0.1535
0;0.3073;0.5145;-0.2767;0.1601
0;0.3019;0.4079;-0.5644;0.1181
0;0.3013;0.4177;-0.599;0.0786
1;0.304;0.4304;-0.4505;0.069
0;0.3005;0.4139;-0.6436;0.0317
0;0.3035;0.4674;-0.4208;0.0272
0;0.2962;0.3651;-0.7318;-0.0383
0;0.2973;0.398;-0.6648;-0.0806
0;0.2969;0.4041;-0.6872;-0.1161
0;0.2987;0.3864;-0.5754;-0.1279
0;0.2936;0.3877;-0.8876;-0.179
0;0.2948;0.4815;-0.6146;-0.2076
0;0.287;0.3012;-0.7527;-0.2943
0;0.2806;0.2338;-0.9927;-0.4129
0;0.2893;0.3349;-0.63;-0.4284
0;0.2792;0.3081;-0.9628;-0.5216
0;0.284;0.3629;-0.741;-0.5493
0;0.2851;0.3475;-0.6892;-0.5556
0;0.2739;0.3086;-0.967;-0.6499
0;0.2765;0.3051;-0.8239;-0.695
0;0.2761;0.3385;-0.8292;-0.7269
0;0.2791;0.3583;-0.6239;-0.719
0;0.2738;0.3329;-0.8962;-0.7497
0;0.278;0.3557;-0.5772;-0.7303
0;0.2865;0.4527;-0.1829;-0.6351
0;0.2876;0.4521;-0.0658;-0.5445
0;0.2905;0.5256;-0.121;-0.442
0;0.2896;0.5689;-0.1631;-0.3647
1;0.287;0.4806;-0.266;-0.3215
0;0.2901;0.6053;-0.1405;-0.2578
0;0.2899;0.5624;-0.1513;-0.2071
0;0.2905;0.5576;-0.1262;-0.1597
2;0.2866;0.6611;-0.2839;-0.1538
0;0.2814;0.5577;-0.7633;-0.1918
0;0.286;0.6071;-0.602;-0.1807
0;0.2902;0.6176;-0.2668;-0.1339
0;0.2924;0.7097;-0.1447;-0.0768
0;0.2923;0.6764;-0.1688;-0.0325
0;0.2925;0.5936;-0.1761;0.005
1;0.2858;0.4767;-0.6541;-0.0227
0;0.2864;0.4419;-0.6101;-0.039
0;0.2918;0.5281;-0.2264;-0.0055
0;0.2945;0.5929;-0.1;0.0434
0;0.2908;0.5076;-0.4097;0.05
0;0.2873;0.4707;-0.7101;0.0253
1;0.2872;0.4622;-0.7444;0.0048
0;0.286;0.4924;-0.8496;-0.0219
0;0.2821;0.509;-0.9128;-0.0758
2;0.2815;0.4361;-0.9371;-0.1228
0;0.2758;0.3036;-0.9461;-0.2066
0;0.2761;0.2646;-0.9;-0.2681
0;0.2706;0.2296;-0.9729;-0.3604
0;0.2672;0.207;-0.76;-0.4578
0;0.2717;0.3283;-0.6027;-0.4914
0;0.2686;0.2953;-0.6889;-0.5389
0;0.2689;0.2009;-0.6647;-0.5684
0;0.2644;0.1258;-0.8105;-0.6232
0;0.2643;0.138;-0.7766;-0.6613
0;0.2549;0.1188;-0.9732;-0.764
0;0.2526;0.1129;-0.92;-0.8563
0;0.2491;0.1075;-0.65;-0.9493
0;0.2527;0.1844;-0.5216;-0.9824
0;0.259;0.2847;-0.3685;-0.9446
0;0.2541;0.2892;-0.4803;-0.9462
0;0.2602;0.3617;-0.3101;-0.8856
0;0.2551;0.3645;-0.3719;-0.8713
1;0.2606;0.4436;-0.2166;-0.8049
0;0.2644;0.4368;-0.0853;-0.7117
0;0.2716;0.5241;-0.0311;-0.5691
0;0.2738;0.5379;-0.0316;-0.4326
0;0.2664;0.5145;-0.2475;-0.3829
0;0.2791;0.5929;-0.1675;-0.2322
0;0.281;0.681;-0.1133;-0.0945
0;0.2846;0.7177;-0.0431;0.0451
0;0.2829;0.7355;-0.0885;0.1403
0;0.2838;0.7253;-0.1139;0.2214
0;0.2904;0.7267;-0.0437;0.3393
0;0.2863;0.7351;-0.2199;0.3939
0;0.2878;0.7161;-0.1615;0.4456
0;0.2852;0.7439;-0.2646;0.4591
0;0.2886;0.7355;-0.2043;0.4941
0;0.2859;0.6838;-0.373;0.4931
2;0.2885;0.6568;-0.2708;0.5097
0;0.2914;0.6613;-0.1274;0.5414
0;0.2914;0.764;-0.2222;0.5607
0;0.2932;0.6942;-0.0909;0.5857
0;0.2883;0.5919;-0.4825;0.557
0;0.2871;0.5346;-0.5734;0.5188
0;0.2871;0.56;-0.5734;0.4832
0;0.2823;0.482;-0.7351;0.4094
0;0.2803;0.3546;-0.8595;0.3296
2;0.2769;0.361;-0.9706;0.2339
0;0.2725;0.2926;-0.9251;0.1192
0;0.2699;0.2926;-0.939;0.005
0;0.2763;0.3459;-0.6915;-0.0301
0;0.2783;0.4027;-0.6117;-0.0409
0;0.2776;0.3524;-0.5914;-0.055
0;0.2727;0.2619;-0.7942;-0.1069
0;0.2699;0.2442;-0.8136;-0.1707
1;0.281;0.381;-0.2048;-0.1244
0;0.2768;0.3864;-0.3568;-0.1227
0;0.2826;0.4592;-0.0415;-0.0704
0;0.2839;0.471;-0.0569;-0.0179
0;0.2842;0.5178;-0.0731;0.0266
0;0.2814;0.51;-0.2192;0.0373
0;0.278;0.5109;-0.3927;0.0168
0;0.2746;0.5205;-0.5662;-0.0281
0;0.278;0.5774;-0.3927;-0.0346
0;0.2827;0.5627;-0.2245;5.0E-4
2;0.2796;0.5128;-0.5929;0.0018
0;0.2793;0.5172;-0.6143;5.0E-4
0;0.2768;0.5414;-0.8214;-0.0222
1;0.2792;0.596;-0.6214;-0.0189
0;0.2753;0.431;-0.9167;-0.0499
0;0.2733;0.4562;-0.8652;-0.0903
0;0.2777;0.4359;-0.5843;-0.0837
0;0.2674;0.3252;-0.9866;-0.1655
0;0.2661;0.3118;-0.918;-0.2387
0;0.2652;0.3244;-0.8723;-0.3021
0;0.2686;0.3985;-0.6528;-0.3196
0;0.2727;0.4792;-0.4398;-0.2953
0;0.2776;0.4954;-0.1852;-0.2317
0;0.2787;0.4556;-0.0503;-0.1694
0;0.2772;0.4724;-0.1357;-0.1313
1;0.2803;0.5106;-0.019;-0.0735
0;0.283;0.567;-0.0989;-0.0047
0;0.2867;0.5784;-0.0312;0.0812
0;0.2873;0.6365;-0.0592;0.1532
0;0.2902;0.6876;-0.0392;0.2331
0;0.2873;0.6098;-0.2151;0.2688
0;0.295;0.8377;-0.0467;0.3595
0;0.2967;0.8694;-0.1127;0.4414
0;0.2949;0.8529;-0.1896;0.4862
0;0.2988;0.8545;-0.026;0.5495
0;0.3074;0.8684;-0.0767;0.6664
0;0.3062;0.8289;-0.13;0.7409
0;0.3039;0.7817;-0.2372;0.7722
0;0.308;0.8258;-0.0657;0.824
0;0.3041;0.7477;-0.2366;0.823
0;0.3083;0.7554;-0.0703;0.8488
0;0.31;0.7449;-0.0045;0.8744
0;0.3093;0.7305;-0.0493;0.8793
0;0.3076;0.687;-0.1345;0.8595
0;0.302;0.6498;-0.8942;0.7874
0;0.2982;0.5353;-0.8947;0.69
0;0.2978;0.5121;-0.8443;0.6021
2;0.2944;0.4942;-0.9728;0.4979
0;0.298;0.4912;-0.75;0.4414
0;0.3;0.4037;-0.6304;0.4087
0;0.2995;0.4122;-0.6576;0.3749
0;0.2977;0.4171;-0.7717;0.3285
0;0.295;0.3185;-0.8677;0.2659
1;0.294;0.3458;-0.8875;0.2047
0;0.3043;0.4492;-0.1509;0.2423
0;0.3056;0.4429;-0.1287;0.2799
0;0.2924;0.3356;-0.977;0.1952
0;0.294;0.3663;-0.8182;0.1393
0;0.2997;0.4775;-0.4706;0.1426
0;0.2947;0.467;-0.7701;0.1016
0;0.2945;0.4686;-0.7861;0.0659
2;0.3006;0.5565;-0.4171;0.089
0;0.2981;0.5008;-0.5668;0.0852
0;0.2933;0.4413;-0.8556;0.0407
0;0.2919;0.4338;-0.9072;-0.0068
0;0.2914;0.4441;-0.815;-0.0487
0;0.283;0.4029;-1.0;-0.1526
2;0.287;0.4461;-0.7816;-0.199
0;0.2854;0.3318;-0.8607;-0.2462
0;0.2878;0.3452;-0.7264;-0.2605
0;0.2793;0.3754;-0.9959;-0.3412
0;0.2797;0.3614;-0.9433;-0.3982
0;0.2764;0.2622;-0.9779;-0.4666
0;0.2751;0.2832;-0.7797;-0.5269
0;0.2721;0.267;-0.886;-0.5943
0;0.2738;0.1927;-0.7951;-0.6269
0;0.2665;0.1737;-0.8903;-0.7075
0;0.2653;0.1877;-0.8187;-0.7733
0;0.2617;0.1789;-0.9348;-0.8478
0;0.2622;0.1902;-0.8849;-0.8929
0;0.2587;0.2122;-0.8806;-0.9491
0;0.2578;0.127;-0.9104;-0.9908
0;0.2607;0.1947;-0.6741;-0.9883
0;0.2696;0.3057;-0.3037;-0.9007
0;0.2764;0.4677;-0.0112;-0.7642
0;0.2738;0.4376;-0.1423;-0.6711
0;0.2701;0.4344;-0.292;-0.6215
1;0.2694;0.4401;-0.3212;-0.5819
0;0.276;0.5383;-0.0511;-0.4888
0;0.2748;0.5106;-0.157;-0.4201
0;0.2755;0.6032;-0.1414;-0.3554
0;0.2702;0.5508;-0.3434;-0.3459
0;0.2739;0.6273;-0.2429;-0.3031
0;0.2806;0.6694;-0.0556;-0.2098
0;0.2689;0.5818;-0.7889;-0.2333
0;0.2665;0.5681;-0.8711;-0.2697
0;0.2691;0.5656;-0.7216;-0.2736
0;0.2774;0.562;-0.2371;-0.2032
0;0.2784;0.5171;-0.1804;-0.1372
2;0.2739;0.5015;-0.4381;-0.1214
0;0.2838;0.6049;-0.0393;-0.0242
0;0.2906;0.6488;-0.1727;0.1105
0;0.2849;0.5637;-0.351;0.1674
0;0.2812;0.5438;-0.468;0.1788
0;0.2864;0.5704;-0.3036;0.2303
0;0.2879;0.6205;-0.273;0.2811
0;0.2842;0.5699;-0.4437;0.2867
2;0.2813;0.5051;-0.6473;0.2632
0;0.2819;0.6109;-0.64;0.2471
0;0.282;0.6374;-0.6437;0.2326
0;0.2853;0.6419;-0.581;0.2465
0;0.28;0.5237;-0.825;0.2098
0;0.2809;0.5237;-0.7563;0.1869
0;0.2814;0.5742;-0.725;0.1706
0;0.2887;0.552;-0.2062;0.2184
0;0.2866;0.4536;-0.2797;0.2356
0;0.2874;0.5326;-0.4537;0.2535
1;0.288;0.5975;-0.4195;0.2702
0;0.2794;0.4088;-0.8927;0.2075
0;0.2778;0.3687;-0.804;0.1424
2;0.2916;0.5766;-0.18;0.2069
0;0.2873;0.5603;-0.376;0.2186
0;0.2903;0.5804;-0.24;0.2512
0;0.2918;0.5914;-0.172;0.2869
0;0.2947;0.588;-0.0736;0.3361
1;0.2867;0.5601;-0.4225;0.3036
0;0.288;0.5629;-0.3643;0.286
0;0.2852;0.5324;-0.4884;0.2451
0;0.2963;0.5603;-0.1045;0.3042
0;0.3047;0.6314;-0.1373;0.4191
0;0.2916;0.5257;-0.5791;0.3938
0;0.2882;0.5011;-0.6925;0.3411
0;0.2815;0.5124;-0.9194;0.2388
0;0.2877;0.5568;-0.7104;0.2084
0;0.2901;0.49;-0.6269;0.2032
2;0.2634;0.3775;-0.9143;-0.0301
0;0.2719;0.4107;-0.7429;-0.1414
0;0.2718;0.4016;-0.7446;-0.2283
0;0.2654;0.3611;-0.8732;-0.3485
0;0.2617;0.3763;-0.9396;-0.4711
0;0.2504;0.3304;-0.7208;-0.6589
0;0.2354;0.2978;-0.9466;-0.927
0;0.2275;0.2134;-0.9065;-1.1953
0;0.2109;0.1341;-0.9946;-1.5353
0;0.2041;0.1411;-0.847;-1.844
0;0.2367;0.3296;-0.4424;-1.791
0;0.2275;0.3243;-0.5484;-1.8084
0;0.207;0.2598;-0.7839;-1.9766
0;0.215;0.2832;-0.6922;-2.0205
0;0.2193;0.3537;-0.5501;-1.9975
1;0.2352;0.3841;-0.2535;-1.8228
0;0.2242;0.3594;-0.3985;-1.7592
0;0.2042;0.3325;-0.7333;-1.8603
0;0.2073;0.3507;-0.6815;-1.8939
0;0.2003;0.3592;-0.8292;-1.9597
0;0.1893;0.3675;-0.9985;-2.084
0;0.2118;0.4584;-0.5087;-1.9687
0;0.2124;0.5044;-0.4971;-1.8526
0;0.2244;0.5571;-0.2351;-1.6391
0;0.2295;0.4761;-0.1233;-1.41
0;0.2218;0.4809;-0.2798;-1.2799
1;0.2305;0.5858;-0.0881;-1.0902
0;0.2147;0.4988;-0.4384;-1.0638
0;0.2021;0.4439;-0.7162;-1.1384
0;0.207;0.4005;-0.6086;-1.1438
0;0.1956;0.3995;-0.8676;-1.2322
0;0.193;0.455;-0.7843;-1.3113
2;0.1786;0.3947;-0.9798;-1.4815
0;0.1918;0.4701;-0.6996;-1.4878
0;0.1868;0.4906;-0.7748;-1.5199
0;0.1749;0.3533;-0.976;-1.6298
0;0.1831;0.3906;-0.8294;-1.6291
0;0.1767;0.3135;-0.9232;-1.6662
0;0.1659;0.2619;-0.9768;-1.7688
0;0.1871;0.3819;-0.5245;-1.6511
0;0.1967;0.3856;-0.1647;-1.4596
0;0.1952;0.4271;-0.2042;-1.3061
0;0.1993;0.489;-0.0951;-1.1359
0;0.1995;0.4691;-0.0905;-0.9883
1;0.1801;0.4397;-0.5986;-1.0262
0;0.1901;0.4896;-0.3364;-0.9602
0;0.1944;0.5627;-0.2251;-0.862
0;0.193;0.5054;-0.2599;-0.7867
0;0.2017;0.5637;-0.0339;-0.6453
0;0.2208;0.6839;-0.2024;-0.3654
1;0.2085;0.5983;-0.4408;-0.2456
0;0.21;0.6345;-0.4117;-0.1358
0;0.2052;0.6665;-0.5039;-0.0883
0;0.2033;0.5822;-0.5405;-0.066
0;0.2047;0.5446;-0.5153;-0.0355
2;0.2138;0.5952;-0.3551;0.066
0;0.212;0.5664;-0.4143;0.13
0;0.2053;0.5283;-0.5598;0.1218
0;0.2017;0.6248;-0.8679;0.0835
0;0.1972;0.5437;-0.7989;0.0143
0;0.1965;0.5136;-0.8028;-0.0465
2;0.1977;0.5303;-0.7543;-0.0832
0;0.1994;0.4838;-0.6886;-0.0968
0;0.1931;0.2599;-0.894;-0.1606
0;0.2021;0.442;-0.5596;-0.1321
0;0.204;0.4459;-0.448;-0.0922
0;0.2151;0.5809;-0.0382;0.0341
0;0.2113;0.5635;-0.184;0.1012
0;0.2186;0.6005;-0.1413;0.2147
1;0.2084;0.4614;-0.4484;0.2157
0;0.2059;0.4567;-0.5245;0.1928
0;0.2006;0.4662;-0.6848;0.1277
0;0.1966;0.4632;-0.8071;0.0407
0;0.1906;0.4539;-0.9553;-0.0787
2;0.187;0.4362;-0.9138;-0.2024
0;0.1921;0.4636;-0.7111;-0.255
0;0.193;0.4579;-0.6906;-0.2861
0;0.182;0.4322;-0.9406;-0.4006
0;0.1909;0.4309;-0.6751;-0.4111
0;0.1886;0.4055;-0.6881;-0.4348
0;0.1853;0.2989;-0.7918;-0.4763
0;0.1876;0.3362;-0.6403;-0.4849
0;0.1911;0.2997;-0.4064;-0.4568
1;0.2003;0.4403;-0.049;-0.3511
0;0.1911;0.4005;-0.4694;-0.3428
0;0.186;0.4015;-0.7107;-0.3761
0;0.1816;0.4;-0.8594;-0.435
0;0.1854;0.464;-0.6742;-0.4447
0;0.1708;0.403;-0.9214;-0.5713
2;0.1682;0.3529;-0.8723;-0.6871
0;0.1749;0.3959;-0.6974;-0.7145
0;0.1748;0.4526;-0.6998;-0.7294
0;0.1687;0.3481;-0.8605;-0.7852
0;0.1664;0.3481;-0.9143;-0.8407
0;0.1693;0.3901;-0.779;-0.8503
0;0.1665;0.3566;-0.8225;-0.8725
0;0.1604;0.2982;-0.9609;-0.9327
0;0.1585;0.1953;-0.9609;-0.9862
0;0.1591;0.2327;-0.8192;-1.0133
0;0.1576;0.248;-0.8513;-1.0361
0;0.1526;0.2449;-0.9828;-1.0858
0;0.1611;0.3032;-0.6032;-1.041
0;0.1561;0.3586;-0.7864;-1.0373
0;0.1516;0.3461;-0.9903;-1.0616
0;0.1508;0.25;-0.8589;-1.0764
0;0.1443;0.2208;-0.9333;-1.1315
0;0.1471;0.2895;-0.7956;-1.1393
2;0.1523;0.3704;-0.5378;-1.0891
0;0.1438;0.2861;-0.9391;-1.1104
0;0.1423;0.2928;-0.8198;-1.1277
0;0.1402;0.314;-0.9046;-1.1477
0;0.1494;0.4257;-0.4474;-1.0734
0;0.1492;0.4194;-0.4106;-1.005
0;0.1567;0.4933;-0.0255;-0.8763
0;0.154;0.511;-0.204;-0.7886
0;0.1548;0.4443;-0.1882;-0.705
1;0.1602;0.5358;-0.0037;-0.5851
0;0.1628;0.6006;-0.0805;-0.4623
0;0.1592;0.5712;-0.2074;-0.3919
0;0.1569;0.6155;-0.2848;-0.3514
0;0.1701;0.6773;0.0;-0.2036
0;0.1645;0.5928;-0.248;-0.133
0;0.1666;0.6936;-0.166;-0.0577
0;0.1714;0.733;-0.0376;0.0427
0;0.1672;0.7095;-0.267;0.0854
0;0.1605;0.5901;-0.6262;0.0617
0;0.1633;0.6095;-0.4757;0.0661
0;0.169;0.5977;-0.1699;0.1168
0;0.1817;0.6906;-0.0848;0.264
0;0.1798;0.6699;-0.1689;0.3611
0;0.1764;0.6128;-0.2973;0.4048
1;0.1719;0.5617;-0.4662;0.3967
0;0.1741;0.6035;-0.3851;0.4045
0;0.1788;0.6466;-0.2095;0.446
2;0.1756;0.5425;-0.3277;0.4472
0;0.171;0.5518;-0.5522;0.4046
0;0.1774;0.5798;-0.2895;0.4208
0;0.1844;0.5933;-0.0707;0.4887
0;0.1833;0.6205;-0.1684;0.5271
0;0.1745;0.6018;-0.6789;0.4777
0;0.1751;0.5884;-0.6474;0.4383
1;0.1744;0.5445;-0.6842;0.3973
0;0.1765;0.4488;-0.5632;0.3783
2;0.1822;0.5214;-0.2316;0.4074
0;0.1775;0.5096;-0.5053;0.3863
0;0.1754;0.5328;-0.7;0.3481
0;0.1889;0.6144;-0.1728;0.4287
1;0.1969;0.6332;-0.1877;0.5556
0;0.1973;0.6657;-0.1765;0.6528
0;0.2056;0.75;-0.0103;0.7926
0;0.2082;0.7355;-0.0438;0.9165
0;0.2326;0.7913;-0.0589;1.212
0;0.2278;0.7575;-0.1375;1.3907
0;0.2289;0.8449;-0.1189;1.5266
0;0.2222;0.777;-0.2264;1.5603
0;0.2187;0.7515;-0.2889;1.5404
0;0.2122;0.6933;-0.5203;1.4535
2;0.2111;0.665;-0.5435;1.3605
0;0.2105;0.6971;-0.6472;1.2674
0;0.2177;0.7379;-0.573;1.2417
0;0.2142;0.6602;-0.8179;1.1785
0;0.2118;0.6012;-0.9034;1.0956
0;0.2089;0.5765;-0.9023;0.9943
0;0.2131;0.5526;-0.6562;0.9397
0;0.2207;0.5815;-0.1827;0.9509
0;0.2146;0.3457;-0.4749;0.8985
0;0.2157;0.3894;-0.4078;0.8568
0;0.2178;0.3994;-0.2793;0.8325
1;0.2251;0.5257;-0.0987;0.8663
0;0.226;0.5683;-0.1304;0.8914
0;0.2255;0.6407;-0.1502;0.8978
0;0.2261;0.6596;-0.1265;0.898
0;0.2244;0.6447;-0.24;0.8741
0;0.2278;0.6143;-0.1014;0.875
0;0.2278;0.6674;-0.1068;0.8664
0;0.2257;0.6734;-0.2184;0.8329
0;0.2269;0.7336;-0.1916;0.8076
0;0.2253;0.6709;-0.5179;0.7661
0;0.2181;0.4633;-0.8688;0.6635
0;0.2112;0.453;-0.9471;0.5176
0;0.2129;0.4623;-0.8596;0.4116
0;0.2133;0.4362;-0.8421;0.3269
0;0.2116;0.2727;-0.9254;0.2421
0;0.2038;0.1966;-0.99;0.1064
0;0.2057;0.2406;-0.8932;0.0151
0;0.2059;0.2333;-0.8867;-0.0554
0;0.2118;0.3498;-0.6479;-0.0608
0;0.2107;0.2841;-0.6054;-0.0735
0;0.2128;0.3197;-0.4096;-0.0652
1;0.2098;0.3129;-0.5032;-0.0832
0;0.2109;0.3114;-0.4268;-0.0873
0;0.2054;0.2849;-0.8153;-0.1362
0;0.2076;0.3739;-0.6087;-0.1541
0;0.2026;0.3909;-0.979;-0.2094
2;0.2;0.34;-0.8989;-0.2729
0;0.2026;0.3747;-0.7447;-0.2978
0;0.2015;0.3803;-0.8085;-0.3235
0;0.2041;0.5049;-0.6543;-0.3181
0;0.2078;0.5268;-0.4362;-0.2792
0;0.2165;0.6126;-0.024;-0.1716
1;0.2229;0.617;-0.068;-0.0308
0;0.2204;0.5989;-0.1633;0.0591
0;0.2281;0.6404;-0.0178;0.1949
0;0.2266;0.6577;-0.0974;0.2869
0;0.2282;0.6611;-0.0623;0.37
0;0.241;0.7912;-0.0084;0.5399
0;0.239;0.7578;-0.0545;0.6513
0;0.2378;0.8091;-0.0933;0.7222
0;0.2371;0.8369;-0.1354;0.7643
0;0.2328;0.7658;-0.3831;0.7527
0;0.2358;0.7917;-0.2573;0.7608
2;0.2259;0.6649;-0.8309;0.6751
0;0.2295;0.6644;-0.7021;0.631
0;0.2306;0.6204;-0.6486;0.5987
0;0.2272;0.5391;-0.8486;0.5387
0;0.2281;0.5721;-0.7923;0.4933
0;0.24;0.6028;-0.0761;0.553
1;0.2378;0.5954;-0.212;0.5752
0;0.2329;0.5379;-0.5054;0.5453
0;0.2358;0.4497;-0.3315;0.5404
0;0.2361;0.4713;-0.3098;0.5339
0;0.2325;0.4496;-0.5272;0.4925
2;0.2256;0.4021;-0.8969;0.3959
0;0.2266;0.4441;-0.8402;0.3241
0;0.2291;0.4395;-0.6959;0.2854
0;0.2328;0.5709;-0.4845;0.2831
0;0.2409;0.6071;-0.0355;0.3471
0;0.241;0.5997;-0.1435;0.3945
1;0.2416;0.6449;-0.1784;0.4331
0;0.2428;0.6468;-0.1245;0.4688
0;0.2429;0.5377;-0.1203;0.4927
0;0.2413;0.5481;-0.1909;0.4933
0;0.2342;0.5158;-0.5362;0.4275
0;0.2309;0.4395;-0.7043;0.3437
0;0.2284;0.4085;-0.9314;0.2526
0;0.2288;0.4516;-0.9073;0.1812
2;0.2329;0.6005;-0.6829;0.1582
0;0.2363;0.6256;-0.4976;0.1673
0;0.2423;0.6567;-0.1282;0.2239
0;0.255;0.717;-0.0032;0.3737
1;0.2556;0.668;0.0;0.4924
0;0.2525;0.6236;-0.1073;0.5547
0;0.2544;0.6335;-0.041;0.6139
0;0.2551;0.63;-0.028;0.6602
0;0.2559;0.6355;-0.0213;0.6964
0;0.2557;0.6538;-0.0721;0.7161
0;0.2518;0.7025;-0.2625;0.6904
0;0.2552;0.7778;-0.1186;0.6919
0;0.2525;0.7746;-0.3488;0.6628
0;0.2515;0.7556;-0.6893;0.6244
2;0.2484;0.6777;-0.9217;0.5609
0;0.2538;0.6923;-0.3913;0.5514
0;0.2512;0.6055;-0.6435;0.516
0;0.2469;0.3803;-0.8531;0.446
0;0.246;0.3605;-0.7857;0.3784
0;0.2447;0.3795;-0.7898;0.3098
0;0.2488;0.4197;-0.5284;0.2875
0;0.2534;0.4779;-0.2386;0.3058
0;0.2533;0.4656;-0.1739;0.3163
0;0.2578;0.5245;-0.1488;0.3593
0;0.2575;0.5748;-0.1628;0.3871
1;0.2575;0.5333;-0.2208;0.4049
0;0.2555;0.5431;-0.3203;0.397
0;0.26;0.6114;-0.1039;0.4248
0;0.2628;0.6921;-0.0083;0.4666
0;0.2644;0.656;-0.0476;0.5076
0;0.2686;0.7455;-0.0476;0.5703
0;0.2639;0.738;-0.3119;0.574
0;0.2628;0.7343;-0.4335;0.5617
0;0.2647;0.7753;-0.3333;0.562
0;0.2598;0.6473;-0.6728;0.5143
0;0.2576;0.5607;-0.821;0.453
2;0.2533;0.5;-0.9188;0.3633
0;0.2449;0.3501;-0.9964;0.2177
0;0.253;0.4557;-0.6571;0.1694
0;0.2461;0.4009;-0.9321;0.0708
0;0.2465;0.4196;-0.8644;-0.0045
0;0.2484;0.3912;-0.7932;-0.0478
0;0.252;0.4003;-0.6016;-0.0502
1;0.2608;0.4707;-0.1911;0.0226
0;0.2568;0.4035;-0.3699;0.0461
0;0.2608;0.4739;-0.0478;0.0977
0;0.2618;0.4918;-0.0786;0.1464
0;0.2634;0.4888;-0.0732;0.1963
0;0.2612;0.5126;-0.1707;0.2151
0;0.2737;0.6192;-0.0256;0.3338
0;0.2761;0.6735;-0.0476;0.4436
0;0.2776;0.7779;-0.0198;0.5384
0;0.2758;0.717;-0.0963;0.592
0;0.2717;0.7572;-0.2667;0.5929
0;0.2699;0.7289;-0.3407;0.5721
0;0.2741;0.7407;-0.2217;0.5855
0;0.2718;0.6903;-0.3448;0.5707
2;0.2752;0.6551;-0.1576;0.582
0;0.2729;0.6786;-0.4754;0.5649
0;0.2717;0.6298;-0.6283;0.5355
1;0.2763;0.6582;-0.177;0.5456
0;0.2769;0.6506;-0.0748;0.5524
0;0.2727;0.6231;-0.547;0.5167
0;0.2773;0.5463;-0.2;0.5221
0;0.2788;0.5355;-0.1667;0.533
0;0.2759;0.4783;-0.3889;0.5115
0;0.2761;0.5036;-0.375;0.4906
0;0.2847;0.6547;-0.1111;0.5423
0;0.2883;0.7099;-0.0585;0.6082
0;0.2895;0.6884;-0.1176;0.6637
0;0.2927;0.749;-0.0631;0.7274
0;0.295;0.7419;-0.0607;0.7891
0;0.2904;0.7038;-0.2622;0.7908
0;0.2906;0.7247;-0.2573;0.7853
0;0.2947;0.7214;-0.0764;0.8073
0;0.2939;0.7037;-0.1158;0.8092
0;0.295;0.7872;-0.087;0.8114
2;0.2937;0.7313;-0.2459;0.7936
0;0.2902;0.6535;-0.6733;0.7419
0;0.2945;0.74;-0.2079;0.7296
0;0.2936;0.7218;-0.3069;0.7044
0;0.2933;0.6385;-0.4274;0.6748
0;0.2917;0.5576;-0.5812;0.6304
0;0.291;0.5253;-0.7238;0.5825
1;0.2894;0.4396;-0.8692;0.5255
0;0.2895;0.3905;-0.7603;0.4758
0;0.29;0.4891;-0.7131;0.4355
0;0.2852;0.3943;-0.8373;0.3589
0;0.2803;0.2257;-0.9324;0.2531
0;0.2846;0.3436;-0.7053;0.2034
0;0.2822;0.2933;-0.8357;0.1412
0;0.2783;0.271;-0.9188;0.0583
0;0.2821;0.379;-0.6571;0.024
0;0.2837;0.3265;-0.5094;0.0106
0;0.2784;0.2864;-0.8693;-0.0448
0;0.2727;0.2483;-0.9849;-0.1367
0;0.2721;0.2551;-0.831;-0.2122
0;0.2698;0.2451;-0.8381;-0.2895
0;0.2667;0.2363;-0.8714;-0.3736
0;0.267;0.2395;-0.7638;-0.4336
0;0.2688;0.2627;-0.69;-0.4608
0;0.2685;0.2919;-0.7011;-0.4796
0;0.2727;0.4032;-0.5314;-0.4539
0;0.2797;0.4418;-0.2472;-0.3693
1;0.2699;0.3761;-0.5556;-0.3822
0;0.2687;0.3973;-0.6157;-0.3983
0;0.2681;0.341;-0.6435;-0.4114
0;0.2714;0.3647;-0.4769;-0.3895
0;0.2731;0.437;-0.3889;-0.3535
2;0.2743;0.522;-0.3777;-0.3114
0;0.2735;0.5182;-0.4255;-0.2818
0;0.2771;0.5948;-0.2128;-0.2247
1;0.2807;0.6782;-0.0361;-0.1471
0;0.2822;0.6876;-0.024;-0.0721
0;0.2841;0.6883;-0.1146;0.0039
0;0.2831;0.6762;-0.1606;0.0553
0;0.2812;0.6098;-0.241;0.0798
0;0.2855;0.5804;-0.0522;0.1345
0;0.2852;0.7884;-0.0909;0.1738
0;0.2842;0.7911;-0.1687;0.1937
0;0.2869;0.8259;-0.042;0.2305
0;0.29;0.8248;-0.026;0.2833
0;0.2878;0.7524;-0.25;0.3033
0;0.2962;0.802;-0.1443;0.3877
0;0.3022;0.8462;0.0;0.5002
0;0.3019;0.8254;-0.117;0.5812
0;0.303;0.8133;-0.0717;0.6482
0;0.3032;0.8064;-0.0982;0.6956
0;0.3075;0.8193;0.0;0.7626
0;0.3064;0.8173;-0.0486;0.798
0;0.3067;0.8608;-0.0372;0.8198
0;0.307;0.843;-0.0351;0.8306
0;0.307;0.8504;-0.0469;0.8303
0;0.3073;0.8825;-0.0636;0.8235
2;0.306;0.8323;-0.2833;0.7986
0;0.3088;0.8307;-0.1702;0.7945
0;0.3093;0.9017;-0.1651;0.7875
0;0.3128;0.8792;-0.0305;0.8029
0;0.3192;0.8816;-0.1916;0.8606
0;0.3212;0.9015;-0.1295;0.9139
1;0.3198;0.8464;-0.2018;0.9346
0;0.3193;0.8266;-0.2294;0.9363
0;0.3175;0.7273;-0.3165;0.9131
0;0.3234;0.8163;-0.0229;0.9346
0;0.3204;0.7315;-0.1743;0.9161
0;0.3226;0.7486;-0.0745;0.9111
0;0.3213;0.7175;-0.1667;0.8859
0;0.3244;0.7405;-0.0602;0.8837
0;0.3294;0.7972;-0.3113;0.915
0;0.3264;0.7225;-0.467;0.9045
0;0.326;0.7103;-0.4906;0.8828
0;0.3293;0.709;-0.3285;0.8841
0;0.3311;0.671;-0.2567;0.8912
0;0.3259;0.5622;-0.5769;0.8433
0;0.329;0.6156;-0.3901;0.8229
0;0.3324;0.6538;-0.1868;0.8267
0;0.3325;0.6829;-0.1839;0.8224
0;0.3345;0.6504;-0.0769;0.8273
0;0.3346;0.7082;-0.062;0.8231
1;0.3369;0.7082;-0.0641;0.8304
0;0.3304;0.6152;-0.5256;0.7718
0;0.3301;0.5771;-0.5449;0.7151
0;0.3385;0.6136;-0.0939;0.7346
0;0.3351;0.6067;-0.3403;0.7129
0;0.3416;0.668;-0.2079;0.7438
0;0.3328;0.534;-0.6881;0.6853
0;0.3214;0.4218;-0.9103;0.5355
0;0.3093;0.3793;-0.5688;0.3091
0;0.3039;0.3231;-0.6547;0.0812
0;0.321;0.4329;-0.3854;0.0459
2;0.3253;0.459;-0.3181;0.0539
0;0.3195;0.4189;-0.4083;0.011
0;0.3161;0.4032;-0.4628;-0.0523
0;0.3098;0.3643;-0.5616;-0.1549
1;0.3111;0.3981;-0.4921;-0.2232
0;0.3068;0.3819;-0.509;-0.311
0;0.3037;0.3132;-0.5448;-0.403
0;0.291;0.2848;-1.0;-0.5794
0;0.299;0.2948;-0.6969;-0.6442
0;0.2954;0.3106;-0.7773;-0.7186
0;0.294;0.3453;-0.778;-0.7819
0;0.3008;0.4488;-0.5694;-0.7656
0;0.3126;0.5486;-0.1148;-0.6442
0;0.304;0.3955;-0.3557;-0.6151
0;0.3032;0.3582;-0.3819;-0.5926
0;0.316;0.4791;-0.014;-0.4598
0;0.3157;0.4978;-0.1003;-0.3525
0;0.3064;0.4802;-0.3625;-0.3431
0;0.3005;0.4411;-0.5296;-0.3821
0;0.3015;0.4694;-0.5013;-0.4004
0;0.2996;0.4759;-0.7297;-0.4267
2;0.3103;0.6162;-0.368;-0.3526
0;0.3114;0.5818;-0.3197;-0.2805
0;0.3086;0.5875;-0.4349;-0.2446
0;0.3183;0.6453;-0.0409;-0.1319
0;0.3164;0.5995;-0.1152;-0.0571
1;0.319;0.5459;-0.0148;0.024
0;0.3197;0.6281;-0.068;0.0938
0;0.3189;0.6281;-0.2251;0.1409
0;0.3124;0.4678;-0.4933;0.1217
0;0.3123;0.4693;-0.6261;0.1044
0;0.3056;0.4922;-0.9409;0.0326
0;0.3045;0.5421;-0.8672;-0.0335
2;0.3022;0.5065;-0.9388;-0.1054
0;0.2938;0.4474;-0.9314;-0.2319
0;0.2865;0.2715;-0.9687;-0.3909
0;0.2864;0.254;-0.8821;-0.5128
0;0.2854;0.2635;-0.8708;-0.6118
0;0.2885;0.1499;-0.789;-0.6571
0;0.3014;0.3599;-0.3811;-0.5762
0;0.3033;0.3511;-0.2428;-0.4909
0;0.307;0.386;-0.0162;-0.3868
0;0.3072;0.3937;-0.0379;-0.2992
1;0.3133;0.5083;-0.0557;-0.1745
0;0.3114;0.492;-0.1089;-0.0906
0;0.3097;0.5395;-0.157;-0.0382
0;0.3004;0.4659;-0.4152;-0.0753
0;0.303;0.5068;-0.4134;-0.0821
0;0.3038;0.5952;-0.4219;-0.0796
2;0.2984;0.6176;-0.9118;-0.1224
0;0.3055;0.6656;-0.5294;-0.0946
0;0.3104;0.7031;-0.2647;-0.0299
0;0.3129;0.7;-0.1531;0.0421
0;0.3118;0.6056;-0.2105;0.0892
0;0.3096;0.5643;-0.3254;0.1068
1;0.3066;0.4963;-0.5023;0.094
0;0.3064;0.4925;-0.5115;0.0815
0;0.3136;0.5027;-0.1475;0.1317
0;0.3112;0.4973;-0.2719;0.149
0;0.3168;0.5654;-0.067;0.2089
0;0.3182;0.6916;-0.0345;0.2655
0;0.3184;0.6749;-0.0435;0.3088
0;0.3198;0.6796;-0.0317;0.352
0;0.321;0.7793;-0.0502;0.3923
0;0.3113;0.5666;-0.4979;0.3373
0;0.3092;0.4842;-0.5941;0.2726
0;0.3063;0.4193;-0.865;0.1949
0;0.3062;0.4289;-0.7609;0.13
0;0.3071;0.4668;-0.7174;0.0852
0;0.3084;0.5248;-0.6522;0.0606
0;0.3019;0.4473;-0.9447;-0.015
0;0.3006;0.3252;-0.8741;-0.0852
0;0.2995;0.3376;-0.9185;-0.1489
0;0.2923;0.1727;-0.9393;-0.2585
0;0.2921;0.1404;-0.7964;-0.3443
0;0.2905;0.1304;-0.8539;-0.4215
0;0.2982;0.2531;-0.5393;-0.4129
0;0.2942;0.2129;-0.7004;-0.435
0;0.296;0.3019;-0.6292;-0.4331
0;0.3048;0.4518;-0.1211;-0.3521
0;0.3084;0.5227;-0.0288;-0.2537
1;0.3154;0.5869;-0.0095;-0.1148
0;0.3078;0.5061;-0.273;-0.0683
0;0.3078;0.4945;-0.273;-0.0309
0;0.31;0.5753;-0.1987;0.0174
0;0.3106;0.5942;-0.1763;0.0607
0;0.3117;0.6147;-0.1541;0.1035
2;0.3097;0.6812;-0.233;0.119
0;0.3112;0.6944;-0.2737;0.1424
0;0.3108;0.7116;-0.453;0.1562
0;0.3143;0.6846;-0.1589;0.1955
0;0.3174;0.7696;-0.0677;0.2507
0;0.3138;0.6984;-0.3828;0.2606
0;0.3092;0.5536;-0.7812;0.2263
0;0.3013;0.4202;-0.9397;0.1296
0;0.3054;0.3828;-0.7085;0.0877
0;0.3028;0.4331;-0.8543;0.0313
2;0.3022;0.4258;-0.8634;-0.0189
0;0.3003;0.3711;-0.8571;-0.0744
0;0.3011;0.3741;-0.8182;-0.1104
0;0.3033;0.3916;-0.7143;-0.1191
0;0.3014;0.3934;-0.8;-0.1401
0;0.3077;0.4604;-0.4601;-0.1019
0;0.3067;0.4538;-0.2061;-0.0792
1;0.3084;0.4304;-0.0611;-0.0458
0;0.3139;0.4604;-0.0941;0.0273
0;0.3144;0.5076;-0.0825;0.0893
0;0.3136;0.5588;-0.1262;0.1302
0;0.3175;0.7399;-0.1224;0.1942
0;0.317;0.6907;-0.1651;0.2379
0;0.3173;0.759;-0.1509;0.2722
0;0.3161;0.7444;-0.2446;0.2863
0;0.3114;0.6793;-0.5455;0.2549
0;0.3149;0.7043;-0.3816;0.2569
0;0.3154;0.6893;-0.3714;0.2603
0;0.3181;0.7521;-0.1855;0.2827
0;0.3225;0.7376;-0.1477;0.3351
0;0.3271;0.7932;-0.0051;0.4115
0;0.3267;0.7738;-0.0254;0.4642
0;0.3321;0.7732;-0.004;0.5463
0;0.3286;0.696;-0.1548;0.5759
0;0.3277;0.6942;-0.1944;0.5853
0;0.3284;0.6648;-0.1822;0.5928
0;0.3301;0.6915;-0.1036;0.6062
0;0.3368;0.7405;-0.0455;0.6675
0;0.3384;0.7716;-0.0307;0.7219
0;0.3371;0.8406;-0.0921;0.7462
0;0.3353;0.7828;-0.2278;0.742
0;0.3365;0.7866;-0.1854;0.7409
0;0.3268;0.6;-0.6518;0.6503
0;0.3434;0.6868;-0.0877;0.7125
0;0.3388;0.6052;-0.2632;0.7154
0;0.3358;0.5779;-0.3789;0.6846
0;0.3385;0.5579;-0.2737;0.6762
0;0.3418;0.6187;-0.1474;0.6903
1;0.3366;0.5745;-0.3474;0.65
2;0.3361;0.564;-0.3684;0.6067
0;0.3285;0.4882;-0.6597;0.5021
0;0.3354;0.4889;-0.3965;0.4723
0;0.3338;0.4654;-0.65;0.4307
0;0.3313;0.4565;-0.764;0.3717
0;0.3321;0.4759;-0.7135;0.3282
0;0.3376;0.5084;-0.3708;0.3376
1;0.3396;0.6023;-0.2472;0.3584
0;0.3419;0.485;-0.0479;0.3902
0;0.3416;0.532;-0.0983;0.4089
0;0.3395;0.5432;-0.3283;0.4015
0;0.3363;0.474;-0.5153;0.3636
0;0.3378;0.4526;-0.4276;0.3432
0;0.3371;0.5062;-0.4689;0.3172
2;0.3414;0.5644;-0.2265;0.33
0;0.3424;0.6994;-0.3107;0.3453
0;0.3398;0.5718;-0.5845;0.3309
1;0.3403;0.6095;-0.5279;0.3208
0;0.3407;0.6712;-0.4901;0.3126
0;0.3408;0.6623;-0.4807;0.3036
0;0.3433;0.6186;-0.1717;0.3143
0;0.349;0.6701;-0.027;0.3678
0;0.3467;0.5866;-0.2042;0.3865
0;0.3446;0.5514;-0.3592;0.38
0;0.3435;0.5708;-0.5164;0.3615
0;0.3457;0.6746;-0.3197;0.3618
0;0.3446;0.6276;-0.418;0.3489
2;0.3449;0.6491;-0.3934;0.3373
0;0.3478;0.6283;-0.1552;0.3488
0;0.3585;0.7333;-0.0052;0.4455
0;0.3674;0.8397;-0.0137;0.5926
0;0.3646;0.7821;-0.1195;0.678
0;0.3628;0.7479;-0.1877;0.7225
0;0.3632;0.75;-0.1706;0.7538
0;0.3623;0.7197;-0.2151;0.7627
0;0.3602;0.6412;-0.2975;0.7436
2;0.361;0.6875;-0.2652;0.7277
0;0.3613;0.728;-0.2983;0.7098
0;0.3622;0.757;-0.2837;0.696
0;0.3594;0.6858;-0.8505;0.6543
0;0.3602;0.7128;-0.5217;0.6208
0;0.3654;0.7472;-0.1399;0.6322
0;0.3673;0.7409;-0.0069;0.6502
0;0.3665;0.6314;-0.0625;0.6512
0;0.3627;0.4058;-0.3542;0.6123
1;0.3628;0.4615;-0.3403;0.5767
0;0.3572;0.3958;-0.7639;0.4949
0;0.3574;0.3895;-0.75;0.4268
2;0.3667;0.5638;-0.0486;0.4475
0;0.3723;0.6594;-0.1;0.5066
0;0.3724;0.6527;-0.119;0.5486
0;0.3743;0.6675;-0.0283;0.5922
1;0.3765;0.6773;-0.102;0.6383
0;0.3787;0.7425;-0.0232;0.6865
0;0.3987;0.8268;-0.1278;0.8874
0;0.3982;0.8031;-0.137;1.0323
0;0.3992;0.7997;-0.1185;1.1434
0;0.3976;0.7874;-0.1617;1.2054
0;0.3962;0.8253;-0.2259;1.2298
0;0.4018;0.8419;-0.0928;1.2836
0;0.4018;0.9338;-0.0962;1.3123
0;0.4005;0.9107;-0.1467;1.3101
0;0.3922;0.7469;-0.4294;1.2235
0;0.3874;0.6486;-0.9231;1.1016
0;0.3901;0.6655;-0.6435;1.0166
2;0.3949;0.683;-0.413;0.9802
0;0.4022;0.7096;-0.0696;1.0028
0;0.3953;0.6259;-0.3957;0.9514
0;0.3981;0.4934;-0.2652;0.9242
1;0.4052;0.5629;-0.0644;0.9539
0;0.4005;0.5108;-0.2883;0.9266
0;0.3956;0.4839;-0.4818;0.8538
0;0.3972;0.508;-0.4161;0.8015
0;0.3965;0.4541;-0.4453;0.7456
0;0.3905;0.4118;-0.8578;0.6428
2;0.3948;0.4568;-0.6468;0.591
0;0.3884;0.471;-0.7609;0.49
0;0.3827;0.4644;-0.7332;0.3569
0;0.3733;0.3848;-0.9541;0.1686
0;0.3748;0.3546;-0.9133;0.031
0;0.3791;0.3259;-0.7461;-0.0411
0;0.3845;0.417;-0.557;-0.0514
0;0.3811;0.3703;-0.6554;-0.0886
0;0.3884;0.372;-0.3259;-0.0545
1;0.3941;0.4524;-0.0963;0.0213
0;0.3951;0.4963;-0.0957;0.0893
0;0.391;0.4521;-0.2708;0.1069
0;0.3948;0.4879;-0.125;0.1524
0;0.3986;0.5611;-0.0433;0.2186
0;0.3962;0.5114;-0.1494;0.2481
0;0.394;0.5466;-0.2414;0.2501
0;0.392;0.5821;-0.3257;0.2317
0;0.3902;0.6717;-0.4023;0.1992
0;0.3887;0.6417;-0.8521;0.159
2;0.3866;0.5796;-0.7273;0.1077
0;0.384;0.4937;-0.8269;0.0443
0;0.3852;0.5497;-0.7644;0.004
0;0.3828;0.4236;-0.8296;-0.048
0;0.3834;0.3314;-0.7887;-0.0831
0;0.3772;0.2569;-0.9291;-0.1629
0;0.3818;0.3768;-0.6923;-0.185
0;0.3788;0.2803;-0.6878;-0.2255
0;0.3802;0.2297;-0.6079;-0.2432
0;0.3866;0.3729;-0.21;-0.2008
0;0.3887;0.4296;-0.095;-0.1472
1;0.3856;0.4175;-0.265;-0.1301
0;0.3892;0.4887;-0.065;-0.0839
0;0.3915;0.5342;-0.045;-0.0272
0;0.3956;0.6034;-0.0483;0.0522
0;0.3963;0.6476;-0.0865;0.1204
0;0.3979;0.6507;-0.1562;0.1861
0;0.396;0.6593;-0.2474;0.2203
0;0.3919;0.5939;-0.5652;0.2097
0;0.3925;0.6946;-0.5314;0.2047
0;0.3959;0.6851;-0.3527;0.2274
0;0.3963;0.7448;-0.3333;0.246
2;0.4038;0.7819;-0.1128;0.3213
0;0.3818;0.4583;-0.8642;0.1906
0;0.3823;0.4432;-0.7994;0.0904
0;0.3818;0.4646;-0.8182;0.0058
0;0.3764;0.3829;-0.9877;-0.107
0;0.3771;0.3649;-0.9043;-0.1885
2;0.3809;0.3616;-0.7855;-0.2187
0;0.3805;0.3502;-0.7971;-0.2433
0;0.3816;0.3445;-0.7623;-0.2507
0;0.3785;0.3362;-0.8609;-0.2804
1;0.3778;0.3596;-0.7842;-0.3063
0;0.3782;0.3561;-0.6218;-0.3203
0;0.3769;0.3006;-0.6667;-0.3389
0;0.3818;0.3609;-0.2481;-0.3086
0;0.3828;0.2711;-0.25;-0.2728
0;0.3715;0.3534;-0.9521;-0.3378
0;0.3684;0.3146;-0.965;-0.4119
0;0.3621;0.2733;-0.9255;-0.519
0;0.3623;0.3157;-0.9088;-0.5963
0;0.3618;0.2985;-0.9263;-0.6548
0;0.3607;0.2141;-0.9684;-0.7033
0;0.362;0.2443;-0.8344;-0.7231
0;0.354;0.1795;-0.9776;-0.7989
0;0.3528;0.1879;-0.9945;-0.8603
0;0.3548;0.2294;-0.9259;-0.8824
0;0.353;0.2134;-0.9388;-0.906
0;0.3495;0.2032;-0.8863;-0.9447
0;0.3498;0.115;-0.872;-0.9628
0;0.3515;0.1304;-0.7399;-0.952
0;0.3566;0.2934;-0.435;-0.8905
0;0.3523;0.284;-0.6489;-0.8693
0;0.3478;0.2979;-0.7056;-0.8816
0;0.3456;0.277;-0.7706;-0.9006
0;0.3501;0.3584;-0.4824;-0.8678
0;0.3487;0.356;-0.5706;-0.8445
2;0.3526;0.3946;-0.3176;-0.7836
0;0.359;0.5579;-0.0414;-0.6735
0;0.3652;0.6296;-0.0524;-0.5265
1;0.3675;0.6317;-0.0702;-0.3856
0;0.3639;0.6085;-0.204;-0.3017
0;0.3654;0.6654;-0.1472;-0.2192
0;0.367;0.6741;-0.0968;-0.1386
0;0.3606;0.5843;-0.3542;-0.1274
0;0.36;0.5343;-0.4204;-0.1228
2;0.3638;0.6173;-0.2531;-0.0858
0;0.3639;0.6811;-0.3279;-0.0542
0;0.3611;0.6714;-0.7583;-0.0529
0;0.3563;0.5685;-0.8314;-0.092
0;0.3636;0.6446;-0.325;-0.0601
0;0.3619;0.5944;-0.4375;-0.0483
0;0.3746;0.6407;-0.0539;0.0691
0;0.3738;0.5853;-0.1275;0.1539
0;0.373;0.5558;-0.1633;0.212
1;0.3725;0.5951;-0.1833;0.2516
0;0.3634;0.4809;-0.5777;0.2029
0;0.3623;0.4553;-0.6255;0.153
2;0.3551;0.4483;-0.9363;0.0512
0;0.3535;0.4399;-0.8032;-0.0436
0;0.3399;0.3142;-0.9901;-0.2325
0;0.3442;0.3549;-0.7867;-0.343
0;0.3251;0.2865;-0.9842;-0.5888
0;0.3235;0.2978;-0.8798;-0.7894
0;0.3037;0.1806;-1.0;-1.1069
0;0.3191;0.3005;-0.7035;-1.2149
0;0.29;0.1582;-0.8104;-1.5337
0;0.2954;0.1943;-0.7405;-1.7234
0;0.3043;0.2481;-0.6186;-1.7788
0;0.3094;0.2764;-0.5413;-1.7599
0;0.3073;0.2908;-0.5165;-1.7442
0;0.3068;0.2922;-0.4829;-1.7173
1;0.2993;0.2914;-0.5354;-1.7419
0;0.2929;0.2814;-0.5631;-1.7974
0;0.2944;0.3203;-0.5301;-1.8088
0;0.2953;0.3015;-0.4024;-1.7915
0;0.2989;0.3788;-0.5223;-1.7277
0;0.2943;0.3685;-0.7247;-1.6982
0;0.2979;0.4694;-0.5668;-1.6264
1;0.3049;0.4179;-0.2438;-1.4933
0;0.3088;0.6536;-0.1142;-1.3398
0;0.3132;0.6483;-0.087;-1.1672
0;0.3069;0.5232;-0.3167;-1.0719
0;0.2985;0.41;-0.6233;-1.0573
0;0.292;0.3828;-0.8567;-1.0892
0;0.3;0.4532;-0.5667;-1.0349
0;0.2938;0.4613;-0.7933;-1.0342
2;0.2854;0.4492;-0.9139;-1.0936
0;0.2877;0.4547;-0.7979;-1.1094
0;0.2892;0.4594;-0.7559;-1.0975
0;0.2969;0.4871;-0.5354;-1.011
0;0.3029;0.5534;-0.3648;-0.8814
0;0.3026;0.5305;-0.1372;-0.7722
1;0.2989;0.4593;-0.2816;-0.7093
0;0.2971;0.4183;-0.3538;-0.6678
0;0.2876;0.3329;-0.7256;-0.7084
0;0.2717;0.2956;-0.91;-0.8679
2;0.2743;0.3494;-0.816;-0.9625
0;0.2786;0.4141;-0.7052;-0.9901
0;0.2865;0.4134;-0.5024;-0.9342
0;0.2803;0.4134;-0.6627;-0.9334
0;0.2818;0.4748;-0.6226;-0.9095
1;0.2773;0.4293;-0.7102;-0.9193
0;0.2667;0.3637;-0.9974;-1.0079
0;0.2746;0.3651;-0.6143;-0.9998
0;0.2897;0.4286;-0.0568;-0.854
0;0.2945;0.4581;-0.0052;-0.6895
0;0.2915;0.4612;-0.1603;-0.5784
0;0.3034;0.5299;-0.0204;-0.3833
1;0.2999;0.5611;-0.1316;-0.2559
0;0.3104;0.7042;-0.1074;-0.0631
0;0.3085;0.6816;-0.141;0.0731
0;0.317;0.695;-0.0095;0.2514
0;0.307;0.6022;-0.1798;0.3049
0;0.3121;0.6605;-0.1398;0.3868
0;0.3091;0.6353;-0.2621;0.4214
0;0.3112;0.6723;-0.2363;0.4621
0;0.3233;0.7841;0.0;0.5924
0;0.3252;0.7704;-0.098;0.7051
0;0.3173;0.6596;-0.4054;0.7193
0;0.3223;0.6603;-0.2558;0.7649
0;0.3336;0.7219;-0.0922;0.8888
0;0.333;0.6766;-0.1124;0.9715
0;0.3207;0.6132;-0.4957;0.9225
0;0.309;0.4921;-0.8955;0.7743
0;0.3133;0.525;-0.7552;0.6859
0;0.3221;0.5268;-0.4772;0.684
2;0.3196;0.571;-0.5593;0.6541
0;0.3232;0.5638;-0.4407;0.6541
0;0.3245;0.5903;-0.3982;0.6581
1;0.3107;0.4976;-0.8541;0.5372
0;0.3185;0.4743;-0.5611;0.5025
0;0.3375;0.5556;-0.1752;0.6307
0;0.3321;0.569;-0.3163;0.6797
0;0.3352;0.5611;-0.2573;0.7369
0;0.3267;0.4664;-0.5013;0.7023
1;0.3232;0.4538;-0.6021;0.6379
0;0.3276;0.5353;-0.4748;0.6179
2;0.3157;0.5343;-0.8196;0.4941
0;0.3128;0.4976;-0.8479;0.3672
0;0.3071;0.4195;-1.0;0.2149
0;0.3081;0.4373;-0.9444;0.1012
0;0.3133;0.4467;-0.7876;0.0543
0;0.3126;0.4359;-0.8065;0.0113
0;0.3297;0.5988;-0.1546;0.1216
0;0.3309;0.5695;-0.1115;0.2183
1;0.3366;0.4946;-0.062;0.3404
0;0.3397;0.5511;-0.1051;0.4588
0;0.3387;0.5244;-0.132;0.5387
0;0.3411;0.6098;-0.066;0.6169
0;0.3303;0.5484;-0.3545;0.5799
0;0.3362;0.5573;-0.2244;0.5945
0;0.337;0.6681;-0.2118;0.6068
0;0.3341;0.6671;-0.3838;0.585
0;0.3287;0.6711;-0.9755;0.5164
2;0.329;0.6672;-0.8865;0.4593
0;0.3302;0.6448;-0.8128;0.4197
0;0.3249;0.597;-0.8911;0.3389
0;0.3382;0.5717;-0.2466;0.3843
0;0.3391;0.5692;-0.1963;0.4239
0;0.3455;0.5739;-0.0201;0.5046
0;0.3525;0.6005;-0.0062;0.6223
0;0.3516;0.6021;-0.0578;0.7013
1;0.3482;0.5545;-0.1702;0.7268
0;0.3526;0.6918;-0.0274;0.7764
0;0.3506;0.6332;-0.0912;0.7906
0;0.3582;0.6739;-0.038;0.8576
0;0.3632;0.7315;-0.0365;0.9442
0;0.3693;0.8182;-0.0209;1.054
0;0.3731;0.8278;-0.0617;1.1619
0;0.3716;0.8064;-0.1592;1.2218
0;0.3705;0.8599;-0.2013;1.2465
0;0.3618;0.7011;-0.5032;1.179
0;0.3621;0.6977;-0.5067;1.1156
0;0.359;0.6235;-0.6401;1.0277
2;0.3598;0.575;-0.7662;0.9539
0;0.3648;0.6248;-0.5516;0.9285
0;0.3688;0.693;-0.3632;0.9319
0;0.3675;0.6493;-0.4215;0.9144
0;0.367;0.6679;-0.4484;0.8862
1;0.367;0.6068;-0.3492;0.8545
0;0.3699;0.5851;-0.0723;0.8451
0;0.3679;0.4799;-0.2312;0.8121
0;0.367;0.4035;-0.289;0.7695
0;0.3645;0.392;-0.5547;0.7072
0;0.3637;0.3954;-0.6204;0.6434
0;0.3677;0.6054;-0.3066;0.6205
2;0.3638;0.5266;-0.6131;0.5625
0;0.374;0.6932;0.0;0.5974
0;0.3783;0.719;-0.0588;0.655
0;0.3831;0.7178;-0.0614;0.7347
1;0.3859;0.7094;-0.1813;0.8127
0;0.3883;0.7467;-0.1076;0.8862
0;0.3875;0.7434;-0.1303;0.9283
0;0.3907;0.7613;-0.0387;0.9787
0;0.3889;0.7152;-0.0952;0.9929
0;0.3857;0.6947;-0.1994;0.9657
0;0.3884;0.7258;-0.1484;0.9571
0;0.3903;0.7749;-0.0867;0.9568
0;0.3887;0.7613;-0.2035;0.9322
2;0.3859;0.6948;-0.4745;0.8791
0;0.3878;0.7694;-0.3212;0.8446
1;0.3862;0.6701;-0.5596;0.7949
0;0.3893;0.6586;-0.3563;0.7736
0;0.392;0.6361;-0.0449;0.7716
0;0.3926;0.6104;-0.2946;0.7665
0;0.3963;0.6265;-0.1027;0.7862
0;0.3961;0.6358;-0.1241;0.791
0;0.3992;0.6358;-0.0417;0.8133
0;0.3927;0.5518;-0.4583;0.7667
0;0.3903;0.5665;-0.6071;0.7021
0;0.3929;0.5642;-0.487;0.6651
0;0.3949;0.5653;-0.3605;0.6464
0;0.3959;0.6049;-0.3923;0.6327
2;0.4115;0.7718;-0.0294;0.7478
0;0.4065;0.6866;-0.2521;0.7884
0;0.4064;0.7077;-0.2563;0.8113
0;0.4038;0.6505;-0.374;0.7984
0;0.4061;0.6477;-0.2689;0.7997
0;0.4043;0.619;-0.3529;0.7764
2;0.4046;0.5902;-0.3803;0.7521
0;0.4047;0.5955;-0.3854;0.7266
0;0.4081;0.5971;-0.2228;0.7274
0;0.4149;0.7419;-0.0152;0.7782
0;0.4128;0.7449;-0.2134;0.7917
0;0.4068;0.6414;-0.6037;0.7432
0;0.4021;0.5694;-0.6773;0.6574
0;0.4093;0.6158;-0.3273;0.6439
0;0.4099;0.4816;-0.3;0.6312
2;0.4047;0.4795;-0.55;0.5709
0;0.4014;0.4458;-0.7136;0.4888
0;0.4028;0.4887;-0.6455;0.4308
0;0.3937;0.3806;-0.9409;0.3035
0;0.3832;0.3267;-0.9696;0.1112
0;0.3868;0.3611;-0.8502;-0.0114
0;0.3941;0.425;-0.5929;-0.0459
0;0.3913;0.3806;-0.6891;-0.0964
0;0.3895;0.3057;-0.75;-0.1503
0;0.399;0.4056;-0.3728;-0.1102
1;0.3973;0.4305;-0.3;-0.0925
0;0.3934;0.4359;-0.4783;-0.1101
0;0.396;0.3941;-0.25;-0.1014
0;0.3928;0.3698;-0.4235;-0.1204
0;0.3944;0.4165;-0.4125;-0.1207
2;0.3992;0.4831;-0.088;-0.0783
0;0.4054;0.5191;-0.099;0.0083
0;0.4053;0.5975;-0.1422;0.0756
0;0.4031;0.6934;-0.2813;0.1088
0;0.4094;0.7093;-0.1271;0.1878
0;0.4071;0.6324;-0.2331;0.2281
0;0.4096;0.6877;-0.1333;0.279
0;0.4014;0.6074;-0.5;0.2462
0;0.4097;0.5986;-0.1435;0.2884
0;0.4142;0.6491;-0.09;0.3567
0;0.4209;0.7304;-0.2508;0.4638
0;0.4234;0.73;-0.1757;0.564
0;0.426;0.7813;-0.0811;0.6591
0;0.4223;0.7289;-0.2128;0.6961
0;0.4208;0.6872;-0.2669;0.7051
0;0.4215;0.6541;-0.2432;0.7103
0;0.4145;0.5775;-0.4966;0.6474
0;0.4096;0.553;-0.7343;0.5496
2;0.415;0.5462;-0.5203;0.5128
0;0.415;0.568;-0.6157;0.4784
0;0.4133;0.5325;-0.6943;0.4319
0;0.4155;0.637;-0.5939;0.409
0;0.4161;0.5726;-0.5677;0.3913
0;0.4252;0.6139;-0.1397;0.451
0;0.4226;0.519;-0.1716;0.4711
0;0.4274;0.5431;-0.1506;0.5223
0;0.4151;0.4037;-0.6564;0.4532
0;0.4152;0.4326;-0.6525;0.3947
0;0.4192;0.4856;-0.5502;0.3786
0;0.4257;0.5345;-0.2489;0.4166
0;0.4266;0.6105;-0.267;0.4501
2;0.4323;0.7035;-0.0047;0.5201
1;0.4282;0.6209;-0.3333;0.5349
0;0.4336;0.6552;-0.1004;0.5868
0;0.4322;0.6583;-0.1673;0.6096
0;0.4411;0.693;-0.0816;0.6965
0;0.4403;0.6816;-0.1088;0.7504
0;0.4404;0.6315;-0.1077;0.7857
0;0.4442;0.6836;-0.1633;0.8377
0;0.4463;0.6683;-0.1093;0.8873
0;0.4432;0.7988;-0.2479;0.8907
0;0.4438;0.8012;-0.219;0.8895
0;0.4366;0.6716;-0.5372;0.818
0;0.4422;0.666;-0.3483;0.8006
0;0.4476;0.6931;-0.1123;0.8237
0;0.4471;0.6508;-0.1699;0.8291
0;0.4535;0.7464;-0.1875;0.8786
0;0.4555;0.7285;-0.0958;0.9257
1;0.4543;0.7314;-0.15;0.9427
0;0.4498;0.6004;-0.35;0.9079
0;0.4492;0.603;-0.3792;0.8654
0;0.4488;0.597;-0.3958;0.8195
0;0.4428;0.4846;-0.7465;0.7239
2;0.442;0.4515;-0.8485;0.6337
0;0.4433;0.5011;-0.7333;0.5671
0;0.4506;0.5684;-0.3619;0.5705
0;0.4475;0.6203;-0.4684;0.5409
0;0.4614;0.6795;-0.1857;0.6301
0;0.4614;0.644;-0.1857;0.6937
1;0.458;0.6073;-0.3029;0.7079
0;0.4543;0.5087;-0.4332;0.6798
0;0.4486;0.4335;-0.6319;0.602
0;0.4503;0.4617;-0.5733;0.5487
2;0.4516;0.518;-0.5277;0.5119
0;0.4648;0.6263;-0.0827;0.5895
0;0.4669;0.6426;-0.1923;0.6625
0;0.4656;0.6937;-0.2372;0.7019
0;0.4594;0.6361;-0.4487;0.6732
0;0.4565;0.6;-0.5513;0.618
0;0.4579;0.5614;-0.5;0.5806
0;0.4653;0.6386;-0.2468;0.6077
2;0.4642;0.5272;-0.3123;0.6131
0;0.4657;0.5405;-0.2885;0.6236
0;0.4721;0.625;-0.0635;0.6791
0;0.4671;0.6117;-0.2738;0.6737
0;0.4642;0.6432;-0.3968;0.6376
0;0.4662;0.6451;-0.3135;0.6191
0;0.4646;0.618;-0.381;0.5844
0;0.4665;0.5192;-0.3016;0.5668
2;0.4698;0.5322;-0.25;0.5755
0;0.4718;0.5676;-0.1188;0.5929
0;0.4717;0.6548;-0.125;0.5995
0;0.4641;0.5869;-0.6313;0.534
0;0.4643;0.5742;-0.7323;0.4784
0;0.4597;0.4299;-0.9103;0.3906
0;0.4634;0.4901;-0.6519;0.3483
2;0.464;0.4798;-0.6076;0.3168
0;0.464;0.3862;-0.6076;0.2886
0;0.4679;0.5109;-0.3481;0.2959
0;0.4621;0.471;-0.7405;0.2493
1;0.4625;0.4488;-0.7089;0.2139
0;0.4643;0.4961;-0.5578;0.1988
0;0.4749;0.5945;-0.2018;0.2745
0;0.4849;0.6472;-0.0035;0.4161
0;0.4838;0.619;-0.087;0.5138
0;0.4817;0.5957;-0.1733;0.5678
0;0.4821;0.6992;-0.1588;0.6075
0;0.4834;0.7065;-0.1083;0.6434
0;0.4918;0.8206;-0.0203;0.7363
0;0.4895;0.7678;-0.1136;0.7819
0;0.4876;0.736;-0.1705;0.7936
0;0.4852;0.703;-0.3195;0.7745
0;0.4927;0.7224;-0.1082;0.8148
0;0.4924;0.8;-0.1726;0.8347
0;0.4931;0.8011;-0.3066;0.8479
0;0.4948;0.8007;-0.2217;0.8636
0;0.4912;0.6874;-0.4038;0.8366
0;0.4856;0.5095;-0.8743;0.7589
0;0.4916;0.589;-0.5031;0.7403
0;0.4888;0.5792;-0.6871;0.6941
0;0.4868;0.5513;-0.816;0.6336
2;0.4828;0.4943;-0.9119;0.5452
0;0.4906;0.4875;-0.4819;0.5355
0;0.4921;0.5275;-0.399;0.535
0;0.4953;0.5782;-0.2228;0.5558
0;0.4893;0.5382;-0.5544;0.5156
0;0.4816;0.3947;-0.9704;0.4133
0;0.4788;0.3773;-0.9417;0.3046
0;0.4707;0.3209;-0.9525;0.1466
0;0.473;0.3279;-0.8678;0.0405
2;0.4749;0.3672;-0.8;-0.0277
0;0.4791;0.4457;-0.6475;-0.0454
0;0.4889;0.4788;-0.2915;0.0245
0;0.4901;0.5105;-0.2475;0.0896
1;0.4852;0.4878;-0.3307;0.0986
0;0.4842;0.5112;-0.374;0.096
0;0.4746;0.3755;-0.7795;0.0111
0;0.4736;0.3548;-0.8228;-0.0645
0;0.4699;0.3028;-0.8921;-0.1544
2;0.4682;0.3245;-0.8261;-0.2379
0;0.4593;0.3176;-0.9188;-0.3773
0;0.4654;0.3965;-0.7513;-0.4307
0;0.4662;0.4608;-0.731;-0.4619
0;0.4705;0.4787;-0.5989;-0.4451
0;0.4719;0.4745;-0.4862;-0.4152
0;0.4682;0.4068;-0.498;-0.4182
1;0.4679;0.2841;-0.4918;-0.4193
0;0.44;0.1675;-0.8875;-0.6522
0;0.4436;0.2194;-0.8047;-0.7978
0;0.4484;0.2701;-0.6964;-0.8636
2;0.441;0.2781;-0.8565;-0.969
0;0.4438;0.308;-0.7892;-1.0179
0;0.4434;0.3212;-0.7945;-1.0496
1;0.4479;0.3685;-0.6798;-1.0245
0;0.4529;0.4565;-0.5568;-0.9518
0;0.4551;0.4257;-0.5012;-0.8654
0;0.4606;0.462;-0.0073;-0.7422
0;0.4584;0.4159;-0.1619;-0.6554
0;0.4544;0.3824;-0.336;-0.6143
0;0.46;0.4461;-0.0931;-0.5277
0;0.4649;0.4815;-0.045;-0.4127
0;0.4643;0.7273;-0.0969;-0.3224
0;0.4608;0.6614;-0.2784;-0.2772
0;0.4609;0.6288;-0.2991;-0.2379
0;0.4637;0.7574;-0.1898;-0.1814
0;0.4657;0.7534;-0.0864;-0.1172
0;0.4674;0.7708;-0.0618;-0.0509
0;0.468;0.7481;-0.0877;0.0067
0;0.4697;0.7261;-0.1775;0.0665
0;0.4712;0.7207;-0.2195;0.1258
0;0.4662;0.5782;-0.4901;0.1285
0;0.462;0.5475;-0.7147;0.0938
0;0.4678;0.6684;-0.4033;0.1146
0;0.4768;0.6938;-0.052;0.2055
0;0.4741;0.6125;-0.2908;0.2524
0;0.4835;0.6925;-0.0518;0.3665
0;0.4747;0.6251;-0.4223;0.3775
1;0.4735;0.6119;-0.4701;0.3725
0;0.4732;0.5891;-0.4821;0.3622
0;0.4702;0.5407;-0.6096;0.3244
0;0.4666;0.4925;-0.761;0.2606
2;0.4727;0.5374;-0.5314;0.2591
0;0.4851;0.6055;-0.0612;0.3608
0;0.4861;0.6029;-0.0512;0.4459
0;0.4955;0.6906;-0.0424;0.5872
0;0.4839;0.6298;-0.387;0.594
1;0.4819;0.5875;-0.4463;0.5761
0;0.4821;0.5371;-0.4407;0.5575
0;0.4822;0.5585;-0.4379;0.5378
0;0.4802;0.473;-0.4972;0.4996
2;0.4803;0.553;-0.4944;0.465
0;0.485;0.6017;-0.5787;0.4731
0;0.4892;0.6321;-0.375;0.5099
0;0.4975;0.7081;-0.1151;0.6045
0;0.4969;0.7413;-0.1429;0.6669
1;0.5006;0.7311;-0.0267;0.7404
0;0.5122;0.7273;-0.0528;0.8887
0;0.5122;0.7224;-0.1962;0.9962
0;0.5162;0.6952;-0.1045;1.1049
0;0.5161;0.8844;-0.1087;1.1772
0;0.5125;0.8534;-0.1982;1.1919
0;0.5106;0.8168;-0.2654;1.1747
0;0.5115;0.8199;-0.3235;1.1559
0;0.5182;0.8762;-0.0915;1.1861
0;0.5117;0.7754;-0.3606;1.1417
0;0.5154;0.7712;-0.2775;1.126
0;0.5176;0.7627;-0.4975;1.1202
1;0.5161;0.6962;-0.5455;1.0909
0;0.5189;0.7231;-0.4019;1.0804
0;0.5198;0.7061;-0.3589;1.0679
0;0.5217;0.6289;-0.2632;1.0629
0;0.5217;0.6298;-0.2584;1.0484
0;0.521;0.5706;-0.2967;1.0195
0;0.5279;0.6471;-0.0045;1.0447
0;0.5291;0.7175;-0.0866;1.0631
0;0.5183;0.5821;-0.5315;0.9753
0;0.5142;0.5275;-0.7008;0.8611
0;0.515;0.4634;-0.8416;0.7685
0;0.5087;0.4664;-1.0;0.6342
0;0.5117;0.457;-0.8686;0.5466
2;0.5172;0.4959;-0.6229;0.5186
0;0.5182;0.5238;-0.5763;0.4998
0;0.5253;0.5636;-0.2627;0.5394
0;0.5297;0.5929;-0.0636;0.6027
1;0.5362;0.6248;-0.0334;0.701
0;0.535;0.6122;-0.1477;0.7613
0;0.5347;0.6161;-0.16;0.7975
0;0.5448;0.6361;-0.0306;0.9038
0;0.5474;0.6442;-0.0217;0.9997
0;0.5422;0.7054;-0.1641;1.0204
0;0.5443;0.7682;-0.1188;1.0443
0;0.5482;0.7804;-0.0199;1.0851
0;0.5466;0.847;-0.0851;1.0921
0;0.5395;0.7367;-0.5156;1.0256
0;0.5346;0.6493;-0.733;0.9204
0;0.5405;0.6767;-0.4272;0.8785
0;0.5346;0.5749;-0.733;0.7854
2;0.539;0.5749;-0.5049;0.7416
0;0.5336;0.479;-0.7816;0.6533
0;0.5376;0.5201;-0.5777;0.6107
0;0.5361;0.5109;-0.6553;0.5577
0;0.5392;0.4517;-0.4851;0.5366
0;0.5382;0.4185;-0.3497;0.5055
0;0.5455;0.5284;0.0;0.5376
1;0.5435;0.4927;-0.266;0.5403
0;0.5467;0.4868;-0.0851;0.5641
0;0.5478;0.51;-0.0266;0.5857
0;0.5584;0.6557;0.0;0.6868
0;0.5614;0.7286;-0.0308;0.7849
0;0.5706;0.7427;-0.0072;0.9321
0;0.5748;0.8344;-0.0265;1.0735
0;0.5748;0.8211;-0.0393;1.1736
0;0.559;0.6915;-0.4243;1.1054
0;0.5767;0.7447;0.0;1.1907
0;0.5761;0.7527;-0.016;1.2395
0;0.5695;0.6835;-0.1735;1.2093
0;0.5844;0.7399;0.0;1.2991
0;0.5887;0.7314;-0.0251;1.3924
0;0.5942;0.7618;-0.0079;1.4978
0;0.588;0.7069;-0.2365;1.5126
0;0.5886;0.7055;-0.2217;1.5131
0;0.5873;0.661;-0.2537;1.4869
0;0.5981;0.6877;-0.06;1.5415
0;0.5966;0.6441;-0.1217;1.5553
0;0.6001;0.6415;-0.0801;1.5795
0;0.6064;0.6653;-0.0136;1.6358
0;0.6152;0.8176;-0.0135;1.7369
0;0.6176;0.7795;-0.1309;1.8191
0;0.6272;0.8116;-0.0044;1.9459
0;0.6265;0.8731;-0.022;2.0187
0;0.6329;0.8573;-0.0791;2.1095
0;0.6379;0.8589;-0.0461;2.2013
0;0.6391;0.8493;-0.0394;2.2599
0;0.6405;0.941;-0.0106;2.2943
0;0.6424;0.9423;-0.0256;2.3131
0;0.631;0.8075;-0.3541;2.2066
0;0.6321;0.7771;-0.3876;2.1082
0;0.6277;0.7426;-0.5315;1.9713
0;0.6249;0.6961;-0.6186;1.8191
0;0.6225;0.6348;-0.8855;1.659
2;0.6192;0.5378;-0.7288;1.4878
0;0.6217;0.5378;-0.6575;1.3582
0;0.6331;0.5527;-0.3288;1.3383
0;0.629;0.5217;-0.4466;1.2738
0;0.6137;0.3589;-0.8877;1.0798
0;0.5988;0.2488;-0.9975;0.7889
0;0.6057;0.3;-0.7227;0.6094
0;0.6109;0.3304;-0.6026;0.5059
2;0.5992;0.2776;-0.8712;0.3198
0;0.5994;0.316;-0.783;0.1715
0;0.6156;0.4188;-0.4458;0.1906
1;0.606;0.3979;-0.6469;0.1214
0;0.6057;0.4073;-0.6529;0.0632
0;0.598;0.3878;-0.8126;-0.0486
0;0.6104;0.4627;-0.2441;-0.0306
0;0.6057;0.4335;-0.3993;-0.0563
2;0.6122;0.4098;-0.2071;-0.0204
0;0.6198;0.4614;-0.058;0.0725
0;0.6107;0.4866;-0.3476;0.0676
1;0.5884;0.4567;-0.9571;-0.1263
0;0.5955;0.458;-0.756;-0.2173
0;0.5928;0.4234;-0.8338;-0.3101
0;0.594;0.4758;-0.7989;-0.3694
2;0.6001;0.5029;-0.6273;-0.3606
0;0.6049;0.4476;-0.4906;-0.3088
1;0.5995;0.4671;-0.6434;-0.3106
0;0.6069;0.5059;-0.4343;-0.2459
0;0.6005;0.5123;-0.6139;-0.2463
0;0.6039;0.4655;-0.4226;-0.2158
0;0.6059;0.501;-0.3548;-0.1726
0;0.6143;0.5111;-0.0677;-0.065
0;0.6165;0.4812;-0.1974;0.039
0;0.6162;0.5345;-0.2121;0.1181
0;0.6321;0.7979;-0.0587;0.3138
0;0.6359;0.7883;-0.0045;0.4968
0;0.6259;0.7146;-0.2985;0.5511
0;0.6173;0.6382;-0.4864;0.5155
0;0.6205;0.6251;-0.4175;0.5086
0;0.6248;0.623;-0.3624;0.5348
0;0.6186;0.6165;-0.6875;0.4966
2;0.6114;0.5273;-0.9548;0.4
0;0.6118;0.5745;-0.9387;0.3237
0;0.6136;0.5658;-0.8774;0.2754
0;0.6128;0.5473;-0.9065;0.2272
0;0.6169;0.5186;-0.7323;0.2215
0;0.6134;0.4777;-0.7788;0.1849
1;0.6093;0.4531;-0.9648;0.1194
0;0.6137;0.3536;-0.7577;0.1044
0;0.6205;0.3826;-0.3471;0.1487
0;0.6314;0.5414;-0.0321;0.2746
0;0.6267;0.5751;-0.2289;0.3315
0;0.6365;0.6159;-0.0359;0.4557
1;0.6257;0.5056;-0.4085;0.4569
0;0.6242;0.5395;-0.4608;0.4402
0;0.6145;0.5213;-0.7941;0.3401
0;0.6069;0.4693;-0.9255;0.1931
0;0.6074;0.4604;-0.848;0.0794
2;0.6072;0.4643;-0.8533;-0.0127
0;0.5922;0.362;-0.9637;-0.2124
0;0.5902;0.3683;-0.9156;-0.3844
0;0.587;0.3719;-0.978;-0.5433
0;0.5874;0.3417;-0.9642;-0.6586
0;0.5804;0.2597;-0.9907;-0.8021
0;0.5852;0.2005;-0.882;-0.8663
0;0.586;0.2225;-0.8084;-0.9005
0;0.5824;0.0975;-0.918;-0.9485
0;0.5761;0.1045;-0.9667;-1.0294
0;0.5773;0.1235;-0.8625;-1.0726
0;0.5798;0.1859;-0.6794;-1.0734
0;0.5775;0.2053;-0.7879;-1.0829
0;0.5784;0.2128;-0.7374;-1.0708
0;0.5801;0.2395;-0.5882;-1.0353
1;0.5819;0.3676;-0.4765;-0.9812
0;0.5828;0.4015;-0.4235;-0.9208
0;0.5847;0.4686;-0.3059;-0.8474
0;0.5965;0.5948;-0.0547;-0.6806
0;0.607;0.7602;0.0;-0.4526
0;0.6217;0.7994;-0.1475;-0.1432
0;0.6331;0.8289;-0.0522;0.1987
0;0.6355;0.8772;-0.0996;0.4861
0;0.6359;0.9632;-0.094;0.7106
0;0.6371;0.9632;-0.0769;0.8903
0;0.6239;0.7929;-0.2749;0.9105
0;0.6172;0.7494;-0.4138;0.8595
0;0.6147;0.7237;-0.507;0.7893
0;0.6106;0.6826;-0.7131;0.691
0;0.6118;0.6804;-0.7547;0.6166
2;0.6193;0.7041;-0.6986;0.6152
0;0.6189;0.694;-0.713;0.6035
0;0.6122;0.595;-0.9085;0.5315
0;0.6154;0.5558;-0.8013;0.4965
1;0.6159;0.4529;-0.7043;0.4677
0;0.6078;0.2822;-0.9055;0.3707
0;0.6199;0.3855;-0.1091;0.3936
0;0.6132;0.3474;-0.528;0.3502
0;0.6076;0.3124;-0.8944;0.2647
0;0.6037;0.3543;-0.7906;0.1616
0;0.6226;0.5332;-0.035;0.2389
0;0.6285;0.5815;-0.1089;0.3481
0;0.6344;0.6372;-0.0387;0.4804
0;0.6307;0.6057;-0.1392;0.5481
0;0.6299;0.5637;-0.1624;0.5883
1;0.6305;0.5704;-0.1443;0.6194
0;0.6375;0.6518;-0.0288;0.6962
0;0.6418;0.6565;-0.0044;0.7864
0;0.655;0.7016;-0.0216;0.961
0;0.6467;0.7002;-0.22;1.0175
0;0.6555;0.6896;-0.0405;1.1262
0;0.6575;0.7487;-0.1491;1.2168
0;0.655;0.7759;-0.2208;1.2543
0;0.6543;0.8053;-0.2442;1.2641
0;0.65;0.701;-0.3599;1.2221
0;0.6511;0.6781;-0.3299;1.1857
0;0.6551;0.6682;-0.3173;1.1784
2;0.6532;0.6884;-0.5;1.1439
0;0.6536;0.7003;-0.5258;1.1079
0;0.655;0.7041;-0.4485;1.0798
0;0.6375;0.5;-0.9784;0.8972
0;0.651;0.5577;-0.3586;0.859
0;0.6488;0.4545;-0.4414;0.8005
0;0.6434;0.4748;-0.6379;0.7
0;0.6547;0.4945;-0.2241;0.71
0;0.6647;0.5471;-0.0379;0.7951
0;0.6645;0.5639;-0.0493;0.852
0;0.6598;0.5352;-0.1942;0.8475
0;0.6562;0.5398;-0.3043;0.8043
0;0.6572;0.5392;-0.2725;0.7707
0;0.664;0.555;-0.0667;0.7932
2;0.6664;0.5817;-0.0429;0.8235
0;0.6621;0.5498;-0.2561;0.8015
0;0.6757;0.6067;-0.1162;0.8918
0;0.6718;0.7062;-0.342;0.9203
0;0.6697;0.6293;-0.434;0.9146
0;0.6732;0.6667;-0.2943;0.9301
0;0.6636;0.6307;-0.6755;0.8511
0;0.6642;0.5712;-0.659;0.7855
2;0.6667;0.5169;-0.6033;0.7464
0;0.6784;0.5981;-0.097;0.8068
0;0.6751;0.6104;-0.2447;0.8177
0;0.6794;0.6662;-0.0506;0.8546
0;0.6695;0.5776;-0.573;0.79
0;0.6692;0.536;-0.5838;0.7283
0;0.6691;0.5189;-0.5874;0.6711
0;0.6776;0.6049;-0.2667;0.6916
0;0.6791;0.527;-0.2127;0.7126
2;0.6939;0.6511;0.0;0.8472
0;0.7013;0.7023;-0.0257;1.007
0;0.6958;0.6412;-0.2437;1.0758
1;0.7043;0.7575;-0.0588;1.1904
0;0.7097;0.7714;-0.002;1.3145
0;0.7171;0.7841;-0.0119;1.4611
0;0.7145;0.7269;-0.0782;1.5391
0;0.7326;0.8048;-0.0462;1.7376
0;0.7342;0.799;-0.0209;1.8893
0;0.733;0.883;-0.0422;1.9783
0;0.7315;0.8699;-0.1283;2.0143
0;0.7287;0.8429;-0.2267;1.9976
0;0.7337;0.8362;-0.1196;2.0057
0;0.7229;0.7365;-0.4513;1.8995
2;0.7198;0.6603;-0.6621;1.7695
0;0.7245;0.6486;-0.4983;1.6883
0;0.7042;0.5449;-0.942;1.4335
0;0.7155;0.5586;-0.6306;1.3138
0;0.7139;0.5224;-0.6755;1.1917
0;0.7132;0.4769;-0.6939;1.0772
0;0.711;0.4791;-0.7546;0.9567
0;0.7131;0.3588;-0.6849;0.8696
1;0.7238;0.433;-0.3003;0.8824
0;0.7188;0.4131;-0.2927;0.8406
0;0.6989;0.3375;-1.0;0.6299
0;0.6944;0.3318;-0.8571;0.4189
0;0.7004;0.3386;-0.6873;0.2997
0;0.6855;0.3256;-0.9513;0.0761
2;0.7037;0.434;-0.5128;0.0533
0;0.6978;0.3917;-0.6543;-0.015
0;0.6726;0.3771;-0.9749;-0.2823
0;0.6828;0.3714;-0.7849;-0.4034
0;0.6896;0.4084;-0.6255;-0.4367
0;0.7262;0.5386;-0.1701;-0.1483
0;0.7272;0.5486;-0.1541;0.0895
0;0.7406;0.5771;-0.0335;0.3893
1;0.7476;0.5683;-0.0161;0.6808
0;0.7488;0.5878;-0.0123;0.9131
0;0.7487;0.665;-0.0405;1.0855
0;0.7614;0.7107;-0.0249;1.3184
0;0.7648;0.7058;-0.0415;1.5164
0;0.758;0.7442;-0.1173;1.5984
0;0.7611;0.7152;-0.1503;1.6721
0;0.7701;0.7648;-0.0548;1.7891
0;0.7759;0.9409;-0.1429;1.9113
0;0.7709;0.8935;-0.308;1.9448
0;0.7696;0.8761;-0.344;1.94
0;0.7734;0.8211;-0.2528;1.9482
0;0.7766;0.8261;-0.2042;1.961
0;0.7636;0.6531;-0.7634;1.8401
0;0.7853;0.7094;-0.1365;1.9089
0;0.7946;0.7336;-0.1202;2.0219
0;0.8009;0.7505;-0.0173;2.1434
0;0.7901;0.6398;-0.3;2.1241
0;0.7878;0.6133;-0.35;2.0669
1;0.7789;0.6013;-0.5417;1.9248
0;0.7821;0.6017;-0.4729;1.8193
0;0.7682;0.4911;-0.775;1.5987
2;0.7695;0.4695;-0.7458;1.4193
0;0.7822;0.5508;-0.5539;1.3706
0;0.788;0.579;-0.4069;1.3666
0;0.7738;0.5015;-0.7672;1.2291
0;0.7766;0.5;-0.6961;1.1314
1;0.7722;0.5364;-0.7273;1.0049
0;0.7639;0.3976;-0.9627;0.8244
0;0.7645;0.3424;-0.7432;0.6783
2;0.7556;0.2686;-0.9946;0.4802
0;0.7542;0.2975;-0.761;0.3076
0;0.7591;0.3428;-0.6594;0.21
0;0.7695;0.4492;-0.4442;0.219
0;0.7839;0.5088;-0.1454;0.3461
0;0.7849;0.592;-0.0797;0.4507
0;0.7851;0.5867;-0.1109;0.5299
1;0.773;0.4483;-0.4345;0.484
0;0.7605;0.3567;-0.6679;0.3366
0;0.7647;0.4469;-0.5889;0.2528
0;0.7734;0.4822;-0.4273;0.2575
0;0.7449;0.3823;-0.9944;0.0171
2;0.7401;0.394;-0.9669;-0.2134
0;0.746;0.4212;-0.8659;-0.3428
0;0.7463;0.4577;-0.7936;-0.438
0;0.7587;0.5188;-0.5963;-0.403
0;0.7687;0.5383;-0.4373;-0.2864
0;0.7603;0.4626;-0.3926;-0.2632
1;0.7636;0.4092;-0.3189;-0.2145
0;0.7642;0.4077;-0.3037;-0.1681
0;0.7649;0.4103;-0.2885;-0.124
0;0.7518;0.4068;-0.509;-0.1989
2;0.7475;0.4384;-0.624;-0.2926
0;0.7558;0.4591;-0.4041;-0.2931
0;0.7625;0.4494;-0.2635;-0.2332
0;0.7646;0.6216;-0.1976;-0.1657
0;0.7718;0.6901;-0.0654;-0.0495
0;0.7806;0.7004;-0.0203;0.1167
1;0.7787;0.6846;-0.1263;0.231
0;0.7716;0.5781;-0.3867;0.2581
0;0.7842;0.591;-0.1511;0.3837
0;0.7876;0.6707;-0.0881;0.5071
0;0.7921;0.6757;-0.1;0.6372
0;0.7888;0.6468;-0.1807;0.7053
0;0.7777;0.5678;-0.5489;0.6568
0;0.7703;0.6041;-0.748;0.5488
0;0.7726;0.6448;-0.6836;0.4774
0;0.7789;0.6368;-0.5067;0.47
2;0.7793;0.6074;-0.496;0.4625
0;0.7899;0.6456;-0.2011;0.5413
0;0.7914;0.6209;-0.1582;0.6108
1;0.8007;0.6235;-0.0096;0.7381
0;0.8048;0.6552;-0.0503;0.8649
0;0.8034;0.7036;-0.0797;0.9441
0;0.8076;0.6676;-0.0123;1.0316
0;0.8074;0.6488;-0.0752;1.088
0;0.8099;0.6379;-0.035;1.1421
0;0.8061;0.6331;-0.1385;1.1407
0;0.8096;0.7785;-0.06;1.1569
0;0.8148;0.904;-0.0584;1.2015
0;0.8131;0.8728;-0.1357;1.2099
0;0.8215;0.8773;-0.1456;1.2748
0;0.8145;0.779;-0.4253;1.2527
0;0.8103;0.6797;-0.6078;1.1862
0;0.7957;0.531;-0.9386;0.998
0;0.7957;0.4586;-0.7537;0.8392
0;0.8006;0.4654;-0.6305;0.746
2;0.7992;0.4654;-0.665;0.6532
0;0.8032;0.4646;-0.5616;0.6074
0;0.8051;0.4816;-0.5148;0.5804
1;0.7959;0.3994;-0.7488;0.4755
0;0.7954;0.4186;-0.7333;0.3829
0;0.7946;0.3818;-0.7076;0.2993
0;0.8063;0.4396;-0.1667;0.3299
0;0.8116;0.4896;-0.0799;0.3953
0;0.8198;0.4882;-0.0293;0.512
0;0.824;0.5673;-0.088;0.6343
0;0.831;0.6414;-0.0879;0.7836
0;0.8307;0.7955;-0.0945;0.8904
0;0.8346;0.8079;-0.03;0.9977
0;0.8322;0.7607;-0.0837;1.0513
0;0.8252;0.6957;-0.2489;1.0228
0;0.8382;0.7321;-0.0146;1.1004
0;0.8348;0.6929;-0.1953;1.1205
0;0.8351;0.787;-0.2069;1.1269
0;0.8338;0.7793;-0.3346;1.1094
0;0.8279;0.7256;-0.7053;1.0341
0;0.8203;0.5997;-0.9084;0.8985
2;0.8172;0.5412;-0.942;0.7561
0;0.8247;0.5366;-0.6594;0.6995
0;0.824;0.5;-0.6848;0.6417
0;0.8285;0.4795;-0.5145;0.6278
0;0.8269;0.4691;-0.5761;0.5963
0;0.8342;0.4971;-0.3007;0.6271
1;0.8287;0.4749;-0.5072;0.5983
0;0.8376;0.5878;-0.1739;0.6442
0;0.8284;0.4265;-0.5181;0.5961
0;0.8381;0.5231;-0.037;0.6343
0;0.8253;0.4432;-0.6667;0.5491
0;0.8205;0.4255;-0.9187;0.4354
0;0.8384;0.5519;-0.1212;0.4929
0;0.8337;0.5686;-0.3333;0.4931
0;0.8322;0.5777;-0.4274;0.4749
0;0.8218;0.4855;-0.8755;0.3674
0;0.8347;0.5478;-0.3195;0.3882
1;0.8409;0.5547;-0.1733;0.4534
0;0.8381;0.5491;-0.278;0.4763
0;0.8419;0.5347;-0.1372;0.5212
0;0.8516;0.5993;-0.0811;0.6334
0;0.858;0.5908;-0.0448;0.7697
0;0.8647;0.6643;-0.0778;0.9252
0;0.8658;0.6361;-0.0545;1.0476
0;0.8634;0.7084;-0.1031;1.1126
0;0.8686;0.7621;-0.0306;1.1961
0;0.8696;0.7086;-0.0995;1.2581
0;0.8686;0.7449;-0.1743;1.2846
0;0.8651;0.7254;-0.3011;1.2625
0;0.8685;0.8532;-0.2312;1.2603
0;0.8672;0.7975;-0.3714;1.2337
0;0.8638;0.7212;-0.6961;1.1711
2;0.8726;0.7987;-0.1878;1.1845
0;0.874;0.7899;-0.1202;1.1938
0;0.8663;0.6378;-0.5668;1.1233
0;0.874;0.6461;-0.139;1.121
0;0.8703;0.5549;-0.3422;1.0764
1;0.8611;0.4605;-0.8556;0.9514
0;0.8603;0.4735;-0.6857;0.8364
2;0.8647;0.4655;-0.502;0.7736
0;0.8618;0.4332;-0.6245;0.6915
0;0.8657;0.4767;-0.4571;0.6529
0;0.8675;0.5199;-0.3796;0.631
0;0.8681;0.4967;-0.3551;0.612
1;0.8682;0.5094;-0.274;0.5914
0;0.8696;0.554;-0.275;0.5811
0;0.8581;0.3727;-0.775;0.4689
0;0.8487;0.3058;-0.9726;0.2956
0;0.8597;0.4515;-0.5822;0.249
0;0.8464;0.3134;-0.9968;0.097
0;0.8528;0.386;-0.7438;0.0309
0;0.8537;0.4459;-0.6121;-0.0142
0;0.8556;0.4661;-0.5594;-0.0332
0;0.8408;0.351;-0.9266;-0.1735
0;0.8341;0.3349;-0.6708;-0.3392
0;0.85;0.4183;-0.3624;-0.3308
0;0.8511;0.4135;-0.2164;-0.3117
0;0.8372;0.3573;-0.507;-0.4116
0;0.8468;0.4091;-0.301;-0.4044
0;0.8237;0.3354;-0.7832;-0.5901
0;0.8291;0.3912;-0.6687;-0.6846
0;0.8064;0.3558;-0.974;-0.9442
0;0.8086;0.315;-0.9307;-1.12
0;0.7888;0.3007;-0.6673;-1.4146
0;0.7856;0.2619;-0.6992;-1.6594
0;0.8056;0.3503;-0.5028;-1.6642
0;0.8219;0.4035;-0.2819;-1.5125
0;0.8413;0.5013;-0.0644;-1.2121
0;0.8371;0.5084;-0.15;-0.9985
0;0.8456;0.487;-0.0634;-0.747
1;0.8516;0.5014;-0.0049;-0.4904
0;0.85;0.5397;-0.0517;-0.2961
0;0.8643;0.5525;-0.0026;-0.0191
0;0.8604;0.6245;-0.0673;0.1666
0;0.8671;0.6277;-0.0407;0.3675
0;0.8782;0.7617;-0.0766;0.6164
0;0.8814;0.7634;-0.0471;0.8329
0;0.8683;0.8025;-0.326;0.8837
0;0.8746;0.8312;-0.2227;0.9674
0;0.8842;0.8169;0.0;1.1046
0;0.8649;0.6697;-0.5319;1.0378
0;0.8628;0.5982;-0.6627;0.9563
0;0.8647;0.629;-0.603;0.8982
0;0.864;0.5923;-0.6269;0.8364
0;0.8696;0.5911;-0.4507;0.8269
2;0.8726;0.6122;-0.3582;0.836
0;0.8689;0.5256;-0.4746;0.8025
1;0.8676;0.5412;-0.5134;0.7569
0;0.8632;0.4775;-0.6507;0.6755
0;0.8544;0.3565;-0.8864;0.5291
0;0.8549;0.3357;-0.9;0.4131
0;0.8705;0.5133;-0.1286;0.4495
0;0.8808;0.5359;-0.0852;0.5606
0;0.8834;0.4952;-0.102;0.6643
0;0.8891;0.6816;-0.1069;0.787
1;0.8909;0.7122;-0.1002;0.8909
0;0.8983;0.7342;-0.0672;1.026
0;0.8948;0.7076;-0.1383;1.0923
0;0.896;0.6887;-0.1146;1.1426
0;0.9011;0.6979;-0.0421;1.2134
0;0.9015;0.7377;-0.1351;1.2596
0;0.8932;0.6692;-0.4116;1.2124
0;0.8806;0.6039;-0.9729;1.0556
0;0.893;0.7212;-0.5369;1.0257
0;0.8904;0.699;-0.6262;0.9698
0;0.8847;0.5893;-0.7727;0.8667
2;0.8776;0.4789;-0.9874;0.716
0;0.8894;0.535;-0.6074;0.6897
0;0.9013;0.567;-0.2211;0.7632
0;0.9041;0.5712;-0.1332;0.8362
0;0.9168;0.5946;-0.0378;0.993
0;0.9216;0.6348;-0.0769;1.1465
1;0.919;0.6141;-0.1403;1.233
0;0.9249;0.6173;-0.0541;1.3384
0;0.9295;0.6324;-0.0741;1.446
0;0.9217;0.6353;-0.2121;1.4494
0;0.9167;0.6849;-0.3037;1.3946
0;0.9124;0.6087;-0.5356;1.3003
0;0.8991;0.5432;-0.8554;1.099
0;0.8943;0.5485;-0.847;0.8882
2;0.9035;0.6276;-0.6499;0.7905
0;0.9128;0.6185;-0.4486;0.7844
0;0.9173;0.5872;-0.3522;0.8092
0;0.9193;0.5841;-0.3082;0.8376
0;0.9264;0.5566;-0.2353;0.9113
1;0.9171;0.4751;-0.4175;0.8805
0;0.9183;0.4961;-0.3947;0.8567
0;0.9263;0.5081;-0.2372;0.8975
0;0.9221;0.459;-0.3207;0.8837
0;0.9165;0.4707;-0.5219;0.8164
2;0.9261;0.5505;-0.4076;0.8357
0;0.9219;0.5511;-0.5446;0.8065
0;0.9243;0.6547;-0.465;0.7956
0;0.9146;0.6171;-0.7834;0.6959
0;0.9019;0.4913;-0.9795;0.5027
0;0.9073;0.4677;-0.5761;0.3905
0;0.8853;0.3452;-0.9723;0.1113
0;0.8947;0.3889;-0.6581;-0.0297
0;0.9158;0.4575;-0.2614;0.0388
0;0.9857;0.685;-0.0556;0.6855
0;0.999;0.7043;-0.0156;1.3
0;0.9929;0.6703;-0.075;1.7191
1;0.9901;0.6754;-0.0974;2.0071
0;0.9919;0.6982;-0.0828;2.2284
0;0.9915;0.6805;-0.0866;2.375
0;1.0081;0.7226;-0.0196;2.6065
0;1.0138;0.7273;-0.0167;2.81
0;1.0134;0.7631;-0.0269;2.9363
0;1.0108;0.8066;-0.1048;2.9832
0;1.0111;0.8009;-0.1421;2.991
0;1.0175;0.9213;-0.0387;3.0199
0;1.0218;0.9186;-0.0577;3.047
0;1.0187;0.8844;-0.1346;3.0096
0;1.0275;0.7871;-0.0835;3.0225
0;1.0176;0.6348;-0.3318;2.9172
0;1.013;0.6476;-0.5846;2.7636
0;1.0306;0.7447;-0.0277;2.7628
0;1.0351;0.7526;-0.0742;2.7709
0;1.0275;0.6947;-0.2737;2.6834
0;1.0222;0.587;-0.4118;2.5414
0;1.0104;0.4804;-0.8952;2.3026
0;1.0245;0.5551;-0.4381;2.2091
0;1.0033;0.4686;-1.0;1.9326
2;1.0014;0.4597;-0.9947;1.6778
0;1.043;0.5817;-0.0359;1.8129
0;1.0359;0.5444;-0.1996;1.8397
0;1.045;0.5797;-0.0741;1.9182
0;1.041;0.5422;-0.1584;1.9258
0;1.0508;0.6036;-0.0811;1.9947
1;1.045;0.5993;-0.1979;1.9783
0;1.0553;0.5803;-0.084;2.032
0;1.0533;0.5601;-0.1186;2.0354
0;1.0425;0.5484;-0.3015;1.9247
0;1.0219;0.4991;-0.768;1.6429
0;1.0243;0.543;-0.7645;1.4232
0;1.0266;0.5072;-0.7149;1.2548
2;1.0328;0.61;-0.5826;1.1618
0;1.0209;0.5676;-0.8368;0.9745
0;1.0262;0.4219;-0.7231;0.8621
0;1.0317;0.4798;-0.6074;0.8107
0;1.0281;0.4159;-0.6779;0.731
0;1.0261;0.4245;-0.6633;0.6439
0;1.0352;0.4199;-0.3274;0.6453
1;1.0391;0.4696;-0.0793;0.6734
0;1.0409;0.4176;-0.0526;0.7033
0;1.0366;0.4072;-0.3808;0.6831
0;1.0381;0.4727;-0.3397;0.6722
0;1.0412;0.6533;-0.2521;0.683
0;1.0521;0.6948;-0.0581;0.7768
0;1.0384;0.5711;-0.4939;0.7259
0;1.0533;0.6117;-0.0838;0.8046
0;1.048;0.6602;-0.342;0.8134
0;1.0505;0.6485;-0.3376;0.8332
0;1.0609;0.6682;-0.2332;0.9275
0;1.066;0.7148;-0.214;1.0357
0;1.0721;0.7487;-0.2669;1.162
0;1.0698;0.7018;-0.3096;1.2294
0;1.0687;0.6784;-0.3292;1.2603
0;1.0581;0.5938;-0.5231;1.1813
0;1.0756;0.6858;-0.2431;1.2552
0;1.0806;0.696;-0.1343;1.3422
0;1.0785;0.6733;-0.3934;1.3784
0;1.0679;0.5735;-0.6292;1.3022
0;1.0634;0.6276;-0.7189;1.1903
1;1.0717;0.6006;-0.5676;1.1598
0;1.057;0.5444;-0.8363;0.9987
2;1.0632;0.5605;-0.7211;0.9141
0;1.0627;0.5098;-0.73;0.8336
0;1.0699;0.5201;-0.5986;0.8224
0;1.0735;0.5072;-0.5329;0.8355
0;1.0738;0.5216;-0.5275;0.8394
1;1.076;0.5391;-0.3263;0.8526
0;1.0725;0.5835;-0.238;0.8242
0;1.0744;0.491;-0.1807;0.8088
0;1.0731;0.444;-0.2199;0.7773
0;1.0651;0.4083;-0.4669;0.6765
0;1.0742;0.5445;-0.278;0.6668
2;1.0757;0.5906;-0.2063;0.6652
0;1.0742;0.5206;-0.278;0.6437
0;1.0799;0.7185;-0.2691;0.6687
0;1.0779;0.6519;-0.3389;0.664
1;1.082;0.6854;-0.2124;0.6879
0;1.0735;0.5338;-0.4967;0.6275
0;1.0735;0.5;-0.4967;0.5733
0;1.0637;0.4145;-0.8268;0.4411
0;1.0562;0.3459;-0.7914;0.2687
0;1.0706;0.4871;-0.4365;0.2522
2;1.0766;0.5141;-0.2878;0.2878
0;1.0701;0.4822;-0.4484;0.2574
0;1.0723;0.5456;-0.3933;0.2498
0;1.0809;0.5428;-0.1823;0.3138
1;1.0851;0.5576;-0.1049;0.3964
0;1.1019;0.6438;-0.0559;0.6002
0;1.0961;0.5837;-0.1576;0.7049
0;1.1049;0.6309;-0.1378;0.855
0;1.1135;0.6462;-0.019;1.0369
0;1.1073;0.6599;-0.1403;1.1163
0;1.1139;0.68;-0.1307;1.2232
0;1.1192;0.7577;-0.0457;1.339
0;1.1003;0.6852;-0.4145;1.2558
0;1.1109;0.6748;-0.2591;1.267
0;1.127;0.7011;-0.0278;1.3995
0;1.1255;0.7299;-0.1786;1.4757
0;1.1326;0.7405;-0.0455;1.5807
0;1.1463;0.7507;-0.0186;1.763
1;1.1276;0.6467;-0.4129;1.7292
0;1.1316;0.6124;-0.331;1.7183
0;1.1399;0.6627;-0.1948;1.7613
0;1.1556;0.6792;-0.0436;1.9102
0;1.1537;0.6489;-0.0849;1.9907
0;1.1581;0.6909;-0.1296;2.0703
0;1.1656;0.6931;-0.0164;2.1751
0;1.1635;0.6698;-0.0594;2.2171
0;1.1706;0.7958;-0.0635;2.2865
0;1.1679;0.7573;-0.1232;2.2945
0;1.1681;0.7165;-0.1298;2.2781
0;1.163;0.6902;-0.26;2.1969
0;1.164;0.6698;-0.3736;2.1189
0;1.1576;0.566;-0.75;1.98
2;1.1596;0.7332;-0.6792;1.8671
0;1.1731;0.7657;-0.0283;1.873
0;1.175;0.7449;-0.1245;1.8735
0;1.1747;0.6696;-0.2449;1.8516
0;1.1857;0.7451;-0.1544;1.9077
1;1.1912;0.7496;-0.0907;1.9791
0;1.082;0.2515;-0.9181;1.087
0;1.0626;0.228;-0.7584;0.2081
0;1.0704;0.2312;-0.7136;-0.4199
0;1.0866;0.2964;-0.6211;-0.7732
0;1.0572;0.2578;-0.7892;-1.2926
2;1.0473;0.2526;-0.8459;-1.7719
0;1.0525;0.2655;-0.8161;-2.0867
0;1.049;0.2689;-0.8363;-2.3425
0;1.0675;0.3167;-0.7304;-2.3621
0;1.0469;0.2557;-0.7219;-2.5278
0;1.0421;0.2457;-0.6731;-2.6722
0;0.9791;0.1982;-0.9769;-3.2919
0;0.9676;0.1641;-0.845;-3.8433
0;0.9335;0.135;-0.7384;-4.526
0;0.9387;0.2123;-0.6945;-4.9718
0;0.9714;0.3261;-0.5213;-4.9927
0;1.0002;0.376;-0.3688;-4.7119
0;1.0032;0.3457;-0.3527;-4.4149
0;0.9973;0.3786;-0.349;-4.184
1;0.9741;0.3592;-0.4642;-4.1546
0;0.9974;0.4009;-0.2073;-3.8896
0;0.9984;0.4082;-0.1012;-3.6313
0;0.9884;0.3519;-0.1777;-3.474
2;1.0182;0.4481;-0.0166;-3.0606
0;0.9976;0.4239;-0.3498;-2.877
0;1.0044;0.5536;-0.4059;-2.6444
0;1.0228;0.6138;-0.0812;-2.277
0;1.0163;0.6926;-0.1952;-2.0182
0;1.0125;0.6728;-0.2625;-1.8253
0;1.0177;0.6244;-0.1833;-1.6099
0;1.02;0.5622;-0.3131;-1.4033
0;1.0067;0.5104;-0.5564;-1.3385
2;1.0123;0.5441;-0.5498;-1.226
0;1.0033;0.5938;-0.7489;-1.2008
0;0.9943;0.4889;-0.9481;-1.2446
0;0.985;0.4551;-0.7943;-1.3449
0;0.9819;0.477;-0.842;-1.4362
0;0.9641;0.2931;-0.9752;-1.6433
0;0.9732;0.3977;-0.7983;-1.7117
0;1.0005;0.486;-0.4584;-1.5165
0;1.0051;0.4296;-0.2391;-1.3075
0;1.0083;0.4673;-0.137;-1.1016
0;1.0166;0.5162;-0.0544;-0.8571
1;1.0158;0.4924;-0.1098;-0.662
0;1.0121;0.468;-0.176;-0.5328
0;1.024;0.5706;-0.0393;-0.3241
0;1.0333;0.5833;-0.0592;-0.0772
0;1.0411;0.651;-0.0392;0.1837
0;1.0434;0.7074;-0.1065;0.4072
0;1.035;0.7127;-0.221;0.5075
0;1.0562;0.774;-0.0135;0.7607
0;1.0596;0.8935;-0.0441;0.9811
0;1.0716;0.896;-0.0684;1.2465
0;1.0752;0.8716;-0.0877;1.4732
0;1.0777;0.8688;-0.1659;1.6569
0;1.1086;0.8976;-0.0115;2.0466
0;1.1071;0.8787;-0.1247;2.3186
0;1.1113;0.8884;-0.0768;2.544
0;1.1137;0.9179;-0.0553;2.7153
0;1.1193;0.9133;-0.0146;2.8689
0;1.1262;0.9115;-0.0453;3.0176
0;1.1134;0.8071;-0.2225;2.9947
0;1.1262;0.8228;-0.0601;3.0529
0;1.131;0.8853;-0.1346;3.1079
0;1.1086;0.7084;-0.5559;2.9279
0;1.1062;0.6865;-0.6362;2.7344
0;1.1323;0.7183;-0.1927;2.7747
0;1.1397;0.7257;-0.0681;2.8394
0;1.1494;0.7391;-0.0134;2.9433
0;1.1406;0.6251;-0.1566;2.9191
0;1.1376;0.618;-0.2024;2.8434
1;1.1242;0.5466;-0.4047;2.6397
0;1.1348;0.5717;-0.2452;2.5409
0;1.1368;0.5612;-0.2142;2.4536
2;1.1565;0.5972;-0.021;2.5259
0;1.1621;0.6634;-0.0773;2.6033
0;1.1754;0.6647;-0.026;2.7497
1;1.169;0.6258;-0.1683;2.7819
0;1.1546;0.661;-0.3694;2.6555
0;1.1617;0.6881;-0.2709;2.5877
0;1.127;0.4831;-0.7551;2.2126
0;1.1108;0.4125;-0.9782;1.7557
2;1.1296;0.4429;-0.7166;1.5367
0;1.116;0.431;-0.906;1.2323
0;1.0953;0.3923;-0.9511;0.8042
0;1.1183;0.4857;-0.696;0.6536
0;1.1143;0.4487;-0.7405;0.494
0;1.1011;0.4152;-0.8684;0.2508
0;1.0912;0.3374;-0.8984;-0.0274
0;1.0912;0.3185;-0.8497;-0.2462
0;1.0644;0.2341;-0.9419;-0.6434
0;1.0773;0.2869;-0.7568;-0.84
0;1.105;0.3914;-0.3619;-0.751
0;1.1211;0.4145;-0.1346;-0.5366
0;1.1035;0.4467;-0.3843;-0.5108
0;1.0613;0.3995;-0.95;-0.8438
0;1.0501;0.3336;-0.8662;-1.1917
0;1.0516;0.358;-0.8503;-1.4406
0;1.04;0.3728;-0.8794;-1.7201
2;1.0429;0.3092;-0.8507;-1.8969
0;1.0566;0.3608;-0.7177;-1.8999
0;1.0549;0.3821;-0.734;-1.8962
0;1.0477;0.3872;-0.8048;-1.9351
0;1.0352;0.3639;-0.9234;-2.0506
0;1.0146;0.375;-0.8833;-2.2955
0;0.9941;0.2989;-0.9011;-2.6379
0;0.9887;0.1852;-0.8869;-2.9249
0;0.9803;0.1024;-0.8988;-3.1918
0;0.9778;0.1119;-0.9246;-3.3892
0;0.9844;0.1958;-0.8554;-3.4527
0;0.9996;0.3061;-0.6912;-3.3372
0;0.9702;0.2428;-0.9604;-3.4601
0;0.9764;0.2921;-0.7895;-3.4675
0;0.9251;0.2071;-0.9559;-3.8722
0;0.9258;0.1524;-0.9025;-4.1442
0;0.9117;0.1429;-0.815;-4.434
2;0.9263;0.2081;-0.6859;-4.4915
0;0.9547;0.32;-0.4346;-4.2483
0;0.9388;0.327;-0.575;-4.1463
0;0.9484;0.3904;-0.4895;-3.94
0;0.9292;0.366;-0.6597;-3.8987
1;0.9215;0.3672;-0.6723;-3.8909
0;0.944;0.43;-0.2286;-3.6519
0;0.9374;0.4027;-0.3243;-3.481
0;0.9174;0.3332;-0.6143;-3.4791
0;0.9373;0.4305;-0.4453;-3.2718
0;0.9402;0.4224;-0.3941;-3.0495
0;0.9251;0.5;-0.6491;-2.97
0;0.9076;0.4574;-0.6385;-3.0247
0;0.9095;0.4946;-0.5735;-3.019
0;0.8753;0.3851;-0.7519;-3.2726
0;0.8897;0.3436;-0.6126;-3.3156
0;0.898;0.398;-0.5324;-3.2441
0;0.9153;0.4203;-0.3645;-3.0061
0;0.9409;0.5272;-0.1174;-2.5702
0;0.9376;0.5386;-0.1489;-2.227
1;0.936;0.4788;-0.1412;-1.9465
0;0.9494;0.5308;-0.0586;-1.5911
0;0.9397;0.5602;-0.1507;-1.377
0;0.9402;0.5086;-0.146;-1.1896
0;0.9423;0.5066;-0.1345;-1.0109
0;0.939;0.5453;-0.2287;-0.8878
0;0.9411;0.6216;-0.2841;-0.7639
2;0.962;0.6675;-0.0023;-0.48
0;0.9556;0.8113;-0.1804;-0.3057
0;0.9736;0.8164;-0.0036;-0.0129
0;0.9702;0.783;-0.1221;0.1895
0;0.9792;0.7678;-0.0494;0.423
0;0.9637;0.6047;-0.2917;0.4712
0;0.9621;0.6141;-0.3825;0.4908
0;0.956;0.5893;-0.596;0.4491
0;0.9649;0.572;-0.3951;0.4868
0;0.9735;0.6589;-0.2153;0.5841
2;0.9679;0.6242;-0.3828;0.6069
0;0.9698;0.6236;-0.3307;0.6351
0;0.9813;0.6771;-0.0767;0.7476
1;0.9773;0.6496;-0.222;0.7949
0;0.97;0.5371;-0.3949;0.7618
0;0.9614;0.526;-0.6005;0.6541
0;0.954;0.4012;-0.7757;0.4995
0;0.9578;0.4377;-0.761;0.4051
2;0.9664;0.4355;-0.5351;0.3992
0;0.9671;0.5198;-0.5169;0.3961
0;0.9745;0.5682;-0.3221;0.4522
0;0.9784;0.6268;-0.2604;0.5251
1;0.976;0.5682;-0.3194;0.5568
0;0.9722;0.4917;-0.4152;0.5433
0;0.9556;0.4305;-0.7986;0.3864
0;0.9604;0.4478;-0.6848;0.2988
0;0.9474;0.3162;-0.9461;0.1163
2;0.9499;0.3492;-0.8643;-0.007
0;0.9484;0.3731;-0.8972;-0.1166
0;0.9591;0.487;-0.6608;-0.1114
0;0.9801;0.6298;-0.1947;0.072
0;0.9717;0.5661;-0.3047;0.1447
1;0.9713;0.5254;-0.3145;0.197
0;0.9998;0.6311;-0.0764;0.4778
0;1.0112;0.6427;-0.1276;0.791
0;1.0174;0.6489;-0.0472;1.082
0;1.0139;0.6431;-0.1454;1.2697
0;1.0223;0.6832;-0.0435;1.476
0;1.0302;0.7909;-0.0058;1.6897
0;1.0334;0.7883;-0.0894;1.8669
0;1.0372;0.8826;-0.0431;2.0194
0;1.0249;0.7947;-0.2116;2.0135
0;1.0173;0.7583;-0.3836;1.9231
0;1.0282;0.7587;-0.3379;1.9235
0;1.0224;0.6792;-0.5;1.8549
0;1.0214;0.7238;-0.6031;1.7719
2;1.0338;0.754;-0.2094;1.7932
0;1.0398;0.699;-0.0599;1.8419
1;1.0378;0.6461;-0.3131;1.844
0;1.0502;0.6687;-0.0345;1.9314
0;1.0078;0.4776;-0.7276;1.6194
0;1.002;0.4239;-0.8222;1.308
0;0.9903;0.3546;-0.975;0.9492
0;0.9887;0.3355;-0.8659;0.6431
0;0.9846;0.3065;-0.9228;0.36
2;0.9753;0.3136;-0.9237;0.0546
0;0.9695;0.3178;-0.9026;-0.236
0;0.983;0.3314;-0.7543;-0.3478
0;0.9771;0.3309;-0.8193;-0.4824
0;0.9804;0.3495;-0.6255;-0.5557
0;0.9838;0.3036;-0.5599;-0.5783
0;0.9833;0.268;-0.4923;-0.5941
1;0.9881;0.3001;-0.2646;-0.5601
0;0.9775;0.2034;-0.5476;-0.6169
0;0.9706;0.2865;-0.693;-0.7136
0;0.9726;0.3231;-0.6322;-0.7655
0;0.9729;0.3786;-0.6678;-0.7958
0;0.9732;0.3897;-0.658;-0.8087
2;0.9689;0.3891;-0.798;-0.8462
0;0.9659;0.4266;-0.8903;-0.8927
0;0.9639;0.4537;-0.7843;-0.9366
0;0.959;0.2689;-0.8507;-1.0031
0;0.9613;0.336;-0.7273;-1.0255
0;0.9694;0.3974;-0.2975;-0.963
0;0.9682;0.3468;-0.3512;-0.9143
0;0.9692;0.3638;-0.3058;-0.8571
0;0.9753;0.3803;-0.0574;-0.7511
1;0.981;0.5358;-0.3263;-0.6119
0;0.9736;0.5304;-0.5023;-0.5585
0;0.9733;0.5073;-0.5094;-0.513
0;0.9755;0.5272;-0.4554;-0.4525
0;0.943;0.3143;-0.9003;-0.676
0;0.9298;0.2831;-0.9454;-0.9569
2;0.9463;0.4053;-0.7055;-1.0285
0;0.9554;0.4617;-0.5718;-0.9961
0;0.9637;0.5207;-0.4511;-0.8898
0;0.9658;0.5199;-0.421;-0.7791
0;0.9621;0.4667;-0.3679;-0.7145
1;0.9699;0.5077;-0.2082;-0.59
0;0.9766;0.5302;-0.0881;-0.4292
0;0.9886;0.552;-0.0352;-0.1961
0;0.9922;0.5447;-0.0526;0.02
0;0.9943;0.5865;-0.0931;0.2085
0;0.9912;0.5727;-0.1764;0.3279
0;0.9921;0.5679;-0.1752;0.426
0;0.9904;0.7608;-0.2111;0.4845
0;0.9938;0.895;-0.1372;0.5549
0;0.9871;0.7861;-0.2807;0.5472
2;0.9747;0.6291;-0.7049;0.43
0;0.9726;0.565;-0.7623;0.3155
0;0.9696;0.5277;-0.8443;0.1966
0;0.9665;0.5313;-0.9317;0.0739
0;0.9595;0.4234;-0.9215;-0.0825
0;0.9559;0.341;-0.9049;-0.2351
0;0.9518;0.1774;-0.9816;-0.3883
0;0.9522;0.1289;-0.9734;-0.5014
0;0.9481;0.0854;-0.9063;-0.6198
0;0.9428;0.0823;-0.9015;-0.7511
0;0.9536;0.2155;-0.6652;-0.7556
0;0.9443;0.1939;-0.8446;-0.8295
0;0.951;0.2266;-0.6371;-0.8224
0;0.9502;0.2452;-0.5423;-0.8149
0;0.9593;0.3888;-0.1097;-0.7228
1;0.9711;0.4906;-0.2994;-0.5424
0;0.9702;0.5039;-0.3185;-0.402
0;0.961;0.4671;-0.5159;-0.3656
0;0.9636;0.5259;-0.4607;-0.311
0;0.9614;0.5354;-0.5241;-0.2833
0;0.9613;0.5652;-0.5263;-0.2593
2;0.9591;0.5464;-0.6599;-0.2562
0;0.9565;0.5575;-0.7254;-0.2729
0;0.9514;0.5583;-0.8564;-0.327
0;0.9524;0.4906;-0.9116;-0.3577
0;0.9509;0.5587;-0.8924;-0.3907
0;0.9482;0.4732;-0.9419;-0.4354
0;0.9448;0.4507;-0.8392;-0.4945
0;0.9414;0.3163;-0.853;-0.5645
0;0.9413;0.0968;-0.8496;-0.6145
0;0.9374;0.0893;-0.8987;-0.6811
0;0.9354;0.1091;-0.8785;-0.7432
0;0.937;0.0812;-0.8008;-0.7707
0;0.9308;0.0722;-0.8539;-0.8364
0;0.9299;0.0707;-0.8685;-0.8869
0;0.9337;0.1667;-0.6375;-0.8853
0;0.9171;0.1219;-0.992;-1.0152
0;0.9292;0.3126;-0.4985;-1.0041
0;0.9199;0.2592;-0.7754;-1.0639
0;0.9155;0.2486;-0.897;-1.1367
0;0.9179;0.2837;-0.6525;-1.1618
0;0.9185;0.3043;-0.6366;-1.1642
0;0.9192;0.3277;-0.5689;-1.1479
0;0.9224;0.3598;-0.4172;-1.0958
0;0.9168;0.3515;-0.6026;-1.0904
1;0.927;0.4454;-0.1685;-0.9886
0;0.9256;0.426;-0.221;-0.9098
0;0.9126;0.3913;-0.6944;-0.9483
0;0.9102;0.3844;-0.7897;-0.9889
0;0.9149;0.3915;-0.5992;-0.9699
0;0.911;0.4583;-0.8268;-0.9783
2;0.9215;0.4464;-0.368;-0.8853
0;0.9178;0.4844;-0.5281;-0.8338
0;0.9188;0.5259;-0.4849;-0.7759
1;0.9174;0.496;-0.5455;-0.7339
0;0.9212;0.5205;-0.344;-0.661
0;0.9178;0.4898;-0.5;-0.6252
0;0.9178;0.4648;-0.519;-0.5904
0;0.9116;0.4599;-0.819;-0.6098
0;0.9071;0.3344;-0.9909;-0.6564
0;0.9042;0.3263;-0.7546;-0.7107
0;0.906;0.4348;-0.6994;-0.7307
0;0.9014;0.4159;-0.8436;-0.7783
0;0.9047;0.4;-0.7393;-0.7789
0;0.9123;0.5118;-0.5061;-0.7071
0;0.9133;0.4088;-0.4242;-0.6346
0;0.9232;0.5521;-0.2997;-0.4866
0;0.9266;0.572;-0.2119;-0.3361
1;0.9204;0.5254;-0.3721;-0.2663
0;0.9278;0.5527;-0.1809;-0.1461
0;0.933;0.6186;-0.0847;-0.0052
0;0.9313;0.6027;-0.1432;0.0915
0;0.9198;0.558;-0.45;0.0691
0;0.9168;0.57;-0.5289;0.0254
0;0.9121;0.5549;-0.6553;-0.0498
0;0.9266;0.6222;-0.2711;0.0145
2;0.9174;0.5908;-0.7117;-0.0125
0;0.9371;0.6544;-0.0177;0.1332
0;0.9366;0.6244;-0.1473;0.2423
0;0.9392;0.6304;-0.0859;0.3476
1;0.9423;0.6034;-0.25;0.4538
0;0.9693;0.684;-0.0961;0.7618
0;0.9717;0.7282;-0.0601;1.0166
0;0.9695;0.6947;-0.0935;1.1879
0;0.9836;0.7179;-0.0071;1.43
0;0.9861;0.7343;-0.0176;1.6265
0;0.9749;0.7362;-0.1705;1.6689
0;0.9688;0.7172;-0.253;1.6332
0;0.9696;0.7487;-0.2422;1.5945
0;0.9751;0.7274;-0.2353;1.5934
0;0.9806;0.8065;-0.1828;1.6228
2;0.9821;0.7652;-0.212;1.6414
0;0.9891;0.7872;-0.0037;1.6976
1;0.9836;0.7358;-0.3556;1.6775
0;0.9818;0.7126;-0.4103;1.6288
0;0.9775;0.5579;-0.5441;1.536
0;0.992;0.6229;-0.1003;1.5696
0;0.9989;0.6686;-0.0174;1.6384
0;1.0121;0.6651;-0.0179;1.7872
0;1.0338;0.7262;-0.0898;2.0697
0;1.0486;0.838;-0.0823;2.3959
1;1.0406;0.8233;-0.182;2.5595
0;1.0385;0.8067;-0.2082;2.6435
0;1.0405;0.8005;-0.1833;2.6985
0;1.0439;0.7965;-0.1535;2.7421
0;1.0391;0.759;-0.2242;2.7066
2;1.053;0.7733;-0.1333;2.768
0;1.0546;0.8138;-0.1214;2.8005
0;1.0556;0.8284;-0.1461;2.8049
0;1.0542;0.8509;-0.2727;2.7667
0;1.0515;0.8052;-0.4022;2.6843
0;1.0517;0.7907;-0.3949;2.5927
0;1.043;0.679;-0.7101;2.4191
0;1.0456;0.5878;-0.6773;2.2788
2;1.0422;0.4427;-0.8127;2.1152
