0;0.5075;0.5758;-0.086;0.3134
0;0.4983;0.5478;-0.3627;0.3081
0;0.4982;0.5374;-0.4217;0.3012
0;0.4984;0.5034;-0.4279;0.2964
0;0.5091;0.5971;-0.048;0.3998
0;0.5078;0.6505;-0.1637;0.4694
0;0.5189;0.7331;-0.1178;0.6422
0;0.5159;0.6652;-0.2294;0.7491
0;0.514;0.6912;-0.3164;0.8137
0;0.5112;0.6274;-0.4263;0.8314
0;0.5061;0.5808;-0.622;0.7845
0;0.5138;0.5691;-0.3244;0.8319
2;0.5108;0.6085;-0.4409;0.8325
0;0.5039;0.4872;-0.8489;0.7353
0;0.5074;0.4995;-0.6938;0.6811
0;0.5066;0.571;-0.7332;0.624
0;0.5008;0.5203;-0.9317;0.523
0;0.4969;0.4891;-0.9704;0.405
0;0.4921;0.3621;-0.9725;0.2668
0;0.4908;0.3624;-0.8303;0.1443
0;0.4959;0.2943;-0.6559;0.0897
0;0.4987;0.3458;-0.5622;0.0696
0;0.5011;0.3848;-0.4245;0.0733
0;0.4813;0.2953;-0.8884;-0.0931
0;0.4808;0.3155;-0.9004;-0.2269
0;0.4744;0.2064;-0.6308;-0.3846
0;0.4687;0.1984;-0.744;-0.553
0;0.4662;0.2119;-0.7952;-0.7013
2;0.4749;0.2694;-0.6188;-0.7368
0;0.4795;0.3179;-0.5249;-0.7176
0;0.4804;0.3535;-0.5064;-0.6872
0;0.4805;0.375;-0.505;-0.6553
0;0.483;0.4286;-0.3836;-0.6018
1;0.4761;0.3933;-0.4087;-0.6122
0;0.4794;0.3775;-0.3091;-0.5853
0;0.4833;0.3871;-0.2474;-0.5252
0;0.4777;0.3366;-0.4553;-0.5193
0;0.4869;0.5462;-0.1414;-0.4317
0;0.4916;0.5825;-0.0294;-0.3182
0;0.5006;0.694;-0.034;-0.1486
0;0.5118;0.7946;-0.0831;0.0813
0;0.5172;0.8356;-0.0556;0.3074
0;0.5221;0.827;-0.0201;0.524
0;0.5205;0.7961;-0.0509;0.6754
0;0.5198;0.7862;-0.0867;0.7821
0;0.526;0.8034;-0.0042;0.9097
0;0.519;0.7268;-0.1579;0.9416
0;0.5251;0.8123;-0.0375;1.0085
0;0.5287;0.8128;-0.0451;1.0809
0;0.5302;0.807;-0.0448;1.139
0;0.5306;0.8709;-0.1074;1.1763
0;0.5297;0.8406;-0.3013;1.186
0;0.5406;0.8548;-0.0469;1.2734
0;0.5372;0.7887;-0.2225;1.3002
0;0.5415;0.763;-0.0733;1.3438
0;0.5404;0.7221;-0.1189;1.3544
0;0.5464;0.728;-0.0255;1.3995
0;0.5471;0.7537;-0.1488;1.4256
0;0.5457;0.7437;-0.2041;1.4198
0;0.539;0.6214;-0.5116;1.3429
0;0.5505;0.7702;-0.0514;1.3658
0;0.5443;0.6639;-0.4087;1.3163
0;0.541;0.6063;-0.6873;1.2359
0;0.5496;0.6491;-0.2311;1.2322
0;0.5486;0.6371;-0.3289;1.2078
1;0.5479;0.6385;-0.3778;1.1699
2;0.5459;0.5464;-0.547;1.1103
0;0.5498;0.6095;-0.3077;1.0849
0;0.5518;0.5936;-0.1838;1.0707
0;0.5583;0.6481;-0.1017;1.1029
0;0.5565;0.5893;-0.3052;1.1011
0;0.5584;0.5988;-0.2238;1.1047
0;0.5617;0.6344;-0.0984;1.1238
0;0.5596;0.688;-0.1967;1.109
0;0.5487;0.4832;-0.7176;0.9927
0;0.5617;0.6425;-0.1058;1.0008
0;0.5675;0.7078;-0.0199;1.0459
0;0.5665;0.6508;-0.1945;1.062
0;0.5706;0.6858;-0.0599;1.0983
0;0.5758;0.7188;-0.1224;1.159
1;0.5856;0.778;-0.0131;1.2779
0;0.5855;0.7635;-0.1222;1.3568
0;0.5809;0.7066;-0.2311;1.3656
0;0.5753;0.6231;-0.3617;1.3112
0;0.5652;0.5565;-0.6383;1.1687
0;0.5734;0.5895;-0.5647;1.1136
2;0.5705;0.5523;-0.7215;1.0332
0;0.5814;0.6178;-0.3316;1.0512
0;0.576;0.6575;-0.5433;1.0087
0;0.5812;0.6238;-0.3491;1.0089
1;0.5876;0.6264;-0.1129;1.0524
0;0.5847;0.6122;-0.1486;1.0515
0;0.5781;0.5447;-0.4171;0.9832
0;0.5669;0.4505;-0.8714;0.8236
0;0.5703;0.4086;-0.6199;0.7185
0;0.5751;0.4411;-0.4576;0.6682
2;0.5694;0.4358;-0.6513;0.5736
0;0.5736;0.4899;-0.5085;0.5284
0;0.5819;0.5969;-0.2228;0.5579
1;0.5879;0.586;-0.096;0.6256
0;0.5894;0.6149;-0.125;0.6856
0;0.5887;0.5509;-0.1455;0.7195
0;0.5723;0.4779;-0.6209;0.5994
0;0.5856;0.524;-0.2357;0.6113
0;0.5764;0.4407;-0.6568;0.5361
0;0.5863;0.5077;-0.3;0.5552
2;0.5845;0.5334;-0.3963;0.5493
0;0.5929;0.6395;-0.034;0.6103
1;0.595;0.6339;-0.1719;0.6693
0;0.5954;0.6159;-0.2144;0.7122
0;0.6019;0.6832;-0.0288;0.7931
0;0.6102;0.6974;-0.0607;0.9191
0;0.6119;0.6741;-0.0986;1.0231
0;0.6197;0.6811;-0.0433;1.1608
0;0.6326;0.7174;-0.0361;1.3661
0;0.6291;0.6976;-0.1409;1.4833
0;0.6414;0.8523;-0.013;1.665
0;0.6595;0.8591;-0.0071;1.9434
0;0.6597;0.9435;-0.1455;2.1439
0;0.6511;0.8503;-0.2526;2.2065
0;0.6439;0.803;-0.3421;2.1712
0;0.6579;0.8137;-0.2023;2.2392
0;0.6573;0.8054;-0.2372;2.2642
0;0.6511;0.7582;-0.3815;2.207
2;0.6543;0.7507;-0.338;2.1656
0;0.6351;0.6077;-0.8188;1.9468
0;0.6436;0.6295;-0.6031;1.8258
0;0.6182;0.4944;-0.8637;1.4957
0;0.6022;0.3937;-0.9365;1.0842
0;0.6109;0.4387;-0.7419;0.8223
0;0.6026;0.3652;-0.8608;0.537
0;0.602;0.273;-0.7657;0.3012
0;0.5929;0.2537;-0.8755;0.0354
0;0.5727;0.2334;-0.965;-0.3465
0;0.5797;0.2817;-0.7362;-0.5837
0;0.5879;0.2523;-0.6398;-0.6948
0;0.5961;0.2941;-0.5075;-0.7059
0;0.5733;0.2646;-0.7552;-0.9004
0;0.5896;0.3188;-0.5473;-0.9055
1;0.5828;0.3426;-0.6346;-0.958
0;0.5828;0.3072;-0.6346;-0.9893
0;0.5749;0.3455;-0.6134;-1.0705
0;0.5794;0.4112;-0.506;-1.085
0;0.6005;0.4631;-0.1019;-0.9055
0;0.6043;0.506;-0.0904;-0.7225
0;0.6001;0.4931;-0.1712;-0.6063
0;0.6078;0.5536;-0.0233;-0.4424
0;0.6085;0.6501;-0.1204;-0.3032
0;0.6209;0.6651;-0.0334;-0.0852
0;0.6193;0.633;-0.0571;0.0742
0;0.6001;0.5155;-0.3481;0.0358
0;0.6171;0.6778;-0.0894;0.1502
0;0.6206;0.6403;-0.0844;0.2683
0;0.6247;0.6946;-0.1884;0.393
0;0.6316;0.713;-0.0947;0.5456
0;0.629;0.7474;-0.1757;0.6377
0;0.633;0.7464;-0.0763;0.738
0;0.6239;0.6209;-0.334;0.7318
0;0.6196;0.5789;-0.4533;0.6829
0;0.6306;0.6466;-0.1471;0.7301
0;0.6349;0.6344;-0.126;0.7959
0;0.6413;0.6542;-0.1383;0.8936
0;0.6453;0.6245;-0.1157;0.995
0;0.6473;0.6421;-0.1083;1.0812
1;0.6644;0.8338;-0.0249;1.2832
0;0.6699;0.8111;-0.0919;1.4753
0;0.6703;0.804;-0.0853;1.6146
0;0.6751;0.8057;-0.055;1.7477
0;0.6716;0.7532;-0.1307;1.8044
0;0.654;0.6333;-0.5014;1.6807
0;0.6585;0.635;-0.4878;1.6034
0;0.6656;0.7257;-0.3246;1.586
0;0.6661;0.7622;-0.3491;1.5597
2;0.6722;0.7485;-0.233;1.5743
0;0.6589;0.6291;-0.7295;1.4556
1;0.6512;0.5525;-0.8499;1.2814
0;0.6537;0.5457;-0.7364;1.1522
0;0.6572;0.5525;-0.6398;1.0673
0;0.6519;0.4239;-0.7375;0.9444
2;0.6606;0.4455;-0.4325;0.9112
0;0.6554;0.4175;-0.5778;0.8319
1;0.6478;0.3532;-0.8078;0.6953
0;0.6507;0.3869;-0.714;0.6052
0;0.6572;0.5197;-0.4334;0.5833
0;0.6652;0.5394;-0.1084;0.6275
0;0.6638;0.4888;-0.1799;0.6443
0;0.6579;0.4513;-0.4021;0.5998
1;0.6354;0.3178;-0.9511;0.3682
0;0.6295;0.3432;-0.7618;0.1316
0;0.633;0.3979;-0.6953;-0.0272
2;0.6399;0.4263;-0.5596;-0.0928
0;0.6494;0.4611;-0.3753;-0.0631
0;0.6524;0.5026;-0.3172;-0.0136
0;0.6611;0.5029;-0.1468;0.0998
1;0.6412;0.4366;-0.5346;0.0189
0;0.6514;0.5158;-0.3186;0.0413
0;0.6338;0.4349;-0.6613;-0.0906
0;0.6298;0.392;-0.7431;-0.2275
0;0.6298;0.3513;-0.7867;-0.3329
2;0.6452;0.4299;-0.4529;-0.2819
0;0.6231;0.3835;-0.932;-0.426
0;0.6348;0.4977;-0.6785;-0.4359
0;0.6211;0.4712;-0.9753;-0.5551
0;0.607;0.4172;-0.8886;-0.7634
0;0.6181;0.4321;-0.6206;-0.8251
0;0.6174;0.3947;-0.6021;-0.871
0;0.6031;0.3492;-0.845;-1.019
0;0.6161;0.3659;-0.5951;-1.0141
0;0.6093;0.3969;-0.7255;-1.0572
0;0.6299;0.4349;-0.3314;-0.9054
0;0.6145;0.4407;-0.6091;-0.907
0;0.6211;0.4736;-0.3478;-0.8427
1;0.6004;0.4211;-0.8641;-0.9582
0;0.6042;0.3824;-0.6428;-1.0075
0;0.6167;0.4805;-0.3812;-0.9291
2;0.6203;0.4537;-0.3064;-0.8271
0;0.629;0.5258;-0.1256;-0.6644
0;0.6295;0.5814;-0.1151;-0.5249
1;0.6246;0.5247;-0.2167;-0.4508
0;0.6399;0.577;-0.0538;-0.2575
0;0.6548;0.6758;-0.0327;0.0241
0;0.6518;0.6301;-0.0757;0.2201
0;0.6573;0.6765;-0.0287;0.4184
0;0.6442;0.5556;-0.3173;0.4589
0;0.6577;0.6708;-0.1617;0.6009
0;0.667;0.6778;-0.0181;0.7854
0;0.6594;0.7539;-0.1839;0.858
0;0.6448;0.6599;-0.5063;0.782
0;0.6535;0.6492;-0.3727;0.7874
0;0.6514;0.6278;-0.531;0.7657
0;0.6596;0.6265;-0.3196;0.8104
2;0.6739;0.6645;-0.1255;0.9581
0;0.6771;0.6968;-0.0595;1.091
0;0.6796;0.6647;-0.0641;1.206
0;0.6718;0.5749;-0.258;1.2176
0;0.6798;0.618;-0.0605;1.2813
0;0.6688;0.5466;-0.3327;1.2248
0;0.6697;0.6145;-0.3113;1.1752
0;0.678;0.5953;-0.1209;1.1936
0;0.669;0.5091;-0.4316;1.1188
0;0.6602;0.5037;-0.7586;0.9738
2;0.6518;0.5344;-0.9201;0.7775
0;0.6634;0.5475;-0.5665;0.7131
0;0.6586;0.5336;-0.6529;0.614
0;0.6497;0.4539;-0.8955;0.4547
0;0.6515;0.3817;-0.8481;0.3389
0;0.6325;0.2988;-0.983;0.0835
0;0.6181;0.2487;-0.896;-0.2414
0;0.593;0.2179;-0.9504;-0.7077
0;0.5981;0.2016;-0.7994;-1.0244
0;0.5822;0.1946;-0.7334;-1.3974
0;0.5837;0.1975;-0.6911;-1.6643
0;0.5996;0.2385;-0.5504;-1.7219
0;0.5863;0.232;-0.6648;-1.8615
0;0.5938;0.2827;-0.5819;-1.8884
0;0.5919;0.2954;-0.5458;-1.9055
1;0.5964;0.2595;-0.4299;-1.8603
0;0.5966;0.2696;-0.364;-1.8038
0;0.5911;0.2765;-0.3103;-1.7864
0;0.5878;0.2601;-0.3635;-1.7823
0;0.5714;0.2653;-0.6217;-1.8989
0;0.5554;0.2622;-0.9662;-2.1062
0;0.5643;0.3755;-0.7443;-2.1723
0;0.568;0.3681;-0.6846;-2.1698
0;0.5764;0.4724;-0.5505;-2.0736
0;0.5813;0.4893;-0.4713;-1.9338
0;0.5927;0.4675;-0.2635;-1.7064
1;0.5979;0.5594;-0.1774;-1.465
0;0.6034;0.5503;-0.0116;-1.2127
0;0.6123;0.5992;-0.0693;-0.9258
0;0.6232;0.6227;-0.0477;-0.5974
0;0.6119;0.5638;-0.1909;-0.4279
0;0.6165;0.6065;-0.1595;-0.2507
0;0.6292;0.6612;-0.0425;-5.0E-4
0;0.636;0.7712;-0.0327;0.2541
0;0.6367;0.8915;-0.0832;0.4581
0;0.6425;0.8883;-0.0356;0.663
0;0.6255;0.752;-0.3465;0.6728
0;0.6294;0.7419;-0.3732;0.7065
0;0.626;0.7067;-0.4571;0.6967
0;0.6409;0.7159;-0.0893;0.8078
0;0.6337;0.6578;-0.2661;0.8261
2;0.6154;0.5474;-0.8685;0.6762
0;0.6116;0.497;-0.9231;0.5184
0;0.6363;0.5486;-0.2287;0.5988
0;0.626;0.5524;-0.5182;0.5681
0;0.6282;0.5444;-0.4215;0.5569
0;0.616;0.4495;-0.7454;0.438
0;0.6077;0.3933;-0.7332;0.2693
0;0.6216;0.4481;-0.439;0.2517
0;0.5911;0.3494;-0.9875;-0.0239
0;0.6006;0.4238;-0.6965;-0.16
0;0.6064;0.4303;-0.5927;-0.2164
0;0.6102;0.4523;-0.524;-0.2262
0;0.6132;0.4101;-0.4695;-0.2057
0;0.6092;0.4186;-0.4786;-0.2217
1;0.6099;0.4794;-0.4638;-0.2258
0;0.6161;0.5168;-0.2615;-0.174
0;0.6261;0.4575;-0.0345;-0.0467
0;0.6316;0.5243;-0.0929;0.1012
0;0.6331;0.5213;-0.1362;0.2295
0;0.6355;0.5929;-0.1276;0.3483
0;0.6371;0.6493;-0.1943;0.4518
0;0.6444;0.624;-0.0165;0.5903
0;0.6492;0.939;-0.0877;0.7343
0;0.6467;0.8892;-0.1407;0.8184
0;0.6409;0.7917;-0.2786;0.827
0;0.6445;0.791;-0.2064;0.8557
0;0.6508;0.8019;-0.0705;0.9225
0;0.6635;0.883;-0.0282;1.0731
0;0.664;0.8825;-0.128;1.1841
0;0.6725;0.8864;-0.0252;1.3318
0;0.6691;0.8232;-0.1318;1.4047
0;0.6787;0.8333;-0.079;1.5287
0;0.6819;0.8373;-0.0247;1.6377
0;0.6669;0.6848;-0.3668;1.5788
0;0.669;0.6867;-0.3191;1.5334
0;0.6676;0.6461;-0.3887;1.4697
0;0.6838;0.6902;-0.1128;1.5412
0;0.694;0.7399;-0.1849;1.6675
0;0.6852;0.7183;-0.3868;1.6752
0;0.688;0.7159;-0.324;1.6868
0;0.6902;0.7038;-0.2744;1.6964
0;0.6992;0.6921;-0.0678;1.7626
0;0.6877;0.6143;-0.3306;1.6986
0;0.7033;0.6387;-0.0619;1.7625
0;0.7029;0.6571;-0.0906;1.791
0;0.7027;0.6222;-0.1021;1.7927
0;0.7054;0.6199;-0.0549;1.7977
0;0.7053;0.7317;-0.2298;1.7819
0;0.7156;0.7559;-0.024;1.8381
0;0.7294;0.7984;-0.015;1.9795
0;0.7426;0.7924;-0.073;2.1821
0;0.7491;0.7845;-0.0183;2.3735
0;0.7485;0.8573;-0.1616;2.4947
0;0.7405;0.7795;-0.2999;2.4953
0;0.7319;0.7081;-0.4352;2.3965
0;0.7235;0.6223;-0.5636;2.2223
0;0.7297;0.7225;-0.5419;2.1134
2;0.7183;0.5835;-0.7992;1.9089
0;0.7204;0.5953;-0.8726;1.7454
0;0.722;0.6037;-0.7724;1.6117
0;0.7111;0.5279;-0.9671;1.3961
0;0.6978;0.4673;-0.944;1.0992
0;0.7265;0.541;-0.4347;1.0972
0;0.723;0.474;-0.4377;1.0539
0;0.7353;0.4702;-0.1435;1.1133
0;0.7177;0.3823;-0.5091;0.9991
0;0.7224;0.4047;-0.4124;0.938
1;0.7125;0.3994;-0.6178;0.7961
0;0.7222;0.4655;-0.4154;0.7584
0;0.7229;0.4975;-0.4018;0.7263
2;0.7293;0.4986;-0.2689;0.7475
0;0.7212;0.5112;-0.5026;0.6879
0;0.7038;0.4425;-1.0;0.4855
0;0.702;0.4311;-0.8983;0.3062
0;0.7198;0.5287;-0.4128;0.3122
0;0.7167;0.5667;-0.4641;0.2876
2;0.722;0.4806;-0.3162;0.3097
0;0.7078;0.441;-0.7166;0.2035
0;0.7106;0.3963;-0.6365;0.1417
1;0.7203;0.5114;-0.3621;0.1736
0;0.7199;0.4885;-0.2874;0.1938
0;0.7079;0.4787;-0.6683;0.1052
2;0.7166;0.4741;-0.3795;0.109
0;0.7035;0.4196;-0.7692;-8.0E-4
0;0.696;0.3634;-0.7813;-0.1509
0;0.6824;0.3474;-0.9723;-0.3834
0;0.6994;0.4825;-0.5163;-0.4182
0;0.6703;0.3971;-0.8767;-0.6879
0;0.6743;0.3382;-0.8145;-0.8592
0;0.6497;0.2933;-0.9742;-1.1934
0;0.6277;0.2365;-0.977;-1.6309
0;0.6225;0.2489;-0.89;-2.0027
0;0.6252;0.2486;-0.8648;-2.2509
0;0.6315;0.2332;-0.7751;-2.3695
0;0.6222;0.2213;-0.8705;-2.5168
0;0.6005;0.2098;-0.977;-2.7899
0;0.5958;0.1659;-0.9666;-3.0155
0;0.5999;0.1984;-0.9126;-3.1267
0;0.5994;0.2068;-0.9151;-3.1855
0;0.6019;0.2383;-0.8305;-3.1764
0;0.634;0.3065;-0.0413;-2.8629
0;0.6144;0.3247;-0.4876;-2.7521
1;0.6126;0.3037;-0.5289;-2.651
0;0.6016;0.3325;-0.7785;-2.6364
0;0.5994;0.3856;-0.7504;-2.616
0;0.6144;0.4698;-0.4353;-2.4446
2;0.6062;0.4316;-0.6073;-2.3532
0;0.6133;0.4348;-0.4597;-2.1965
0;0.6109;0.4576;-0.5084;-2.0694
0;0.6071;0.5287;-0.5875;-1.9795
0;0.6266;0.6187;-0.1221;-1.7223
0;0.6291;0.6139;-0.1357;-1.4804
0;0.6168;0.5622;-0.3911;-1.3786
0;0.609;0.5245;-0.5521;-1.3496
0;0.6202;0.4441;-0.3795;-1.218
0;0.633;0.579;-0.094;-0.9927
0;0.6481;0.6357;-0.0739;-0.6766
0;0.645;0.6766;-0.1498;-0.4465
0;0.626;0.5955;-0.5436;-0.4215
0;0.6281;0.554;-0.5081;-0.3799
0;0.6341;0.6124;-0.3906;-0.2915
0;0.6382;0.6029;-0.3024;-0.184
2;0.6319;0.5838;-0.4378;-0.1507
0;0.6098;0.5091;-0.915;-0.3113
0;0.6163;0.4605;-0.7987;-0.3791
0;0.5946;0.3851;-0.9517;-0.6125
0;0.5873;0.3983;-0.8852;-0.852
0;0.5934;0.4454;-0.7951;-0.98
0;0.5768;0.3543;-0.9955;-1.2109
0;0.5942;0.3734;-0.7316;-1.2327
0;0.6062;0.3606;-0.549;-1.1349
0;0.6167;0.4104;-0.3886;-0.9563
0;0.5863;0.3827;-0.7713;-1.0634
0;0.5993;0.4201;-0.3754;-1.0264
1;0.586;0.3715;-0.6347;-1.0989
0;0.6068;0.4228;-0.2292;-0.9685
0;0.6428;0.5232;-0.0292;-0.5498
0;0.6393;0.5688;-0.1976;-0.2432
0;0.6257;0.5211;-0.3502;-0.1154
0;0.624;0.5727;-0.369;-0.0277
1;0.6404;0.6257;-0.1861;0.1808
0;0.6366;0.6034;-0.2286;0.3109
2;0.5674;0.4819;-1.0;-0.1772
0;0.6038;0.5172;-0.5935;-0.2504
0;0.6018;0.4919;-0.6163;-0.3227
0;0.5825;0.4387;-0.8318;-0.5404
0;0.5811;0.4896;-0.8465;-0.7173
0;0.5625;0.4282;-0.7343;-1.0069
0;0.537;0.4086;-0.9488;-1.4412
0;0.5352;0.3564;-0.8481;-1.7836
0;0.4685;0.1888;-1.0;-2.6
0;0.4234;0.1643;-0.9224;-3.5989
0;0.5117;0.3562;-0.4897;-3.5982
0;0.5018;0.349;-0.5376;-3.6434
0;0.4391;0.2768;-0.8411;-4.1723
0;0.462;0.3142;-0.7305;-4.3508
0;0.4565;0.3634;-0.7028;-4.4918
1;0.5096;0.3886;-0.3879;-4.1041
0;0.489;0.3723;-0.4783;-3.9298
0;0.452;0.3579;-0.6627;-4.0652
0;0.4888;0.4067;-0.3908;-3.8162
0;0.4679;0.4047;-0.549;-3.7572
0;0.4518;0.4126;-0.6687;-3.8076
0;0.5126;0.4794;-0.0557;-3.2905
0;0.5198;0.5526;-0.1775;-2.7874
0;0.5431;0.6287;-0.0461;-2.1638
0;0.5461;0.5454;-0.087;-1.6235
0;0.5395;0.55;-0.1444;-1.2371
1;0.5724;0.6921;-0.0388;-0.64
0;0.5482;0.6238;-0.2183;-0.3685
0;0.5133;0.5752;-0.4801;-0.4471
0;0.5378;0.5404;-0.3027;-0.2961
0;0.5442;0.5824;-0.2576;-0.1194
0;0.5384;0.6422;-0.544;-0.0285
2;0.4926;0.506;-0.9873;-0.3457
0;0.5543;0.6222;-0.2462;-0.068
0;0.5367;0.6196;-0.4303;0.0023
0;0.5227;0.5163;-0.5772;-0.0615
0;0.542;0.5347;-0.346;0.0532
0;0.5214;0.4659;-0.56;-0.0319
1;0.4756;0.4021;-0.9901;-0.4879
2;0.5205;0.4762;-0.5245;-0.4602
0;0.5487;0.4698;-0.2559;-0.1947
0;0.5651;0.5219;-0.0905;0.1563
0;0.5902;0.6022;-0.0045;0.6443
0;0.5834;0.5636;-0.0629;0.9642
1;0.5318;0.4846;-0.5073;0.7679
0;0.5578;0.5229;-0.2835;0.8257
0;0.5519;0.5773;-0.3344;0.8124
0;0.5299;0.4646;-0.5238;0.6064
2;0.5495;0.5185;-0.3547;0.6045
0;0.5766;0.5751;-0.1621;0.8266
0;0.558;0.5222;-0.3769;0.8342
0;0.5792;0.5804;-0.1324;1.0119
0;0.5868;0.6731;-0.1796;1.205
1;0.5834;0.6124;-0.2131;1.3156
0;0.5775;0.5561;-0.2708;1.3392
0;0.5834;0.5371;-0.2124;1.3938
0;0.5673;0.4517;-0.3723;1.2847
0;0.5393;0.4148;-0.6489;0.9476
2;0.5232;0.4807;-0.9991;0.5353
0;0.5124;0.391;-0.9379;0.1133
0;0.511;0.3996;-0.9521;-0.2323
0;0.5141;0.4573;-0.9084;-0.4757
0;0.5195;0.4119;-0.8389;-0.6167
0;0.5284;0.3416;-0.7408;-0.646
0;0.5419;0.4453;-0.5719;-0.5475
0;0.5462;0.3734;-0.4736;-0.4271
1;0.5651;0.4234;-0.0874;-0.1679
0;0.5661;0.438;-0.1712;0.0468
0;0.5712;0.4771;-0.1092;0.2587
0;0.5461;0.3817;-0.4459;0.2105
0;0.5482;0.4336;-0.4181;0.1878
0;0.5377;0.4938;-0.6263;0.0789
0;0.523;0.4991;-0.949;-0.1331
0;0.5303;0.574;-0.8277;-0.236
2;0.5146;0.5133;-0.9106;-0.4481
0;0.5226;0.5302;-0.7529;-0.5427
0;0.5298;0.5361;-0.6578;-0.5507
0;0.5044;0.4247;-0.9703;-0.7661
0;0.526;0.4524;-0.6439;-0.7447
0;0.5165;0.4137;-0.7149;-0.8001
0;0.523;0.3681;-0.53;-0.7808
0;0.5264;0.3776;-0.334;-0.7278
0;0.5323;0.3807;-0.1721;-0.6282
1;0.5449;0.4958;-0.0382;-0.4365
0;0.5215;0.4221;-0.5648;-0.4796
0;0.5207;0.4475;-0.5814;-0.5147
0;0.519;0.4868;-0.6196;-0.5513
0;0.529;0.4956;-0.4075;-0.4896
0;0.5287;0.5519;-0.4144;-0.4384
2;0.5409;0.5653;-0.1318;-0.29
0;0.5531;0.5804;-0.017;-0.0665
0;0.5495;0.6828;-0.177;0.0801
1;0.5252;0.4968;-0.6894;-0.0121
0;0.5262;0.5411;-0.6677;-0.0758
0;0.5206;0.49;-0.723;-0.1726
0;0.5197;0.4704;-0.4331;-0.2553
2;0.4932;0.355;-0.7321;-0.5422
0;0.4927;0.2878;-0.7372;-0.7664
0;0.4969;0.3815;-0.69;-0.8994
0;0.4849;0.3441;-0.8256;-1.0964
0;0.4691;0.3063;-0.9699;-1.3748
0;0.4865;0.3443;-0.7739;-1.4315
0;0.4732;0.3144;-0.8952;-1.5736
0;0.4708;0.2491;-0.9266;-1.6897
0;0.4524;0.1552;-0.9862;-1.9188
0;0.4294;0.1369;-0.9981;-2.2744
0;0.4302;0.1654;-0.9652;-2.5235
0;0.4418;0.223;-0.8153;-2.5949
0;0.4208;0.2025;-0.9683;-2.802
0;0.4342;0.2632;-0.7998;-2.8209
0;0.4343;0.3088;-0.7775;-2.8053
0;0.4604;0.41;-0.4042;-2.5418
0;0.4562;0.3867;-0.4438;-2.3427
0;0.4725;0.4662;-0.0149;-2.023
1;0.4688;0.4993;-0.1361;-1.7808
0;0.4691;0.4435;-0.1559;-1.5691
0;0.4867;0.5425;-0.0033;-1.2358
0;0.4963;0.5768;-0.0359;-0.8792
0;0.5003;0.6578;-0.1626;-0.5547
0;0.4822;0.6802;-0.3841;-0.4463
0;0.5153;0.7379;-0.005;-0.0753
0;0.514;0.7141;-0.1057;0.2064
0;0.5194;0.8223;-0.0531;0.4723
0;0.5229;0.8099;-0.081;0.7065
0;0.5135;0.7595;-0.2181;0.8032
0;0.4978;0.6317;-0.4853;0.738
0;0.5011;0.6589;-0.5287;0.7066
0;0.509;0.6375;-0.394;0.7414
0;0.524;0.6913;-0.1396;0.8882
0;0.5252;0.6935;-0.1462;1.0051
0;0.5208;0.6294;-0.2564;1.0492
1;0.5097;0.5505;-0.5293;0.9786
0;0.5103;0.5387;-0.5147;0.9176
0;0.5159;0.6432;-0.3773;0.9073
0;0.5066;0.4535;-0.6062;0.8105
2;0.4962;0.4135;-0.8626;0.6371
0;0.4971;0.3864;-0.8053;0.5013
0;0.4913;0.343;-0.8673;0.3402
0;0.4919;0.3826;-0.8451;0.2149
0;0.476;0.3814;-0.9794;-0.0216
0;0.4835;0.4087;-0.7324;-0.1437
0;0.4751;0.3249;-0.8985;-0.3099
0;0.4884;0.3127;-0.6368;-0.3249
0;0.4963;0.358;-0.3059;-0.2656
0;0.4875;0.3429;-0.4548;-0.2914
0;0.4918;0.4097;-0.3154;-0.2719
0;0.5035;0.469;-0.0323;-0.1543
1;0.4926;0.3994;-0.3846;-0.1524
0;0.4983;0.4632;-0.2287;-0.1006
0;0.4969;0.5036;-0.2971;-0.0708
0;0.49;0.4676;-0.5279;-0.1053
0;0.5076;0.567;-0.0552;0.0179
0;0.5066;0.5604;-0.2329;0.1065
0;0.5245;0.6964;-0.0886;0.327
0;0.5068;0.587;-0.4652;0.3467
0;0.5156;0.6511;-0.3103;0.4338
1;0.5075;0.5742;-0.5035;0.4289
0;0.5056;0.5379;-0.5548;0.4047
0;0.4957;0.5333;-0.7969;0.297
2;0.4968;0.5209;-0.7696;0.2186
0;0.4956;0.4641;-0.9244;0.1436
0;0.4907;0.4907;-0.9693;0.0415
0;0.4851;0.4365;-0.9033;-0.0866
0;0.4849;0.4415;-0.883;-0.1885
0;0.4941;0.5193;-0.6074;-0.1889
0;0.4859;0.3867;-0.7903;-0.2568
0;0.4952;0.4452;-0.4672;-0.2284
0;0.5017;0.3769;-0.0962;-0.1487
0;0.5208;0.5744;-0.0754;0.0779
1;0.5218;0.5358;-0.0632;0.2646
0;0.5136;0.5354;-0.2399;0.3392
0;0.5251;0.6014;-0.0096;0.4921
0;0.522;0.647;-0.1738;0.5805
0;0.5236;0.6488;-0.1439;0.6574
0;0.5281;0.675;-0.0676;0.75
0;0.5284;0.7132;-0.1768;0.8169
0;0.541;0.7928;-0.0909;0.9682
0;0.5468;0.8064;-0.0145;1.1263
0;0.5348;0.6964;-0.3036;1.1374
0;0.5258;0.6909;-0.5218;1.0574
0;0.5179;0.6101;-0.9138;0.9161
0;0.5149;0.5664;-0.9095;0.7695
0;0.5121;0.4482;-0.8717;0.6222
2;0.4948;0.3645;-0.9831;0.3527
0;0.4963;0.407;-0.9483;0.1494
0;0.4945;0.3162;-0.963;-0.0277
0;0.5032;0.3941;-0.7809;-0.0934
0;0.4962;0.3549;-0.8917;-0.203
0;0.5032;0.371;-0.7446;-0.2278
0;0.4985;0.3522;-0.779;-0.2851
0;0.5005;0.2762;-0.679;-0.31
1;0.4847;0.191;-1.0;-0.4604
0;0.4826;0.2118;-0.7038;-0.5919
0;0.4718;0.2077;-0.9755;-0.7812
2;0.4724;0.2325;-0.8526;-0.917
0;0.4746;0.2614;-0.8023;-0.995
0;0.462;0.234;-0.9256;-1.1532
0;0.4698;0.3526;-0.7768;-1.1992
0;0.474;0.3726;-0.6967;-1.187
0;0.4859;0.4556;-0.4721;-1.0644
0;0.4883;0.4183;-0.1816;-0.9362
0;0.49;0.4637;-0.0493;-0.8105
1;0.4939;0.4437;-0.0916;-0.6697
0;0.4985;0.5;-0.0529;-0.5127
0;0.4962;0.4737;-0.1567;-0.4034
0;0.5108;0.6593;-0.0277;-0.1885
0;0.5149;0.6924;-0.0221;0.0174
0;0.5181;0.8036;-0.0211;0.2062
0;0.5142;0.7633;-0.1303;0.3201
0;0.505;0.676;-0.3755;0.3286
0;0.5094;0.8035;-0.2704;0.3688
0;0.5227;0.8164;-0.048;0.5096
0;0.5297;0.8223;-0.0272;0.6746
0;0.5298;0.7944;-0.0253;0.798
0;0.5251;0.7397;-0.1623;0.8471
0;0.5211;0.6961;-0.3162;0.8424
0;0.5229;0.6881;-0.2549;0.8457
0;0.5209;0.6502;-0.3211;0.8221
0;0.5112;0.5917;-0.6373;0.7123
2;0.5171;0.5427;-0.5156;0.6681
0;0.5156;0.5053;-0.5694;0.6141
0;0.5164;0.4879;-0.6475;0.5714
0;0.5061;0.4454;-0.9303;0.444
0;0.5087;0.527;-0.8286;0.3615
0;0.518;0.5588;-0.3814;0.3713
0;0.5215;0.4903;-0.2459;0.4048
0;0.5299;0.5016;-0.0566;0.4985
0;0.5378;0.555;-0.0369;0.6335
1;0.5369;0.5859;-0.1562;0.726
0;0.5403;0.6414;-0.0754;0.8196
0;0.5396;0.6247;-0.0919;0.8788
0;0.5371;0.621;-0.1507;0.8954
0;0.5315;0.6612;-0.2868;0.8513
0;0.5204;0.5246;-0.5551;0.7134
0;0.5171;0.5102;-0.9886;0.5688
2;0.5193;0.5202;-0.8955;0.4675
0;0.5241;0.6364;-0.7175;0.4234
0;0.5356;0.6795;-0.2881;0.4822
0;0.5345;0.6234;-0.311;0.5137
0;0.543;0.6497;-0.0767;0.6054
1;0.5377;0.5564;-0.3025;0.626
0;0.5399;0.5169;-0.23;0.6543
0;0.5444;0.5558;-0.0825;0.7077
0;0.5506;0.5742;-0.0323;0.7952
0;0.547;0.5508;-0.1628;0.8247
0;0.552;0.599;-0.1398;0.8824
0;0.5476;0.6082;-0.3607;0.8805
0;0.552;0.7339;-0.2085;0.907
0;0.5424;0.6718;-0.5634;0.837
0;0.5374;0.6183;-0.7493;0.7304
0;0.537;0.5897;-0.7634;0.6355
2;0.5449;0.5678;-0.5203;0.621
0;0.5389;0.5301;-0.7664;0.5521
0;0.5352;0.4433;-0.8167;0.4609
0;0.5229;0.4022;-0.9764;0.2797
0;0.5178;0.3592;-0.9777;0.0908
0;0.5273;0.3978;-0.702;0.0216
0;0.5362;0.4164;-0.4631;0.0424
0;0.5359;0.4329;-0.3561;0.0551
0;0.543;0.4466;-0.1268;0.1251
0;0.553;0.5299;-0.0355;0.2635
1;0.5599;0.5426;-0.069;0.4284
0;0.5629;0.619;-0.052;0.5795
0;0.5735;0.6968;-0.0356;0.7821
0;0.5828;0.7275;-0.0189;1.0128
0;0.5837;0.7072;-0.0197;1.1915
0;0.5902;0.7724;-0.0456;1.3745
0;0.5854;0.7632;-0.1192;1.4634
0;0.585;0.8716;-0.1815;1.5141
0;0.5874;0.9304;-0.1548;1.5585
0;0.5827;0.8649;-0.3218;1.5377
0;0.5734;0.7433;-0.5739;1.4256
2;0.5821;0.7729;-0.4756;1.3957
0;0.5767;0.7037;-0.7456;1.3122
0;0.5924;0.7227;-0.1581;1.3654
0;0.5817;0.6181;-0.6203;1.3019
0;0.5824;0.6084;-0.5886;1.2444
1;0.5829;0.5589;-0.5696;1.1899
0;0.5797;0.4789;-0.7025;1.1072
0;0.587;0.5204;-0.3987;1.0922
2;0.5892;0.4935;-0.307;1.0875
0;0.5902;0.5332;-0.2781;1.0807
0;0.5954;0.5678;-0.0544;1.1077
0;0.5967;0.5612;-0.176;1.1282
0;0.5884;0.5354;-0.4804;1.062
0;0.5923;0.628;-0.3352;1.0322
0;0.6027;0.6363;-0.0631;1.0856
0;0.6042;0.6911;-0.0621;1.1292
0;0.6051;0.6109;-0.034;1.1587
0;0.5929;0.5963;-0.4823;1.0668
0;0.5886;0.5493;-0.8591;0.946
0;0.6037;0.6354;-0.1759;0.969
0;0.6059;0.6729;-0.0739;0.9957
0;0.6106;0.6612;-0.0526;1.0459
0;0.5993;0.5614;-0.4825;0.9787
0;0.5983;0.5493;-0.5205;0.9068
1;0.6061;0.5634;-0.2222;0.907
0;0.6036;0.5403;-0.3187;0.8761
0;0.5977;0.5557;-0.5439;0.7923
2;0.5985;0.5385;-0.5117;0.725
0;0.5993;0.4762;-0.6445;0.6709
0;0.5885;0.4021;-0.908;0.5293
0;0.5908;0.4128;-0.7603;0.4317
0;0.5936;0.5042;-0.6192;0.3737
0;0.5962;0.5537;-0.5139;0.3461
0;0.5923;0.4044;-0.6687;0.2882
0;0.5932;0.3902;-0.6144;0.2466
1;0.5972;0.3829;-0.4444;0.2451
0;0.5886;0.4023;-0.8072;0.1691
0;0.5896;0.4197;-0.7399;0.1153
0;0.5942;0.3832;-0.4802;0.1106
0;0.5941;0.4025;-0.4841;0.1052
0;0.5906;0.4238;-0.7767;0.0705
2;0.5936;0.4494;-0.5953;0.0678
1;0.5962;0.4695;-0.4372;0.087
0;0.5919;0.5394;-0.6948;0.0649
0;0.5953;0.5504;-0.4883;0.0753
0;0.5903;0.465;-0.7095;0.0398
0;0.6061;0.5825;-0.053;0.1461
0;0.6104;0.6486;0.0;0.2648
0;0.6105;0.6441;-0.1205;0.3561
0;0.6082;0.5945;-0.2182;0.4047
0;0.6093;0.7023;-0.1726;0.4479
1;0.6201;0.7506;-0.0505;0.5688
0;0.6165;0.6863;-0.1635;0.6275
0;0.6118;0.6373;-0.3101;0.6274
0;0.6099;0.6529;-0.3702;0.6044
0;0.6074;0.6106;-0.6348;0.559
0;0.6109;0.6158;-0.5018;0.5466
2;0.5991;0.551;-0.8547;0.4315
0;0.5845;0.4341;-0.9642;0.2119
0;0.5719;0.3973;-0.976;-0.0707
0;0.5715;0.2663;-0.9343;-0.2951
0;0.5685;0.2118;-0.9333;-0.4949
0;0.565;0.2014;-0.9217;-0.6763
0;0.5615;0.1982;-0.877;-0.8419
0;0.5529;0.168;-0.9537;-1.0364
0;0.5641;0.1718;-0.7712;-1.0836
0;0.5708;0.2413;-0.624;-1.0526
0;0.5613;0.2288;-0.7729;-1.0978
0;0.5472;0.2023;-0.9439;-1.2415
0;0.5457;0.2043;-0.715;-1.3538
0;0.5377;0.164;-0.8912;-1.4963
0;0.5467;0.2532;-0.6501;-1.5159
2;0.5424;0.2806;-0.7614;-1.5517
0;0.5499;0.3792;-0.5666;-1.4996
0;0.5496;0.3792;-0.5746;-1.4454
0;0.5649;0.4828;-0.1772;-1.2572
1;0.5638;0.4938;-0.1711;-1.1054
0;0.5698;0.5403;-0.0207;-0.9229
0;0.5731;0.6032;-0.0601;-0.7411
0;0.5647;0.5032;-0.2815;-0.6616
0;0.5576;0.4311;-0.464;-0.6524
0;0.5599;0.4923;-0.4045;-0.6185
0;0.5581;0.572;-0.4793;-0.6004
0;0.5596;0.5912;-0.4941;-0.5673
2;0.5635;0.6796;-0.4361;-0.5016
0;0.5675;0.6552;-0.2944;-0.4111
1;0.566;0.684;-0.3472;-0.3479
0;0.5656;0.6377;-0.3611;-0.2977
0;0.5751;0.6924;-0.0461;-0.1748
0;0.5777;0.6194;-0.0585;-0.0538
0;0.5751;0.6028;-0.1477;0.0197
0;0.5725;0.5255;-0.23;0.0551
0;0.5727;0.4952;-0.2977;0.0843
0;0.5706;0.5699;-0.4722;0.0888
0;0.5694;0.6638;-0.6091;0.0815
2;0.5726;0.6715;-0.4227;0.1018
0;0.5779;0.7443;-0.166;0.162
0;0.5786;0.7393;-0.1396;0.2137
0;0.5803;0.7237;-0.0779;0.2666
0;0.5763;0.6173;-0.303;0.2712
1;0.5787;0.6647;-0.1688;0.2924
0;0.5722;0.5737;-0.5325;0.2508
0;0.5712;0.4466;-0.5887;0.2068
0;0.5761;0.4789;-0.316;0.2114
2;0.5823;0.5856;-0.1034;0.2652
0;0.5828;0.6298;-0.1105;0.3095
0;0.5869;0.6625;-0.1265;0.3759
0;0.5936;0.7376;-0.1279;0.4807
1;0.6011;0.7893;-0.0222;0.6219
0;0.6028;0.7834;-0.0278;0.741
0;0.5988;0.7015;-0.1462;0.7934
0;0.6011;0.7101;-0.0789;0.8454
0;0.6153;0.7653;-0.0207;0.9982
0;0.6225;0.8343;-0.0586;1.1692
0;0.6208;0.8077;-0.101;1.277
0;0.6237;0.8973;-0.0385;1.3726
0;0.6315;0.9211;-0.0314;1.4998
0;0.625;0.834;-0.2182;1.5289
0;0.6294;0.8299;-0.1101;1.573
0;0.6351;0.8413;-0.0541;1.6391
0;0.6341;0.8209;-0.1242;1.6651
0;0.6285;0.7412;-0.3148;1.6207
0;0.6399;0.7543;-0.0286;1.6651
0;0.6392;0.7425;-0.1421;1.6772
0;0.621;0.6237;-0.9357;1.5138
0;0.624;0.6269;-0.766;1.3947
0;0.6369;0.6214;-0.2584;1.3958
0;0.6303;0.5443;-0.5167;1.326
2;0.6411;0.6041;-0.1629;1.3482
0;0.6251;0.5063;-0.7011;1.2154
1;0.6207;0.4494;-0.8131;1.0605
0;0.5975;0.389;-0.5214;0.7308
0;0.5968;0.364;-0.5298;0.4567
0;0.6183;0.4386;-0.2956;0.4192
2;0.6169;0.4371;-0.3115;0.3727
0;0.6197;0.467;-0.2813;0.3558
0;0.6108;0.3894;-0.377;0.2638
0;0.6024;0.3675;-0.4685;0.117
1;0.6072;0.4453;-0.3523;0.0411
0;0.6004;0.4087;-0.344;-0.0774
0;0.5984;0.3375;-0.3713;-0.1866
0;0.575;0.2955;-0.9892;-0.4695
0;0.5819;0.2746;-0.6901;-0.629
0;0.5737;0.2922;-0.8201;-0.817
0;0.5669;0.2867;-0.8015;-1.0142
0;0.559;0.3259;-0.912;-1.2263
0;0.5809;0.44;-0.5476;-1.1941
0;0.5771;0.3193;-0.6099;-1.1886
0;0.5647;0.2916;-0.8107;-1.2764
0;0.5791;0.3516;-0.4629;-1.21
0;0.5774;0.3709;-0.3239;-1.1594
1;0.5569;0.3392;-0.8785;-1.2817
0;0.5574;0.3185;-0.8608;-1.3598
0;0.5548;0.3288;-0.7566;-1.4287
0;0.553;0.3292;-0.8032;-1.4832
0;0.5794;0.5164;-0.1176;-1.2862
0;0.5786;0.4874;-0.14;-1.1246
0;0.5795;0.5236;-0.2378;-0.9775
0;0.5877;0.5838;-0.0542;-0.7816
0;0.5855;0.6123;-0.1031;-0.6375
1;0.5884;0.5378;-0.0385;-0.4927
0;0.59;0.5665;-0.0388;-0.3601
0;0.5915;0.6555;-0.2059;-0.2386
0;0.5781;0.494;-0.4887;-0.2544
0;0.5645;0.4336;-0.9784;-0.3795
0;0.5533;0.48;-0.9802;-0.5689
0;0.5473;0.4459;-0.9756;-0.7631
0;0.5465;0.4547;-0.9567;-0.9146
2;0.534;0.407;-0.9611;-1.1304
0;0.5301;0.1904;-0.9937;-1.3216
0;0.5272;0.1855;-0.9376;-1.4833
0;0.5258;0.1732;-0.9539;-1.6063
0;0.5278;0.105;-0.9179;-1.6695
0;0.5426;0.2571;-0.6294;-1.5763
0;0.5501;0.2939;-0.3245;-1.4225
0;0.5612;0.36;-0.0309;-1.1914
0;0.5613;0.3506;-0.0528;-0.9961
1;0.5721;0.4695;-0.0519;-0.7401
0;0.5707;0.5357;-0.0785;-0.5425
0;0.5706;0.6147;-0.08;-0.3818
0;0.5586;0.5692;-0.3095;-0.3532
0;0.5625;0.5944;-0.2351;-0.2938
0;0.5711;0.7301;-0.0788;-0.1709
2;0.5638;0.7008;-0.3227;-0.134
0;0.5737;0.7565;-0.1418;-0.0193
0;0.5744;0.7693;-0.1579;0.0766
1;0.583;0.7851;0.0;0.2243
0;0.5883;0.7619;-0.0291;0.3834
0;0.5903;0.7459;-0.0213;0.5218
0;0.5939;0.72;-0.0647;0.6559
0;0.5954;0.7252;-0.0296;0.7671
0;0.6078;0.731;-0.0719;0.9521
0;0.6145;0.7654;-0.0609;1.1447
0;0.6173;0.7738;-0.0153;1.3082
0;0.6177;0.9014;-0.0184;1.4264
0;0.6151;0.863;-0.0796;1.4818
0;0.6194;0.8545;-0.0284;1.5469
0;0.6175;0.9267;-0.0959;1.5652
0;0.6026;0.7123;-0.512;1.4364
0;0.6021;0.7047;-0.5251;1.3156
0;0.6047;0.6759;-0.6341;1.2285
0;0.6071;0.66;-0.5396;1.1673
2;0.6132;0.6823;-0.2996;1.1589
0;0.6075;0.6044;-0.5242;1.0912
0;0.598;0.5181;-0.8935;0.9459
0;0.5918;0.3804;-0.8808;0.7686
0;0.5918;0.3112;-0.8808;0.6207
0;0.5818;0.2362;-0.9641;0.4126
0;0.5841;0.2571;-0.7278;0.2637
0;0.5782;0.2458;-0.8621;0.0941
0;0.5908;0.3229;-0.5717;0.0666
0;0.5818;0.2967;-0.7804;-0.0328
0;0.5841;0.3776;-0.7074;-0.0907
0;0.6054;0.517;-0.0323;0.0448
0;0.6107;0.5306;-0.0061;0.1965
1;0.6151;0.5395;0.0;0.3507
0;0.6076;0.4722;-0.175;0.405
0;0.6091;0.5085;-0.1381;0.4568
0;0.61;0.5671;-0.172;0.5001
0;0.6215;0.6572;-0.0;0.6266
0;0.6249;0.6691;-0.0414;0.7485
0;0.627;0.7511;-0.0696;0.8539
0;0.6246;0.725;-0.1624;0.9078
0;0.6233;0.7638;-0.265;0.93
0;0.6187;0.6796;-0.505;0.898
0;0.63;0.8024;-0.0728;0.9598
0;0.6289;0.7844;-0.1519;0.9881
0;0.6249;0.6594;-0.3674;0.9666
0;0.6193;0.5698;-0.7561;0.8918
0;0.6318;0.6199;-0.125;0.9292
1;0.6315;0.691;-0.2163;0.9461
0;0.6378;0.7128;-0.1053;1.0029
0;0.6409;0.7222;-0.1186;1.0638
0;0.6391;0.6469;-0.2829;1.0851
0;0.6462;0.6675;-0.0976;1.1506
0;0.6412;0.6066;-0.25;1.1472
0;0.6576;0.7045;-0.0206;1.2715
0;0.6615;0.7292;-0.0668;1.3894
0;0.6586;0.7447;-0.1693;1.4428
0;0.6619;0.7167;-0.1138;1.4977
0;0.6601;0.7106;-0.1606;1.5096
0;0.6611;0.7542;-0.1583;1.5117
0;0.6598;0.8021;-0.199;1.4859
0;0.6616;0.7647;-0.1571;1.4653
0;0.6593;0.7388;-0.2409;1.414
2;0.6662;0.7413;-0.1028;1.4169
0;0.6528;0.5863;-0.7529;1.291
0;0.6625;0.6523;-0.2852;1.2604
0;0.6643;0.6267;-0.2622;1.2384
0;0.6667;0.6854;-0.1573;1.228
0;0.6692;0.606;-0.2521;1.2281
0;0.6714;0.5932;-0.1753;1.234
1;0.6648;0.5546;-0.4055;1.1693
0;0.6658;0.536;-0.3699;1.1146
0;0.6513;0.4351;-0.8373;0.9365
0;0.6423;0.3751;-0.9234;0.7093
0;0.6478;0.4248;-0.7745;0.5697
2;0.6521;0.4424;-0.6574;0.4904
0;0.6714;0.5609;-0.1383;0.5861
0;0.6701;0.5211;-0.1723;0.6446
0;0.6687;0.5971;-0.1864;0.6717
1;0.6589;0.4778;-0.4583;0.603
0;0.6716;0.5392;-0.1053;0.6502
0;0.6788;0.5623;-0.0196;0.7421
0;0.6737;0.5225;-0.1471;0.7631
0;0.6691;0.4888;-0.2975;0.7327
0;0.6559;0.4593;-0.7019;0.589
0;0.6558;0.4535;-0.8498;0.4681
0;0.6666;0.5731;-0.4644;0.4598
2;0.6676;0.6313;-0.4304;0.4564
0;0.6637;0.5838;-0.5692;0.4158
0;0.6501;0.4905;-0.8607;0.2647
0;0.6595;0.4371;-0.5869;0.2225
0;0.6525;0.412;-0.78;0.1274
0;0.6497;0.4061;-0.735;0.0269
0;0.6439;0.423;-0.8431;-0.1011
0;0.6577;0.4293;-0.3585;-0.0842
0;0.672;0.4675;-0.0399;0.0516
0;0.6751;0.5067;-0.024;0.1843
0;0.6756;0.5325;-0.0542;0.291
0;0.6863;0.6571;-0.0531;0.463
1;0.6851;0.6496;-0.1033;0.5829
0;0.6891;0.6236;-0.0502;0.7055
0;0.6921;0.6319;-0.0075;0.8203
0;0.7028;0.6959;-0.0684;0.9925
0;0.7029;0.805;-0.0792;1.1183
0;0.6999;0.7525;-0.1464;1.1806
0;0.7083;0.8426;-0.0329;1.288
0;0.7037;0.8257;-0.1543;1.3204
0;0.7062;0.8903;-0.2015;1.3529
0;0.7096;0.874;-0.1408;1.3932
0;0.7151;0.8556;-0.0097;1.4567
0;0.7212;0.8623;-0.0452;1.5426
0;0.7167;0.8045;-0.2278;1.5561
0;0.7252;0.7978;-0.067;1.6224
0;0.7266;0.8177;-0.2247;1.6697
0;0.7285;0.8113;-0.174;1.7047
0;0.7257;0.7664;-0.2645;1.6905
0;0.7312;0.7455;-0.1178;1.708
0;0.7285;0.7118;-0.2493;1.6807
0;0.7272;0.7321;-0.3291;1.6306
0;0.7212;0.615;-0.6729;1.5232
0;0.7252;0.6923;-0.5287;1.4561
0;0.719;0.6075;-0.8771;1.3352
2;0.7303;0.6533;-0.2754;1.3217
0;0.7352;0.6504;-0.1465;1.3388
0;0.7331;0.5947;-0.2454;1.3199
0;0.7383;0.6692;-0.0181;1.3348
0;0.7424;0.6448;-0.1102;1.3676
1;0.7394;0.6044;-0.2149;1.3532
0;0.7373;0.5722;-0.2865;1.31
0;0.7458;0.6504;-0.0419;1.3342
0;0.7484;0.6343;-0.0975;1.3608
0;0.7482;0.6606;-0.121;1.3659
0;0.7527;0.697;-0.0973;1.3933
0;0.7535;0.7714;-0.0649;1.4075
0;0.7426;0.6304;-0.472;1.3106
0;0.755;0.7473;-0.072;1.3256
0;0.7652;0.7436;-0.055;1.4105
0;0.7673;0.7329;-0.0702;1.48
0;0.7739;0.7785;-0.0288;1.575
0;0.7723;0.7443;-0.0732;1.6197
1;0.7767;0.7452;-0.1075;1.6748
0;0.7773;0.7809;-0.0925;1.7058
0;0.7654;0.6814;-0.3755;1.611
0;0.769;0.6601;-0.2887;1.5502
0;0.767;0.6298;-0.3663;1.469
0;0.7768;0.6754;-0.18;1.4724
0;0.7719;0.6175;-0.4075;1.4179
2;0.7745;0.6253;-0.3332;1.3818
1;0.7786;0.7345;-0.1301;1.3733
0;0.791;0.7346;-0.0235;1.4575
0;0.8038;0.7431;-0.2523;1.6172
0;0.8195;0.7806;-0.1865;1.8584
0;0.8175;0.7472;-0.2143;2.0125
0;0.8181;0.7624;-0.2099;2.1172
0;0.8313;0.7843;-0.0225;2.2895
0;0.8245;0.7307;-0.224;2.3431
0;0.8291;0.8355;-0.1706;2.3992
0;0.8348;0.8391;-0.0932;2.467
0;0.8313;0.826;-0.1558;2.4642
0;0.8254;0.7563;-0.3437;2.3856
0;0.8315;0.8104;-0.2729;2.35
0;0.8184;0.7063;-0.783;2.1862
0;0.7939;0.5603;-0.8821;1.8259
2;0.8007;0.54;-0.6847;1.5804
0;0.8077;0.5167;-0.567;1.4295
0;0.8111;0.4596;-0.4944;1.3246
0;0.7973;0.4123;-0.734;1.111
0;0.8192;0.5041;-0.3538;1.1165
1;0.8237;0.4702;-0.2748;1.1472
0;0.8428;0.5655;-0.0013;1.3217
0;0.8432;0.5519;-0.0851;1.4479
0;0.8452;0.5392;-0.0552;1.5489
0;0.8444;0.5505;-0.0671;1.6053
0;0.8556;0.6123;-0.0255;1.7279
0;0.8497;0.5677;-0.1162;1.7558
0;0.8603;0.6588;-0.0124;1.8496
0;0.8654;0.8178;-0.0875;1.9474
0;0.8613;0.7755;-0.2963;1.9684
0;0.8679;0.7749;-0.2062;2.0206
0;0.8672;0.7624;-0.2731;2.0341
0;0.876;0.886;-0.0879;2.098
0;0.8707;0.8011;-0.2555;2.0804
0;0.8729;0.7958;-0.2193;2.0636
0;0.8787;0.7566;-0.0633;2.0774
0;0.8636;0.6209;-0.4887;1.9384
0;0.8348;0.4532;-0.8916;1.5635
0;0.8318;0.4446;-0.9288;1.2264
0;0.8404;0.4314;-0.743;1.0206
0;0.8513;0.5069;-0.5433;0.9401
2;0.8373;0.4035;-0.7884;0.7484
0;0.8445;0.4137;-0.658;0.6506
0;0.8638;0.5094;-0.3087;0.7306
1;0.8664;0.4942;-0.2623;0.8076
0;0.8607;0.4764;-0.3615;0.8114
0;0.8714;0.4833;-0.0138;0.8963
0;0.8731;0.5092;-0.0326;0.9686
0;0.8719;0.4961;-0.0587;1.0044
0;0.8769;0.4934;-0.0244;1.0648
0;0.8668;0.5124;-0.2165;1.0154
0;0.8507;0.5687;-0.6435;0.829
0;0.8388;0.5279;-0.8339;0.572
0;0.8223;0.4319;-0.8221;0.2234
0;0.8243;0.3916;-0.7915;-0.036
2;0.834;0.4863;-0.649;-0.1576
0;0.8362;0.4637;-0.6172;-0.2334
0;0.8194;0.3022;-0.8645;-0.4334
0;0.8234;0.311;-0.7443;-0.5524
0;0.8204;0.3187;-0.7841;-0.6654
0;0.8145;0.2327;-0.8331;-0.7978
0;0.8108;0.2122;-0.8571;-0.9251
0;0.8306;0.3372;-0.2833;-0.8476
0;0.8387;0.3531;-0.1341;-0.7084
0;0.8282;0.352;-0.3984;-0.6803
0;0.8185;0.3702;-0.6423;-0.7332
0;0.8258;0.4456;-0.4594;-0.7054
1;0.8337;0.5517;-0.2602;-0.6089
0;0.8346;0.5468;-0.2378;-0.5188
2;0.8334;0.4968;-0.2683;-0.4526
0;0.8471;0.5484;-0.0536;-0.2792
0;0.8276;0.5355;-0.5397;-0.3055
0;0.8165;0.4719;-0.8433;-0.4168
0;0.8155;0.4797;-0.7465;-0.5083
0;0.8049;0.4616;-0.9357;-0.6655
0;0.8032;0.4692;-0.9712;-0.7966
2;0.8071;0.3904;-0.89;-0.8586
0;0.8174;0.4025;-0.6734;-0.8106
0;0.8048;0.3949;-0.8892;-0.8711
0;0.7988;0.4085;-0.8796;-0.9602
0;0.8123;0.4408;-0.6323;-0.9058
0;0.7946;0.342;-0.8566;-1.0034
0;0.8029;0.3789;-0.5865;-0.9997
2;0.8008;0.3764;-0.649;-1.0041
0;0.8067;0.3375;-0.4712;-0.9461
0;0.8203;0.4693;-0.0913;-0.7753
0;0.8161;0.4982;-0.2926;-0.6681
1;0.8023;0.4467;-0.5678;-0.6938
0;0.7905;0.4427;-0.8352;-0.8067
0;0.7986;0.4825;-0.652;-0.8186
0;0.8103;0.5116;-0.3864;-0.7199
2;0.8178;0.5015;-0.2161;-0.5707
0;0.8304;0.5936;-0.0168;-0.3402
0;0.8405;0.6479;-0.0139;-0.0694
1;0.8488;0.6345;-0.0731;0.2153
0;0.8485;0.7276;-0.0776;0.4346
0;0.8607;0.7365;-0.0333;0.7062
0;0.855;0.7157;-0.1131;0.8647
0;0.8431;0.6379;-0.2795;0.8789
0;0.8429;0.5955;-0.332;0.8795
0;0.8486;0.6354;-0.2611;0.9186
0;0.8452;0.6959;-0.3989;0.9108
2;0.8574;0.8046;-0.1487;0.9992
0;0.8578;0.7897;-0.2177;1.061
0;0.8679;0.7863;-0.079;1.1841
1;0.8648;0.7445;-0.1728;1.2424
0;0.8836;0.7601;-0.0533;1.4349
0;0.8799;0.7054;-0.13;1.5398
0;0.8729;0.6271;-0.2865;1.5465
0;0.8686;0.602;-0.4208;1.499
0;0.8529;0.462;-0.7954;1.3127
0;0.8481;0.4657;-0.8872;1.1109
2;0.8399;0.4838;-0.8578;0.871
0;0.8509;0.5369;-0.6542;0.7659
0;0.8353;0.444;-0.9431;0.5427
0;0.8297;0.4359;-0.7872;0.3138
0;0.7819;0.2579;-0.9749;-0.2756
0;0.7882;0.2849;-0.7503;-0.6842
0;0.7287;0.1706;-0.9733;-1.5033
0;0.7542;0.2631;-0.6904;-1.9167
0;0.7313;0.1795;-0.8263;-2.416
0;0.7596;0.2705;-0.6405;-2.5439
0;0.774;0.3167;-0.5454;-2.4949
0;0.8002;0.3827;-0.3587;-2.2078
1;0.7924;0.3933;-0.3406;-2.024
0;0.795;0.4057;-0.184;-1.8357
0;0.7589;0.369;-0.4686;-1.9745
0;0.7593;0.3467;-0.4646;-2.0595
0;0.7594;0.3659;-0.4638;-2.1039
2;0.7922;0.4395;-0.1749;-1.8382
0;0.7943;0.5234;-0.1661;-1.5913
0;0.781;0.4869;-0.4264;-1.4926
1;0.7883;0.6356;-0.3052;-1.3375
0;0.8037;0.6181;-0.0477;-1.0706
0;0.8009;0.6837;-0.094;-0.8724
0;0.8045;0.6363;-0.1104;-0.6766
0;0.8019;0.5911;-0.2333;-0.5373
0;0.7847;0.4462;-0.5405;-0.5677
0;0.7782;0.4501;-0.63;-0.6408
0;0.8081;0.5385;-0.1539;-0.4374
0;0.801;0.6492;-0.2771;-0.3333
0;0.7748;0.5463;-0.6884;-0.4702
0;0.7806;0.5615;-0.5964;-0.5233
0;0.7808;0.4593;-0.5939;-0.5582
0;0.792;0.4924;-0.4176;-0.4845
2;0.8079;0.5885;-0.1686;-0.2865
0;0.8109;0.5767;-0.1213;-0.102
1;0.8034;0.4991;-0.2388;-0.0191
0;0.7959;0.4828;-0.376;-0.0171
0;0.7673;0.3902;-0.8504;-0.2586
0;0.7339;0.3302;-0.8634;-0.7293
0;0.7326;0.3587;-0.875;-1.1034
2;0.7447;0.4117;-0.7474;-1.2843
0;0.7613;0.3675;-0.5707;-1.2714
0;0.7467;0.3525;-0.7259;-1.3722
0;0.7683;0.4819;-0.4974;-1.254
0;0.7536;0.4282;-0.6395;-1.2718
1;0.7316;0.3828;-0.8819;-1.4597
0;0.7446;0.388;-0.5676;-1.4816
0;0.7705;0.4156;-0.0796;-1.2635
0;0.7701;0.4068;-0.0854;-1.0817
0;0.7683;0.4178;-0.147;-0.9415
0;0.7993;0.507;-0.0035;-0.5586
1;0.7944;0.5636;-0.087;-0.2924
0;0.7959;0.6709;-0.0804;-0.0672
0;0.7959;0.6759;-0.0795;0.1117
0;0.8178;0.6925;-0.0065;0.4365
0;0.8026;0.6096;-0.1405;0.5593
0;0.8379;0.7183;-0.0915;0.9499
0;0.8322;0.6654;-0.1671;1.1986
0;0.8415;0.734;-0.0725;1.4611
0;0.8589;0.8476;-0.0318;1.8003
0;0.865;0.8416;-0.0565;2.0996
0;0.8506;0.7431;-0.2261;2.1908
0;0.869;0.7707;-0.0131;2.3962
0;0.8869;0.798;-0.0864;2.6846
0;0.8924;0.7683;-0.0307;2.9296
0;0.855;0.6472;-0.412;2.7744
0;0.8309;0.5765;-0.8601;2.4176
0;0.8509;0.6105;-0.5933;2.2807
0;0.8638;0.5961;-0.4208;2.2586
0;0.8663;0.6401;-0.3883;2.2379
2;0.8768;0.596;-0.2484;2.2869
0;0.886;0.6309;-0.1247;2.3801
1;0.8488;0.5155;-0.6215;2.1118
0;0.8587;0.4995;-0.488;1.9623
0;0.8713;0.5136;-0.2375;1.9309
0;0.8641;0.5301;-0.3447;1.8248
0;0.8405;0.4382;-0.8925;1.5215
2;0.829;0.3708;-0.9581;1.1682
0;0.821;0.3427;-0.8584;0.81
0;0.803;0.3746;-0.9661;0.366
0;0.7848;0.3856;-0.9116;-0.1423
0;0.791;0.3405;-0.8389;-0.4882
0;0.7691;0.2592;-1.0;-0.9415
0;0.7571;0.2354;-1.0;-1.3903
0;0.7857;0.2969;-0.7549;-1.4868
0;0.799;0.3093;-0.6408;-1.4342
0;0.8435;0.4888;-0.0539;-0.9995
0;0.8354;0.4501;-0.1092;-0.7153
0;0.8342;0.4166;-0.1376;-0.4936
1;0.8435;0.454;-0.1008;-0.235
0;0.8561;0.5365;-0.0297;0.0784
0;0.8574;0.57;-0.0907;0.3356
0;0.8388;0.5416;-0.2595;0.3767
0;0.8552;0.6231;-0.1387;0.5442
0;0.8455;0.6492;-0.2673;0.5883
0;0.8501;0.6462;-0.3927;0.6551
0;0.8247;0.6354;-0.8401;0.4856
2;0.8177;0.651;-0.9467;0.287
0;0.8274;0.6149;-0.7656;0.2104
0;0.8181;0.5538;-0.9391;0.0684
0;0.8505;0.521;-0.3379;0.2309
0;0.8649;0.5859;-0.07;0.479
0;0.8721;0.6065;-0.0372;0.7307
1;0.8819;0.6075;-0.0133;1.004
0;0.8858;0.5874;-0.0556;1.2422
0;0.8693;0.5319;-0.2759;1.2759
0;0.8816;0.6197;-0.1112;1.3941
0;0.8729;0.5515;-0.2325;1.3979
0;0.9054;0.6543;-0.054;1.6626
0;0.9039;0.6408;-0.0879;1.8402
0;0.895;0.7013;-0.254;1.8853
0;0.8885;0.7036;-0.4519;1.8459
0;0.8982;0.7034;-0.2935;1.8774
0;0.8947;0.7278;-0.3777;1.8524
2;0.8841;0.6149;-0.6301;1.7232
0;0.8611;0.4878;-0.9304;1.4082
0;0.8703;0.4942;-0.6551;1.2231
0;0.8755;0.479;-0.5709;1.1081
0;0.8764;0.4684;-0.5357;1.0134
0;0.8772;0.5298;-0.5217;0.9351
0;0.8769;0.4804;-0.5273;0.8606
1;0.8779;0.522;-0.5105;0.8012
0;0.8755;0.3206;-0.551;0.7257
0;0.8838;0.3885;-0.179;0.7288
0;0.8744;0.3864;-0.3913;0.6442
0;0.8528;0.3313;-0.8459;0.3876
0;0.8483;0.252;-0.7951;0.143
0;0.846;0.255;-0.8398;-0.0714
0;0.8432;0.2769;-0.8906;-0.2626
2;0.8506;0.4309;-0.7519;-0.3477
0;0.8655;0.4704;-0.473;-0.285
0;0.8751;0.4976;-0.2928;-0.1511
0;0.8764;0.5;-0.2681;-0.0329
0;0.8758;0.4919;-0.2789;0.0557
1;0.8726;0.4761;-0.2085;0.0977
0;0.8637;0.4269;-0.4096;0.0539
0;0.8727;0.4866;-0.2196;0.0954
0;0.8736;0.4472;-0.2095;0.1348
0;0.868;0.4652;-0.3669;0.1166
0;0.8805;0.6657;-0.0523;0.2077
0;0.8817;0.708;-0.1583;0.2872
1;0.8962;0.772;-0.0191;0.4695
0;0.8886;0.7337;-0.222;0.5442
0;0.8957;0.7327;-0.044;0.657
0;0.9017;0.706;-0.057;0.7901
0;0.9063;0.688;-0.1048;0.9252
0;0.9061;0.6816;-0.136;1.0204
0;0.902;0.6538;-0.2844;1.0501
0;0.9073;0.6988;-0.1895;1.1074
0;0.9061;0.7664;-0.2684;1.1302
0;0.9037;0.7123;-0.4301;1.1158
0;0.8998;0.6725;-0.5565;1.0597
0;0.9049;0.7445;-0.4056;1.047
0;0.9096;0.7148;-0.3048;1.0659
0;0.9058;0.6714;-0.4623;1.0372
0;0.9093;0.6109;-0.3151;1.0338
0;0.9192;0.7477;-0.0363;1.1036
1;0.915;0.6648;-0.3715;1.1118
0;0.9096;0.5676;-0.5257;1.0602
0;0.9116;0.5483;-0.4673;1.0258
0;0.9151;0.5764;-0.3692;1.0173
0;0.9017;0.4976;-0.7824;0.8861
2;0.892;0.3948;-0.8864;0.6913
0;0.8709;0.3098;-0.9559;0.3508
0;0.8792;0.3758;-0.7968;0.1498
0;0.8915;0.4609;-0.5976;0.0937
0;0.8848;0.4078;-0.7052;-0.0077
0;0.8753;0.3489;-0.8325;-0.1681
0;0.8833;0.4042;-0.6779;-0.2254
1;0.8863;0.4013;-0.62;-0.2429
0;0.8953;0.397;-0.3209;-0.1776
0;0.8857;0.3792;-0.4508;-0.2056
0;0.8729;0.3577;-0.8096;-0.3336
0;0.8659;0.329;-0.9058;-0.4905
0;0.8555;0.2881;-0.8923;-0.6974
0;0.8386;0.2811;-0.9932;-0.996
2;0.8345;0.2924;-0.9788;-1.2559
0;0.8481;0.4129;-0.7488;-1.3321
0;0.8331;0.3323;-0.9674;-1.5051
0;0.8391;0.3008;-0.8792;-1.5742
0;0.8566;0.4006;-0.5972;-1.4638
0;0.8547;0.4232;-0.4991;-1.3775
0;0.8474;0.366;-0.6289;-1.3566
0;0.8475;0.3521;-0.4385;-1.3251
1;0.8468;0.3026;-0.4609;-1.2918
0;0.8517;0.356;-0.2961;-1.2105
2;0.8585;0.4354;-0.067;-1.076
0;0.8781;0.5488;-0.0803;-0.7924
0;0.8779;0.598;-0.1015;-0.562
0;0.8809;0.7103;-0.0406;-0.3492
0;0.895;0.774;-0.0658;-0.0579
0;0.8848;0.6713;-0.2228;0.0852
0;0.8762;0.7137;-0.3544;0.1241
0;0.8574;0.5805;-0.6418;-0.0059
0;0.854;0.4871;-0.8241;-0.137
0;0.8501;0.4776;-0.8218;-0.2718
2;0.8414;0.4707;-0.9447;-0.4495
0;0.8544;0.53;-0.7318;-0.4739
0;0.8489;0.5086;-0.8221;-0.535
0;0.8427;0.4631;-0.9109;-0.6302
0;0.8341;0.4016;-0.9726;-0.7714
0;0.8349;0.2949;-0.9542;-0.8674
0;0.8353;0.2976;-0.9307;-0.931
0;0.8212;0.2438;-0.9566;-1.0902
0;0.8315;0.2177;-0.714;-1.1169
0;0.8284;0.2325;-0.787;-1.1523
0;0.8257;0.2464;-0.6521;-1.1906
0;0.8346;0.3725;-0.4686;-1.1332
0;0.8246;0.3469;-0.5748;-1.1608
1;0.8361;0.4323;-0.3031;-1.0726
0;0.8143;0.3842;-0.8169;-1.1765
0;0.82;0.3425;-0.6554;-1.1977
0;0.8041;0.313;-0.9193;-1.3362
0;0.8056;0.3384;-0.834;-1.4191
0;0.8048;0.3632;-0.8516;-1.4758
2;0.8324;0.4906;-0.2051;-1.2704
0;0.8373;0.5075;-0.2568;-1.0533
0;0.8411;0.5775;-0.185;-0.8393
1;0.8333;0.5073;-0.3667;-0.7276
0;0.8403;0.5457;-0.2409;-0.5732
0;0.8352;0.5357;-0.3333;-0.4886
0;0.8501;0.5562;-0.0621;-0.2901
0;0.8702;0.6541;-0.0194;0.0401
0;0.8629;0.5934;-0.1193;0.2381
0;0.868;0.7111;-0.0835;0.4341
0;0.8644;0.6776;-0.2004;0.5534
0;0.8343;0.6081;-0.9096;0.386
0;0.8378;0.6139;-0.8271;0.2797
2;0.8264;0.5711;-0.8596;0.0967
0;0.842;0.5343;-0.571;0.0839
0;0.8555;0.5612;-0.321;0.1877
0;0.8629;0.5718;-0.1836;0.3304
0;0.88;0.6444;-0.0014;0.5838
0;0.883;0.6356;-0.029;0.8027
1;0.8956;0.683;-0.0054;1.0735
0;0.8844;0.6063;-0.1503;1.1806
0;0.8764;0.5207;-0.2541;1.1845
0;0.8713;0.5284;-0.32;1.1318
0;0.8665;0.4949;-0.4121;1.0372
0;0.8745;0.5336;-0.4165;1.0204
2;0.876;0.6703;-0.399;1.009
0;0.8842;0.6824;-0.3414;1.0588
0;0.8906;0.7623;-0.155;1.1412
0;0.8961;0.7407;-0.0166;1.2401
1;0.8998;0.716;-0.0213;1.3367
0;0.9078;0.7176;-0.0246;1.4666
0;0.9107;0.6729;-0.0101;1.5781
0;0.9004;0.5905;-0.2181;1.5615
0;0.8866;0.4542;-0.5641;1.4149
0;0.8846;0.5014;-0.6406;1.2675
0;0.9031;0.6351;-0.2112;1.2944
0;0.9113;0.6964;-0.0491;1.3719
0;0.916;0.7434;-0.0207;1.4581
0;0.914;0.7062;-0.1997;1.4935
0;0.9217;0.724;-0.1103;1.5707
1;0.9112;0.6298;-0.2991;1.5263
0;0.9268;0.6598;-0.1045;1.6076
0;0.9284;0.6479;-0.1055;1.668
0;0.9338;0.6529;-0.0619;1.7432
0;0.9353;0.6316;-0.0907;1.7974
0;0.9394;0.6356;-0.1057;1.8557
0;0.9471;0.7265;-0.0174;1.9471
0;0.9449;0.8179;-0.0696;1.9793
0;0.9452;0.8367;-0.1019;1.9866
0;0.9465;0.7982;-0.0798;1.9819
0;0.9528;0.7926;-0.0716;2.0107
0;0.9472;0.7177;-0.2467;1.9649
0;0.946;0.7261;-0.335;1.8981
0;0.9415;0.6464;-0.5041;1.7867
0;0.9429;0.7698;-0.4509;1.6921
0;0.9357;0.5879;-0.7201;1.5383
2;0.9417;0.6215;-0.5583;1.4522
0;0.9394;0.5543;-0.6572;1.349
0;0.9446;0.5834;-0.4382;1.2976
0;0.94;0.5048;-0.6325;1.2041
0;0.9327;0.3702;-0.9395;1.0555
0;0.943;0.4855;-0.4796;1.0151
0;0.9351;0.4292;-0.829;0.9054
0;0.9313;0.3975;-0.9237;0.7773
2;0.9503;0.4859;-0.1439;0.8294
0;0.9585;0.5632;0.0;0.9308
0;0.9581;0.5686;-0.1468;0.998
0;0.96;0.6081;-0.137;1.0561
0;0.9625;0.613;-0.0649;1.112
1;0.98;0.7285;-0.0643;1.2927
0;0.9858;0.7278;-0.1271;1.4706
0;0.9849;0.7387;-0.1719;1.5873
0;0.9834;0.7123;-0.1934;1.6502
0;0.9803;0.7243;-0.2742;1.6559
0;0.9908;0.8123;-0.1128;1.732
0;0.9904;0.7848;-0.1481;1.77
0;0.9903;0.8653;-0.1656;1.7798
0;0.9831;0.8284;-0.3556;1.7079
0;0.9778;0.711;-0.5057;1.5882
0;0.9854;0.7083;-0.4389;1.5413
2;0.98;0.657;-0.6502;1.4423
0;0.9858;0.6754;-0.4224;1.3982
0;0.9918;0.69;-0.1881;1.3994
0;0.9765;0.4764;-0.7888;1.2555
0;0.985;0.4946;-0.5565;1.201
0;0.9879;0.519;-0.4082;1.1702
0;0.9889;0.5345;-0.3592;1.1422
0;0.9867;0.5409;-0.4378;1.0894
2;0.9454;0.2917;-0.9309;0.6858
0;0.9506;0.3247;-0.8352;0.4042
0;0.9422;0.303;-0.9321;0.1073
0;0.9486;0.3572;-0.7637;-0.0741
0;0.9592;0.4265;-0.5893;-0.1257
0;0.9684;0.4336;-0.4396;-0.0871
0;0.9639;0.4368;-0.5124;-0.0937
0;0.9533;0.3767;-0.6868;-0.1885
1;0.9479;0.3329;-0.7747;-0.3068
0;0.9196;0.303;-0.9553;-0.6366
0;0.9224;0.2743;-0.8926;-0.8661
2;0.9329;0.3119;-0.6951;-0.9485
0;0.9348;0.3158;-0.6603;-0.9876
0;0.9269;0.304;-0.8088;-1.0751
0;0.9371;0.4658;-0.6161;-1.0455
1;0.9111;0.3617;-0.8928;-1.2316
0;0.918;0.4142;-0.7817;-1.3067
0;0.9279;0.4285;-0.5449;-1.2684
0;0.9039;0.3248;-0.8585;-1.4282
0;0.8901;0.2592;-1.0;-1.656
2;0.8899;0.2661;-0.8892;-1.82
0;0.8906;0.289;-0.8761;-1.9235
0;0.8852;0.2888;-0.9708;-2.031
0;0.8692;0.3149;-0.9671;-2.2294
0;0.8618;0.2847;-0.9;-2.4255
0;0.8684;0.2644;-0.8084;-2.498
0;0.8849;0.3356;-0.5938;-2.3883
0;0.8782;0.3383;-0.6237;-2.3334
0;0.8828;0.3123;-0.4351;-2.2265
0;0.8944;0.4358;-0.0602;-2.0201
1;0.8903;0.3914;-0.1251;-1.8706
0;0.8767;0.3052;-0.4426;-1.8488
0;0.8953;0.466;-0.0081;-1.6537
0;0.8971;0.5307;-0.1493;-1.4674
0;0.8963;0.5279;-0.1757;-1.3122
0;0.8875;0.4874;-0.5165;-1.2501
0;0.8816;0.4855;-0.6947;-1.2384
1;0.8919;0.5964;-0.3868;-1.1289
0;0.9027;0.6695;-0.0611;-0.9385
0;0.9073;0.6638;-0.0024;-0.7397
0;0.907;0.6079;-0.1481;-0.5774
0;0.9137;0.673;-0.0896;-0.3873
0;0.9165;0.6675;-0.2099;-0.2089
0;0.9151;0.6142;-0.2424;-0.0784
0;0.9143;0.6375;-0.2595;0.0187
0;0.9216;0.7778;-0.0954;0.157
0;0.9337;0.758;-0.0469;0.3664
0;0.9321;0.7357;-0.2062;0.5139
0;0.936;0.7574;-0.1469;0.6584
0;0.9304;0.7886;-0.3017;0.7171
0;0.9212;0.7558;-0.6263;0.6779
0;0.9198;0.7033;-0.7143;0.6277
0;0.9203;0.6507;-0.6745;0.5857
0;0.9027;0.4679;-0.9688;0.3975
2;0.917;0.5586;-0.5541;0.3666
0;0.9361;0.6149;-0.1343;0.5003
0;0.9321;0.5789;-0.222;0.5666
0;0.9371;0.6073;-0.0812;0.6545
0;0.9307;0.5758;-0.2263;0.6628
0;0.9265;0.5235;-0.3211;0.6271
0;0.9289;0.475;-0.2669;0.6124
0;0.9368;0.5234;-0.087;0.6613
0;0.9475;0.5529;-0.0553;0.7835
0;0.957;0.6189;-0.0139;0.9521
0;0.962;0.6892;-0.0063;1.1172
0;0.9665;0.7108;-0.0688;1.2736
0;0.973;0.7257;-0.1657;1.4388
0;0.9773;0.86;-0.0917;1.5896
0;0.9829;0.8472;-0.0044;1.7398
0;0.9753;0.7348;-0.138;1.7748
0;0.9795;0.783;-0.1385;1.8189
0;0.9854;0.7856;-0.0323;1.8847
0;0.984;0.8349;-0.1033;1.905
0;0.994;0.8947;-0.0362;1.985
0;0.9875;0.8275;-0.2425;1.9723
0;0.9765;0.7143;-0.6831;1.8478
0;0.9879;0.7166;-0.2907;1.8272
0;0.9769;0.605;-0.7165;1.6981
0;0.9821;0.6057;-0.5265;1.6223
2;0.9829;0.59;-0.4953;1.5525
0;0.9754;0.5128;-0.7726;1.417
0;0.9806;0.5181;-0.5794;1.3399
0;0.9806;0.487;-0.5794;1.2649
0;0.9879;0.5723;-0.3115;1.2543
0;0.9873;0.547;-0.1803;1.2275
0;0.9889;0.5219;-0.1928;1.2065
1;0.9825;0.4907;-0.4557;1.1227
0;0.9907;0.4802;-0.1209;1.1145
0;0.9827;0.4716;-0.4514;1.0287
0;0.9827;0.5425;-0.4514;0.9501
0;0.991;0.5219;-0.1335;0.9486
0;0.9703;0.4588;-0.9896;0.7617
0;0.9825;0.5022;-0.6198;0.7095
0;0.9969;0.5696;-0.1797;0.7834
0;1.0012;0.6329;-0.1686;0.8695
0;0.999;0.5979;-0.2255;0.91
0;1.0041;0.6184;-0.0911;0.9751
1;1.0079;0.6043;-0.0674;1.0479
0;1.0125;0.6263;-0.0587;1.1334
0;1.0132;0.6234;-0.0612;1.1952
0;1.0133;0.667;-0.0963;1.2319
0;1.0147;0.6404;-0.0709;1.2594
0;1.0106;0.6705;-0.2288;1.2328
0;1.0115;0.6743;-0.2806;1.2068
0;1.0255;0.6954;-0.0603;1.2925
0;1.0228;0.8726;-0.1388;1.3231
0;1.0181;0.7829;-0.4363;1.2932
0;1.0209;0.7338;-0.3524;1.2799
0;1.0285;0.75;-0.1834;1.3204
0;1.0284;0.7792;-0.2167;1.3376
0;1.0356;0.7878;-0.0659;1.3979
0;1.0271;0.6614;-0.3943;1.358
0;1.0339;0.6736;-0.1657;1.3702
0;1.0272;0.6028;-0.4628;1.3079
0;1.0155;0.5135;-0.9416;1.1456
0;1.0222;0.5444;-0.6701;1.0629
2;1.017;0.5373;-0.8797;0.9423
0;1.0066;0.474;-0.8979;0.7487
0;1.009;0.4016;-0.795;0.6093
0;1.0043;0.3924;-0.7495;0.4531
0;1.0068;0.4325;-0.6957;0.3463
0;1.0139;0.4601;-0.502;0.3187
0;1.0225;0.4658;-0.239;0.3661
0;1.0337;0.5261;-0.0402;0.4946
0;1.025;0.4477;-0.243;0.5173
1;0.9962;0.3732;-0.9197;0.2853
0;1.0;0.3569;-0.8313;0.1313
0;0.9812;0.324;-0.9018;-0.1509
0;0.9879;0.3901;-0.7909;-0.3151
2;0.9905;0.3695;-0.7468;-0.4186
0;0.9962;0.4149;-0.6515;-0.4471
0;1.004;0.4893;-0.522;-0.3988
0;1.0108;0.5073;-0.4083;-0.2984
1;1.0128;0.535;-0.3525;-0.1996
0;1.0259;0.5724;-0.0588;-0.0086
0;1.0368;0.5846;-0.0374;0.2349
0;1.0427;0.5763;0.0;0.4742
0;1.0278;0.4787;-0.2348;0.5315
0;1.043;0.5628;-0.0446;0.6994
0;1.0554;0.7338;-0.0524;0.9294
0;1.0533;0.7137;-0.0824;1.0833
0;1.0515;0.8263;-0.1467;1.1779
0;1.0543;0.8198;-0.098;1.2631
0;1.0567;0.8193;-0.0588;1.3371
0;1.0531;0.7808;-0.1841;1.3515
0;1.0499;0.737;-0.2821;1.3209
0;1.0683;0.765;0.0;1.4388
0;1.0597;0.7042;-0.2284;1.444
0;1.0576;0.6524;-0.4325;1.4145
0;1.0633;0.6339;-0.2023;1.4245
0;1.075;0.6543;-0.0162;1.5167
1;1.085;0.7866;-0.0513;1.6581
0;1.0763;0.6786;-0.3506;1.678
0;1.0803;0.647;-0.2702;1.7103
0;1.0808;0.6647;-0.2644;1.7212
0;1.0892;0.7095;-0.1772;1.7832
0;1.0811;0.6409;-0.3723;1.7444
0;1.0778;0.6101;-0.4464;1.6676
0;1.0575;0.5193;-0.9064;1.4167
0;1.069;0.5789;-0.6554;1.3021
0;1.0593;0.4602;-0.8441;1.1153
2;1.0473;0.4466;-0.9573;0.8547
0;1.0389;0.4236;-0.7792;0.5687
0;1.0485;0.4413;-0.6522;0.4185
0;1.057;0.4269;-0.5389;0.3681
0;1.0463;0.3438;-0.6543;0.2338
0;1.0336;0.3329;-0.8208;0.0174
0;1.0481;0.3836;-0.5482;-0.0298
0;1.0362;0.3514;-0.7033;-0.1675
0;1.0443;0.3499;-0.487;-0.2055
0;1.0469;0.3812;-0.3559;-0.2113
0;1.0381;0.3671;-0.5741;-0.2883
1;1.0162;0.3632;-0.9298;-0.5323
0;1.0246;0.3498;-0.708;-0.6472
0;1.0064;0.3309;-0.8813;-0.8852
0;1.0118;0.3816;-0.7869;-1.0172
0;1.0179;0.4287;-0.6651;-1.0592
0;1.0227;0.4098;-0.577;-1.0401
0;1.0195;0.3636;-0.6352;-1.0411
0;1.0259;0.4233;-0.5189;-0.9767
1;1.0265;0.4708;-0.5079;-0.9105
0;1.0259;0.3961;-0.29;-0.8538
0;1.0382;0.5092;-0.0723;-0.6955
0;1.0445;0.5008;-0.1701;-0.51
0;1.062;0.5625;-0.0689;-0.2101
0;1.0588;0.59;-0.2175;0.0014
0;1.0663;0.7496;-0.1177;0.2316
0;1.0688;0.7338;-0.0734;0.4317
0;1.0741;0.9146;-0.0644;0.6301
0;1.0693;0.8544;-0.1684;0.7388
0;1.0713;0.8468;-0.1342;0.8334
0;1.0809;0.8558;-0.0275;0.981
0;1.0933;0.9054;0.0;1.1921
0;1.0944;0.8995;-0.1043;1.3546
0;1.0964;0.9011;-0.0759;1.485
0;1.0887;0.8335;-0.249;1.5069
0;1.1007;0.8329;-0.0146;1.6099
0;1.0989;0.805;-0.0631;1.6593
0;1.087;0.6492;-0.3879;1.5789
0;1.0836;0.6478;-0.5791;1.4703
0;1.0846;0.618;-0.6082;1.3772
0;1.0893;0.6288;-0.5226;1.3295
2;1.0765;0.5134;-0.6358;1.1689
0;1.0682;0.4938;-0.8477;0.9597
0;1.0609;0.4456;-0.973;0.7226
0;1.0625;0.3951;-0.8946;0.542
0;1.0603;0.2871;-0.7968;0.375
0;1.0554;0.2608;-0.8559;0.1977
0;1.0493;0.2254;-0.8529;0.0048
0;1.0554;0.3015;-0.735;-0.096
0;1.0515;0.1759;-0.8017;-0.2074
0;1.0445;0.1646;-0.9204;-0.3519
0;1.0413;0.1845;-0.8226;-0.4892
0;1.0307;0.1678;-0.97;-0.6822
0;1.0275;0.1515;-1.0;-0.8543
0;1.0224;0.0932;-0.9196;-1.0243
0;1.0275;0.1716;-0.786;-1.1038
0;1.0383;0.3058;-0.538;-1.0634
0;1.0323;0.3112;-0.676;-1.0711
0;1.032;0.295;-0.664;-1.068
0;1.0581;0.4889;-0.107;-0.8331
1;1.0456;0.4537;-0.3872;-0.7453
0;1.0461;0.4839;-0.3755;-0.6638
0;1.0471;0.4569;-0.3521;-0.5838
0;1.0498;0.4912;-0.2918;-0.4916
0;1.0543;0.5531;-0.2008;-0.3763
2;1.0529;0.5644;-0.3291;-0.2931
0;1.0616;0.6759;-0.1132;-0.1501
0;1.0685;0.7239;0.0;0.0224
0;1.0764;0.7864;-0.016;0.2252
0;1.0761;0.7718;-0.1301;0.3804
0;1.0783;0.7476;-0.1186;0.517
0;1.0778;0.8018;-0.1796;0.6147
0;1.0801;0.8103;-0.1375;0.7043
0;1.0929;0.7713;-0.0822;0.8766
0;1.0896;0.9005;-0.1334;0.975
0;1.0851;0.8306;-0.2893;1.0038
0;1.0903;0.8418;-0.1743;1.0601
0;1.0814;0.7272;-0.533;1.0173
0;1.0777;0.6709;-0.8459;0.9417
2;1.0727;0.637;-0.8622;0.8295
0;1.0653;0.5257;-0.9668;0.6696
0;1.0554;0.4113;-0.8314;0.4525
0;1.0538;0.3329;-0.8617;0.2634
0;1.0496;0.3143;-0.8346;0.0755
0;1.0272;0.2214;-0.9614;-0.2636
0;1.0261;0.2201;-0.9267;-0.5368
0;1.0239;0.1957;-0.9235;-0.7654
0;1.0139;0.0583;-0.9976;-1.0215
0;1.0087;0.0571;-0.9112;-1.2566
0;1.0109;0.083;-0.78;-1.4101
0;1.0221;0.1409;-0.5739;-1.421
0;1.03;0.2266;-0.4329;-1.3473
0;1.0263;0.2264;-0.4496;-1.3067
0;1.0351;0.3076;-0.2412;-1.1864
1;1.0382;0.355;-0.0379;-1.0525
0;1.0393;0.4051;-0.037;-0.9262
0;1.0408;0.423;-0.0643;-0.8044
0;1.0479;0.4906;-0.0236;-0.6394
0;1.0435;0.6175;-0.1039;-0.5403
0;1.0472;0.6462;-0.0868;-0.4248
0;1.0475;0.6683;-0.1286;-0.327
0;1.0503;0.7879;-0.0899;-0.223
0;1.0554;0.8703;-0.139;-0.0951
0;1.045;0.739;-0.512;-0.0819
0;1.042;0.6579;-0.7118;-0.0956
0;1.0251;0.4656;-0.7984;-0.2492
0;1.0258;0.4969;-0.7804;-0.3609
0;1.0289;0.4513;-0.7106;-0.4193
0;1.0523;0.5842;-0.1737;-0.2625
0;1.0416;0.5121;-0.4192;-0.2269
0;1.0527;0.5579;-0.1637;-0.1021
1;1.0517;0.5198;-0.1856;-0.0108
0;1.0424;0.4944;-0.3952;-0.0183
0;1.0431;0.4793;-0.3668;-0.0175
0;1.0473;0.4989;-0.2697;0.0183
0;1.0516;0.5066;-0.1688;0.0835
2;1.056;0.503;-0.0688;0.1712
0;1.0691;0.6141;-0.0703;0.3499
0;1.0686;0.6285;-0.1647;0.4826
0;1.0814;0.7833;-0.0259;0.6905
0;1.0864;0.7921;-0.0267;0.8894
0;1.0839;0.7665;-0.0751;1.015
0;1.0755;0.6315;-0.2353;1.0319
0;1.0723;0.6905;-0.3498;1.0075
0;1.0725;0.6419;-0.3458;0.979
0;1.0716;0.6427;-0.449;0.9388
2;1.0732;0.7493;-0.426;0.9105
0;1.0666;0.6736;-0.8067;0.8228
0;1.0607;0.5972;-0.8879;0.6952
0;1.0712;0.6295;-0.546;0.6757
0;1.0804;0.6517;-0.2242;0.7313
0;1.0832;0.6003;-0.0867;0.7911
0;1.0695;0.5053;-0.5697;0.7138
0;1.0598;0.3647;-0.8754;0.5629
0;1.0502;0.286;-0.886;0.3569
0;1.053;0.3182;-0.8158;0.2147
0;1.0401;0.302;-0.9139;-0.0097
2;1.0651;0.4677;-0.4112;0.0263
0;1.0793;0.5273;-0.1265;0.1748
0;1.0755;0.515;-0.2039;0.2573
0;1.0756;0.5097;-0.2004;0.321
0;1.0819;0.5602;-0.0674;0.4205
1;1.0932;0.6231;-0.0267;0.5911
0;1.0969;0.6028;-0.0568;0.7505
0;1.0882;0.5312;-0.1919;0.7938
0;1.0941;0.5428;-0.1;0.87
0;1.0874;0.5738;-0.2345;0.8635
0;1.0892;0.63;-0.2832;0.8649
0;1.0863;0.6694;-0.5015;0.8323
2;1.0955;0.6881;-0.1921;0.8758
0;1.0799;0.6725;-0.8;0.7684
0;1.0799;0.5818;-0.6501;0.6757
0;1.06;0.3995;-0.8788;0.426
0;1.0445;0.3566;-0.962;0.0939
0;1.0473;0.3719;-0.8819;-0.1449
2;1.0439;0.3238;-0.9417;-0.3606
0;1.0409;0.2363;-0.9102;-0.5526
0;1.0449;0.239;-0.8457;-0.6639
0;1.0543;0.331;-0.6957;-0.6649
0;1.0549;0.2934;-0.6427;-0.6534
0;1.037;0.2626;-0.9618;-0.7892
0;1.0186;0.2121;-0.9954;-1.0439
0;1.0198;0.2252;-0.8904;-1.223
0;1.0234;0.1875;-0.8084;-1.3207
0;1.0161;0.202;-0.944;-1.4461
2;1.02;0.2303;-0.7776;-1.4961
0;0.9778;0.1919;-0.9468;-1.8779
0;0.9735;0.2093;-0.942;-2.1953
0;0.9708;0.1865;-0.9669;-2.445
0;0.9593;0.175;-0.9764;-2.7132
0;0.9746;0.2675;-0.7745;-2.7656
0;0.9815;0.2817;-0.6516;-2.7196
0;0.9783;0.2268;-0.6881;-2.6812
0;0.9949;0.3064;-0.4395;-2.482
0;0.99;0.3345;-0.5117;-2.34
1;0.9943;0.4047;-0.0844;-2.1673
0;1.0028;0.4371;-0.0634;-1.9355
0;0.996;0.401;-0.2413;-1.7901
0;1.0039;0.4561;-0.2151;-1.5898
0;1.0127;0.4747;-0.1143;-1.3401
0;0.9958;0.5758;-0.4482;-1.2732
0;1.0087;0.6386;-0.2257;-1.0968
0;1.016;0.6716;-0.105;-0.8846
0;1.0208;0.7458;-0.0748;-0.6676
0;1.0224;0.7144;-0.0363;-0.476
0;1.0192;0.6751;-0.2738;-0.347
0;1.0148;0.6678;-0.445;-0.2785
0;1.0191;0.6255;-0.3326;-0.1856
0;1.0112;0.6066;-0.558;-0.1771
0;1.0149;0.6045;-0.4565;-0.1371
2;1.017;0.5765;-0.4499;-0.0869
0;1.0237;0.6498;-0.3297;0.0106
0;1.0119;0.5418;-0.8168;-0.0124
0;1.022;0.5476;-0.3993;0.055
1;1.0114;0.5858;-0.8388;0.0176
0;1.0083;0.4973;-0.8433;-0.0383
0;1.0169;0.5054;-0.4813;-0.0092
2;1.0272;0.5366;-0.1111;0.1016
0;1.018;0.4774;-0.5033;0.1097
0;1.0208;0.5083;-0.402;0.1383
0;1.0218;0.5379;-0.5486;0.1683
1;1.0238;0.5261;-0.4977;0.2067
0;1.0347;0.6267;-0.2106;0.3277
0;1.0402;0.6336;-0.1239;0.4661
0;1.0399;0.6232;-0.1326;0.5672
0;1.0472;0.6257;-0.0113;0.703
0;1.0508;0.7277;-0.134;0.8334
0;1.0516;0.6945;-0.117;0.9339
0;1.0547;0.8157;-0.0509;1.0295
0;1.052;0.8199;-0.1781;1.0707
0;1.0498;0.7668;-0.2391;1.0737
0;1.0369;0.5755;-0.6844;0.9552
0;1.041;0.694;-0.6723;0.8862
0;1.0525;0.7334;-0.2331;0.9199
2;1.0312;0.5531;-0.9568;0.756
0;1.0342;0.5584;-0.8389;0.6443
0;1.049;0.5764;-0.3313;0.6748
0;1.0631;0.6125;-0.0026;0.8116
0;1.0766;0.66;-0.0516;1.0256
0;1.093;0.6847;-0.0231;1.322
1;1.0979;0.6881;-0.0203;1.5835
0;1.0958;0.6746;-0.0506;1.7548
0;1.1019;0.6821;-0.0319;1.9228
0;1.0984;0.6784;-0.078;2.0055
0;1.0957;0.6752;-0.1147;2.0261
0;1.1111;0.778;-0.0378;2.1514
0;1.1132;0.7747;-0.1456;2.2453
0;1.1092;0.729;-0.2747;2.2616
0;1.1041;0.8384;-0.4198;2.207
0;1.1022;0.8186;-0.6043;2.1241
0;1.1078;0.8016;-0.5176;2.0842
0;1.1044;0.7375;-0.6233;2.0015
2;1.1155;0.7301;-0.2818;2.0095
0;1.1054;0.5797;-0.5908;1.909
0;1.1049;0.5473;-0.607;1.8051
0;1.1067;0.5745;-0.5501;1.7199
0;1.1121;0.5704;-0.2906;1.6802
0;1.1172;0.6259;-0.1125;1.6739
0;1.1035;0.5454;-0.5979;1.5346
0;1.0978;0.4125;-0.8971;1.361
0;1.0958;0.3848;-0.965;1.1924
0;1.0918;0.3846;-0.925;1.0128
0;1.1066;0.5145;-0.4462;0.9862
2;1.1018;0.4983;-0.5991;0.9147
0;1.0995;0.4511;-0.6741;0.829
0;1.0948;0.4444;-0.8269;0.7126
0;1.092;0.3485;-0.9192;0.5891
1;1.0902;0.3901;-0.826;0.4704
0;1.0944;0.4279;-0.587;0.4075
0;1.0892;0.3851;-0.7971;0.3098
0;1.0922;0.3655;-0.6739;0.2552
0;1.0904;0.3111;-0.7464;0.1943
0;1.1009;0.4808;-0.3225;0.2329
0;1.1068;0.5664;-0.1672;0.3114
0;1.1084;0.5939;-0.1082;0.3836
1;1.1171;0.6757;-0.0081;0.5098
0;1.1157;0.5775;-0.0759;0.5917
0;1.1239;0.6777;-0.0266;0.7203
0;1.1342;0.7471;0.0;0.901
0;1.1456;0.8306;-0.0381;1.1306
0;1.1482;0.8673;-0.0298;1.3214
0;1.1611;0.9045;-0.0274;1.5674
0;1.1764;0.9152;-0.0012;1.8739
0;1.1795;0.9668;-0.007;2.122
0;1.1852;0.9677;-0.0626;2.3433
0;1.1744;0.8873;-0.2011;2.4013
0;1.1696;0.8343;-0.2871;2.3806
0;1.1668;0.8013;-0.3455;2.3156
0;1.1618;0.7593;-0.4992;2.1975
0;1.1635;0.7419;-0.5033;2.0955
2;1.1634;0.7524;-0.5816;1.9922
0;1.1607;0.706;-0.7822;1.8662
0;1.1692;0.7003;-0.5574;1.8197
0;1.1628;0.6043;-0.726;1.7093
0;1.1577;0.5561;-0.8558;1.5611
0;1.171;0.558;-0.317;1.5405
0;1.1608;0.4033;-0.6025;1.4217
0;1.145;0.3145;-0.8798;1.1784
0;1.152;0.3242;-0.6639;1.034
0;1.152;0.3661;-0.6639;0.9092
0;1.1666;0.4837;-0.2186;0.9246
2;1.1593;0.4617;-0.4399;0.8656
0;1.1621;0.5014;-0.3552;0.8334
1;1.1701;0.5324;-0.1093;0.8673
0;1.1816;0.5803;-0.1199;0.9824
0;1.1932;0.6333;-0.0085;1.1609
0;1.2018;0.6336;-0.0354;1.3627
0;1.1904;0.6087;-0.2277;1.4103
0;1.1875;0.6191;-0.2866;1.4079
0;1.1802;0.5386;-0.4855;1.3291
0;1.1812;0.5925;-0.4656;1.2612
0;1.1518;0.5278;-0.9767;0.9454
2;1.1399;0.4527;-0.8238;0.5853
0;1.1423;0.4628;-0.7641;0.3157
0;1.1137;0.3173;-0.9639;-0.1428
0;1.1206;0.3657;-0.8907;-0.4442
0;1.1198;0.3515;-0.8933;-0.683
0;1.1395;0.4007;-0.6443;-0.6967
0;1.1382;0.349;-0.6575;-0.7115
0;1.1327;0.2803;-0.7245;-0.7625
1;1.1372;0.2582;-0.5913;-0.756
0;1.1315;0.2697;-0.4566;-0.7912
0;1.1334;0.2868;-0.3663;-0.7946
0;1.1352;0.3147;-0.317;-0.7736
0;1.1472;0.3715;-0.0177;-0.6473
0;1.1459;0.4715;-0.0535;-0.5517
0;1.1499;0.5517;-0.075;-0.4369
0;1.1425;0.5009;-0.3586;-0.4044
0;1.1491;0.7233;-0.1139;-0.3188
0;1.1527;0.7117;-0.1417;-0.2167
0;1.1562;0.731;-0.0536;-0.1043
0;1.1572;0.6472;-0.0459;-0.0061
0;1.1635;0.6946;-0.0205;0.1246
0;1.1464;0.5892;-0.6503;0.0806
0;1.1492;0.58;-0.5458;0.0695
0;1.1397;0.5519;-0.8198;-0.0209
0;1.1451;0.571;-0.632;-0.0461
0;1.1344;0.4956;-0.8646;-0.1563
2;1.1251;0.3756;-0.8254;-0.32
0;1.1171;0.3487;-0.8052;-0.5142
0;1.113;0.307;-0.8006;-0.6961
0;1.1025;0.2972;-0.9385;-0.9213
0;1.1167;0.3477;-0.7022;-0.9683
0;1.1232;0.3644;-0.5748;-0.9402
0;1.121;0.3364;-0.5844;-0.9264
0;1.1158;0.3149;-0.6134;-0.9499
0;1.1217;0.3127;-0.4158;-0.908
1;1.11;0.3285;-0.6166;-0.9653
0;1.1061;0.2987;-0.7253;-1.033
0;1.1002;0.309;-0.6804;-1.1258
0;1.0847;0.2342;-1.0;-1.3181
0;1.0918;0.3064;-0.7447;-1.3954
0;1.0835;0.3092;-0.7851;-1.5116
0;1.0725;0.301;-0.9063;-1.681
0;1.0575;0.2741;-0.9675;-1.924
0;1.0526;0.2874;-0.8976;-2.1363
0;1.058;0.2295;-0.8203;-2.235
0;1.0614;0.2072;-0.7503;-2.2601
0;1.0428;0.1792;-0.9972;-2.4138
0;1.0602;0.2924;-0.6247;-2.3621
0;1.0292;0.2092;-0.9654;-2.5587
0;1.0237;0.2176;-0.8715;-2.7337
0;1.0069;0.2008;-0.9792;-2.9845
0;0.9867;0.1848;-0.9337;-3.3221
0;0.9821;0.1967;-0.7887;-3.5917
0;0.9982;0.2373;-0.6444;-3.6294
0;1.0049;0.2771;-0.5847;-3.5641
0;1.0021;0.2908;-0.5891;-3.4986
0;1.0345;0.438;-0.2724;-3.1351
0;1.0247;0.4266;-0.2953;-2.8987
1;1.0443;0.4666;-0.1059;-2.5146
0;1.0418;0.4519;-0.1321;-2.2067
0;1.0338;0.4767;-0.2156;-2.0087
0;1.0528;0.4811;-0.0178;-1.6703
0;1.0529;0.5721;-0.1526;-1.3853
0;1.0534;0.5936;-0.211;-1.1415
0;1.0781;0.7131;-0.0239;-0.7275
0;1.0496;0.6795;-0.4669;-0.6355
0;1.037;0.6495;-0.7153;-0.6638
0;1.0521;0.6476;-0.465;-0.5509
0;1.0654;0.66;-0.2444;-0.3432
0;1.0678;0.6741;-0.2042;-0.1554
2;1.0599;0.5774;-0.419;-0.0729
0;1.0646;0.6254;-0.3222;0.0326
1;1.0575;0.5448;-0.4693;0.055
0;1.0467;0.5157;-0.6927;-0.0194
0;1.0552;0.5688;-0.4973;-0.0055
0;1.05;0.4903;-0.5896;-0.0383
0;1.0475;0.4813;-0.6549;-0.0854
0;1.0566;0.5103;-0.533;-0.0445
0;1.0642;0.4485;-0.3257;0.0528
1;1.0757;0.61;-0.0762;0.2267
0;1.0667;0.6297;-0.3047;0.2851
0;1.0537;0.5071;-0.637;0.2172
0;1.0442;0.4029;-0.8771;0.0813
0;0.9876;0.2541;-0.958;-0.5071
0;1.0136;0.3721;-0.6851;-0.7451
2;1.0343;0.4233;-0.4666;-0.7483
0;1.0315;0.4328;-0.4962;-0.7667
0;1.0186;0.4279;-0.6326;-0.8832
0;1.0058;0.376;-0.7672;-1.0742
1;0.9688;0.3243;-0.968;-1.5267
0;0.9707;0.3335;-0.9247;-1.8508
0;0.9512;0.2814;-0.8652;-2.252
0;0.9517;0.2593;-0.8434;-2.5403
0;0.9287;0.2002;-0.9992;-2.9353
0;0.915;0.1964;-0.9694;-3.3324
0;0.9226;0.2319;-0.8943;-3.5452
0;0.9618;0.3497;-0.546;-3.3426
0;0.9891;0.503;-0.2685;-2.9157
0;1.0245;0.5214;-0.0023;-2.2482
0;1.0163;0.4627;-0.0748;-1.7678
1;1.0337;0.5042;-0.035;-1.2227
0;1.0293;0.5218;-0.0685;-0.8173
0;1.0274;0.5456;-0.0839;-0.5062
0;1.028;0.6474;-0.079;-0.2503
0;1.0261;0.6379;-0.0937;-0.0622
0;1.0176;0.6751;-0.1825;0.015
2;1.0213;0.6805;-0.2087;0.1064
0;0.9805;0.6227;-0.9087;-0.1692
0;0.98;0.6648;-0.8055;-0.3883
0;0.9792;0.6486;-0.8168;-0.5638
0;1.0016;0.6146;-0.5025;-0.5058
0;0.9816;0.4776;-0.781;-0.6242
0;0.9605;0.2898;-0.9637;-0.8903
0;0.9453;0.2769;-0.9034;-1.2198
0;0.9425;0.1846;-0.8197;-1.4895
0;0.9314;0.1763;-0.9248;-1.7809
0;0.9536;0.285;-0.6489;-1.803
0;0.9658;0.3304;-0.4611;-1.6972
0;0.9812;0.3858;-0.2648;-1.4658
0;0.9881;0.4242;-0.1765;-1.2094
0;0.9693;0.3763;-0.4017;-1.154
1;0.9877;0.5193;-0.0625;-0.9418
0;0.9821;0.5054;-0.1449;-0.8123
0;0.9408;0.4178;-0.75;-1.0521
0;0.9344;0.3454;-0.8257;-1.2845
2;0.9301;0.3723;-0.6514;-1.4901
0;0.9621;0.5038;-0.3142;-1.3645
0;0.9936;0.6056;-0.0516;-0.9839
0;0.9829;0.5852;-0.1567;-0.7644
0;0.9916;0.6285;-0.0712;-0.5095
0;0.9943;0.5948;-0.0734;-0.2802
1;1.0018;0.5855;-0.0848;-0.0334
0;0.9995;0.5465;-0.1046;0.1421
0;0.9977;0.525;-0.1204;0.2634
0;1.0156;0.6211;-0.0145;0.5079
0;1.0331;0.6194;-0.0055;0.8443
0;1.0297;0.6265;-0.0805;1.0709
0;1.0117;0.7152;-0.3781;1.0856
0;0.9926;0.664;-0.7774;0.9232
0;0.9948;0.6845;-0.7349;0.8049
0;0.9881;0.5863;-0.8605;0.6456
2;0.989;0.4807;-0.8436;0.521
0;0.9947;0.5513;-0.764;0.4656
0;0.9807;0.4547;-0.9273;0.2988
0;0.9773;0.4292;-0.9827;0.1346
0;0.9701;0.3685;-0.8787;-0.0568
0;0.9633;0.3551;-0.9488;-0.2645
0;0.9633;0.3604;-0.8599;-0.4253
0;0.9594;0.2427;-0.9119;-0.5809
0;0.9486;0.0868;-0.9323;-0.7891
0;0.9523;0.1224;-0.861;-0.9136
0;0.9427;0.1334;-0.9101;-1.0829
0;0.9485;0.227;-0.7835;-1.1558
0;0.9382;0.1808;-0.9779;-1.288
0;0.9309;0.1797;-0.831;-1.4408
0;0.9447;0.2834;-0.5558;-1.4284
0;0.9451;0.2441;-0.496;-1.4003
0;0.9774;0.4857;-0.0289;-1.0889
0;0.9596;0.4318;-0.3424;-0.9837
0;0.9805;0.5361;-0.0348;-0.713
1;0.9703;0.5237;-0.2518;-0.5786
0;0.9545;0.4729;-0.4964;-0.6002
0;0.968;0.525;-0.2873;-0.4966
0;0.9642;0.5472;-0.3471;-0.4424
0;0.9553;0.5089;-0.5097;-0.4704
2;0.9793;0.5989;-0.1413;-0.2838
0;0.9617;0.5336;-0.5094;-0.283
0;0.9599;0.5577;-0.7214;-0.2942
0;0.9644;0.5905;-0.5995;-0.2617
0;0.9795;0.5931;-0.2243;-0.1059
0;0.9943;0.6224;-0.1015;0.1439
0;0.9771;0.499;-0.4483;0.1931
0;0.9797;0.5591;-0.3948;0.2523
0;0.9794;0.4963;-0.4022;0.2931
0;0.9756;0.5185;-0.517;0.2903
0;0.997;0.6423;-0.0499;0.467
0;1.0114;0.6445;-0.0424;0.7233
0;1.0091;0.6513;-0.1137;0.8981
0;0.9995;0.6481;-0.3199;0.9446
0;1.0103;0.614;-0.2568;1.063
1;1.0052;0.6758;-0.358;1.1014
0;1.0031;0.6738;-0.3996;1.1022
2;1.0074;0.6733;-0.3302;1.1276
0;1.0065;0.623;-0.3491;1.1279
0;1.0049;0.555;-0.4517;1.1029
0;1.0179;0.7212;-0.171;1.1819
0;1.0235;0.7298;-0.0697;1.2791
0;1.0174;0.6881;-0.2893;1.29
0;0.9989;0.6005;-0.8187;1.1278
0;0.9923;0.4764;-0.9216;0.9321
0;0.9894;0.3767;-0.9976;0.7431
0;0.9889;0.3845;-0.8673;0.5825
2;0.9854;0.4135;-0.8403;0.4202
0;0.9953;0.4068;-0.6443;0.3719
0;0.9835;0.3757;-0.8784;0.2296
0;0.9853;0.3979;-0.8421;0.1306
0;0.9866;0.3762;-0.8167;0.0621
0;0.9935;0.4277;-0.5718;0.0658
0;0.9995;0.4712;-0.2542;0.119
0;0.9867;0.3343;-0.6843;0.0514
1;0.9716;0.2498;-0.9942;-0.1305
0;0.9738;0.2812;-0.8627;-0.2543
0;0.976;0.3627;-0.7955;-0.3303
0;0.9704;0.3673;-0.9636;-0.4338
2;0.9556;0.321;-0.9333;-0.6364
0;0.954;0.317;-0.9321;-0.8034
0;0.9552;0.3376;-0.8555;-0.9162
0;0.953;0.2522;-0.8958;-1.0142
0;0.9495;0.2796;-0.9513;-1.1097
0;0.9491;0.2605;-0.8881;-1.1771
0;0.9453;0.2357;-0.9856;-1.2499
0;0.9381;0.1472;-0.9225;-1.3552
0;0.9399;0.0995;-0.8665;-1.4081
0;0.9291;0.1022;-0.8953;-1.5267
0;0.9291;0.129;-0.8773;-1.604
0;0.9421;0.2683;-0.5053;-1.5371
0;0.9356;0.2217;-0.6921;-1.5238
0;0.924;0.2047;-0.9417;-1.5954
0;0.9186;0.2326;-0.9624;-1.6804
0;0.9256;0.3093;-0.7309;-1.6706
0;0.923;0.2878;-0.7786;-1.6672
0;0.9275;0.3373;-0.6643;-1.6083
0;0.9203;0.3217;-0.8249;-1.6061
0;0.9279;0.3811;-0.6074;-1.523
1;0.926;0.3896;-0.6605;-1.457
0;0.9184;0.3879;-0.8643;-1.454
0;0.9098;0.3405;-0.9826;-1.5092
0;0.9122;0.4019;-0.7649;-1.5163
0;0.8946;0.3333;-0.9803;-1.6557
2;0.8925;0.232;-0.9495;-1.7653
0;0.889;0.2399;-0.8991;-1.8628
0;0.887;0.2685;-0.9376;-1.937
0;0.8768;0.2533;-0.9532;-2.0614
0;0.8814;0.2323;-0.7535;-2.0982
0;0.8656;0.2002;-0.9596;-2.2393
0;0.8676;0.1787;-0.9188;-2.3093
0;0.8735;0.245;-0.7882;-2.2906
0;0.8752;0.1938;-0.7149;-2.2365
0;0.884;0.2739;-0.4795;-2.0957
0;0.8719;0.2612;-0.7126;-2.0653
1;0.8741;0.3039;-0.6422;-2.0006
0;0.8618;0.2502;-0.9135;-2.0329
0;0.8599;0.2964;-0.8906;-2.0533
0;0.8688;0.3709;-0.5906;-1.9721
2;0.8652;0.3705;-0.7125;-1.9179
0;0.8599;0.3579;-0.8906;-1.8996
0;0.8382;0.3195;-0.954;-2.0488
0;0.8247;0.255;-0.9433;-2.2592
0;0.8549;0.4587;-0.4741;-2.145
0;0.8627;0.482;-0.2471;-1.9656
0;0.8607;0.4517;-0.2407;-1.8206
0;0.8186;0.3358;-0.9256;-2.0444
0;0.792;0.2581;-0.9689;-2.4252
0;0.7884;0.2702;-0.9451;-2.7301
0;0.7774;0.2462;-0.9843;-3.0339
0;0.7882;0.3051;-0.7894;-3.1501
0;0.7749;0.2878;-0.9212;-3.3212
0;0.7947;0.3246;-0.7253;-3.2527
0;0.7936;0.3286;-0.7353;-3.1729
0;0.803;0.3662;-0.6429;-2.997
0;0.7943;0.39;-0.6659;-2.9005
0;0.7956;0.4223;-0.3018;-2.7827
1;0.7797;0.2831;-0.6709;-2.7948
0;0.7817;0.2578;-0.6205;-2.7579
0;0.758;0.2283;-0.9552;-2.9008
2;0.7424;0.2654;-1.0;-3.1154
0;0.7098;0.256;-0.9952;-3.5281
0;0.6757;0.2168;-0.8456;-4.1053
0;0.656;0.2077;-0.9732;-4.6834
0;0.6847;0.2709;-0.7774;-4.8451
0;0.7274;0.4069;-0.4887;-4.5592
0;0.7535;0.4213;-0.2733;-4.0637
0;0.7588;0.4344;-0.1959;-3.5857
0;0.7325;0.3753;-0.3541;-3.3938
1;0.7313;0.3855;-0.2758;-3.2169
0;0.7332;0.3868;-0.253;-3.0275
0;0.7183;0.3881;-0.3898;-2.9727
0;0.7199;0.3873;-0.3838;-2.8844
2;0.7019;0.3955;-0.6127;-2.9369
0;0.7088;0.4355;-0.8041;-2.8883
0;0.71;0.5006;-0.7852;-2.809
0;0.7099;0.5879;-0.7843;-2.7183
0;0.723;0.6781;-0.4743;-2.5067
0;0.7403;0.6573;-0.1342;-2.1663
1;0.744;0.5602;-0.1721;-1.8441
0;0.7283;0.4009;-0.4432;-1.7035
0;0.7316;0.3915;-0.3864;-1.5469
0;0.7237;0.4588;-0.5227;-1.4738
0;0.7131;0.4218;-0.7062;-1.4905
0;0.7203;0.4472;-0.6497;-1.4266
2;0.7279;0.5422;-0.5027;-1.2968
0;0.7099;0.4616;-0.8752;-1.3342
0;0.7144;0.5532;-0.7858;-1.3113
0;0.739;0.6118;-0.2961;-1.0702
0;0.7339;0.5861;-0.4404;-0.9119
0;0.764;0.6606;0.0;-0.5222
0;0.7872;0.6798;-0.0176;-0.0125
0;0.815;0.6974;-0.0511;0.6246
0;0.8256;0.7081;-0.0965;1.2097
0;0.8423;0.7891;-0.0155;1.8002
0;0.8391;0.7728;-0.0549;2.2192
0;0.8314;0.7732;-0.1098;2.4598
0;0.828;0.8026;-0.1507;2.5946
0;0.8409;0.8083;-0.0489;2.783
0;0.8499;0.8097;-0.0111;2.9782
0;0.8553;0.8947;-0.0397;3.1457
0;0.8434;0.8371;-0.2148;3.1441
0;0.8431;0.8112;-0.3104;3.1063
0;0.8369;0.8058;-0.5332;2.9911
0;0.8583;0.7953;-0.042;3.0507
0;0.8548;0.7411;-0.1487;3.0351
0;0.8316;0.5615;-0.681;2.7941
0;0.8216;0.4854;-0.815;2.4896
0;0.8412;0.4959;-0.4123;2.3895
0;0.8421;0.5111;-0.3931;2.2932
2;0.8514;0.5732;-0.2099;2.2717
0;0.8896;0.6794;-0.0375;2.5552
0;0.9194;0.708;-0.042;3.0042
1;0.9066;0.6472;-0.1571;3.2172
0;0.8858;0.5734;-0.3437;3.1743
0;0.8809;0.5932;-0.3874;3.0654
0;0.8649;0.5504;-0.5311;2.8112
0;0.8734;0.5834;-0.5047;2.6534
2;0.8637;0.5129;-0.6789;2.4183
0;0.8419;0.4713;-0.935;2.0221
0;0.8308;0.498;-0.9531;1.5947
0;0.8672;0.595;-0.5812;1.5502
0;0.8632;0.5491;-0.6012;1.4648
0;0.8744;0.5688;-0.3844;1.477
0;0.8613;0.5208;-0.4011;1.3599
0;0.8441;0.3952;-0.6954;1.1067
1;0.8536;0.3329;-0.4872;0.976
0;0.8663;0.3976;-0.2489;0.9705
0;0.8617;0.4334;-0.3343;0.9173
2;0.857;0.4337;-0.4232;0.8253
0;0.866;0.5031;-0.2883;0.8206
0;0.877;0.5101;-0.0582;0.9016
0;0.8558;0.4791;-0.5388;0.7763
0;0.8426;0.502;-0.8384;0.5567
0;0.8507;0.5566;-0.4806;0.447
0;0.8277;0.3784;-0.6945;0.1602
0;0.8197;0.3694;-0.7405;-0.135
2;0.8307;0.3687;-0.6031;-0.2728
0;0.8468;0.4572;-0.4017;-0.2416
0;0.8197;0.432;-0.7405;-0.4447
0;0.8471;0.4837;-0.3981;-0.3673
0;0.8796;0.5308;-0.0699;-0.0264
1;0.8861;0.5557;-0.0397;0.2972
0;0.8586;0.5033;-0.3549;0.3156
0;0.8517;0.4701;-0.4297;0.2679
0;0.8463;0.4344;-0.4882;0.1816
0;0.856;0.5004;-0.4342;0.1947
0;0.8896;0.5968;-0.0221;0.4878
0;0.8729;0.5441;-0.227;0.5719
0;0.8569;0.5597;-0.4237;0.496
0;0.8653;0.5931;-0.475;0.5027
1;0.8543;0.5482;-0.6753;0.4092
0;0.8531;0.5136;-0.6978;0.3207
2;0.8426;0.5535;-0.7994;0.1583
0;0.8498;0.5069;-0.6803;0.0898
0;0.8162;0.3367;-0.8965;-0.25
0;0.7873;0.2721;-0.969;-0.7606
0;0.7788;0.2983;-0.9285;-1.2264
0;0.7659;0.2896;-0.9219;-1.6898
0;0.779;0.341;-0.8092;-1.9259
0;0.7712;0.2976;-0.8547;-2.1574
0;0.8105;0.3161;-0.4825;-1.9837
0;0.7934;0.3156;-0.618;-1.9707
0;0.773;0.3092;-0.8173;-2.1134
1;0.749;0.2529;-0.7068;-2.407
0;0.7686;0.3244;-0.4723;-2.4462
0;0.7922;0.3858;-0.2426;-2.2507
2;0.7671;0.3657;-0.4871;-2.2861
0;0.7977;0.4145;-0.1891;-2.0297
0;0.7898;0.4527;-0.2657;-1.873
1;0.8148;0.55;-0.0678;-1.518
0;0.82;0.5758;-0.0211;-1.178
0;0.8088;0.5794;-0.1248;-0.9925
0;0.7704;0.4854;-0.4807;-1.1619
0;0.8024;0.5488;-0.2405;-1.011
0;0.8041;0.4886;-0.2799;-0.8677
0;0.7859;0.4868;-0.5583;-0.8993
2;0.8154;0.5728;-0.105;-0.6644
0;0.7863;0.5629;-0.5525;-0.7193
1;0.7875;0.5339;-0.535;-0.7453
0;0.787;0.4898;-0.5423;-0.7619
0;0.8101;0.585;-0.1854;-0.5705
0;0.8145;0.5369;-0.1189;-0.377
2;0.8481;0.6152;-0.0357;0.0647
0;0.8329;0.5373;-0.262;0.2833
0;0.8307;0.5223;-0.2859;0.4337
0;0.853;0.5879;-0.0999;0.7367
0;0.8154;0.5899;-0.4829;0.6489
0;0.8189;0.537;-0.4476;0.6021
0;0.8192;0.5343;-0.4447;0.5614
0;0.81;0.557;-0.7147;0.4459
0;0.8013;0.4629;-0.9222;0.276
2;0.8271;0.6089;-0.5346;0.3585
0;0.8368;0.626;-0.389;0.502
0;0.8406;0.6345;-0.3329;0.6415
0;0.8444;0.5953;-0.2752;0.7772
0;0.8707;0.6394;-0.0115;1.0992
1;0.8522;0.5111;-0.2861;1.1839
0;0.8914;0.6387;-0.1573;1.5707
0;0.9021;0.6629;-0.0605;1.95
0;0.9083;0.6361;-0.1194;2.2803
0;0.9052;0.7661;-0.1472;2.4902
0;0.9053;0.7613;-0.1593;2.63
0;0.9161;0.7757;-0.0733;2.8043
0;0.9305;0.8324;-0.077;3.0333
0;0.9381;0.88;-0.0212;3.2468
0;0.9261;0.7978;-0.1534;3.2786
0;0.9171;0.7425;-0.2855;3.1922
0;0.8988;0.6615;-0.7334;2.9347
0;0.9109;0.6764;-0.5406;2.8033
0;0.9092;0.6176;-0.5707;2.6562
2;0.9154;0.7088;-0.4576;2.5643
0;0.9147;0.6034;-0.47;2.459
0;0.9161;0.5677;-0.4435;2.3622
1;0.9052;0.4858;-0.6449;2.168
0;0.8972;0.4648;-0.7769;1.9243
0;0.8899;0.4362;-0.9099;1.6499
0;0.9108;0.4794;-0.4167;1.5932
0;0.9103;0.4135;-0.4279;1.5275
0;0.9251;0.4472;-0.1216;1.585
0;0.9146;0.4528;-0.423;1.5247
0;0.9364;0.5715;-0.078;1.6461
1;0.9373;0.6639;-0.0617;1.7315
0;0.9409;0.6379;-0.0497;1.8115
0;0.9337;0.6069;-0.1781;1.7941
0;0.9478;0.6324;-0.0095;1.8812
0;0.9651;0.6812;-0.0039;2.0766
0;0.9766;0.7025;-0.1005;2.3054
0;0.9738;0.7432;-0.183;2.4377
0;0.9796;0.7967;-0.1033;2.5657
0;0.9748;0.8113;-0.175;2.5986
0;0.9823;0.7908;-0.0925;2.6605
0;0.9973;0.8163;-0.0107;2.8082
0;0.9834;0.7133;-0.2128;2.7765
0;0.9813;0.7597;-0.238;2.7042
0;0.9921;0.7373;-0.1557;2.7107
0;0.973;0.6317;-0.6652;2.5248
0;0.966;0.5902;-0.9483;2.2921
2;0.974;0.644;-0.7339;2.152
0;0.9782;0.6169;-0.6202;2.0548
0;0.9637;0.4943;-0.7548;1.8333
0;0.9725;0.4838;-0.5772;1.7143
0;0.9713;0.4898;-0.6023;1.5918
0;0.9807;0.5042;-0.3627;1.5583
0;0.9674;0.4726;-0.652;1.4028
0;0.9823;0.5;-0.1133;1.3919
1;0.9778;0.4259;-0.3457;1.3297
0;0.9711;0.4506;-0.5125;1.2098
0;0.969;0.4509;-0.5633;1.0852
0;0.9684;0.3965;-0.5778;0.9706
0;0.9645;0.4569;-0.765;0.8363
0;0.9723;0.5316;-0.5437;0.7883
0;0.9877;0.5637;-0.112;0.8722
0;0.985;0.5324;-0.226;0.9069
0;0.9901;0.637;-0.0909;0.9674
0;0.9802;0.5393;-0.3558;0.9208
1;0.9814;0.5522;-0.3221;0.885
0;0.9756;0.473;-0.4779;0.798
0;0.9769;0.5577;-0.5182;0.7317
0;0.9818;0.4966;-0.3636;0.7137
2;1.0027;0.6414;-0.0931;0.8691
0;1.0005;0.6756;-0.2271;0.9633
0;0.9977;0.6701;-0.2913;1.0043
1;0.9897;0.6156;-0.4817;0.9575
0;0.9909;0.6481;-0.4541;0.9204
0;0.9829;0.5593;-0.6422;0.8138
2;0.9766;0.431;-0.7913;0.6677
0;0.9809;0.4745;-0.5669;0.5818
0;0.9857;0.4732;-0.4727;0.5491
0;0.9958;0.5955;-0.2768;0.6031
0;1.0019;0.6181;-0.1582;0.6913
0;0.9927;0.5948;-0.2636;0.6751
1;1.0136;0.6673;-0.0018;0.8323
0;0.9889;0.5274;-0.4489;0.738
0;0.974;0.3836;-0.7201;0.5291
0;0.9863;0.4469;-0.4965;0.4635
0;1.0037;0.52;-0.2132;0.5544
0;1.0173;0.5899;-0.031;0.7363
0;1.0108;0.5625;-0.1551;0.8157
0;1.0051;0.5708;-0.2609;0.8218
1;1.0149;0.6195;-0.0766;0.9012
0;1.0001;0.5562;-0.3558;0.8281
0;1.0168;0.5849;-0.042;0.9034
2;1.0228;0.5755;-0.0941;1.0042
0;1.0363;0.5923;-0.0781;1.1874
0;1.035;0.6187;-0.126;1.3085
0;1.0355;0.5695;-0.1618;1.3941
1;1.0387;0.6826;-0.1011;1.474
0;1.0296;0.713;-0.2739;1.4438
0;1.0291;0.6803;-0.2831;1.4006
0;1.0247;0.5996;-0.3658;1.3146
0;1.0228;0.5289;-0.4782;1.2165
0;1.0254;0.5814;-0.6906;1.1485
2;1.0003;0.4778;-0.9396;0.8694
0;0.9965;0.4109;-0.8909;0.6082
0;0.9924;0.4586;-0.9204;0.3613
0;0.9878;0.3205;-0.8765;0.1243
0;0.9945;0.3262;-0.6188;-0.0069
0;0.9618;0.1295;-0.9359;-0.3878
0;0.9665;0.1701;-0.7956;-0.6442
0;0.9764;0.2391;-0.6663;-0.7553
0;0.9743;0.2128;-0.6934;-0.853
0;0.9754;0.2402;-0.6389;-0.911
0;0.9821;0.2873;-0.3919;-0.8902
1;0.9833;0.3068;-0.3697;-0.8545
0;0.9718;0.2818;-0.5305;-0.9145
0;0.9841;0.3364;-0.2653;-0.8482
0;0.9914;0.4593;-0.0385;-0.7244
0;0.9974;0.5039;-0.0563;-0.569
0;0.9959;0.5162;-0.1167;-0.4528
0;1.0025;0.5664;-0.0221;-0.3008
1;1.0155;0.59;-0.0102;-0.0671
0;1.0035;0.7171;-0.2722;0.0154
0;0.9997;0.6751;-0.353;0.0485
0;0.9972;0.6187;-0.4083;0.0525
0;1.0023;0.6548;-0.3289;0.0983
0;0.9992;0.6289;-0.5036;0.1076
2;0.9936;0.5631;-0.8321;0.0663
0;1.0008;0.5901;-0.5657;0.0938
0;0.9974;0.6431;-0.6934;0.0854
0;0.9864;0.5132;-0.8207;-0.0154
0;0.9828;0.4485;-0.7978;-0.1254
0;0.9898;0.4559;-0.538;-0.1508
0;1.0045;0.5437;-0.0633;-0.0444
0;1.0089;0.5335;-0.0475;0.0774
0;1.0211;0.5292;-0.0471;0.2757
0;0.9932;0.4538;-0.6311;0.1918
1;1.0028;0.5129;-0.4303;0.2053
0;0.9751;0.4226;-0.9498;-0.0211
0;0.9652;0.3742;-0.9595;-0.2832
0;0.9758;0.4243;-0.7848;-0.3969
2;0.9595;0.3969;-0.9545;-0.6204
0;0.9615;0.3774;-0.9252;-0.7732
0;0.9581;0.3776;-0.9751;-0.9137
0;0.9771;0.4723;-0.6921;-0.854
0;0.9805;0.4933;-0.5833;-0.7688
0;0.9731;0.4502;-0.6633;-0.7568
0;0.9687;0.3867;-0.6966;-0.7759
0;0.9707;0.377;-0.5497;-0.7661
1;1.0018;0.4446;-0.0274;-0.4864
0;0.9932;0.5;-0.2126;-0.3341
0;1.0093;0.5203;-0.1149;-0.0732
0;1.0047;0.6068;-0.1943;0.0939
0;0.9932;0.5996;-0.401;0.1264
0;1.0026;0.5962;-0.2358;0.2305
0;1.0021;0.6725;-0.2444;0.306
0;1.003;0.6696;-0.2289;0.3697
2;1.0197;0.7269;-0.0664;0.5582
0;1.0105;0.6327;-0.2434;0.6226
0;1.0018;0.581;-0.5761;0.5927
0;0.9884;0.5561;-0.7547;0.4496
0;0.9913;0.5831;-0.6944;0.3562
0;0.994;0.5855;-0.6362;0.3022
2;0.9983;0.4839;-0.5468;0.2922
0;1.003;0.5464;-0.447;0.3212
0;0.999;0.4449;-0.5301;0.3074
1;0.9935;0.4403;-0.6486;0.2457
0;0.9872;0.4664;-0.7661;0.1413
0;0.9883;0.4114;-0.7164;0.0667
0;0.9924;0.4425;-0.6137;0.0422
0;0.9799;0.38;-0.9869;-0.0833
0;1.0182;0.4933;-0.2345;0.1433
0;1.0273;0.5714;-0.127;0.3978
0;1.0443;0.669;-0.0378;0.7381
0;1.0336;0.6834;-0.1965;0.9076
0;1.0336;0.6759;-0.1965;1.0314
1;1.0276;0.6359;-0.2853;1.0673
0;1.0479;0.6779;-0.0183;1.2566
0;1.0522;0.677;-0.1082;1.429
0;1.0556;0.7042;-0.0743;1.5788
0;1.0571;0.7367;-0.094;1.6925
0;1.0458;0.7103;-0.3941;1.6684
0;1.0453;0.7055;-0.4494;1.6276
0;1.0686;0.7412;-0.0208;1.7754
0;1.0732;0.8106;-0.115;1.9125
0;1.0709;0.7311;-0.2931;1.981
0;1.0816;0.7347;-0.162;2.1046
0;1.0914;0.717;-0.127;2.2621
1;1.0957;0.804;-0.0589;2.3992
0;1.0995;0.811;-0.0679;2.5137
0;1.0995;0.8595;-0.0679;2.5772
0;1.0945;0.7755;-0.1523;2.5579
0;1.083;0.6679;-0.426;2.418
0;1.105;0.7238;-0.2635;2.4687
0;1.1222;0.7581;-0.2213;2.628
0;1.1193;0.8123;-0.2825;2.7012
0;1.1218;0.8195;-0.255;2.7512
0;1.1169;0.7387;-0.3303;2.7202
1;1.1335;0.7664;-0.0722;2.8082
0;1.1408;0.7955;-0.0329;2.9091
0;1.1471;0.7876;-0.0237;3.0115
0;1.1604;0.7941;-0.1737;3.1729
0;1.1631;0.7911;-0.2042;3.2891
0;1.1486;0.6944;-0.4469;3.223
0;1.1594;0.7184;-0.2861;3.2284
0;1.1696;0.7636;-0.1342;3.2849
0;1.1653;0.8044;-0.1976;3.2585
0;1.1683;0.7724;-0.1686;3.2283
0;1.1679;0.7301;-0.2271;3.1669
0;1.1764;0.7719;-0.0571;3.1572
0;1.173;0.7414;-0.1593;3.0867
0;1.171;0.762;-0.2143;2.9816
0;1.1679;0.6917;-0.2994;2.8411
0;1.167;0.6576;-0.3242;2.6926
0;1.1658;0.6198;-0.7692;2.5371
