0;0.2353;0.0;-0.3846;0.0
0;0.2415;1.0;-0.0259;0.0
0;0.2416;1.0;-0.0806;0.0
0;0.2429;1.0;-0.078;0.0
0;0.2416;0.8491;-0.1972;0.0
0;0.2433;0.874;-0.0493;0.0
0;0.2434;0.875;-0.1807;0.0
0;0.2454;0.894;-0.0422;0.0
0;0.2379;0.5649;-0.5723;0.0
0;0.2289;0.3913;-0.9571;0.0
0;0.2244;0.3392;-0.9338;0.0
0;0.2265;0.3783;-0.8419;-0.086
0;0.2251;0.3636;-0.8662;-0.1699
2;0.2209;0.3272;-0.9966;-0.2741
0;0.2282;0.4268;-0.7095;-0.2971
0;0.2225;0.3028;-0.9358;-0.367
0;0.2236;0.3172;-0.8162;-0.4129
0;0.2224;0.2907;-0.841;-0.4606
0;0.2227;0.3039;-0.7813;-0.4945
1;0.2259;0.323;-0.3813;-0.4877
0;0.2256;0.3202;-0.3252;-0.4826
0;0.2303;0.3555;-0.0282;-0.4258
0;0.2334;0.4531;-0.0838;-0.3426
0;0.2315;0.5311;-0.2475;-0.2946
0;0.2383;0.6608;-0.246;-0.1755
0;0.2388;0.6469;-0.2298;-0.0719
0;0.2351;0.6143;-0.4;-0.0289
0;0.2337;0.655;-0.4645;-0.0144
0;0.2306;0.5333;-0.5964;-0.0287
0;0.233;0.6566;-0.5582;-0.0195
0;0.2338;0.6539;-0.5733;-0.0048
2;0.2335;0.671;-0.7228;0.0039
0;0.2347;0.6794;-0.6467;0.0208
0;0.2323;0.599;-0.7989;0.0137
1;0.2325;0.6057;-0.709;0.0095
0;0.2334;0.5546;-0.5614;0.0139
0;0.2311;0.459;-0.7677;-0.0022
0;0.2181;0.329;-0.8945;-0.125
2;0.2201;0.2319;-0.8047;-0.2039
0;0.2193;0.2173;-0.7338;-0.2703
0;0.2147;0.211;-0.9215;-0.3594
0;0.216;0.25;-0.7987;-0.4143
0;0.2203;0.3581;-0.6042;-0.4171
0;0.2195;0.3066;-0.6354;-0.4214
0;0.2219;0.3357;-0.5382;-0.4001
0;0.2213;0.3333;-0.5625;-0.3841
1;0.222;0.3255;-0.3662;-0.361
0;0.2164;0.2983;-0.5928;-0.3872
0;0.2193;0.3447;-0.3832;-0.3785
0;0.219;0.3272;-0.4072;-0.3705
0;0.2205;0.3706;-0.2994;-0.3474
0;0.2231;0.5817;-0.1545;-0.3031
0;0.2235;0.5585;-0.122;-0.2621
1;0.2273;0.6243;0.0;-0.1947
0;0.2237;0.6466;-0.2745;-0.1697
0;0.2222;0.5995;-0.3922;-0.1612
0;0.2235;0.5572;-0.2941;-0.142
0;0.22;0.5082;-0.5621;-0.1549
0;0.2181;0.4373;-0.9091;-0.1799
2;0.2158;0.4142;-0.8533;-0.2172
0;0.2166;0.4158;-0.7778;-0.2371
0;0.2155;0.4847;-0.8466;-0.2596
0;0.2193;0.5;-0.6085;-0.2422
0;0.2214;0.5406;-0.4762;-0.2078
0;0.2211;0.5102;-0.4974;-0.1815
0;0.2223;0.4847;-0.4233;-0.1487
0;0.2205;0.449;-0.5344;-0.1364
1;0.2188;0.3428;-0.6402;-0.1397
0;0.2203;0.432;-0.3065;-0.1279
0;0.2264;0.5706;-0.1467;-0.066
0;0.2259;0.5414;-0.2012;-0.021
0;0.2277;0.6426;-0.1667;0.0306
0;0.228;0.6957;-0.1678;0.0731
1;0.2264;0.7148;-0.2953;0.0921
0;0.229;0.734;-0.0872;0.1284
0;0.2255;0.6735;-0.3624;0.1261
0;0.2234;0.575;-0.5302;0.105
0;0.2272;0.6;-0.2282;0.1196
0;0.2253;0.5682;-0.4013;0.1134
0;0.2293;0.6056;-0.1182;0.1418
0;0.2269;0.5935;-0.4035;0.1417
0;0.2279;0.6361;-0.2982;0.1489
1;0.2348;0.6864;-0.0473;0.2112
0;0.235;0.6314;-0.1277;0.2603
0;0.2368;0.66;-0.0464;0.3113
0;0.236;0.624;-0.0979;0.341
0;0.2406;0.6682;-0.0531;0.4004
0;0.2249;0.486;-0.9657;0.3096
0;0.2231;0.4417;-0.9865;0.2191
0;0.2259;0.5042;-0.8333;0.1699
0;0.2231;0.4967;-0.928;0.1048
0;0.2217;0.4433;-0.9792;0.0409
2;0.2247;0.494;-0.8333;0.0154
0;0.223;0.4327;-0.9167;-0.0193
0;0.2224;0.4505;-0.9458;-0.0515
0;0.224;0.4576;-0.8667;-0.0626
0;0.2237;0.3599;-0.7129;-0.0729
1;0.2203;0.3273;-0.8989;-0.109
0;0.2155;0.2663;-0.947;-0.1773
0;0.2165;0.2876;-0.8561;-0.2206
0;0.2198;0.2644;-0.5581;-0.2251
0;0.2239;0.4845;-0.1783;-0.1909
0;0.2284;0.5755;-0.0422;-0.1237
0;0.2279;0.5296;-0.2609;-0.0738
0;0.2292;0.5973;-0.1884;-0.023
0;0.2308;0.6434;-0.0966;0.0311
0;0.2257;0.5151;-0.3865;0.0301
0;0.2193;0.4525;-0.7488;-0.025
0;0.2247;0.5265;-0.46;-0.0228
0;0.2233;0.4921;-0.5838;-0.0324
0;0.2211;0.4707;-0.7444;-0.0583
2;0.2251;0.5522;-0.5577;-0.0442
0;0.2276;0.6405;-0.3654;-0.011
0;0.2324;0.6691;-0.0064;0.0555
0;0.2309;0.6229;-0.1218;0.0944
0;0.2316;0.5923;-0.0641;0.1306
0;0.2308;0.5311;-0.2688;0.1504
0;0.2318;0.5504;-0.2043;0.1731
0;0.2284;0.4906;-0.4239;0.1604
2;0.2293;0.482;-0.3641;0.1565
0;0.2304;0.5647;-0.2989;0.1605
0;0.2314;0.6961;-0.3613;0.1705
0;0.2363;0.6919;-0.3333;0.2184
0;0.2363;0.7243;-0.3333;0.2538
0;0.2366;0.7868;-0.3091;0.2819
0;0.2384;0.7679;-0.1818;0.3162
0;0.2407;0.7655;-0.0182;0.3592
0;0.2416;0.7213;-0.0171;0.3966
0;0.2414;0.7719;-0.0286;0.4203
0;0.2402;0.7167;-0.1152;0.4245
0;0.244;0.791;-0.0205;0.4557
0;0.2528;0.8444;-0.0705;0.5503
0;0.2536;0.9514;-0.0332;0.6255
0;0.2536;0.9497;-0.0451;0.6781
0;0.2522;0.9006;-0.1107;0.7009
0;0.2498;0.8201;-0.2295;0.6904
0;0.254;0.8157;-0.0246;0.7109
0;0.2511;0.7377;-0.168;0.6943
0;0.2567;0.7762;-0.0459;0.7221
0;0.2525;0.6812;-0.2226;0.7003
0;0.2538;0.6726;-0.1696;0.6865
0;0.2517;0.6304;-0.4768;0.6511
0;0.2458;0.5492;-0.9404;0.5659
0;0.2502;0.6042;-0.5114;0.5302
2;0.2453;0.513;-0.8409;0.4547
0;0.2526;0.4973;-0.3523;0.4523
0;0.2556;0.5204;-0.1477;0.4715
0;0.25;0.4672;-0.5284;0.4334
0;0.2503;0.4821;-0.4971;0.4017
0;0.2519;0.5197;-0.3416;0.3861
1;0.2688;0.6113;-0.1575;0.5131
0;0.2664;0.6168;-0.2786;0.5875
0;0.2663;0.5797;-0.2813;0.6392
0;0.2616;0.5748;-0.4409;0.6327
0;0.2567;0.5231;-0.5941;0.5799
0;0.2539;0.5163;-0.7143;0.5077
2;0.2486;0.5217;-0.8149;0.4007
0;0.2545;0.5322;-0.6375;0.3619
0;0.2525;0.5574;-0.6967;0.3109
0;0.2554;0.5239;-0.6093;0.2919
0;0.2567;0.5097;-0.5681;0.2854
0;0.2568;0.5672;-0.4404;0.278
1;0.2607;0.5953;-0.2881;0.3023
0;0.2639;0.6063;-0.0562;0.3449
0;0.258;0.3809;-0.3146;0.3251
0;0.263;0.4645;-0.0936;0.3485
0;0.2667;0.5033;-0.2204;0.3943
0;0.2708;0.591;-0.0244;0.4614
0;0.2742;0.677;-0.0641;0.5382
0;0.2734;0.7061;-0.1081;0.5858
0;0.2701;0.7378;-0.2705;0.5897
0;0.2674;0.6539;-0.4033;0.5635
0;0.2693;0.6996;-0.3602;0.5527
0;0.2729;0.7044;-0.1611;0.5686
2;0.2696;0.6445;-0.3582;0.5477
0;0.2673;0.6123;-0.569;0.506
0;0.2678;0.5812;-0.6667;0.4714
0;0.2673;0.5417;-0.7092;0.4347
0;0.2718;0.6753;-0.2963;0.4402
0;0.2723;0.6326;-0.2806;0.4434
0;0.2733;0.6026;-0.1942;0.4499
0;0.2741;0.5559;-0.1844;0.4567
0;0.2705;0.4357;-0.4823;0.427
1;0.2752;0.5284;-0.0851;0.4393
0;0.2799;0.642;-0.0054;0.484
0;0.2819;0.7154;-0.028;0.5314
0;0.2811;0.6805;-0.1174;0.5559
0;0.2799;0.6162;-0.198;0.5592
0;0.2801;0.6916;-0.2139;0.5573
0;0.2753;0.6343;-0.5376;0.5095
0;0.2728;0.5787;-0.711;0.4449
2;0.277;0.6372;-0.422;0.4253
0;0.2775;0.5903;-0.3873;0.4097
0;0.2807;0.6228;-0.2;0.4196
0;0.2823;0.6293;-0.142;0.4367
0;0.2783;0.5558;-0.4651;0.4117
1;0.2793;0.6244;-0.3953;0.3963
0;0.2782;0.5467;-0.4709;0.3705
0;0.274;0.4054;-0.7486;0.3103
0;0.2754;0.3939;-0.6514;0.2719
2;0.2773;0.44;-0.5257;0.2545
0;0.2673;0.3445;-0.9545;0.1531
0;0.2662;0.3327;-0.8415;0.0623
0;0.2676;0.3991;-0.5869;0.0023
0;0.2652;0.4009;-0.6667;-0.0651
0;0.2645;0.3194;-0.6426;-0.1233
0;0.2707;0.4144;-0.4066;-0.116
0;0.275;0.4312;-0.1831;-0.0723
0;0.2767;0.4324;-0.1189;-0.0227
0;0.2805;0.5267;-0.0419;0.0491
0;0.273;0.4342;-0.3386;0.0417
1;0.2758;0.4759;-0.2342;0.0592
0;0.2807;0.5671;-0.0538;0.1134
0;0.2892;0.6205;-0.043;0.2269
0;0.2779;0.5045;-0.4671;0.2182
0;0.2514;0.4043;-0.9746;-0.0157
0;0.2425;0.3695;-0.9294;-0.2755
0;0.247;0.39;-0.8424;-0.439
0;0.2557;0.4525;-0.6732;-0.489
2;0.2521;0.4395;-0.7438;-0.5541
0;0.2486;0.3902;-0.8112;-0.6291
0;0.254;0.3968;-0.7061;-0.6354
1;0.2497;0.3705;-0.7898;-0.6704
0;0.2464;0.3355;-0.8502;-0.7189
0;0.2397;0.338;-0.953;-0.8063
0;0.2434;0.344;-0.7511;-0.835
0;0.2333;0.283;-0.9735;-0.9345
0;0.2332;0.2224;-0.8381;-1.0036
0;0.238;0.2883;-0.679;-1.0071
0;0.2388;0.4084;-0.6132;-0.9919
0;0.2377;0.4609;-0.6541;-0.9789
0;0.2339;0.3912;-0.7883;-0.9906
0;0.2287;0.2613;-0.9536;-1.0332
0;0.2332;0.3348;-0.665;-1.0184
0;0.2358;0.3865;-0.5076;-0.9736
0;0.2329;0.3039;-0.6802;-0.9525
0;0.2347;0.3537;-0.4815;-0.9106
0;0.2377;0.4153;-0.447;-0.842
1;0.2444;0.5458;-0.2443;-0.7229
0;0.2466;0.5317;-0.1765;-0.6026
0;0.2431;0.6139;-0.3511;-0.531
0;0.2371;0.5401;-0.5993;-0.5194
0;0.2388;0.5093;-0.5913;-0.4903
0;0.2392;0.5038;-0.6532;-0.4593
0;0.2399;0.5246;-0.6126;-0.4236
2;0.2427;0.6;-0.4685;-0.3678
0;0.2437;0.6888;-0.4466;-0.3114
0;0.2408;0.6004;-0.6117;-0.2881
0;0.2358;0.5;-0.8981;-0.3092
0;0.2338;0.5118;-0.8631;-0.3391
0;0.2297;0.4402;-0.965;-0.3944
0;0.2252;0.3549;-0.8817;-0.4719
2;0.227;0.2737;-0.8065;-0.5128
0;0.2216;0.2;-0.9632;-0.585
0;0.2217;0.22;-0.8645;-0.6349
0;0.2158;0.22;-0.9972;-0.7179
0;0.2226;0.3131;-0.7492;-0.7174
0;0.2226;0.3077;-0.723;-0.7093
0;0.2195;0.2748;-0.8381;-0.7221
0;0.2231;0.2881;-0.5817;-0.6943
0;0.2193;0.2513;-0.6304;-0.6966
0;0.2134;0.2365;-0.8386;-0.7415
0;0.2064;0.228;-0.8814;-0.8281
0;0.2062;0.2354;-0.8861;-0.8897
0;0.1992;0.2234;-0.7388;-0.9878
0;0.2039;0.3072;-0.6041;-1.015
0;0.213;0.3889;-0.357;-0.9479
0;0.2053;0.3747;-0.5652;-0.9505
0;0.2045;0.369;-0.5881;-0.9497
0;0.2041;0.4034;-0.5476;-0.9418
1;0.2067;0.3571;-0.4565;-0.904
0;0.2079;0.3705;-0.4195;-0.8546
0;0.2116;0.4315;-0.3034;-0.7749
0;0.2021;0.3351;-0.5989;-0.7845
0;0.1974;0.3298;-0.7467;-0.8241
0;0.1958;0.354;-0.9934;-0.8596
0;0.1984;0.4277;-0.6273;-0.8567
0;0.1997;0.4433;-0.4732;-0.8339
2;0.1996;0.5034;-0.4792;-0.8085
0;0.1988;0.4449;-0.506;-0.7864
0;0.2041;0.3948;-0.3185;-0.7153
1;0.1996;0.4273;-0.4762;-0.6898
0;0.1977;0.4156;-0.5335;-0.679
0;0.1941;0.3848;-0.5432;-0.6935
0;0.1968;0.3872;-0.4115;-0.6746
0;0.1968;0.3693;-0.4156;-0.6532
0;0.2002;0.3655;-0.4027;-0.5999
0;0.2019;0.4975;-0.2685;-0.5372
0;0.2042;0.6074;-0.1053;-0.4626
1;0.2117;0.7092;-0.082;-0.3355
0;0.2092;0.6435;-0.2008;-0.2528
0;0.2069;0.593;-0.3115;-0.2044
0;0.207;0.5965;-0.3074;-0.1633
0;0.2061;0.5939;-0.3525;-0.1372
0;0.2059;0.5264;-0.3911;-0.1166
2;0.2031;0.5544;-0.5378;-0.1228
0;0.2046;0.6092;-0.5306;-0.1143
0;0.2035;0.6628;-0.7945;-0.1149
0;0.2134;0.7294;-0.007;-0.0307
0;0.2133;0.7294;-0.2473;0.0353
0;0.2117;0.6675;-0.3495;0.0732
1;0.2063;0.5583;-0.6882;0.0569
0;0.2061;0.5261;-0.6359;0.0413
0;0.217;0.568;-0.0145;0.1215
0;0.2076;0.4826;-0.5507;0.1035
0;0.2102;0.5347;-0.4058;0.1097
0;0.2175;0.5978;-0.1429;0.1762
0;0.2185;0.6151;-0.098;0.2346
0;0.2102;0.535;-0.4939;0.2082
0;0.2052;0.5159;-0.7388;0.142
0;0.2043;0.498;-0.7796;0.0812
0;0.2044;0.5068;-0.7755;0.0331
0;0.2119;0.488;-0.4975;0.059
2;0.2118;0.4874;-0.5074;0.0773
0;0.2056;0.453;-0.867;0.0384
0;0.2069;0.5049;-0.7882;0.0188
1;0.2031;0.477;-0.9652;-0.0293
0;0.2033;0.3722;-0.8833;-0.0653
0;0.1996;0.417;-0.914;-0.124
0;0.204;0.4378;-0.6833;-0.1323
0;0.1984;0.3004;-0.9819;-0.1848
0;0.1978;0.2829;-0.9333;-0.2294
0;0.1961;0.3278;-0.9242;-0.2764
0;0.2022;0.4648;-0.5183;-0.2587
0;0.2027;0.4807;-0.4869;-0.2376
0;0.208;0.5379;-0.1534;-0.1739
0;0.2112;0.4911;-0.0526;-0.0945
0;0.2114;0.496;-0.0383;-0.0287
1;0.2158;0.6253;-0.0453;0.0608
0;0.2209;0.6559;-0.0769;0.1732
0;0.2172;0.6584;-0.2041;0.2289
0;0.2151;0.6271;-0.2781;0.2524
0;0.2164;0.6904;-0.2635;0.2797
0;0.2175;0.666;-0.2399;0.3077
0;0.2263;0.817;-0.0752;0.4006
0;0.227;0.8308;-0.0912;0.4753
0;0.223;0.7898;-0.2939;0.4953
0;0.2234;0.7604;-0.3526;0.5093
0;0.2187;0.6786;-0.6421;0.4754
0;0.2181;0.6253;-0.6842;0.4379
0;0.2163;0.5655;-0.8629;0.3885
0;0.2192;0.5939;-0.6629;0.3708
0;0.2197;0.5508;-0.6379;0.3564
0;0.2185;0.4648;-0.7184;0.3313
0;0.2248;0.6047;-0.2874;0.3619
0;0.2249;0.6429;-0.2816;0.383
1;0.2237;0.6064;-0.3621;0.3854
0;0.2193;0.5237;-0.6609;0.3458
0;0.2153;0.3325;-0.8793;0.2763
0;0.217;0.3541;-0.7586;0.2338
0;0.213;0.3532;-0.9;0.1633
0;0.2171;0.417;-0.655;0.1412
0;0.2167;0.4697;-0.68;0.1188
0;0.2224;0.556;-0.345;0.1481
0;0.2267;0.6268;-0.099;0.2064
0;0.2236;0.5524;-0.2822;0.2234
1;0.2235;0.5466;-0.2871;0.2337
0;0.227;0.5988;-0.1058;0.2697
0;0.2337;0.6012;-0.0638;0.3513
0;0.2252;0.5024;-0.4184;0.3398
0;0.2242;0.5049;-0.4813;0.3193
0;0.2237;0.5451;-0.5667;0.2946
0;0.2176;0.5238;-0.9409;0.221
0;0.2203;0.5318;-0.8;0.1829
0;0.2237;0.6074;-0.6136;0.1806
0;0.2229;0.5616;-0.6591;0.1696
0;0.2203;0.5373;-0.7955;0.1375
0;0.2145;0.4197;-0.9799;0.0611
0;0.2165;0.3913;-0.7311;0.0175
0;0.2091;0.3582;-0.9251;-0.0804
0;0.2083;0.3535;-0.9307;-0.1631
0;0.2077;0.3021;-0.888;-0.2316
0;0.2096;0.2269;-0.8;-0.2672
0;0.2021;0.2323;-1.0;-0.3559
0;0.2003;0.2278;-0.9264;-0.4371
0;0.1974;0.2161;-0.9712;-0.5216
0;0.1964;0.2428;-0.9288;-0.5905
0;0.1938;0.179;-0.9446;-0.6609
0;0.1962;0.1564;-0.8327;-0.6892
0;0.1915;0.1429;-0.9236;-0.7438
0;0.1941;0.2023;-0.8109;-0.7566
0;0.1831;0.181;-0.9888;-0.8522
0;0.1878;0.2226;-0.7926;-0.8789
0;0.1851;0.2455;-0.8686;-0.913
0;0.1807;0.2278;-0.9346;-0.9676
0;0.1785;0.2208;-0.8806;-1.019
0;0.179;0.2;-0.8092;-1.0444
0;0.1826;0.2924;-0.6608;-1.0231
0;0.1838;0.3218;-0.6113;-0.9854
0;0.1853;0.366;-0.453;-0.9322
0;0.1858;0.381;-0.2678;-0.8762
1;0.1881;0.4357;-0.2146;-0.8032
0;0.1846;0.3727;-0.4146;-0.7668
0;0.1903;0.4872;-0.0878;-0.6817
0;0.1865;0.4196;-0.3689;-0.6398
0;0.1902;0.5886;-0.1733;-0.5684
0;0.1881;0.5045;-0.3404;-0.5241
0;0.1866;0.5197;-0.5256;-0.4966
0;0.1866;0.591;-0.6074;-0.4696
2;0.1866;0.6346;-0.6074;-0.4434
0;0.1922;0.6877;-0.1404;-0.3705
0;0.203;0.7415;-0.124;-0.217
0;0.2001;0.6846;-0.2765;-0.1189
0;0.2058;0.7118;-0.0686;0.0078
0;0.2089;0.7267;-0.0694;0.1342
0;0.2079;0.6991;-0.1073;0.2238
0;0.2063;0.7265;-0.1672;0.2782
0;0.2093;0.7105;-0.0596;0.3441
0;0.2114;0.7867;-0.0963;0.4097
0;0.2078;0.7033;-0.2353;0.4267
0;0.2057;0.7033;-0.558;0.4176
0;0.2056;0.7276;-0.5635;0.4053
0;0.2056;0.7276;-0.6581;0.3913
0;0.2097;0.7519;-0.3913;0.4106
2;0.2054;0.6489;-0.7536;0.3855
0;0.2046;0.5222;-0.8261;0.3545
0;0.2068;0.5995;-0.6377;0.345
0;0.2092;0.5571;-0.4275;0.3547
0;0.2041;0.4256;-0.8512;0.3147
0;0.2015;0.4065;-0.8425;0.2582
0;0.1978;0.3826;-0.9042;0.1793
0;0.189;0.2576;-0.9549;0.041
0;0.1889;0.2187;-0.9309;-0.0698
0;0.1983;0.3963;-0.5203;-0.0764
0;0.1949;0.3856;-0.6679;-0.1096
0;0.1951;0.3885;-0.6605;-0.1331
0;0.1956;0.395;-0.6384;-0.1459
0;0.199;0.3874;-0.428;-0.125
1;0.1899;0.3507;-0.8724;-0.1849
0;0.1934;0.3984;-0.47;-0.1999
0;0.185;0.3213;-0.9676;-0.2816
0;0.1934;0.3823;-0.427;-0.271
0;0.2061;0.5137;-0.0039;-0.1524
0;0.1961;0.4669;-0.4648;-0.1424
0;0.1929;0.4698;-0.6133;-0.1603
0;0.1934;0.5301;-0.5859;-0.1677
1;0.1992;0.5656;-0.3203;-0.1228
0;0.2021;0.5264;-0.1875;-0.0616
0;0.1849;0.4419;-0.8746;-0.159
0;0.1914;0.4803;-0.6063;-0.1785
0;0.1862;0.452;-0.8188;-0.236
0;0.1799;0.4042;-0.9538;-0.3327
0;0.1803;0.4475;-0.9365;-0.4018
0;0.1736;0.395;-0.7548;-0.5089
0;0.1598;0.3741;-0.9829;-0.7045
0;0.1556;0.302;-0.9129;-0.8871
0;0.1459;0.1749;-0.9646;-1.1044
0;0.1462;0.1994;-0.8703;-1.261
0;0.1635;0.3488;-0.5285;-1.2241
0;0.1573;0.324;-0.6341;-1.2345
0;0.1406;0.242;-0.9542;-1.3716
0;0.1506;0.2867;-0.75;-1.38
0;0.152;0.343;-0.6415;-1.3605
0;0.1609;0.3576;-0.414;-1.255
0;0.1515;0.3442;-0.5797;-1.2379
0;0.1477;0.3523;-0.6937;-1.2436
1;0.1463;0.3452;-0.7367;-1.2472
0;0.1384;0.3415;-0.9035;-1.3038
0;0.1365;0.3824;-0.9553;-1.3504
0;0.1554;0.4989;-0.3397;-1.2128
0;0.1516;0.5268;-0.4603;-1.1233
0;0.1509;0.522;-0.4822;-1.0466
0;0.1508;0.43;-0.3987;-0.9766
0;0.1459;0.4366;-0.5652;-0.9521
1;0.1555;0.5905;-0.1321;-0.8413
0;0.1475;0.481;-0.4679;-0.8128
0;0.1437;0.4504;-0.6286;-0.8141
0;0.1492;0.4263;-0.4179;-0.7604
0;0.1491;0.4825;-0.5022;-0.7107
0;0.1458;0.486;-0.7488;-0.6922
2;0.1404;0.4602;-0.9745;-0.7156
0;0.1464;0.5562;-0.4196;-0.6753
0;0.141;0.5299;-0.6434;-0.6825
0;0.1375;0.3513;-0.7867;-0.7104
0;0.1396;0.3965;-0.6801;-0.7076
0;0.1279;0.3337;-0.9732;-0.7966
0;0.1228;0.3112;-0.9887;-0.9021
0;0.1287;0.3856;-0.7434;-0.9253
0;0.1391;0.3924;-0.3231;-0.8452
0;0.1308;0.3907;-0.6223;-0.8436
0;0.1391;0.4711;-0.322;-0.7636
0;0.1403;0.4425;-0.2755;-0.6817
1;0.1269;0.377;-0.7088;-0.7237
0;0.13;0.4121;-0.5234;-0.7232
0;0.1358;0.4746;-0.2298;-0.6654
0;0.1301;0.409;-0.5191;-0.6618
0;0.1352;0.4679;-0.2596;-0.608
2;0.1464;0.5453;-0.0733;-0.4648
1;0.1456;0.5313;-0.2399;-0.3536
0;0.147;0.6111;-0.1869;-0.25
0;0.1435;0.6227;-0.3178;-0.1959
0;0.1442;0.5976;-0.2928;-0.1455
0;0.1429;0.5267;-0.3396;-0.1151
0;0.1478;0.6276;-0.1589;-0.0481
0;0.1429;0.5302;-0.3396;-0.0366
0;0.1414;0.508;-0.3956;-0.0401
0;0.1412;0.6419;-0.8658;-0.0438
0;0.1389;0.5901;-0.8041;-0.0658
0;0.1378;0.5218;-0.8588;-0.0918
2;0.1387;0.6085;-0.7818;-0.1033
0;0.138;0.5396;-0.8082;-0.1171
0;0.1358;0.3013;-0.8372;-0.1454
0;0.1377;0.3569;-0.7093;-0.1503
0;0.1383;0.3365;-0.646;-0.1476
0;0.1439;0.5074;-0.0315;-0.0963
0;0.1452;0.5173;-0.121;-0.0441
0;0.1509;0.619;-0.0844;0.0465
0;0.147;0.4871;-0.2933;0.0835
0;0.1488;0.5994;-0.1956;0.1276
0;0.1417;0.5048;-0.5689;0.1005
0;0.1391;0.4731;-0.7022;0.0565
0;0.1396;0.5094;-0.75;0.0248
0;0.1335;0.4481;-0.9412;-0.0516
0;0.1341;0.4435;-0.7778;-0.1061
0;0.1342;0.4522;-0.7742;-0.1472
0;0.1274;0.4049;-1.0;-0.2364
0;0.1332;0.4538;-0.7315;-0.2545
0;0.1304;0.4224;-0.856;-0.2898
0;0.1348;0.4085;-0.6062;-0.277
0;0.1383;0.4337;-0.2697;-0.2346
0;0.1419;0.4096;-0.135;-0.1676
1;0.1432;0.4603;-0.1416;-0.1023
0;0.1352;0.3716;-0.5753;-0.1182
0;0.127;0.3646;-0.9737;-0.1986
0;0.1299;0.4152;-0.7966;-0.2353
0;0.1325;0.438;-0.6653;-0.2395
0;0.1344;0.5081;-0.572;-0.2243
2;0.1387;0.5407;-0.3559;-0.1733
0;0.1446;0.5833;-0.0636;-0.0815
1;0.143;0.6373;-0.1441;-0.0221
0;0.1362;0.5257;-0.4831;-0.0326
0;0.1372;0.5606;-0.4071;-0.032
0;0.1375;0.5254;-0.3938;-0.0289
0;0.1366;0.4828;-0.4381;-0.0334
2;0.1297;0.3835;-0.8654;-0.095
0;0.1304;0.3764;-0.8866;-0.1367
0;0.1276;0.4189;-0.9856;-0.1918
0;0.1279;0.512;-0.9095;-0.2304
0;0.1218;0.404;-0.9818;-0.3101
0;0.1272;0.4402;-0.7405;-0.3243
0;0.1253;0.3985;-0.786;-0.3479
0;0.1229;0.3155;-0.9163;-0.383
0;0.1236;0.2212;-0.875;-0.4007
0;0.1215;0.2183;-0.9664;-0.4285
0;0.1221;0.2793;-0.9178;-0.4408
0;0.1294;0.3978;-0.216;-0.3839
0;0.1235;0.3404;-0.776;-0.3853
0;0.1203;0.3235;-0.8701;-0.4091
0;0.1156;0.3391;-0.9948;-0.4638
0;0.1242;0.4405;-0.4607;-0.4285
0;0.1274;0.4984;-0.2618;-0.3687
2;0.1316;0.5324;-0.0052;-0.2825
0;0.1316;0.5973;-0.0865;-0.2115
0;0.1311;0.5431;-0.1894;-0.1577
1;0.1369;0.6179;-0.0039;-0.064
0;0.14;0.6706;-0.1321;0.0365
0;0.1377;0.6365;-0.2132;0.0958
0;0.135;0.6293;-0.3093;0.1185
0;0.1441;0.6811;-0.0065;0.2121
0;0.1415;0.6085;-0.1429;0.2621
0;0.1406;0.6683;-0.2105;0.2907
0;0.1469;0.7457;-0.0374;0.3635
0;0.1438;0.7699;-0.2157;0.391
0;0.1384;0.6442;-0.5934;0.3625
0;0.1423;0.6491;-0.378;0.3693
0;0.1481;0.6606;-0.0447;0.4204
0;0.1539;0.6948;-0.1643;0.5052
0;0.1541;0.7019;-0.1661;0.5681
0;0.1487;0.6045;-0.4269;0.5662
0;0.143;0.5251;-0.6957;0.5097
0;0.1453;0.5645;-0.585;0.48
0;0.1512;0.6299;-0.3123;0.5012
0;0.1518;0.5717;-0.2846;0.5176
2;0.1521;0.6026;-0.2944;0.528
0;0.149;0.578;-0.4545;0.5039
0;0.1534;0.5628;-0.2611;0.517
0;0.1526;0.5887;-0.2806;0.5153
0;0.1469;0.5847;-0.5438;0.4596
0;0.1501;0.579;-0.3062;0.4382
0;0.148;0.4981;-0.5968;0.3986
0;0.1495;0.4467;-0.5333;0.3762
2;0.1563;0.523;-0.0584;0.4122
0;0.1559;0.5827;-0.1507;0.4326
0;0.1584;0.6936;-0.1585;0.4656
0;0.1633;0.712;-0.1167;0.5285
0;0.1639;0.6712;-0.2179;0.5775
0;0.1661;0.6849;-0.125;0.6286
0;0.1654;0.6703;-0.1536;0.6565
0;0.1666;0.7368;-0.1071;0.6809
0;0.1664;0.6977;-0.1143;0.6914
0;0.1608;0.6081;-0.5172;0.6448
0;0.1589;0.6784;-0.6382;0.5855
0;0.1579;0.6237;-0.7514;0.5238
0;0.1588;0.6788;-0.7399;0.4776
2;0.1531;0.5528;-0.9898;0.3879
0;0.1535;0.4502;-0.9695;0.316
0;0.152;0.4344;-0.9327;0.2438
0;0.1588;0.5064;-0.574;0.2419
0;0.1602;0.4473;-0.5022;0.2494
0;0.1578;0.4032;-0.6278;0.2324
0;0.1536;0.3131;-0.7911;0.1806
0;0.1519;0.3039;-0.858;0.1235
0;0.1569;0.3744;-0.4943;0.1197
0;0.1546;0.3549;-0.6494;0.0959
2;0.157;0.4502;-0.4828;0.0971
0;0.157;0.4727;-0.4885;0.0963
0;0.1654;0.5874;-0.125;0.1666
1;0.1664;0.5874;-0.1111;0.2282
0;0.1643;0.6403;-0.2222;0.2563
0;0.1669;0.6599;-0.0844;0.298
0;0.1686;0.6962;-0.0622;0.3421
0;0.1686;0.6379;-0.0776;0.3732
0;0.1704;0.6422;-0.0561;0.4089
0;0.1693;0.6658;-0.133;0.4233
0;0.1705;0.7688;-0.1106;0.441
0;0.1689;0.7709;-0.3284;0.4365
0;0.1643;0.6185;-0.792;0.3888
0;0.1619;0.6168;-0.9621;0.3269
0;0.1629;0.5983;-0.8333;0.2833
0;0.1611;0.566;-0.951;0.2308
2;0.1605;0.3957;-0.9226;0.182
0;0.1562;0.3113;-0.97;0.1049
0;0.1576;0.3722;-0.8476;0.0545
0;0.1579;0.3121;-0.8286;0.0172
0;0.1615;0.3618;-0.5543;0.0178
0;0.1604;0.3481;-0.5448;0.0095
0;0.1611;0.3201;-0.4032;0.0086
1;0.1582;0.2994;-0.6774;-0.0167
0;0.1595;0.2994;-0.4712;-0.0257
0;0.157;0.2896;-0.7368;-0.0541
2;0.1572;0.3534;-0.7021;-0.0737
0;0.1548;0.3521;-0.95;-0.1092
0;0.1538;0.311;-0.7737;-0.144
0;0.1542;0.3459;-0.7445;-0.167
0;0.1556;0.3949;-0.6119;-0.1711
0;0.1576;0.5323;-0.4141;-0.156
0;0.1589;0.5323;-0.2891;-0.1308
0;0.1681;0.6705;-0.034;-0.0319
1;0.1707;0.6598;-0.0336;0.0687
0;0.174;0.7174;-0.0254;0.1754
0;0.1794;0.7547;-0.0348;0.3036
0;0.1832;0.8387;0.0;0.4331
0;0.182;0.806;-0.0972;0.5204
0;0.1858;0.8795;-0.041;0.6161
0;0.1856;0.8747;-0.0458;0.6835
0;0.1853;0.9265;-0.0632;0.7265
0;0.1861;0.9524;-0.0481;0.7591
0;0.1843;0.9062;-0.1483;0.7616
0;0.1865;0.9081;-0.1736;0.7742
0;0.1867;0.9038;-0.2437;0.7781
0;0.1915;0.912;-0.0231;0.8133
0;0.1904;0.8544;-0.1269;0.823
0;0.1881;0.7793;-0.3308;0.8024
0;0.1893;0.7632;-0.2419;0.7878
0;0.1883;0.6793;-0.4015;0.7593
0;0.1836;0.5083;-0.8029;0.6892
0;0.1796;0.4581;-0.9345;0.5928
0;0.1818;0.4254;-0.7798;0.5293
0;0.1825;0.4424;-0.7321;0.4794
0;0.1808;0.4214;-0.8218;0.4206
0;0.1759;0.3446;-0.9757;0.328
0;0.1783;0.4097;-0.8398;0.2718
0;0.1802;0.4051;-0.7282;0.2412
0;0.1857;0.4867;-0.4126;0.2613
0;0.1883;0.4554;-0.0503;0.296
0;0.1872;0.4554;-0.2959;0.3108
1;0.1867;0.479;-0.3265;0.3149
0;0.1861;0.4523;-0.3622;0.3097
0;0.1856;0.4604;-0.3878;0.2988
0;0.1867;0.5517;-0.3265;0.2956
0;0.1833;0.563;-0.5474;0.2612
0;0.1796;0.4637;-0.7737;0.2003
0;0.1828;0.5052;-0.6943;0.1776
0;0.1823;0.5241;-0.7325;0.1535
0;0.1853;0.6581;-0.5096;0.1581
0;0.186;0.6375;-0.3359;0.1658
0;0.1886;0.646;-0.2;0.1924
0;0.1952;0.6591;-0.0202;0.2675
0;0.1959;0.6364;-0.0194;0.3296
0;0.1934;0.6052;-0.165;0.3534
0;0.195;0.6361;-0.0991;0.3821
0;0.1982;0.6829;-0.0378;0.4281
0;0.1985;0.6941;-0.0465;0.4619
0;0.1985;0.6852;-0.095;0.4843
0;0.2005;0.7812;-0.1068;0.5134
0;0.1986;0.8294;-0.2328;0.515
0;0.1934;0.6722;-0.5707;0.4669
0;0.1922;0.6559;-0.8633;0.4133
0;0.1919;0.6147;-0.8849;0.3645
0;0.2003;0.6961;-0.1844;0.3934
2;0.1977;0.6241;-0.4043;0.3898
0;0.1997;0.5703;-0.234;0.4
0;0.1959;0.5;-0.5532;0.3715
0;0.1923;0.4859;-0.8511;0.3148
1;0.1946;0.4954;-0.6596;0.2862
0;0.1981;0.4989;-0.3688;0.2902
0;0.2003;0.5239;-0.1844;0.309
0;0.2008;0.529;-0.1852;0.3248
0;0.2039;0.5418;-0.0333;0.3598
0;0.2018;0.5385;-0.2683;0.3655
0;0.2027;0.6265;-0.2012;0.3741
0;0.2069;0.686;-0.0625;0.4121
0;0.2068;0.689;-0.0677;0.437
0;0.2038;0.5514;-0.25;0.4268
0;0.2058;0.6215;-0.3295;0.4307
0;0.2046;0.5748;-0.507;0.4192
0;0.2033;0.6239;-0.6541;0.3949
2;0.2052;0.7281;-0.4887;0.3874
0;0.2051;0.7016;-0.5238;0.3766
0;0.2011;0.5563;-0.8968;0.3303
0;0.1997;0.4884;-0.9021;0.2788
0;0.1953;0.4063;-0.9731;0.1978
0;0.1996;0.4294;-0.7043;0.1679
0;0.1935;0.3808;-0.9224;0.0915
0;0.1951;0.3928;-0.8031;0.0439
0;0.1944;0.304;-0.8173;-5.0E-4
0;0.1976;0.3689;-0.6244;-0.0081
0;0.203;0.4898;-0.2995;0.0321
0;0.2021;0.4499;-0.3135;0.0555
1;0.2035;0.4861;-0.0526;0.0856
0;0.2007;0.4656;-0.2763;0.0839
0;0.203;0.4715;-0.0987;0.1012
0;0.1985;0.4241;-0.4408;0.0762
0;0.2012;0.501;-0.2368;0.0781
0;0.2025;0.5336;-0.1484;0.0902
0;0.2044;0.6161;-0.018;0.1147
0;0.2036;0.5571;-0.117;0.1263
0;0.2009;0.6142;-0.4574;0.111
0;0.199;0.5599;-0.6915;0.0819
0;0.2028;0.6181;-0.2234;0.0899
0;0.2014;0.5567;-0.3936;0.0837
0;0.2014;0.4715;-0.3936;0.0779
0;0.1984;0.4385;-0.6697;0.0465
0;0.1985;0.414;-0.6514;0.0228
0;0.203;0.5374;-0.1743;0.0413
0;0.2025;0.4926;-0.213;0.0519
0;0.2022;0.5739;-0.3077;0.0568
0;0.205;0.5768;-0.1857;0.0838
0;0.2054;0.5603;-0.15;0.1078
0;0.202;0.4533;-0.4357;0.0967
0;0.2024;0.4764;-0.4;0.0906
0;0.2031;0.5478;-0.3429;0.0905
0;0.2017;0.5581;-0.5285;0.0773
0;0.2023;0.487;-0.5631;0.0711
0;0.1992;0.448;-0.9592;0.0396
0;0.199;0.4427;-0.9065;0.0121
0;0.1967;0.459;-0.9687;-0.0291
0;0.1979;0.4864;-0.7754;-0.0504
0;0.2006;0.4407;-0.479;-0.0444
0;0.2015;0.4752;-0.3814;-0.0312
0;0.2018;0.4896;-0.3559;-0.0184
0;0.2033;0.4558;-0.1681;0.0049
1;0.2043;0.4721;-0.0619;0.0318
0;0.2045;0.5744;-0.0609;0.0542
0;0.2052;0.5808;-0.0169;0.0769
0;0.2031;0.5;-0.2203;0.0768
0;0.2095;0.6691;-0.0824;0.1299
0;0.2086;0.6341;-0.1912;0.1624
0;0.2072;0.6836;-0.3307;0.1747
0;0.2081;0.7045;-0.2719;0.1905
0;0.2092;0.796;-0.1714;0.2103
0;0.2086;0.7603;-0.2778;0.2187
2;0.2053;0.612;-0.7263;0.1948
0;0.2091;0.6572;-0.2632;0.2056
0;0.2117;0.6881;-0.114;0.2343
0;0.207;0.5632;-0.6422;0.2148
0;0.2108;0.601;-0.2451;0.2296
0;0.2071;0.5366;-0.6765;0.2071
0;0.2035;0.4782;-0.9032;0.1562
0;0.1949;0.4093;-0.9552;0.0417
0;0.1951;0.316;-0.8941;-0.0475
0;0.1943;0.3174;-0.8943;-0.1237
0;0.1964;0.3646;-0.7927;-0.1645
0;0.1911;0.3071;-0.9382;-0.2402
0;0.1906;0.2865;-0.9564;-0.3009
0;0.1929;0.3252;-0.8498;-0.3268
0;0.1953;0.387;-0.7185;-0.3229
0;0.1957;0.3375;-0.687;-0.3127
0;0.1965;0.3059;-0.4873;-0.295
0;0.2011;0.4239;-0.1176;-0.2389
1;0.1994;0.3448;-0.2581;-0.2067
0;0.2027;0.4395;-0.0667;-0.151
0;0.2016;0.4725;-0.1455;-0.1148
0;0.203;0.6519;-0.0432;-0.0729
0;0.2016;0.6163;-0.1481;-0.0514
0;0.2036;0.659;-0.0;-0.0166
0;0.2042;0.6402;-0.0161;0.0161
0;0.206;0.8077;-0.0635;0.0567
0;0.2067;0.827;-0.0164;0.0939
0;0.2062;0.7918;-0.1633;0.1179
0;0.2041;0.6943;-0.4316;0.1176
0;0.2065;0.7197;-0.1263;0.1369
0;0.2064;0.7082;-0.1368;0.15
0;0.2064;0.6388;-0.1368;0.1587
0;0.2087;0.735;-0.0549;0.1833
0;0.2088;0.6837;-0.1386;0.2015
0;0.2108;0.7621;-0.0818;0.2302
0;0.2117;0.755;-0.0261;0.2584
0;0.2139;0.8469;-0.0213;0.2965
0;0.2217;0.8845;-0.0909;0.3897
0;0.2217;0.8815;-0.1341;0.4589
0;0.2195;0.7891;-0.2337;0.4899
0;0.2203;0.7906;-0.2247;0.5163
0;0.2196;0.7821;-0.2778;0.5251
0;0.2213;0.8691;-0.1961;0.5409
0;0.2219;0.8577;-0.1755;0.5526
0;0.2228;0.8669;-0.1209;0.564
0;0.2235;0.8708;-0.0897;0.5726
0;0.2219;0.7947;-0.2705;0.5597
0;0.223;0.8036;-0.2564;0.553
0;0.226;0.8125;-0.1068;0.5677
0;0.2244;0.7534;-0.2913;0.5596
0;0.2242;0.7243;-0.3784;0.5459
0;0.2246;0.5924;-0.3423;0.5321
0;0.2249;0.6011;-0.3542;0.5185
0;0.2261;0.7216;-0.2083;0.5124
0;0.2209;0.5132;-0.8542;0.4575
0;0.2192;0.4895;-0.8571;0.395
0;0.222;0.5178;-0.5714;0.366
0;0.2225;0.5139;-0.5294;0.3429
0;0.2235;0.5159;-0.4286;0.3297
2;0.223;0.488;-0.479;0.3115
0;0.2257;0.5856;-0.1376;0.3169
1;0.2251;0.5486;-0.1944;0.3127
0;0.2243;0.4565;-0.2778;0.2997
0;0.2281;0.5843;-0.0394;0.3179
0;0.2309;0.6364;-0.0252;0.3526
0;0.2289;0.5836;-0.2805;0.3597
0;0.2297;0.5903;-0.2569;0.3679
0;0.2306;0.5863;-0.1862;0.3784
0;0.2311;0.741;-0.1448;0.387
0;0.2318;0.8117;-0.1016;0.3954
0;0.2331;0.7955;-0.0299;0.4086
0;0.2339;0.8;-0.085;0.4219
0;0.2292;0.6245;-0.6;0.3876
0;0.2294;0.6429;-0.5739;0.3586
0;0.2336;0.6643;-0.1478;0.3672
0;0.2285;0.5595;-0.6807;0.3269
0;0.2337;0.6418;-0.1961;0.3356
0;0.2254;0.4638;-0.8806;0.2684
0;0.2253;0.4195;-0.7484;0.2118
0;0.2163;0.3489;-0.4989;0.0887
0;0.2097;0.29;-0.6718;-0.0655
0;0.2217;0.4242;-0.357;-0.0839
0;0.2203;0.4091;-0.3947;-0.1098
0;0.2269;0.4625;-0.2217;-0.0729
0;0.2166;0.3898;-0.49;-0.1302
0;0.2116;0.3584;-0.6166;-0.2164
0;0.211;0.3784;-0.592;-0.2871
0;0.2067;0.3556;-0.6852;-0.3764
0;0.2058;0.3161;-0.7115;-0.45
0;0.1978;0.3041;-0.951;-0.5717
0;0.199;0.2677;-0.7877;-0.6506
0;0.1983;0.2978;-0.809;-0.7124
0;0.1978;0.296;-0.8231;-0.7578
0;0.1942;0.3219;-0.9068;-0.8158
0;0.2008;0.4288;-0.5949;-0.7967
0;0.1965;0.2676;-0.7561;-0.8099
0;0.1951;0.268;-0.8211;-0.8232
0;0.1981;0.2151;-0.5969;-0.7998
0;0.2013;0.3229;-0.1278;-0.7462
1;0.1948;0.3125;-0.6694;-0.7508
0;0.1931;0.305;-0.8632;-0.7608
0;0.1948;0.3627;-0.648;-0.7463
0;0.1933;0.3571;-0.792;-0.7398
0;0.1932;0.4363;-0.7937;-0.7276
2;0.1944;0.435;-0.6825;-0.7002
0;0.1931;0.4289;-0.8016;-0.682
1;0.1979;0.5021;-0.3492;-0.6194
0;0.1976;0.5452;-0.3858;-0.5664
0;0.1966;0.4335;-0.4803;-0.5272
0;0.1993;0.5462;-0.2283;-0.4677
0;0.198;0.5478;-0.4196;-0.4267
0;0.1949;0.4469;-0.6783;-0.4165
0;0.194;0.3705;-0.7552;-0.412
0;0.1915;0.4316;-0.932;-0.4249
0;0.1882;0.4046;-0.9617;-0.4587
2;0.1902;0.4123;-0.8306;-0.4632
0;0.1834;0.3432;-0.9134;-0.5194
0;0.1808;0.3175;-0.9741;-0.5805
0;0.1804;0.289;-0.8904;-0.626
0;0.1793;0.2905;-0.9336;-0.6647
0;0.1811;0.2181;-0.8493;-0.6729
0;0.1907;0.4125;-0.2986;-0.5902
0;0.1913;0.4323;-0.2098;-0.5137
0;0.1926;0.4104;-0.0585;-0.4372
0;0.194;0.4457;-0.0585;-0.3608
1;0.1959;0.514;-0.0809;-0.2802
0;0.2014;0.5913;-0.0507;-0.1669
0;0.203;0.6433;-0.0132;-0.0629
0;0.193;0.5519;-0.4074;-0.0646
0;0.1929;0.5294;-0.4227;-0.0666
0;0.1956;0.6493;-0.3626;-0.0445
0;0.1914;0.6258;-0.733;-0.0619
0;0.1974;0.6785;-0.3613;-0.0238
0;0.1981;0.6989;-0.3194;0.0122
0;0.2003;0.7016;-0.1832;0.0592
0;0.1977;0.5854;-0.3455;0.0732
0;0.1985;0.5871;-0.2984;0.09
0;0.1969;0.5526;-0.7063;0.0893
0;0.1957;0.5217;-0.7418;0.0777
0;0.2019;0.5666;-0.557;0.1203
0;0.2021;0.5085;-0.6056;0.1541
0;0.2048;0.5227;-0.5688;0.2021
0;0.2051;0.6919;-0.5865;0.2399
0;0.2042;0.6772;-0.6186;0.2599
0;0.2102;0.7067;-0.3942;0.3234
0;0.2063;0.7119;-0.5417;0.3368
0;0.2013;0.5575;-0.7276;0.302
0;0.1812;0.3418;-0.907;0.1008
0;0.1812;0.3134;-0.907;-0.0589
0;0.1859;0.3892;-0.7649;-0.1444
0;0.1871;0.394;-0.7287;-0.2002
0;0.1901;0.4385;-0.6357;-0.216
0;0.1885;0.4351;-0.6848;-0.2399
1;0.1886;0.3654;-0.6822;-0.2555
0;0.1839;0.3318;-0.8106;-0.3047
0;0.1793;0.2716;-0.9559;-0.3798
0;0.18;0.2771;-0.7692;-0.4291
0;0.1756;0.261;-0.9945;-0.5002
0;0.1766;0.1935;-0.7907;-0.543
0;0.1724;0.1926;-0.9865;-0.6062
0;0.1696;0.2003;-0.9368;-0.6733
0;0.1719;0.3671;-0.8358;-0.6996
0;0.1741;0.4045;-0.7368;-0.6942
0;0.1785;0.4005;-0.5414;-0.6451
0;0.1746;0.3433;-0.5337;-0.6327
0;0.1751;0.2984;-0.4641;-0.6119
1;0.1749;0.3097;-0.4698;-0.5912
0;0.175;0.3097;-0.3893;-0.5679
0;0.1804;0.4514;-0.0526;-0.4974
0;0.182;0.5404;-0.3064;-0.4229
0;0.1832;0.5473;-0.3021;-0.3497
0;0.1861;0.6597;-0.129;-0.2638
0;0.1855;0.6378;-0.1676;-0.1983
0;0.1845;0.7085;-0.227;-0.1526
0;0.1836;0.757;-0.2865;-0.1229
0;0.1839;0.7374;-0.2703;-0.096
0;0.1827;0.6772;-0.3459;-0.0839
0;0.1874;0.6817;-0.1151;-0.0331
0;0.1876;0.8122;-0.1818;0.0086
0;0.1855;0.7311;-0.4787;0.0235
0;0.1856;0.7405;-0.4681;0.0356
0;0.1858;0.7424;-0.4362;0.047
1;0.1859;0.6617;-0.4255;0.0561
0;0.1846;0.5787;-0.5851;0.0519
2;0.1866;0.5971;-0.3516;0.0647
0;0.1892;0.5911;-0.1031;0.0963
0;0.19;0.6293;-0.1048;0.1267
0;0.1907;0.6798;-0.0374;0.1558
0;0.1906;0.715;-0.15;0.1764
0;0.1919;0.7317;-0.104;0.2015
0;0.1967;0.834;-0.1158;0.2595
0;0.1957;0.7426;-0.1737;0.2945
0;0.1982;0.7729;-0.0211;0.3398
0;0.1977;0.8429;-0.1156;0.3676
0;0.1949;0.7273;-0.3557;0.3618
0;0.1985;0.766;-0.1208;0.3844
0;0.1974;0.7288;-0.2148;0.388
0;0.1992;0.7848;-0.0763;0.4026
0;0.2003;0.7774;-0.1779;0.4192
0;0.1985;0.695;-0.4386;0.4127
0;0.1976;0.6585;-0.5351;0.3952
0;0.1968;0.6246;-0.6228;0.3701
0;0.194;0.5615;-0.9123;0.3226
0;0.1945;0.5487;-0.8596;0.2861
0;0.1966;0.4982;-0.6759;0.2723
0;0.2012;0.6;-0.1759;0.2974
0;0.2054;0.6246;-0.0855;0.3501
0;0.2058;0.6412;-0.0526;0.3915
0;0.2069;0.7219;-0.108;0.4293
0;0.2066;0.669;-0.1404;0.4516
0;0.2078;0.7189;-0.0618;0.4745
0;0.1741;0.2744;-0.9379;0.2016
0;0.171;0.2456;-0.9737;-0.0422
0;0.1693;0.2459;-0.9936;-0.2482
0;0.1649;0.2323;-0.981;-0.4446
0;0.1647;0.2346;-0.9867;-0.5968
0;0.1664;0.2675;-0.9487;-0.6959
0;0.1664;0.2612;-0.9487;-0.7666
0;0.166;0.2318;-0.9582;-0.8178
0;0.1629;0.1557;-0.9962;-0.8753
0;0.1651;0.1236;-0.8427;-0.8927
0;0.1654;0.1208;-0.7919;-0.8947
0;0.1649;0.1014;-0.7815;-0.8904
0;0.1626;0.0977;-0.963;-0.8978
0;0.1639;0.1005;-0.7324;-0.8825
0;0.1631;0.25;-0.8611;-0.8683
0;0.1618;0.2731;-0.9167;-0.8587
0;0.1649;0.3976;-0.4028;-0.8161
0;0.1645;0.4879;-0.4583;-0.7768
0;0.1642;0.4856;-0.5139;-0.7404
0;0.1671;0.5202;-0.1463;-0.6787
0;0.1671;0.5202;-0.1463;-0.6229
1;0.1661;0.5043;-0.3696;-0.581
0;0.1658;0.5859;-0.413;-0.5447
0;0.1652;0.5028;-0.4891;-0.5153
0;0.1676;0.5637;-0.1848;-0.4666
0;0.1659;0.5251;-0.5692;-0.4376
0;0.1665;0.6162;-0.4918;-0.4051
0;0.1657;0.555;-0.6393;-0.3817
0;0.166;0.5924;-0.6792;-0.3571
0;0.1671;0.6703;-0.4694;-0.3245
2;0.171;0.6891;-0.2474;-0.2615
0;0.1727;0.7308;-0.1481;-0.1955
0;0.1718;0.7103;-0.2407;-0.1486
0;0.1716;0.6464;-0.2593;-0.1115
0;0.1716;0.6464;-0.2772;-0.0811
0;0.1738;0.7333;-0.1161;-0.0375
0;0.1741;0.7526;-0.0893;-7.0E-4
0;0.1762;0.8066;-0.0593;0.0464
0;0.1778;0.797;-0.0068;0.0959
0;0.1779;0.8859;-0.0252;0.1354
0;0.1764;0.8;-0.2283;0.152
0;0.1772;0.8462;-0.1304;0.17
0;0.1792;0.8611;-0.0189;0.1997
0;0.1789;0.8357;-0.1304;0.2181
0;0.18;0.8035;-0.0349;0.2396
0;0.18;0.7806;-0.1183;0.2547
0;0.1766;0.6541;-0.6375;0.2351
0;0.1762;0.6436;-0.6747;0.2136
0;0.1759;0.6302;-0.7229;0.1915
0;0.1796;0.6619;-0.1928;0.2037
0;0.1828;0.709;-0.028;0.2379
0;0.1817;0.6407;-0.1712;0.2536
0;0.1819;0.614;-0.1532;0.2647
0;0.1776;0.4924;-0.6126;0.234
0;0.1794;0.5672;-0.4144;0.2231
0;0.1822;0.6014;-0.1261;0.2352
2;0.1834;0.5887;-0.0588;0.253
0;0.1859;0.6352;-0.0465;0.2853
0;0.1871;0.6364;-0.0694;0.3178
0;0.1869;0.6311;-0.1902;0.3385
0;0.1866;0.7143;-0.2147;0.3484
0;0.187;0.7326;-0.184;0.3561
0;0.1605;0.3442;-0.9634;0.1337
0;0.1587;0.2791;-0.9759;-0.0588
0;0.1596;0.2439;-0.9464;-0.2019
0;0.1584;0.243;-0.9839;-0.3225
0;0.1576;0.2362;-0.9947;-0.4206
0;0.1585;0.2754;-0.9683;-0.4863
0;0.1599;0.2681;-0.9233;-0.5206
0;0.1577;0.2061;-0.9889;-0.5608
0;0.1561;0.1741;-0.9715;-0.6002
0;0.1558;0.1215;-0.9116;-0.6278
0;0.1582;0.147;-0.5495;-0.6227
0;0.1575;0.1452;-0.5823;-0.6178
2;0.1575;0.1464;-0.5823;-0.6074
0;0.157;0.1358;-0.6582;-0.5971
0;0.1572;0.3898;-0.6203;-0.5805
1;0.1561;0.4107;-0.7848;-0.5706
0;0.1544;0.3277;-0.7763;-0.5712
0;0.1546;0.3636;-0.7403;-0.5641
0;0.1537;0.3614;-0.8701;-0.5598
0;0.152;0.2841;-0.9775;-0.5648
0;0.1523;0.2222;-0.8155;-0.5606
0;0.1515;0.2466;-0.8952;-0.5586
0;0.1475;0.2081;-0.9;-0.5842
0;0.1447;0.1773;-0.9756;-0.6226
0;0.1442;0.0444;-0.9815;-0.6499
0;0.1454;0.1183;-0.8786;-0.6544
0;0.1475;0.2227;-0.6842;-0.633
0;0.1481;0.2512;-0.6098;-0.6052
0;0.1492;0.2851;-0.4455;-0.5674
0;0.1473;0.2739;-0.625;-0.5475
1;0.1466;0.289;-0.6593;-0.5317
0;0.1459;0.2711;-0.6716;-0.5202
0;0.1485;0.3743;-0.2073;-0.4832
0;0.1476;0.3884;-0.3917;-0.4568
0;0.146;0.3533;-0.7633;-0.4442
0;0.1451;0.3519;-0.918;-0.4375
0;0.1453;0.4354;-0.8852;-0.4262
0;0.1466;0.5602;-0.623;-0.4011
0;0.1539;0.7086;-0.1;-0.3157
0;0.1525;0.6521;-0.2923;-0.2567
0;0.1503;0.5586;-0.4923;-0.2262
1;0.1487;0.5142;-0.6308;-0.2128
0;0.1485;0.4857;-0.6538;-0.2022
0;0.1469;0.4909;-0.8;-0.2054
2;0.1462;0.4909;-0.8615;-0.2115
0;0.145;0.482;-0.9545;-0.2242
0;0.1424;0.3718;-0.9176;-0.2535
0;0.1414;0.3705;-0.9492;-0.2826
0;0.1441;0.4623;-0.7684;-0.2794
0;0.1442;0.4823;-0.7143;-0.2731
0;0.1456;0.5068;-0.5323;-0.2538
0;0.1492;0.5466;-0.1071;-0.2055
0;0.1464;0.337;-0.4018;-0.1891
1;0.1472;0.3826;-0.3125;-0.1669
0;0.1492;0.4751;-0.1071;-0.1311
0;0.1497;0.5221;-0.0536;-0.0971
0;0.1482;0.4943;-0.2054;-0.0816
0;0.1487;0.544;-0.2;-0.0642
0;0.1488;0.5638;-0.2439;-0.0491
0;0.1495;0.6118;-0.175;-0.0309
0;0.1499;0.7062;-0.1613;-0.0133
0;0.1515;0.7706;-0.1744;0.0144
0;0.1514;0.7273;-0.2593;0.0353
0;0.1441;0.4982;-0.7852;-0.01
0;0.1437;0.4577;-0.8222;-0.0492
0;0.1413;0.313;-1.0;-0.0997
0;0.1417;0.3733;-0.8824;-0.1356
2;0.1418;0.3462;-0.8121;-0.1618
0;0.1418;0.2688;-0.8061;-0.1799
0;0.1407;0.228;-0.8848;-0.2017
0;0.1392;0.2268;-0.9266;-0.2297
0;0.1385;0.1939;-0.9718;-0.2551
0;0.1378;0.1823;-0.9175;-0.2782
0;0.1384;0.1741;-0.8353;-0.2891
0;0.1401;0.2385;-0.5395;-0.2795
0;0.143;0.2876;-0.0417;-0.2444
0;0.1395;0.2445;-0.625;-0.2444
0;0.1384;0.3317;-0.8056;-0.2513
1;0.1363;0.3032;-0.9643;-0.2714
0;0.1361;0.3436;-0.883;-0.2858
0;0.1321;0.2636;-0.985;-0.3288
2;0.1303;0.2394;-0.9441;-0.3743
0;0.1304;0.2394;-0.9379;-0.4055
0;0.1287;0.234;-0.9392;-0.4395
0;0.1282;0.2451;-0.9724;-0.466
0;0.1284;0.2591;-0.9135;-0.4805
0;0.1264;0.2433;-0.9655;-0.5041
0;0.1281;0.2842;-0.8085;-0.5022
0;0.1275;0.2189;-0.8633;-0.5011
0;0.1289;0.1653;-0.7143;-0.4827
0;0.1321;0.321;-0.0875;-0.4363
0;0.1308;0.3184;-0.3256;-0.406
1;0.1317;0.3836;-0.1977;-0.3699
0;0.1271;0.3134;-0.8256;-0.3765
0;0.1281;0.4073;-0.686;-0.369
0;0.1288;0.4638;-0.593;-0.3535
0;0.1306;0.5059;-0.3571;-0.3223
0;0.1329;0.5932;-0.0658;-0.2748
0;0.135;0.6418;-0.0874;-0.2164
1;0.1339;0.6108;-0.2366;-0.1775
0;0.133;0.6391;-0.3408;-0.153
0;0.1359;0.6552;-0.0799;-0.1073
0;0.1345;0.6377;-0.2219;-0.0819
0;0.1319;0.5553;-0.5061;-0.0834
0;0.1333;0.5253;-0.3589;-0.0715
0;0.1331;0.5475;-0.453;-0.0634
0;0.1319;0.5032;-0.7909;-0.0666
2;0.1332;0.6447;-0.6061;-0.0568
0;0.132;0.5891;-0.7639;-0.0593
1;0.1338;0.6109;-0.4583;-0.0447
0;0.1352;0.6035;-0.2361;-0.0211
0;0.1397;0.6397;-0.1;0.0361
0;0.1407;0.6213;-0.0325;0.0888
0;0.1391;0.6101;-0.1789;0.1163
0;0.1392;0.6367;-0.1707;0.1375
0;0.1341;0.4642;-0.6585;0.1092
0;0.1368;0.5437;-0.3984;0.1089
0;0.1365;0.5957;-0.4309;0.1047
2;0.1353;0.5412;-0.6204;0.0901
0;0.1321;0.4824;-0.9905;0.0507
0;0.1324;0.5099;-0.7652;0.0214
0;0.1267;0.3909;-0.9941;-0.0505
0;0.1277;0.4286;-0.7143;-0.098
0;0.1191;0.2991;-1.0;-0.2068
0;0.1202;0.2925;-0.7467;-0.2817
0;0.1173;0.1757;-0.8567;-0.3616
0;0.1361;0.4559;-0.1119;-0.2619
0;0.1367;0.4759;-0.0881;-0.1755
0;0.137;0.4785;-0.0714;-0.1026
0;0.1367;0.5283;-0.0816;-0.0463
0;0.1355;0.4849;-0.1327;-0.0123
1;0.1283;0.4213;-0.4184;-0.0464
0;0.1289;0.4378;-0.3946;-0.0676
0;0.1283;0.4607;-0.4184;-0.0887
2;0.132;0.4959;-0.315;-0.0732
0;0.1321;0.5584;-0.5821;-0.0588
0;0.1289;0.5122;-0.8615;-0.0743
1;0.1309;0.6386;-0.641;-0.0684
0;0.1345;0.6591;-0.2821;-0.0325
0;0.1336;0.6877;-0.3761;-0.0119
0;0.1339;0.457;-0.2667;0.0074
0;0.1352;0.4716;-0.1636;0.0334
0;0.1317;0.4077;-0.5619;0.0237
0;0.1306;0.396;-0.7273;0.0065
0;0.1357;0.5038;-0.1212;0.0363
0;0.1392;0.6839;-0.1111;0.0892
0;0.1352;0.5954;-0.4375;0.0958
0;0.1375;0.6324;-0.25;0.1196
0;0.1397;0.6164;-0.1007;0.1559
1;0.1396;0.6113;-0.2;0.1815
0;0.1425;0.7054;-0.0178;0.2243
0;0.142;0.6766;-0.1202;0.252
0;0.1411;0.6142;-0.1803;0.2632
0;0.1413;0.6372;-0.2168;0.2707
0;0.1354;0.5216;-0.7752;0.2237
0;0.131;0.4429;-0.8032;0.1473
2;0.1334;0.524;-0.6543;0.1058
0;0.1367;0.5805;-0.4521;0.0996
0;0.1373;0.5244;-0.4096;0.0994
0;0.1354;0.4394;-0.5319;0.0816
0;0.1355;0.5046;-0.5266;0.0674
1;0.1325;0.4114;-0.6842;0.0301
0;0.1298;0.3284;-0.8655;-0.0221
0;0.1337;0.4097;-0.5843;-0.0302
0;0.1387;0.445;-0.2223;0.006
0;0.1437;0.5214;-0.0055;0.0774
0;0.143;0.5236;-0.1393;0.1262
0;0.1466;0.5629;-0.0226;0.1947
1;0.1458;0.6384;-0.0679;0.2393
0;0.148;0.7396;-0.0607;0.2909
0;0.1495;0.7325;-0.004;0.3408
0;0.1506;0.7149;-0.0438;0.3859
0;0.1473;0.6427;-0.1825;0.3897
0;0.1502;0.7069;-0.0737;0.4133
0;0.1472;0.6516;-0.34;0.4021
0;0.1475;0.708;-0.4103;0.3911
0;0.1491;0.7751;-0.3333;0.3922
2;0.1505;0.7579;-0.1494;0.4005
0;0.1512;0.7212;-0.1277;0.4086
0;0.1511;0.6581;-0.2569;0.41
1;0.1582;0.7572;-0.0787;0.4672
0;0.1593;0.7333;-0.0222;0.516
0;0.159;0.75;-0.0389;0.5468
0;0.1509;0.5452;-0.5611;0.4968
0;0.1532;0.5558;-0.4167;0.471
0;0.156;0.5778;-0.2979;0.4698
0;0.1547;0.6126;-0.4254;0.4529
2;0.1545;0.5714;-0.4538;0.4334
0;0.1571;0.6667;-0.2231;0.4352
1;0.1511;0.551;-0.8534;0.3811
0;0.1597;0.6247;-0.2041;0.4072
0;0.1632;0.6429;-0.076;0.4533
0;0.1625;0.6274;-0.1228;0.479
0;0.1641;0.6411;-0.04;0.5073
0;0.1613;0.5372;-0.2229;0.5009
0;0.1586;0.4921;-0.4057;0.4672
0;0.1581;0.4892;-0.44;0.4314
0;0.1544;0.5451;-0.68;0.3679
0;0.1538;0.508;-0.7257;0.3083
2;0.1494;0.4154;-0.9944;0.2208
0;0.1502;0.441;-0.8579;0.1562
0;0.1545;0.5;-0.599;0.1407
0;0.1517;0.4371;-0.7665;0.103
0;0.1599;0.5977;-0.2642;0.1421
0;0.1594;0.4965;-0.15;0.167
1;0.1592;0.4405;-0.2443;0.1827
0;0.1612;0.4818;-0.108;0.2106
0;0.1607;0.4511;-0.142;0.226
0;0.1629;0.5242;-0.0328;0.2547
0;0.1593;0.5112;-0.2703;0.244
0;0.162;0.5537;-0.1348;0.2555
0;0.159;0.5629;-0.383;0.2364
0;0.1585;0.5656;-0.6593;0.2145
0;0.1543;0.5683;-0.916;0.1592
2;0.1548;0.5652;-0.8655;0.1184
0;0.1539;0.4906;-0.9496;0.0777
0;0.1518;0.5014;-0.9517;0.0266
0;0.158;0.4663;-0.4552;0.0385
0;0.1538;0.4141;-0.7931;0.0117
0;0.1556;0.4478;-0.6194;0.0059
0;0.1585;0.4612;-0.3089;0.0259
0;0.1594;0.482;-0.2195;0.0495
1;0.1558;0.4042;-0.4706;0.0369
0;0.1566;0.46;-0.3824;0.0332
0;0.1551;0.3964;-0.549;0.0175
0;0.1604;0.5197;-0.1771;0.0495
0;0.1635;0.5659;-0.0081;0.1006
0;0.1629;0.6253;-0.0646;0.1346
0;0.1623;0.6087;-0.1377;0.1548
0;0.1633;0.6355;-0.1171;0.1779
1;0.1621;0.6532;-0.3334;0.184
0;0.1642;0.605;-0.1429;0.2043
0;0.1649;0.7131;-0.0794;0.2241
0;0.1641;0.6704;-0.1508;0.2306
0;0.1662;0.66;-0.0103;0.2516
0;0.1682;0.6739;-0.0703;0.2823
0;0.1704;0.8052;-0.125;0.3218
0;0.1715;0.808;-0.0254;0.3589
0;0.1707;0.8315;-0.1846;0.3778
0;0.1706;0.7793;-0.1923;0.388
0;0.1707;0.736;-0.2;0.3926
0;0.1707;0.7661;-0.2017;0.392
0;0.1684;0.6859;-0.4286;0.3677
2;0.1684;0.6648;-0.5313;0.3447
0;0.1692;0.7356;-0.525;0.3294
0;0.1705;0.7212;-0.3375;0.3249
0;0.1705;0.707;-0.3375;0.3179
0;0.173;0.791;-0.1183;0.3301
1;0.1738;0.7716;-0.0108;0.3436
0;0.1739;0.7357;-0.1226;0.3513
0;0.1759;0.7319;-0.0169;0.3705
0;0.1722;0.5238;-0.4016;0.3502
0;0.1713;0.5207;-0.4836;0.3232
0;0.1724;0.558;-0.4381;0.308
0;0.1728;0.5652;-0.5316;0.2957
0;0.1714;0.52;-0.7632;0.2712
2;0.1738;0.6567;-0.3947;0.2695
0;0.1747;0.673;-0.2632;0.2725
1;0.1753;0.6699;-0.1711;0.2772
0;0.1732;0.5734;-0.4868;0.2604
0;0.1742;0.5939;-0.3421;0.2524
0;0.1734;0.512;-0.4605;0.2369
0;0.1736;0.495;-0.4848;0.2243
0;0.1739;0.5;-0.4394;0.2142
2;0.1711;0.3709;-0.9385;0.1806
0;0.1711;0.4647;-0.8133;0.1522
0;0.1701;0.4593;-0.9359;0.1195
0;0.1687;0.3771;-0.8641;0.0807
0;0.1677;0.3388;-0.8596;0.0406
0;0.1671;0.3563;-0.9109;0.0034
0;0.1694;0.3526;-0.6436;-0.0062
0;0.1705;0.36;-0.4894;-0.0049
0;0.1707;0.345;-0.4333;-0.0017
0;0.1741;0.5269;0.0;0.0294
0;0.1739;0.4915;-0.1698;0.0521
1;0.1714;0.4416;-0.4434;0.0482
0;0.1724;0.466;-0.3302;0.0535
0;0.1734;0.486;-0.2264;0.065
0;0.1771;0.6533;-0.0565;0.1049
0;0.1765;0.6336;-0.1339;0.1301
0;0.1755;0.6336;-0.2727;0.1397
0;0.1767;0.7013;-0.1212;0.1569
0;0.1794;0.772;-0.0189;0.1913
0;0.18;0.8;-0.112;0.2216
0;0.1815;0.7917;-0.0229;0.2554
0;0.181;0.7639;-0.1567;0.2758
0;0.1821;0.7727;-0.0692;0.2976
0;0.1824;0.7343;-0.0853;0.3146
0;0.1799;0.6493;-0.382;0.3034
0;0.1759;0.6049;-0.8218;0.2576
0;0.1747;0.5526;-0.8695;0.2085
0;0.1725;0.4806;-0.9333;0.1486
0;0.1689;0.3226;-0.9823;0.0697
2;0.173;0.4341;-0.7058;0.0413
0;0.1734;0.4592;-0.6823;0.0214
0;0.1715;0.4008;-0.8058;-0.0099
0;0.1705;0.319;-0.8764;-0.0433
0;0.1735;0.38;-0.6647;-0.0434
1;0.1734;0.3422;-0.568;-0.0445
0;0.1721;0.331;-0.5412;-0.0559
0;0.1721;0.304;-0.5063;-0.0643
0;0.1701;0.273;-0.7975;-0.0871
0;0.1678;0.2756;-0.9271;-0.1232
2;0.1684;0.3407;-0.7885;-0.1452
0;0.1694;0.3852;-0.6827;-0.153
0;0.1727;0.5035;-0.3173;-0.1296
0;0.1742;0.6178;-0.1442;-0.0965
0;0.1727;0.4913;-0.3173;-0.0827
1;0.1715;0.4542;-0.4519;-0.0812
0;0.1704;0.4719;-0.5;-0.088
0;0.1652;0.3907;-0.9211;-0.1364
0;0.1649;0.2984;-0.9316;-0.176
2;0.1617;0.2615;-0.9419;-0.2325
0;0.1623;0.2945;-0.8225;-0.2693
0;0.1453;0.1716;-0.9853;-0.4401
0;0.1427;0.1691;-0.9973;-0.5919
0;0.1444;0.2135;-0.9103;-0.6905
0;0.1429;0.1946;-0.9525;-0.7734
0;0.1442;0.2012;-0.9106;-0.8195
0;0.143;0.1296;-0.943;-0.8573
0;0.1423;0.0927;-0.9654;-0.8839
0;0.1441;0.1363;-0.8814;-0.8809
0;0.1446;0.1521;-0.8571;-0.8647
0;0.1442;0.1549;-0.6632;-0.8457
0;0.1416;0.1663;-0.9375;-0.8438
0;0.1411;0.1655;-0.9825;-0.8377
0;0.1434;0.235;-0.5263;-0.805
0;0.1416;0.2107;-0.8772;-0.7853
2;0.1411;0.3919;-0.875;-0.7659
0;0.1379;0.3799;-0.9773;-0.7696
0;0.1392;0.3661;-0.7889;-0.7533
0;0.1393;0.399;-0.7778;-0.7318
0;0.1442;0.5;-0.0833;-0.6653
0;0.1433;0.5061;-0.34;-0.6139
0;0.1446;0.5512;-0.19;-0.5559
1;0.1424;0.4633;-0.44;-0.5226
0;0.1451;0.5106;-0.13;-0.4681
0;0.144;0.4949;-0.26;-0.4298
0;0.1462;0.5917;-0.1071;-0.3759
0;0.1478;0.6279;-0.056;-0.3163
0;0.1481;0.5986;-0.0866;-0.2631
0;0.1485;0.6502;-0.1593;-0.2154
0;0.1513;0.7034;-0.1017;-0.1513
0;0.1463;0.6559;-0.5932;-0.1418
0;0.148;0.6614;-0.4237;-0.1181
0;0.1464;0.6228;-0.6161;-0.1122
0;0.1454;0.5225;-0.757;-0.1151
0;0.1446;0.5261;-0.8738;-0.1227
2;0.1424;0.4579;-0.8156;-0.1458
0;0.1484;0.6012;-0.3262;-0.1118
0;0.1483;0.5595;-0.3334;-0.0846
0;0.1489;0.5935;-0.2835;-0.0571
0;0.1471;0.5165;-0.399;-0.0503
0;0.1456;0.458;-0.4237;-0.057
0;0.1446;0.4329;-0.5343;-0.0705
0;0.1425;0.3941;-0.7554;-0.098
0;0.1422;0.3229;-0.783;-0.1209
2;0.1387;0.3435;-0.9843;-0.1671
0;0.1416;0.373;-0.7244;-0.1774
0;0.1406;0.382;-0.8189;-0.1925
0;0.1409;0.4075;-0.7752;-0.1994
0;0.145;0.5076;-0.3028;-0.1681
0;0.1448;0.5474;-0.26;-0.1431
1;0.142;0.3569;-0.5116;-0.1455
0;0.1395;0.3216;-0.8391;-0.1672
0;0.1313;0.2264;-0.9333;-0.2525
0;0.1339;0.3;-0.75;-0.295
2;0.1335;0.3106;-0.7717;-0.3282
0;0.1362;0.3756;-0.6033;-0.3281
0;0.1378;0.4289;-0.5054;-0.3112
0;0.1385;0.4442;-0.462;-0.2888
1;0.1387;0.5;-0.4457;-0.2658
0;0.1367;0.4159;-0.5618;-0.2626
0;0.142;0.5206;-0.0608;-0.2123
0;0.1449;0.555;-0.0749;-0.1453
0;0.1488;0.5529;-0.0311;-0.0579
0;0.149;0.5577;-0.0262;0.0131
0;0.1537;0.653;-0.0361;0.1086
0;0.1523;0.6729;-0.1168;0.171
0;0.1505;0.8171;-0.2103;0.2035
0;0.1491;0.7596;-0.2897;0.2145
0;0.1506;0.7806;-0.2056;0.2341
0;0.1651;0.8419;-0.0379;0.3702
0;0.1655;0.8372;-0.0614;0.4764
0;0.1644;0.8134;-0.1198;0.5461
0;0.1664;0.8206;-0.0456;0.6115
0;0.1669;0.864;-0.0231;0.6609
0;0.1661;0.8263;-0.114;0.6862
0;0.1667;0.8145;-0.0833;0.7041
0;0.1681;0.8;-0.0132;0.7224
0;0.1669;0.7696;-0.0749;0.7189
0;0.1667;0.7273;-0.2317;0.707
0;0.1641;0.6977;-0.8305;0.668
0;0.1657;0.7544;-0.5254;0.6435
0;0.165;0.7748;-0.661;0.6115
2;0.1641;0.7385;-0.8305;0.5724
0;0.1713;0.6473;-0.0211;0.5967
0;0.1698;0.5984;-0.2;0.5969
1;0.1663;0.5371;-0.6316;0.5606
0;0.1653;0.4779;-0.7474;0.5179
0;0.1657;0.4741;-0.7053;0.4818
0;0.1681;0.5398;-0.4105;0.4688
2;0.1692;0.5492;-0.2737;0.4632
0;0.1664;0.4679;-0.6211;0.4295
0;0.1654;0.4725;-0.7955;0.3904
0;0.166;0.4873;-0.7683;0.3605
0;0.1659;0.5368;-0.7342;0.3324
0;0.1641;0.4687;-0.9875;0.2913
0;0.1633;0.4671;-0.88;0.2492
0;0.1621;0.4608;-0.9623;0.2031
0;0.1613;0.2374;-0.8284;0.1579
0;0.1632;0.3304;-0.6642;0.1369
0;0.1658;0.4883;-0.2574;0.141
0;0.1653;0.5;-0.3429;0.1383
0;0.165;0.483;-0.3716;0.1325
0;0.1656;0.4217;-0.3141;0.131
1;0.1653;0.3715;-0.3429;0.1261
0;0.165;0.4451;-0.3812;0.118
2;0.1653;0.4964;-0.3429;0.1134
0;0.1644;0.4365;-0.4388;0.101
0;0.1601;0.3257;-0.9793;0.0539
0;0.1597;0.3555;-0.9007;0.0125
0;0.161;0.4271;-0.7652;-0.0092
0;0.1622;0.5048;-0.596;-0.0157
0;0.1649;0.6014;-0.2929;0.0016
0;0.1636;0.5125;-0.4343;0.0048
0;0.1628;0.3989;-0.5354;-2.0E-4
1;0.1578;0.308;-0.963;-0.0464
0;0.1591;0.3559;-0.8208;-0.0712
0;0.1575;0.3145;-0.9278;-0.1033
2;0.152;0.2532;-0.9444;-0.1743
0;0.1504;0.2422;-0.9293;-0.2417
0;0.1512;0.2538;-0.8804;-0.2856
0;0.15;0.2508;-0.9263;-0.3275
0;0.1532;0.3742;-0.7167;-0.3304
0;0.1518;0.3617;-0.8;-0.341
0;0.1522;0.3417;-0.75;-0.342
0;0.1529;0.3291;-0.6098;-0.3332
0;0.1505;0.2355;-0.8205;-0.3429
1;0.1472;0.2186;-0.9615;-0.375
0;0.1471;0.2246;-0.8852;-0.3971
0;0.1475;0.2831;-0.8525;-0.4073
0;0.1474;0.2403;-0.8607;-0.4118
0;0.1545;0.4455;-0.3758;-0.3508
0;0.1569;0.5979;-0.1975;-0.2782
0;0.1573;0.6447;-0.1656;-0.2144
1;0.1601;0.6712;-0.0241;-0.1388
0;0.1604;0.7088;-0.0119;-0.0749
0;0.1616;0.6844;-0.0722;-0.0133
0;0.1648;0.7633;-0.0226;0.0621
0;0.1667;0.7767;-0.0042;0.1372
0;0.1671;0.7737;-0.0553;0.1978
0;0.1659;0.8118;-0.1678;0.2338
0;0.1675;0.9424;-0.0604;0.2731
0;0.1666;0.9109;-0.1506;0.2937
0;0.1677;0.9135;-0.1063;0.3158
0;0.1689;0.9208;-0.0238;0.3403
0;0.1693;0.8925;-0.1826;0.359
0;0.1716;0.8921;-0.0181;0.3902
0;0.1704;0.8335;-0.3109;0.4001
0;0.1744;0.8435;-0.0815;0.4373
0;0.1743;0.8372;-0.1908;0.4612
0;0.1738;0.8085;-0.2742;0.4714
0;0.1739;0.7735;-0.2661;0.4752
0;0.175;0.7611;-0.1875;0.4821
0;0.1772;0.7861;-0.0263;0.5012
0;0.1796;0.8605;-0.0313;0.531
0;0.1786;0.8029;-0.1957;0.5407
0;0.1783;0.8308;-0.2174;0.5403
0;0.1759;0.7143;-0.4833;0.5134
0;0.1747;0.6528;-0.7474;0.477
0;0.1755;0.6606;-0.6526;0.45
2;0.1731;0.5385;-0.8165;0.4037
0;0.1714;0.5242;-0.9732;0.348
0;0.1731;0.4653;-0.7236;0.3155
0;0.1792;0.6037;-0.1626;0.338
0;0.1802;0.6304;-0.0732;0.3605
0;0.1805;0.6331;-0.146;0.3765
0;0.1788;0.5754;-0.2847;0.371
1;0.179;0.5382;-0.2701;0.3642
0;0.1789;0.4831;-0.2774;0.3543
0;0.1801;0.5356;-0.1752;0.3531
0;0.1805;0.55;-0.146;0.3515
2;0.1848;0.6935;-0.0119;0.3831
0;0.1849;0.7309;-0.0102;0.4047
0;0.1853;0.7265;-0.1364;0.4211
0;0.1846;0.7876;-0.2091;0.4236
0;0.1852;0.8685;-0.1455;0.4263
0;0.1839;0.7933;-0.2818;0.4127
0;0.1817;0.5854;-0.6021;0.379
0;0.1852;0.6477;-0.1798;0.3782
2;0.1864;0.665;-0.1087;0.3834
0;0.1856;0.6995;-0.3077;0.3766
0;0.1831;0.6073;-0.7385;0.3464
0;0.1813;0.5588;-0.7907;0.3039
0;0.1812;0.5289;-0.8023;0.2665
0;0.1835;0.5709;-0.5;0.2536
2;0.1834;0.4623;-0.5116;0.24
0;0.1857;0.5223;-0.2093;0.2462
0;0.1867;0.5348;-0.0814;0.2567
0;0.1859;0.5325;-0.186;0.2555
1;0.1864;0.5304;-0.1556;0.2564
0;0.1874;0.5885;-0.0745;0.2626
0;0.1848;0.5758;-0.3936;0.2422
0;0.1863;0.5288;-0.2564;0.2363
0;0.1849;0.4619;-0.4217;0.2179
0;0.1849;0.4826;-0.4217;0.2012
0;0.1891;0.6545;-0.0206;0.2209
0;0.186;0.6128;-0.4828;0.208
0;0.1829;0.5353;-0.7845;0.1695
0;0.1842;0.5136;-0.6638;0.1477
0;0.182;0.4714;-0.8707;0.1111
0;0.1816;0.4093;-0.906;0.0774
2;0.1841;0.4457;-0.6341;0.0709
0;0.1838;0.4556;-0.6585;0.0628
0;0.1835;0.4382;-0.6829;0.0535
0;0.1827;0.4;-0.7561;0.0389
0;0.187;0.5442;-0.3659;0.0628
1;0.1914;0.5918;-0.0519;0.1184
0;0.1921;0.6311;-0.1111;0.167
0;0.1923;0.6346;-0.0915;0.2057
0;0.1928;0.5778;-0.0649;0.2377
0;0.1912;0.6166;-0.1818;0.247
0;0.1901;0.6783;-0.2797;0.2427
0;0.1902;0.659;-0.2727;0.2375
0;0.1932;0.7797;-0.0357;0.2563
0;0.1909;0.7137;-0.2696;0.249
0;0.1896;0.634;-0.6216;0.2293
0;0.1909;0.664;-0.4559;0.2226
0;0.1836;0.5015;-0.9048;0.1529
0;0.1828;0.5015;-0.9535;0.0896
2;0.1837;0.436;-0.873;0.0463
0;0.1837;0.318;-0.873;0.0117
0;0.1835;0.2918;-0.8358;-0.0172
0;0.1842;0.3038;-0.7836;-0.0345
0;0.1835;0.2803;-0.8358;-0.0531
1;0.187;0.4077;-0.4649;-0.0379
0;0.1868;0.424;-0.4779;-0.0271
0;0.1869;0.424;-0.2207;-0.0175
0;0.1831;0.2776;-0.4953;-0.0422
0;0.1827;0.3033;-0.5284;-0.0643
0;0.1863;0.4276;-0.1974;-0.0508
0;0.1907;0.4956;-0.0813;-0.0019
0;0.1927;0.716;-0.0059;0.0532
0;0.1913;0.698;-0.0941;0.0847
0;0.187;0.5654;-0.3824;0.0717
1;0.188;0.5818;-0.3176;0.069
0;0.1832;0.4952;-0.6294;0.0262
0;0.1828;0.4776;-0.6588;-0.0116
2;0.1817;0.4706;-0.7209;-0.0503
0;0.1829;0.4281;-0.6453;-0.0704
0;0.1857;0.4829;-0.4593;-0.0614
0;0.1811;0.419;-0.7616;-0.0929
0;0.1833;0.5039;-0.6163;-0.0978
0;0.1836;0.5131;-0.5843;-0.0984
0;0.1864;0.5013;-0.1597;-0.0745
0;0.1858;0.4164;-0.2598;-0.0594
0;0.181;0.3186;-0.685;-0.0875
0;0.1841;0.3937;-0.4094;-0.0824
0;0.185;0.4678;-0.4242;-0.0699
0;0.1848;0.4474;-0.4444;-0.0609
2;0.181;0.4613;-0.8788;-0.0855
0;0.184;0.5199;-0.5521;-0.0784
1;0.185;0.5527;-0.4375;-0.0637
0;0.1874;0.5699;-0.1562;-0.031
0;0.1889;0.5514;-0.0101;0.0078
0;0.1889;0.6477;-0.1327;0.0384
0;0.1884;0.6022;-0.1858;0.0575
0;0.2122;0.796;-0.0886;0.274
0;0.2153;0.7974;-0.0025;0.468
0;0.2127;0.7653;-0.0758;0.5941
0;0.2133;0.847;-0.0623;0.6916
0;0.2073;0.7351;-0.2507;0.7106
0;0.2088;0.7384;-0.2157;0.7308
0;0.209;0.742;-0.225;0.7405
2;0.2122;0.8162;-0.115;0.7674
0;0.2142;0.8125;-0.0415;0.7978
0;0.2165;0.8172;-0.1914;0.8321
0;0.2142;0.7716;-0.3457;0.8315
0;0.2166;0.7752;-0.1852;0.8418
0;0.2164;0.7725;-0.1975;0.8395
0;0.216;0.7752;-0.2222;0.8257
0;0.2181;0.6031;-0.0859;0.8234
0;0.2175;0.543;-0.1973;0.8084
0;0.2164;0.5745;-0.3853;0.7782
0;0.2138;0.5101;-0.6574;0.7242
0;0.2131;0.636;-0.9875;0.668
0;0.2163;0.6628;-0.4778;0.6438
2;0.214;0.5993;-0.7667;0.5983
0;0.2194;0.6319;-0.2407;0.6021
0;0.2205;0.6182;-0.1455;0.6077
0;0.2192;0.5544;-0.2727;0.5951
1;0.2171;0.5563;-0.4909;0.5608
0;0.2174;0.5191;-0.4545;0.5309
0;0.2137;0.4503;-0.8364;0.47
0;0.2133;0.4488;-0.8818;0.4132
2;0.2166;0.4748;-0.5364;0.3928
0;0.2188;0.5208;-0.3535;0.3907
0;0.2162;0.4972;-0.6465;0.3629
0;0.2177;0.5649;-0.4863;0.3502
0;0.2175;0.575;-0.5062;0.3349
0;0.22;0.5635;-0.2457;0.3397
0;0.2198;0.6083;-0.2653;0.3385
0;0.2203;0.521;-0.2064;0.3384
0;0.2251;0.5898;-0.029;0.3751
0;0.2273;0.652;-0.0968;0.4189
0;0.2314;0.7509;-0.0333;0.4839
0;0.232;0.7532;-0.0055;0.5354
0;0.2319;0.8622;-0.0339;0.5694
0;0.23;0.813;-0.1582;0.5735
0;0.2301;0.7867;-0.1552;0.5714
0;0.2313;0.7784;-0.1526;0.5743
0;0.231;0.8634;-0.1875;0.5675
2;0.2301;0.8136;-0.305;0.5485
0;0.2286;0.765;-0.5413;0.5155
0;0.2289;0.7381;-0.8;0.4864
0;0.2281;0.7143;-0.7738;0.4514
0;0.2281;0.7062;-0.7065;0.4191
0;0.2266;0.5486;-0.8913;0.3763
0;0.2296;0.5707;-0.5217;0.3644
0;0.2289;0.4041;-0.6087;0.3451
0;0.2316;0.4852;-0.1852;0.349
0;0.2343;0.5657;0.0;0.3711
0;0.2353;0.6596;-0.0924;0.3937
1;0.2344;0.6244;-0.1765;0.3998
0;0.2336;0.5677;-0.2936;0.3935
0;0.2349;0.6089;-0.1825;0.3949
0;0.233;0.5775;-0.3492;0.376
0;0.2356;0.6726;-0.1389;0.3791
0;0.2354;0.6622;-0.1809;0.376
0;0.236;0.6982;-0.131;0.3741
0;0.219;0.3762;-0.9095;0.2244
0;0.2171;0.3726;-0.9911;0.0881
0;0.2171;0.3168;-0.9911;-0.0202
0;0.2175;0.3325;-0.9559;-0.1015
0;0.2153;0.2567;-0.9918;-0.1834
2;0.2148;0.1886;-0.9802;-0.2506
0;0.2134;0.153;-0.9924;-0.3122
0;0.2132;0.1561;-0.9743;-0.3598
0;0.21;0.1452;-0.9867;-0.42
0;0.2098;0.1108;-0.9517;-0.4652
0;0.2098;0.1176;-0.9453;-0.4959
0;0.2085;0.0338;-0.9375;-0.5255
0;0.21;0.0824;-0.806;-0.5303
0;0.2126;0.1405;-0.5635;-0.5064
0;0.2119;0.2818;-0.53;-0.4883
0;0.2107;0.2931;-0.6489;-0.4795
0;0.214;0.4171;-0.1566;-0.4394
1;0.2161;0.4652;-0.0874;-0.3849
0;0.2181;0.5683;-0.0252;-0.3212
0;0.2173;0.5609;-0.1301;-0.2744
0;0.2175;0.6055;-0.1057;-0.2324
0;0.2181;0.6244;-0.0833;-0.1923
0;0.218;0.738;-0.1552;-0.1594
0;0.2218;0.7974;0.0;-0.0991
0;0.2201;0.7358;-0.1348;-0.065
0;0.2192;0.7479;-0.2377;-0.0451
0;0.2171;0.6586;-0.6625;-0.0471
0;0.2159;0.5794;-0.7674;-0.058
0;0.2185;0.6457;-0.4302;-0.044
2;0.2126;0.5359;-0.9279;-0.0827
0;0.2087;0.4058;-0.84;-0.1456
0;0.2096;0.3779;-0.7697;-0.1861
0;0.2094;0.3261;-0.781;-0.2175
0;0.2101;0.3562;-0.7281;-0.2338
0;0.2073;0.3136;-0.9086;-0.2679
0;0.2074;0.3022;-0.8883;-0.2912
0;0.2062;0.2906;-0.8507;-0.3163
0;0.204;0.1626;-0.9886;-0.3519
0;0.2027;0.1654;-0.8891;-0.3869
0;0.2073;0.2995;-0.395;-0.3714
0;0.2098;0.3777;-0.1681;-0.3346
0;0.2103;0.4041;-0.1176;-0.2975
0;0.2089;0.3287;-0.2124;-0.2773
0;0.2072;0.3875;-0.3717;-0.2722
1;0.2053;0.422;-0.5664;-0.2821
0;0.2069;0.4405;-0.4071;-0.2732
0;0.2066;0.4387;-0.4336;-0.2656
2;0.2041;0.3773;-0.6814;-0.2781
0;0.2006;0.3665;-0.9508;-0.3149
0;0.2016;0.3883;-0.7955;-0.3321
0;0.2024;0.4251;-0.7273;-0.3353
0;0.2032;0.4834;-0.6591;-0.3274
0;0.2057;0.5579;-0.3917;-0.2962
0;0.2046;0.439;-0.4135;-0.2777
1;0.2033;0.3462;-0.5577;-0.2717
0;0.2034;0.3319;-0.5347;-0.2632
0;0.2035;0.3598;-0.4667;-0.2531
0;0.2079;0.5143;-0.1565;-0.2049
0;0.2098;0.6025;-0.0709;-0.1487
0;0.2082;0.5309;-0.36;-0.1158
0;0.2118;0.6036;-0.04;-0.0581
0;0.2113;0.655;-0.1102;-0.0166
0;0.2138;0.7976;-0.0764;0.0376
0;0.2162;0.8099;0.0;0.1006
0;0.1926;0.3946;-0.8142;-0.0519
0;0.1941;0.4038;-0.7616;-0.1586
0;0.1918;0.3525;-0.839;-0.26
0;0.193;0.3767;-0.7988;-0.3273
0;0.1913;0.3738;-0.8576;-0.3913
2;0.1935;0.4;-0.7833;-0.4192
0;0.1934;0.3982;-0.7864;-0.4375
0;0.1916;0.3269;-0.8452;-0.4618
0;0.1911;0.295;-0.8638;-0.4807
0;0.1916;0.3138;-0.4737;-0.4859
0;0.1915;0.2522;-0.7344;-0.4863
0;0.19;0.2468;-0.9545;-0.4937
0;0.1916;0.2286;-0.5385;-0.4813
0;0.1915;0.1795;-0.54;-0.4672
0;0.1884;0.385;-0.9683;-0.4772
0;0.1917;0.4409;-0.381;-0.4516
0;0.1912;0.4826;-0.4762;-0.4313
0;0.1911;0.4444;-0.4182;-0.4115
0;0.1881;0.4138;-0.7089;-0.4167
0;0.1848;0.2778;-0.7881;-0.4448
0;0.1824;0.2479;-0.9823;-0.4828
2;0.1863;0.3895;-0.5929;-0.4739
0;0.1885;0.4491;-0.3805;-0.4436
0;0.1892;0.453;-0.3036;-0.4089
0;0.1898;0.4692;-0.2411;-0.3718
0;0.1904;0.5071;-0.1875;-0.3341
1;0.1944;0.5502;-0.0426;-0.2672
0;0.1954;0.5688;-0.0455;-0.2024
0;0.1964;0.6498;-0.0482;-0.1409
0;0.1984;0.6312;-0.0164;-0.0741
0;0.2005;0.6722;-0.0385;-0.0031
0;0.2021;0.693;-0.0205;0.0667
0;0.1997;0.7083;-0.1549;0.1009
0;0.1996;0.7986;-0.1895;0.1252
0;0.1998;0.8873;-0.1933;0.1453
0;0.2026;0.8807;-0.074;0.1828
0;0.2024;0.8591;-0.106;0.2088
0;0.2006;0.7777;-0.3744;0.2117
0;0.2017;0.7835;-0.239;0.2217
0;0.2015;0.7676;-0.6364;0.225
0;0.2035;0.7432;-0.4141;0.2421
0;0.2068;0.771;-0.188;0.2815
0;0.2068;0.7597;-0.188;0.3096
0;0.2065;0.7188;-0.2407;0.3254
0;0.2073;0.6982;-0.1574;0.3412
0;0.2074;0.6686;-0.1481;0.3509
0;0.2048;0.6609;-0.4074;0.3332
0;0.2016;0.5529;-0.7921;0.288
0;0.1997;0.4978;-0.8065;0.2339
0;0.1975;0.3727;-0.9615;0.1696
0;0.1966;0.3596;-0.9643;0.1094
2;0.1996;0.4772;-0.7185;0.0862
0;0.1989;0.434;-0.7704;0.0617
0;0.1957;0.3806;-0.9396;0.0139
0;0.1979;0.3875;-0.7419;-0.0046
0;0.1996;0.3413;-0.6;-0.0052
0;0.2042;0.4521;-0.0763;0.0336
0;0.2058;0.489;-0.0379;0.0778
0;0.2073;0.5;-0.0338;0.124
1;0.2062;0.4806;-0.1149;0.1499
0;0.2075;0.5452;-0.0461;0.1795
0;0.2022;0.5102;-0.4276;0.1562
0;0.2048;0.5795;-0.2368;0.1585
0;0.2035;0.5965;-0.3355;0.1471
0;0.2023;0.5913;-0.4776;0.1266
0;0.2025;0.551;-0.5;0.1106
2;0.2009;0.534;-0.6371;0.0837
0;0.2008;0.5986;-0.6452;0.0609
0;0.1983;0.5068;-0.871;0.0207
0;0.1991;0.4912;-0.7226;-0.0043
0;0.199;0.3777;-0.6967;-0.0247
0;0.1979;0.3084;-0.7951;-0.0497
0;0.1958;0.2308;-0.8839;-0.0867
0;0.1981;0.3198;-0.6607;-0.0956
0;0.1986;0.2941;-0.5743;-0.0977
0;0.1981;0.3784;-0.6238;-0.1022
0;0.1973;0.2485;-0.6778;-0.1116
0;0.1969;0.2662;-0.6795;-0.1209
1;0.1962;0.2752;-0.7463;-0.1332
0;0.1981;0.3571;-0.4328;-0.1252
0;0.1954;0.3315;-0.8806;-0.1407
0;0.1938;0.3046;-0.9091;-0.1645
0;0.1953;0.4108;-0.6923;-0.1692
0;0.1964;0.4202;-0.5385;-0.1619
0;0.1964;0.4225;-0.493;-0.1544
0;0.1982;0.5077;-0.2329;-0.1314
0;0.1965;0.5183;-0.5542;-0.1266
1;0.1958;0.4277;-0.6386;-0.1268
0;0.2028;0.5959;-0.0183;-0.0663
0;0.2026;0.6033;-0.2606;-0.0195
0;0.1999;0.5551;-0.4718;-0.0055
0;0.2027;0.6103;-0.2535;0.0294
0;0.2036;0.6392;-0.1929;0.0636
0;0.2115;0.7065;-0.1039;0.1575
0;0.2105;0.7459;-0.1583;0.2212
0;0.2114;0.7918;-0.1088;0.2768
0;0.2079;0.6968;-0.3104;0.2882
0;0.2092;0.6986;-0.2655;0.3049
0;0.2101;0.7061;-0.2569;0.3219
2;0.2117;0.7046;-0.1441;0.3458
0;0.2074;0.6535;-0.4708;0.3245
0;0.2057;0.6339;-0.7808;0.2895
0;0.2092;0.5962;-0.4762;0.2891
0;0.2096;0.6039;-0.5;0.2889
0;0.2109;0.6711;-0.3478;0.2965
2;0.2125;0.6587;-0.1522;0.3134
0;0.2143;0.6686;-0.1638;0.3381
1;0.2154;0.5772;-0.0763;0.3633
0;0.2152;0.597;-0.0932;0.3778
0;0.2136;0.5444;-0.2562;0.3719
0;0.2106;0.5547;-0.5289;0.3378
0;0.2108;0.5336;-0.5345;0.3088
0;0.2121;0.5426;-0.466;0.2936
2;0.2116;0.498;-0.6163;0.2746
0;0.2107;0.5865;-0.7326;0.2489
0;0.2101;0.6224;-0.8235;0.2207
0;0.2102;0.5346;-0.7391;0.1976
0;0.208;0.4525;-0.9109;0.1587
0;0.2094;0.4556;-0.6364;0.138
0;0.2108;0.4463;-0.3371;0.1319
0;0.2108;0.3797;-0.2716;0.1257
0;0.2123;0.3988;-0.1648;0.1327
0;0.2093;0.3351;-0.5275;0.1111
1;0.2089;0.3571;-0.5824;0.0891
0;0.2214;0.7063;-0.2257;0.1772
0;0.2231;0.7228;-0.1416;0.2596
0;0.223;0.7045;-0.1504;0.3201
0;0.2209;0.6634;-0.2522;0.3466
0;0.2242;0.7194;-0.1019;0.3917
1;0.2232;0.713;-0.1505;0.4153
0;0.2245;0.7229;-0.0825;0.4404
0;0.2263;0.7884;-0.0756;0.4703
0;0.2273;0.7859;-0.0478;0.4974
0;0.226;0.7441;-0.2747;0.5025
0;0.2254;0.7312;-0.3407;0.4966
0;0.2269;0.7304;-0.1648;0.4991
0;0.226;0.7826;-0.2747;0.488
0;0.2243;0.7522;-0.5658;0.4601
2;0.2262;0.6193;-0.3594;0.4488
0;0.2274;0.6085;-0.2;0.4452
0;0.2271;0.6056;-0.2727;0.4354
0;0.2289;0.7095;-0.1429;0.4385
0;0.2293;0.6573;-0.1688;0.4394
1;0.2258;0.568;-0.6623;0.406
0;0.2262;0.5459;-0.6104;0.3784
0;0.2246;0.4536;-0.8312;0.3395
0;0.2243;0.414;-0.8701;0.3029
0;0.2255;0.4865;-0.7105;0.2809
2;0.2263;0.5241;-0.6053;0.2669
0;0.2274;0.5137;-0.4474;0.2623
0;0.2262;0.5054;-0.6184;0.2458
0;0.2246;0.5081;-0.8421;0.217
0;0.2264;0.5054;-0.4833;0.2067
0;0.2257;0.4494;-0.5102;0.191
0;0.2262;0.4722;-0.4082;0.1805
0;0.2275;0.4571;-0.102;0.182
0;0.2297;0.5103;-0.0429;0.1991
0;0.2309;0.6649;-0.1202;0.2214
0;0.2324;0.6872;-0.0585;0.2492
0;0.2328;0.7637;-0.0195;0.2716
0;0.2313;0.7087;-0.2212;0.2738
0;0.2347;0.743;-0.0471;0.3016
0;0.2347;0.7326;-0.0653;0.3203
0;0.2355;0.7272;-0.0959;0.3379
0;0.2347;0.7461;-0.1726;0.3419
0;0.2368;0.8409;-0.0091;0.3595
0;0.2397;0.8502;-0.0593;0.3938
0;0.2365;0.7486;-0.3889;0.3892
0;0.2391;0.7711;-0.1296;0.4034
0;0.2385;0.7388;-0.202;0.4056
0;0.2394;0.7246;-0.1383;0.4108
0;0.2369;0.6305;-0.4651;0.3895
2;0.2383;0.629;-0.3472;0.3803
0;0.2396;0.6434;-0.1528;0.38
0;0.2392;0.6721;-0.2222;0.3717
0;0.2372;0.5584;-0.6981;0.3449
0;0.2365;0.5397;-0.7377;0.3138
0;0.2328;0.4465;-0.9341;0.2547
0;0.2307;0.4231;-0.8437;0.1874
2;0.2322;0.4107;-0.7109;0.1457
0;0.2304;0.3123;-0.8607;0.0956
0;0.23;0.3529;-0.8934;0.052
0;0.2294;0.2581;-0.8722;0.0117
0;0.2309;0.3202;-0.7424;-0.007
0;0.2328;0.3487;-0.5909;-0.0059
0;0.232;0.379;-0.6;-0.0112
0;0.2325;0.3493;-0.3704;-0.0114
0;0.2264;0.2261;-0.7905;-0.0631
0;0.2254;0.221;-0.8545;-0.1118
0;0.2273;0.297;-0.6727;-0.1333
0;0.2273;0.3089;-0.6636;-0.1481
0;0.228;0.385;-0.6;-0.1526
0;0.2297;0.4751;-0.4364;-0.1405
0;0.2274;0.386;-0.6545;-0.1483
1;0.2279;0.4366;-0.57;-0.1489
0;0.2289;0.4727;-0.46;-0.1392
0;0.2288;0.486;-0.2429;-0.1308
0;0.2293;0.4554;-0.1714;-0.119
2;0.2306;0.4388;0.0;-0.0974
0;0.2296;0.4322;-0.25;-0.088
0;0.231;0.4619;-0.1475;-0.0671
0;0.2298;0.6178;-0.46;-0.0601
0;0.2307;0.6839;-0.28;-0.0469
0;0.2302;0.6143;-0.38;-0.0399
0;0.2294;0.5743;-0.5185;-0.0411
0;0.23;0.5743;-0.3889;-0.036
2;0.2323;0.5935;-0.0333;-0.0121
0;0.2321;0.6917;-0.1515;0.0053
0;0.2312;0.6304;-0.303;0.0111
0;0.2327;0.6434;-0.2439;0.0281
0;0.2326;0.6434;-0.2561;0.0404
0;0.2327;0.6331;-0.2439;0.0505
0;0.2325;0.5827;-0.2683;0.0563
0;0.2304;0.5324;-0.5488;0.0423
0;0.2279;0.3867;-0.96;0.0096
2;0.2305;0.5212;-0.557;0.0057
0;0.2264;0.385;-0.9565;-0.0318
0;0.2307;0.5104;-0.4375;-0.0251
0;0.2318;0.5533;-0.3125;-0.0101
0;0.234;0.5827;-0.0821;0.0207
0;0.2327;0.5081;-0.2256;0.0338
0;0.233;0.5181;-0.1949;0.0461
0;0.2353;0.5831;-0.0548;0.075
0;0.2325;0.4965;-0.3581;0.0733
0;0.2291;0.4397;-0.6812;0.042
0;0.2293;0.4415;-0.6129;0.0184
0;0.2249;0.3864;-0.9919;-0.0374
0;0.217;0.3296;-1.0;-0.148
2;0.2132;0.3189;-1.0;-0.266
0;0.2144;0.295;-0.9478;-0.3458
0;0.2135;0.3206;-0.8396;-0.413
0;0.2122;0.2211;-0.8874;-0.4725
0;0.2162;0.2835;-0.7406;-0.4805
0;0.2132;0.2172;-0.8406;-0.5069
0;0.2186;0.3273;-0.5342;-0.4766
0;0.2162;0.3052;-0.6419;-0.4674
0;0.2191;0.3141;-0.2895;-0.4307
1;0.2211;0.366;-0.0153;-0.3806
0;0.2209;0.3962;-0.0379;-0.3388
0;0.2238;0.4349;0.0;-0.2777
0;0.2241;0.489;-0.1149;-0.2243
0;0.2239;0.6135;-0.1366;-0.1814
0;0.2275;0.7377;-0.0872;-0.1149
0;0.2285;0.736;-0.0357;-0.0527
0;0.2313;0.7807;-0.018;0.0206
0;0.2338;0.8282;-0.0114;0.0995
0;0.2348;0.8111;-0.011;0.1692
0;0.2355;0.9027;-0.0389;0.2278
0;0.2338;0.8178;-0.1582;0.2574
0;0.2338;0.9056;-0.1645;0.278
0;0.2334;0.8738;-0.1908;0.2881
0;0.2387;0.8926;-0.1228;0.338
0;0.2447;0.9211;-0.0106;0.4242
0;0.2461;0.9167;-0.0406;0.4995
0;0.2473;0.9195;-0.0737;0.5637
0;0.2472;0.9226;-0.0806;0.6076
1;0.2493;0.9179;-0.0153;0.653
0;0.2499;0.9167;-0.0783;0.6874
0;0.2513;0.9119;-0.0402;0.7191
0;0.2536;0.9112;-0.0083;0.7561
0;0.255;0.9125;-0.0116;0.7891
0;0.257;0.917;-0.0657;0.8233
0;0.2565;0.9621;-0.1067;0.8375
0;0.2586;0.9652;-0.0843;0.858
0;0.2598;0.9797;-0.0237;0.8753
0;0.2582;0.9066;-0.1341;0.8655
0;0.2557;0.7682;-0.3712;0.8272
0;0.2532;0.6638;-0.6847;0.767
0;0.2549;0.6723;-0.4914;0.7264
0;0.2498;0.5479;-0.9333;0.6433
2;0.2509;0.5319;-0.8333;0.5805
0;0.2497;0.4965;-0.876;0.5146
0;0.248;0.4399;-0.8675;0.443
0;0.2472;0.3745;-0.7609;0.3748
0;0.2493;0.3901;-0.6413;0.3345
0;0.2571;0.5014;-0.1176;0.3654
0;0.2582;0.5256;-0.0471;0.3954
0;0.2624;0.5535;-0.0327;0.4504
0;0.2626;0.5412;-0.1064;0.4912
0;0.2631;0.5755;-0.1189;0.5221
0;0.2636;0.6292;-0.0984;0.5449
0;0.2646;0.6965;-0.0533;0.5658
0;0.2637;0.6546;-0.0943;0.5683
0;0.2586;0.6568;-0.3632;0.5216
0;0.2585;0.6382;-0.5098;0.4777
0;0.2533;0.5576;-0.957;0.3944
0;0.2532;0.5873;-0.9642;0.3238
2;0.2556;0.6342;-0.7738;0.2846
0;0.2575;0.6332;-0.6254;0.2673
0;0.2601;0.5596;-0.4193;0.2732
0;0.2626;0.5809;-0.2329;0.2955
0;0.263;0.5145;-0.3488;0.314
1;0.2614;0.4742;-0.4535;0.3109
0;0.2566;0.3882;-0.75;0.2646
0;0.2591;0.4286;-0.593;0.2468
0;0.2628;0.4729;-0.3663;0.2612
0;0.2606;0.4564;-0.5;0.2514
2;0.2668;0.6124;-0.1342;0.2935
0;0.2641;0.5725;-0.3289;0.3005
1;0.2618;0.6188;-0.4899;0.2838
0;0.2518;0.4847;-0.8824;0.1826
0;0.251;0.4482;-0.9189;0.0938
0;0.2548;0.4706;-0.6898;0.0554
2;0.2468;0.3709;-0.9772;-0.043
0;0.2512;0.393;-0.6486;-0.0835
0;0.2539;0.4175;-0.5367;-0.0915
0;0.2498;0.4006;-0.7027;-0.1309
0;0.2552;0.488;-0.4806;-0.1154
0;0.255;0.4633;-0.4286;-0.1034
1;0.2539;0.4171;-0.3103;-0.1025
0;0.2573;0.4702;-0.0977;-0.0713
0;0.2521;0.364;-0.4195;-0.0904
0;0.2758;0.578;-0.0328;0.0965
0;0.2755;0.5936;-0.041;0.2403
0;0.2744;0.6759;-0.09;0.3416
0;0.2761;0.6931;-0.03;0.432
0;0.2744;0.6557;-0.09;0.4843
0;0.2772;0.763;-0.0181;0.5443
0;0.2774;0.7448;-0.0109;0.5873
0;0.2774;0.7311;-0.0285;0.615
0;0.2761;0.7724;-0.0783;0.6191
0;0.28;0.7655;-0.0696;0.6492
0;0.2762;0.7114;-0.5;0.6342
0;0.2826;0.7589;-0.0937;0.6697
0;0.2765;0.6651;-0.6471;0.639
0;0.2746;0.7048;-0.8167;0.5912
0;0.2743;0.4762;-0.8417;0.545
0;0.2708;0.4324;-0.9139;0.4734
0;0.2748;0.5062;-0.6129;0.4461
2;0.2683;0.4084;-1.0;0.3643
0;0.2645;0.3895;-0.9762;0.2641
0;0.2644;0.3468;-0.9159;0.1809
0;0.2615;0.3221;-0.865;0.0895
0;0.2649;0.3699;-0.7137;0.0452
0;0.2635;0.3691;-0.7026;-0.0021
0;0.2635;0.3128;-0.6979;-0.0394
0;0.2645;0.3583;-0.633;-0.0595
0;0.2662;0.2762;-0.5372;-0.0605
1;0.2659;0.3283;-0.475;-0.063
0;0.2621;0.3095;-0.6387;-0.0969
0;0.257;0.27;-1.0;-0.1655
0;0.2536;0.27;-0.7729;-0.2471
0;0.254;0.1911;-0.7536;-0.3057
2;0.2588;0.3528;-0.5024;-0.3072
0;0.2597;0.4168;-0.4586;-0.298
0;0.257;0.3845;-0.5949;-0.3099
0;0.2559;0.406;-0.6533;-0.3257
1;0.2568;0.3515;-0.6095;-0.3274
0;0.2584;0.4069;-0.4976;-0.3117
0;0.2599;0.4376;-0.2239;-0.2832
0;0.2606;0.4322;-0.0832;-0.2514
0;0.2645;0.4721;-0.0297;-0.1908
0;0.2639;0.4678;-0.2083;-0.1458
0;0.2623;0.5037;-0.3264;-0.1225
0;0.2665;0.6668;-0.1076;-0.0676
0;0.2698;0.7883;-0.0222;0.0044
0;0.2634;0.6377;-0.4;0.0067
0;0.2686;0.6421;-0.106;0.0532
0;0.2706;0.6534;-0.1484;0.1061
0;0.27;0.6919;-0.2;0.141
0;0.2705;0.7208;-0.1765;0.1719
0;0.2718;0.7247;-0.2875;0.2056
0;0.2725;0.7168;-0.2438;0.2355
0;0.2766;0.7373;-0.007;0.2911
0;0.274;0.6811;-0.1958;0.3101
0;0.2719;0.6059;-0.3497;0.3042
0;0.2748;0.6448;-0.1709;0.3203
0;0.2751;0.6771;-0.1638;0.3328
0;0.2725;0.587;-0.4052;0.3168
2;0.2733;0.5543;-0.3362;0.3071
0;0.2718;0.654;-0.7971;0.2835
0;0.2757;0.6364;-0.2029;0.2955
0;0.2755;0.6016;-0.5225;0.3002
0;0.2757;0.6215;-0.5045;0.3023
0;0.2768;0.6304;-0.3964;0.3104
0;0.274;0.5421;-0.6727;0.2894
1;0.2787;0.6044;-0.2389;0.3099
0;0.2807;0.5748;-0.1157;0.3395
0;0.2805;0.6283;-0.1322;0.3576
0;0.2794;0.6525;-0.2414;0.3585
0;0.2776;0.5605;-0.4273;0.3402
0;0.276;0.5172;-0.5818;0.3086
0;0.2731;0.5114;-0.8261;0.2556
2;0.2765;0.5582;-0.513;0.2399
0;0.2768;0.5964;-0.4783;0.2282
0;0.2765;0.5165;-0.513;0.2134
0;0.2752;0.4941;-0.6261;0.189
0;0.2743;0.4713;-0.713;0.1598
1;0.2744;0.448;-0.6909;0.1359
0;0.2699;0.4179;-0.9431;0.0772
0;0.2696;0.2805;-0.9204;0.0278
0;0.2668;0.1783;-0.964;-0.0355
0;0.2664;0.1767;-0.8571;-0.0882
0;0.2703;0.3168;-0.5963;-0.0951
0;0.2722;0.3916;-0.472;-0.0836
0;0.2692;0.3705;-0.6708;-0.0992
0;0.2686;0.4071;-0.6357;-0.1153
0;0.2708;0.375;-0.4574;-0.1083
1;0.2729;0.4186;-0.2397;-0.084
0;0.2755;0.4823;-0.1045;-0.0416
0;0.2738;0.4739;-0.2388;-0.0221
0;0.273;0.4755;-0.306;-0.0138
0;0.2716;0.45;-0.4516;-0.0191
0;0.2689;0.4821;-0.6774;-0.0454
0;0.2679;0.4688;-0.7661;-0.0745
0;0.2668;0.5;-0.7985;-0.1063
0;0.2598;0.3971;-0.9784;-0.1894
0;0.259;0.3039;-0.9356;-0.2593
0;0.26;0.2806;-0.8638;-0.3035
0;0.2598;0.3122;-0.8717;-0.3368
0;0.2587;0.3064;-0.8433;-0.3683
0;0.2601;0.2828;-0.7562;-0.3779
0;0.2565;0.188;-0.9162;-0.4113
0;0.2558;0.0939;-0.956;-0.4397
0;0.2593;0.222;-0.6928;-0.4276
0;0.2641;0.3535;-0.0996;-0.3723
0;0.2664;0.4172;-0.0083;-0.3055
0;0.2672;0.4703;-0.0929;-0.2431
0;0.2692;0.5217;-0.0633;-0.1745
1;0.2679;0.5183;-0.1519;-0.1299
0;0.2664;0.6348;-0.2468;-0.1054
0;0.2646;0.6089;-0.3671;-0.1004
0;0.2617;0.5308;-0.5855;-0.1204
0;0.2662;0.6006;-0.2971;-0.0961
2;0.2699;0.6612;-0.2741;-0.0445
0;0.2681;0.6146;-0.4211;-0.0187
0;0.2681;0.6826;-0.4211;0.0018
0;0.2699;0.7159;-0.2782;0.0333
1;0.269;0.6604;-0.3534;0.0497
0;0.2701;0.6129;-0.2632;0.0717
0;0.2696;0.5632;-0.3083;0.0835
0;0.2664;0.486;-0.5564;0.0653
0;0.2687;0.4913;-0.4202;0.0696
0;0.2681;0.5053;-0.6087;0.0674
0;0.2676;0.5221;-0.6341;0.0601
2;0.2718;0.6263;-0.1294;0.0892
0;0.2663;0.5759;-0.8;0.0652
0;0.2652;0.4808;-0.6202;0.036
0;0.2728;0.5457;-0.2833;0.0771
0;0.2759;0.6199;-0.1;0.1353
0;0.274;0.5856;-0.2111;0.1635
0;0.2685;0.4813;-0.5333;0.1373
0;0.2642;0.4427;-0.7833;0.0788
0;0.257;0.362;-1.0;-0.0294
0;0.2516;0.3285;-1.0;-0.1603
2;0.2394;0.2802;-0.6505;-0.365
0;0.234;0.2312;-0.7427;-0.5684
0;0.2441;0.3376;-0.5712;-0.6371
0;0.2488;0.3796;-0.4784;-0.6449
0;0.2471;0.3371;-0.5;-0.6579
0;0.246;0.3573;-0.4991;-0.6709
0;0.2388;0.3292;-0.5988;-0.7353
1;0.2438;0.3062;-0.4449;-0.7354
0;0.2462;0.2991;-0.3341;-0.7076
0;0.2426;0.2923;-0.212;-0.7088
0;0.25;0.3807;-0.0173;-0.6394
0;0.2466;0.3849;-0.3911;-0.6069
0;0.2496;0.449;-0.2733;-0.549
0;0.2473;0.4692;-0.4128;-0.517
0;0.2443;0.5402;-0.5988;-0.5121
0;0.2469;0.6122;-0.436;-0.4802
2;0.2478;0.5383;-0.4;-0.4427
0;0.246;0.4697;-0.6159;-0.4238
0;0.2428;0.4536;-0.8041;-0.4319
0;0.2428;0.4649;-0.8041;-0.4337
0;0.239;0.5022;-0.9034;-0.4627
0;0.2403;0.4548;-0.7961;-0.4694
0;0.2415;0.4383;-0.6397;-0.4592
0;0.2474;0.5606;-0.1957;-0.3963
0;0.2439;0.4158;-0.4638;-0.3723
0;0.2437;0.4566;-0.4783;-0.3512
1;0.2495;0.4987;-0.089;-0.2815
0;0.2465;0.4892;-0.3031;-0.2489
0;0.2468;0.5379;-0.2824;-0.2181
0;0.2573;0.6248;-0.0575;-0.1029
0;0.2609;0.6485;-0.0873;0.0199
0;0.2639;0.6974;-0.127;0.1416
0;0.2674;0.7703;-0.041;0.2661
0;0.2674;0.7703;-0.0854;0.3613
0;0.2679;0.8422;-0.0676;0.4366
0;0.2669;0.816;-0.1068;0.4823
0;0.2666;0.8048;-0.1174;0.5108
0;0.2697;0.7909;-0.014;0.5546
0;0.2707;0.8742;-0.042;0.5914
0;0.2707;0.8789;-0.073;0.6141
0;0.2731;0.8661;-0.0132;0.6458
0;0.271;0.8899;-0.3885;0.646
0;0.278;0.9093;-0.1235;0.6987
0;0.2812;0.8882;-0.0168;0.7605
0;0.2774;0.7654;-0.2842;0.7685
0;0.2784;0.7492;-0.2316;0.7748
0;0.2813;0.7441;-0.0802;0.7968
0;0.2792;0.6928;-0.2258;0.7878
0;0.2764;0.6297;-0.4129;0.7487
0;0.2757;0.6353;-0.5373;0.7035
0;0.2741;0.6119;-0.6929;0.6474
0;0.2728;0.5479;-0.9107;0.5849
2;0.2724;0.5274;-0.8833;0.5263
0;0.2726;0.5303;-0.782;0.4761
0;0.27;0.4518;-0.8759;0.4096
0;0.2681;0.4545;-0.9484;0.3365
0;0.2666;0.2821;-0.9533;0.2624
0;0.2667;0.1833;-0.9281;0.2021
0;0.2511;0.1215;-0.8721;0.0206
0;0.2567;0.2244;-0.6767;-0.0754
0;0.2569;0.1654;-0.67;-0.1486
0;0.2599;0.241;-0.534;-0.1795
0;0.2623;0.3083;-0.4322;-0.1815
0;0.2642;0.3492;-0.3446;-0.165
1;0.2628;0.351;-0.3292;-0.1616
0;0.2613;0.3492;-0.364;-0.1702
0;0.261;0.3501;-0.3689;-0.1776
0;0.2618;0.3598;-0.2574;-0.1751
0;0.2611;0.3786;-0.3315;-0.1769
2;0.2642;0.4481;-0.2328;-0.1505
0;0.2629;0.4515;-0.3932;-0.1386
0;0.2582;0.4;-0.8796;-0.1676
0;0.2633;0.6918;-0.3889;-0.1456
0;0.2634;0.6277;-0.3796;-0.1259
0;0.2601;0.5556;-0.6944;-0.1367
0;0.2561;0.4385;-0.9435;-0.1779
0;0.2565;0.3986;-0.9113;-0.2053
0;0.2507;0.2908;-0.9831;-0.2742
0;0.2538;0.368;-0.7268;-0.2988
0;0.2573;0.4441;-0.5412;-0.2857
0;0.261;0.5;-0.2601;-0.2407
0;0.256;0.4342;-0.525;-0.2449
0;0.2517;0.4008;-0.8062;-0.2822
1;0.2553;0.4068;-0.5108;-0.2786
0;0.2577;0.4462;-0.3309;-0.2524
0;0.2625;0.5439;-0.0069;-0.1876
0;0.2624;0.4892;-0.1069;-0.1362
0;0.2617;0.4808;-0.1509;-0.1
0;0.2661;0.5646;-0.0321;-0.0329
0;0.2638;0.5866;-0.1859;7.0E-4
0;0.2602;0.5394;-0.4231;-0.0029
0;0.255;0.5467;-0.6927;-0.05
0;0.2539;0.5005;-0.7623;-0.0964
0;0.2512;0.4307;-0.8936;-0.1548
2;0.2454;0.3304;-0.8833;-0.2484
0;0.2393;0.3227;-0.9792;-0.3712
0;0.244;0.4192;-0.8094;-0.4238
0;0.2448;0.3833;-0.7816;-0.4542
0;0.2376;0.2977;-0.99;-0.5347
0;0.2381;0.2311;-0.928;-0.5876
0;0.2281;0.1899;-0.9838;-0.7083
0;0.2303;0.2238;-0.9094;-0.777
0;0.2211;0.1349;-0.8828;-0.9008
0;0.2211;0.1401;-0.8685;-0.9887
0;0.2257;0.2131;-0.7152;-1.009
0;0.2237;0.2254;-0.7742;-1.0306
0;0.2291;0.297;-0.5968;-0.9916
0;0.2263;0.2965;-0.6852;-0.9742
1;0.2232;0.3102;-0.7366;-0.9763
0;0.2297;0.419;-0.3265;-0.9119
0;0.2267;0.3491;-0.3526;-0.8769
0;0.2205;0.3062;-0.7483;-0.8933
0;0.2231;0.3754;-0.6061;-0.8746
0;0.2273;0.4125;-0.2727;-0.8146
0;0.221;0.4393;-0.7652;-0.8119
2;0.2214;0.421;-0.6831;-0.7979
0;0.2187;0.4757;-0.8803;-0.8013
0;0.2174;0.4631;-0.9627;-0.807
0;0.2383;0.5937;-0.1155;-0.6251
0;0.2425;0.6343;-0.0862;-0.4399
0;0.2495;0.6432;-0.0398;-0.2294
0;0.2555;0.696;-0.0315;-0.0104
0;0.2552;0.7231;-0.0387;0.1598
1;0.2564;0.7006;-0.0097;0.302
0;0.2572;0.7368;-0.0629;0.4174
0;0.2522;0.7527;-0.1775;0.462
0;0.2542;0.75;-0.1326;0.5087
0;0.2569;0.7436;-0.1099;0.5631
0;0.255;0.8024;-0.2092;0.5843
0;0.2528;0.7704;-0.4244;0.576
2;0.2591;0.8276;-0.0781;0.6166
0;0.2598;0.8479;-0.0234;0.6478
0;0.2595;0.7626;-0.0758;0.6631
0;0.2588;0.7218;-0.1288;0.6623
0;0.2621;0.6901;-0.0261;0.6825
0;0.2612;0.6021;-0.1515;0.6839
0;0.2666;0.6725;-0.1152;0.7236
0;0.2644;0.6176;-0.3279;0.7283
0;0.269;0.6565;-0.0656;0.7636
0;0.2675;0.7207;-0.1609;0.7703
0;0.2671;0.6959;-0.1939;0.7641
0;0.2692;0.6905;-0.0606;0.7691
0;0.2722;0.7557;-0.1185;0.7903
0;0.2736;0.8171;-0.0521;0.8101
0;0.2722;0.7361;-0.1429;0.8056
0;0.2731;0.7379;-0.1135;0.8009
0;0.2687;0.6446;-0.4326;0.7518
0;0.27;0.6716;-0.4849;0.7158
0;0.2694;0.6226;-0.5455;0.675
2;0.2713;0.6636;-0.3434;0.652
0;0.2748;0.6412;-0.188;0.6565
0;0.2749;0.6953;-0.1927;0.6539
1;0.277;0.664;-0.009;0.6629
0;0.2742;0.6309;-0.2727;0.6391
0;0.2688;0.527;-0.7818;0.5671
0;0.2729;0.5554;-0.3999;0.5392
0;0.269;0.4516;-0.7636;0.4784
0;0.2698;0.4437;-0.7493;0.4328
2;0.2692;0.4529;-0.8192;0.3866
0;0.2693;0.4413;-0.5369;0.3477
1;0.2751;0.5956;-0.1409;0.3621
0;0.2753;0.5823;-0.1275;0.3714
0;0.2719;0.5352;-0.3493;0.3457
0;0.2747;0.5468;-0.1448;0.3459
0;0.2761;0.5184;-0.0738;0.3539
0;0.2771;0.532;-0.1387;0.3655
0;0.2752;0.4732;-0.2543;0.3543
0;0.2743;0.5015;-0.3064;0.3342
0;0.2751;0.6132;-0.2601;0.3215
0;0.2772;0.5843;-0.2396;0.3263
0;0.2791;0.7114;-0.0421;0.3423
0;0.2725;0.5443;-0.7579;0.295
0;0.2679;0.4812;-0.7727;0.2157
0;0.2667;0.462;-0.8506;0.1411
0;0.2617;0.3026;-0.8792;0.0386
0;0.2577;0.2661;-0.9325;-0.0773
2;0.2554;0.2747;-1.0;-0.1868
0;0.2585;0.2804;-0.7465;-0.2446
0;0.2583;0.2514;-0.7535;-0.2892
0;0.2634;0.3268;-0.5704;-0.2783
0;0.2602;0.3167;-0.6799;-0.294
0;0.2599;0.3213;-0.5743;-0.3057
1;0.2585;0.2976;-0.5789;-0.3233
0;0.2628;0.3326;-0.1594;-0.2974
0;0.2597;0.2813;-0.3588;-0.3002
2;0.2604;0.3426;-0.3053;-0.2935
0;0.2687;0.5093;-0.2903;-0.2148
0;0.2726;0.5652;-0.1684;-0.1174
0;0.2723;0.6311;-0.1862;-0.0419
0;0.2774;0.74;-0.0507;0.0618
0;0.2818;0.8045;-0.0309;0.1801
0;0.2816;0.7855;-0.0543;0.2697
0;0.2818;0.7904;-0.0471;0.3392
0;0.2831;0.7686;-0.0116;0.401
0;0.2816;0.8073;-0.0695;0.433
0;0.2834;0.8231;-0.04;0.4686
0;0.2839;0.8571;-0.0503;0.4957
0;0.2836;0.8297;-0.1902;0.5094
0;0.2833;0.9116;-0.2429;0.5123
0;0.284;0.9116;-0.3034;0.5149
0;0.284;0.8756;-0.4154;0.5115
0;0.2829;0.7944;-0.5846;0.4943
0;0.281;0.7296;-0.8769;0.4598
0;0.2822;0.6581;-0.5769;0.4376
0;0.2792;0.4043;-0.76;0.3899
2;0.2813;0.4907;-0.5192;0.3664
0;0.2821;0.509;-0.4423;0.3505
0;0.2807;0.426;-0.5612;0.322
0;0.2804;0.4586;-0.5556;0.2935
0;0.2799;0.375;-0.5882;0.2639
1;0.2847;0.5238;-0.0116;0.2791
0;0.2704;0.2973;-0.9673;0.1665
0;0.2661;0.2647;-0.9143;0.0397
0;0.2708;0.3373;-0.6857;-0.0209
0;0.2754;0.4048;-0.4619;-0.0296
0;0.2796;0.4656;-0.2571;-6.0E-4
2;0.2807;0.4959;-0.2048;0.0314
0;0.2786;0.4624;-0.3057;0.0387
1;0.2824;0.5329;-0.1183;0.0767
0;0.2826;0.5136;-0.1087;0.1074
0;0.2877;0.5546;-0.0084;0.1739
0;0.2894;0.5847;-0.0959;0.2386
0;0.2912;0.6017;-0.0522;0.3021
0;0.2925;0.6173;-0.0367;0.3605
0;0.2926;0.5802;-0.1058;0.4036
0;0.2932;0.8212;-0.0934;0.4383
0;0.2941;0.9357;-0.0492;0.4685
0;0.2942;0.925;-0.0489;0.4881
0;0.3012;0.931;-0.0288;0.5576
0;0.3007;0.9026;-0.0761;0.6023
0;0.302;0.9033;-0.0994;0.642
0;0.3028;0.9805;-0.0593;0.6731
0;0.3037;0.9779;-0.172;0.698
0;0.3025;0.928;-0.2583;0.7002
0;0.3001;0.8029;-0.4228;0.6745
0;0.3002;0.7865;-0.4397;0.6479
0;0.3022;0.7887;-0.3043;0.6367
0;0.3011;0.7277;-0.453;0.612
2;0.3021;0.74;-0.5443;0.5944
0;0.3029;0.7426;-0.443;0.5809
1;0.3052;0.7604;-0.1392;0.5841
0;0.3049;0.7489;-0.2169;0.578
0;0.3043;0.6;-0.3483;0.5612
0;0.3034;0.5849;-0.4494;0.5344
0;0.3043;0.5769;-0.3371;0.5161
0;0.3036;0.5256;-0.427;0.4894
2;0.3067;0.5866;-0.0706;0.49
0;0.306;0.6034;-0.1757;0.4794
0;0.3021;0.5526;-0.5761;0.4325
0;0.2997;0.4883;-0.6471;0.371
0;0.3001;0.4467;-0.6134;0.3219
0;0.3012;0.5025;-0.521;0.289
2;0.3046;0.5586;-0.2203;0.2893
0;0.3054;0.5586;-0.1525;0.2931
0;0.3077;0.5566;-0.0752;0.3122
1;0.3083;0.5759;-0.1937;0.3289
0;0.3105;0.6333;-0.0732;0.3578
0;0.3102;0.6468;-0.0976;0.3734
0;0.3092;0.6043;-0.1585;0.3734
0;0.3105;0.6473;-0.0822;0.3811
0;0.313;0.6368;-0.076;0.404
0;0.3134;0.6623;-0.069;0.4211
0;0.3126;0.7688;-0.16;0.4234
0;0.3095;0.7391;-0.5161;0.3941
0;0.3034;0.5623;-1.0;0.315
0;0.3092;0.6294;-0.3778;0.2986
0;0.3054;0.5127;-0.6593;0.2508
2;0.3048;0.4904;-0.7037;0.2055
0;0.3079;0.5031;-0.4741;0.1935
0;0.3033;0.4298;-0.8222;0.1427
0;0.305;0.4218;-0.6866;0.1163
0;0.3058;0.4392;-0.6241;0.1009
0;0.3084;0.4894;-0.3391;0.1094
0;0.3113;0.5102;-0.1167;0.1399
0;0.3082;0.4389;-0.3833;0.1358
1;0.3055;0.4057;-0.6134;0.1086
0;0.3096;0.4661;-0.2689;0.1202
0;0.3098;0.5035;-0.2521;0.1298
0;0.3087;0.5718;-0.3727;0.1268
2;0.3119;0.54;-0.0792;0.1506
0;0.3123;0.6108;-0.0767;0.1711
0;0.3108;0.5937;-0.2563;0.1728
0;0.3132;0.585;-0.0788;0.1926
0;0.3121;0.6594;-0.1751;0.1968
0;0.312;0.6337;-0.1838;0.1972
0;0.312;0.6224;-0.2157;0.1954
0;0.3078;0.4885;-0.7711;0.1558
0;0.3008;0.3305;-0.7701;0.064
2;0.2991;0.3468;-0.8297;-0.0233
0;0.2992;0.3833;-0.8242;-0.091
0;0.2996;0.2874;-0.8022;-0.14
0;0.3018;0.3432;-0.6813;-0.1586
0;0.3009;0.3458;-0.7308;-0.1791
0;0.299;0.2292;-0.8352;-0.2094
0;0.2989;0.2152;-0.8407;-0.2319
0;0.302;0.3241;-0.6407;-0.221
0;0.3008;0.2407;-0.4217;-0.2202
0;0.3029;0.3147;-0.31;-0.1996
0;0.3012;0.2959;-0.5106;-0.1955
0;0.3033;0.3472;-0.2872;-0.1726
1;0.3042;0.4291;-0.1915;-0.1451
0;0.3022;0.5343;-0.4043;-0.1387
0;0.3013;0.5561;-0.5;-0.1398
0;0.3006;0.5347;-0.5745;-0.1451
0;0.2993;0.4929;-0.5447;-0.1587
0;0.3068;0.5947;-0.0839;-0.1045
0;0.3074;0.6245;-0.1274;-0.0557
0;0.3109;0.7158;-0.0699;0.0136
0;0.3074;0.6358;-0.3568;0.0378
0;0.3109;0.6415;-0.1878;0.0867
1;0.311;0.6678;-0.1831;0.1252
0;0.3143;0.6803;-0.0676;0.182
0;0.313;0.6889;-0.1416;0.2138
0;0.2979;0.4395;-0.807;0.1087
0;0.2992;0.4444;-0.75;0.0357
0;0.2979;0.4515;-0.807;-0.0331
0;0.2964;0.4444;-0.8772;-0.1005
2;0.2946;0.4338;-0.9356;-0.1676
0;0.2983;0.4897;-0.7692;-0.1868
0;0.2967;0.3808;-0.8419;-0.2142
0;0.2958;0.3643;-0.8803;-0.241
0;0.2957;0.3056;-0.8846;-0.2605
0;0.292;0.3048;-0.9479;-0.3042
0;0.29;0.2231;-0.8952;-0.3522
0;0.2928;0.2745;-0.6612;-0.3628
0;0.2908;0.2;-0.8037;-0.3841
0;0.297;0.3176;-0.1942;-0.3446
0;0.297;0.4829;-0.314;-0.3098
0;0.298;0.4793;-0.2231;-0.2699
1;0.2991;0.5208;-0.1322;-0.2263
0;0.3033;0.6115;-0.0329;-0.1543
0;0.302;0.6214;-0.3128;-0.1068
0;0.3037;0.5937;-0.2256;-0.0539
0;0.3033;0.6218;-0.2623;-0.0151
0;0.3049;0.6631;-0.1749;0.0291
0;0.303;0.6233;-0.2914;0.0477
0;0.3016;0.6751;-0.4851;0.05
0;0.302;0.7318;-0.4552;0.0546
0;0.3027;0.7083;-0.5192;0.0636
0;0.3042;0.7872;-0.4483;0.0826
2;0.3016;0.6181;-0.7927;0.0749
0;0.302;0.6256;-0.6613;0.0713
1;0.2996;0.537;-0.8784;0.0476
