0;0.2172;0.5779;-0.0914;0.063
0;0.214;0.4872;-0.422;0.0667
0;0.2158;0.5998;-0.2454;0.0874
0;0.217;0.6412;-0.1227;0.1154
0;0.2201;0.6716;-0.0481;0.1696
0;0.2198;0.6937;-0.0769;0.21
0;0.2168;0.5941;-0.435;0.2107
0;0.2178;0.5897;-0.339;0.2209
0;0.2173;0.6013;-0.4072;0.2233
0;0.2173;0.6389;-0.4132;0.2237
2;0.2173;0.5714;-0.4072;0.2238
0;0.2165;0.6012;-0.491;0.2136
0;0.2151;0.5606;-0.7133;0.1878
0;0.2144;0.5111;-0.8571;0.1575
0;0.217;0.4957;-0.5214;0.1547
0;0.2204;0.661;-0.1;0.1794
0;0.2191;0.5836;-0.259;0.1859
0;0.2197;0.571;-0.1871;0.1938
0;0.2183;0.4467;-0.3597;0.1864
0;0.2185;0.4613;-0.3381;0.1801
0;0.2193;0.5846;-0.2302;0.1804
2;0.2191;0.5488;-0.2518;0.1773
0;0.219;0.5625;-0.2681;0.172
0;0.209;0.3253;-0.727;0.0808
0;0.2134;0.4297;-0.4642;0.0454
0;0.2117;0.4162;-0.5651;0.0024
0;0.2081;0.3879;-0.7774;-0.0614
0;0.2061;0.3728;-0.8973;-0.1281
0;0.2081;0.3592;-0.7774;-0.1622
0;0.2036;0.2435;-0.9746;-0.2262
0;0.2081;0.3481;-0.7206;-0.2354
0;0.208;0.336;-0.7302;-0.2416
0;0.2087;0.3632;-0.6436;-0.2377
0;0.2061;0.3354;-0.724;-0.2538
0;0.207;0.3354;-0.6201;-0.2566
1;0.2074;0.3449;-0.4933;-0.2522
0;0.2072;0.3439;-0.4194;-0.248
0;0.2097;0.5113;-0.0726;-0.2212
0;0.211;0.4559;-0.0143;-0.1866
0;0.215;0.5562;-0.0363;-0.1235
0;0.2169;0.6571;-0.0875;-0.0565
0;0.2175;0.7149;-0.1513;0.0023
0;0.2149;0.6258;-0.3173;0.0267
0;0.215;0.7544;-0.31;0.0466
0;0.2124;0.6039;-0.4924;0.0396
0;0.2144;0.6429;-0.3983;0.0501
0;0.2163;0.6618;-0.2891;0.0747
2;0.2158;0.7249;-0.3365;0.089
0;0.2175;0.7347;-0.2193;0.1134
0;0.2169;0.7107;-0.2865;0.1265
1;0.2191;0.7435;-0.0679;0.1544
0;0.2191;0.715;-0.0837;0.1747
0;0.218;0.6601;-0.2129;0.1791
0;0.2156;0.5144;-0.4423;0.16
0;0.2155;0.4633;-0.4477;0.1428
0;0.2156;0.448;-0.4368;0.1288
2;0.2184;0.5955;-0.1747;0.1398
0;0.216;0.5242;-0.6134;0.127
0;0.2158;0.5939;-0.6471;0.1135
0;0.2163;0.5591;-0.5714;0.1062
1;0.2186;0.5672;-0.3358;0.1188
0;0.2165;0.5192;-0.5985;0.1099
0;0.2168;0.4808;-0.562;0.1041
0;0.2171;0.506;-0.5255;0.1009
0;0.219;0.4947;-0.315;0.113
0;0.2185;0.4812;-0.4103;0.1174
0;0.2202;0.5629;-0.2403;0.1338
0;0.2221;0.6928;-0.1208;0.1615
0;0.2284;0.7781;-0.1429;0.235
0;0.2368;0.837;-0.0773;0.3623
0;0.2345;0.7588;-0.1796;0.4387
0;0.2355;0.8272;-0.1389;0.5025
0;0.2342;0.8008;-0.1919;0.5372
0;0.2374;0.8163;-0.0574;0.5852
0;0.2352;0.7496;-0.1626;0.5983
0;0.2385;0.8188;-0.0081;0.6301
0;0.2399;0.8247;-0.0346;0.6608
0;0.2453;0.8468;-0.0282;0.7239
0;0.2465;0.8442;-0.041;0.7757
0;0.243;0.7852;-0.2908;0.779
0;0.2456;0.7898;-0.1116;0.7953
0;0.2453;0.7749;-0.1315;0.7973
0;0.2457;0.7385;-0.166;0.7938
0;0.2461;0.6633;-0.1586;0.7856
2;0.2453;0.7035;-0.2207;0.7644
0;0.2451;0.686;-0.3011;0.7376
0;0.2491;0.759;-0.0318;0.743
0;0.2527;0.7628;-0.0115;0.7697
0;0.251;0.7767;-0.2434;0.7683
0;0.248;0.6687;-0.5731;0.7337
0;0.2477;0.6427;-0.6082;0.6957
1;0.2466;0.5276;-0.7193;0.649
0;0.2475;0.5228;-0.6257;0.6132
2;0.2456;0.5613;-0.8187;0.5624
0;0.2484;0.5649;-0.538;0.5398
0;0.2509;0.6186;-0.2981;0.5379
0;0.2484;0.5528;-0.5652;0.5096
0;0.2474;0.5252;-0.677;0.4731
0;0.2492;0.5714;-0.3684;0.455
0;0.2479;0.5495;-0.5041;0.4246
0;0.2454;0.4307;-0.8618;0.3747
2;0.2484;0.4183;-0.439;0.3568
0;0.2453;0.3975;-0.8699;0.313
0;0.2447;0.4354;-0.8667;0.2702
0;0.2401;0.3721;-0.9209;0.1941
0;0.2393;0.3765;-0.9167;0.1256
0;0.2368;0.3277;-0.9231;0.0493
0;0.236;0.3391;-0.8783;-0.0186
0;0.2368;0.2942;-0.8289;-0.0646
0;0.2374;0.2412;-0.7634;-0.0953
0;0.2398;0.3333;-0.6069;-0.0984
0;0.2429;0.4198;-0.4008;-0.0733
0;0.2421;0.3675;-0.3783;-0.0597
1;0.2419;0.3843;-0.2407;-0.0495
0;0.2447;0.4866;-0.021;-0.0177
0;0.2359;0.3042;-0.81;-0.0667
0;0.2376;0.3723;-0.6207;-0.0907
0;0.2412;0.4477;-0.3103;-0.0775
0;0.2432;0.5505;-0.2277;-0.05
0;0.249;0.6353;-0.1165;0.0217
0;0.2461;0.6277;-0.2783;0.0532
1;0.2444;0.6137;-0.3722;0.0631
0;0.2461;0.6221;-0.2783;0.0846
0;0.2462;0.6175;-0.2718;0.1016
0;0.2492;0.6236;-0.1687;0.1391
0;0.251;0.6108;-0.1149;0.183
0;0.2517;0.6311;-0.1955;0.2211
0;0.2469;0.5601;-0.5837;0.2082
0;0.2446;0.4986;-0.8206;0.1761
0;0.2417;0.5826;-0.7848;0.1247
0;0.2482;0.6334;-0.4485;0.1378
0;0.2518;0.6329;-0.2606;0.1772
0;0.2511;0.6039;-0.2939;0.201
0;0.2489;0.4992;-0.4091;0.1988
0;0.2528;0.5945;-0.2061;0.2281
1;0.251;0.5925;-0.3;0.2334
0;0.2515;0.5782;-0.2758;0.2391
0;0.2441;0.475;-0.6606;0.1783
0;0.2407;0.3997;-0.8318;0.0993
0;0.2425;0.3997;-0.7076;0.0518
2;0.2385;0.3562;-0.9369;-0.0202
0;0.2358;0.3733;-0.9535;-0.0995
0;0.2343;0.3799;-0.7871;-0.1742
0;0.2376;0.4523;-0.6538;-0.2031
0;0.2394;0.3865;-0.5837;-0.2084
0;0.2429;0.3846;-0.4272;-0.1806
0;0.2435;0.4012;-0.3943;-0.1514
0;0.2454;0.4544;-0.0495;-0.1105
1;0.2483;0.4391;-0.0117;-0.0529
0;0.248;0.4577;-0.0929;-0.0094
0;0.2418;0.3829;-0.3852;-0.0279
0;0.2459;0.5236;-0.1913;-0.0071
0;0.2442;0.5478;-0.3322;-0.0055
0;0.2439;0.5191;-0.4817;-0.0066
2;0.2485;0.6399;-0.1281;0.0316
0;0.2443;0.6138;-0.6323;0.0258
1;0.2461;0.6583;-0.4685;0.0363
0;0.2407;0.5399;-0.8457;-0.0014
0;0.2402;0.5107;-0.8485;-0.0354
0;0.2438;0.5122;-0.5258;-0.0312
2;0.2438;0.5039;-0.5258;-0.0276
0;0.2481;0.5335;-0.1443;0.0121
0;0.2476;0.4907;-0.1907;0.0389
0;0.248;0.5;-0.1961;0.063
1;0.2522;0.646;-0.0084;0.1169
0;0.2549;0.6316;-0.0407;0.1813
0;0.255;0.6667;-0.0656;0.2312
0;0.2584;0.7036;-0.0755;0.2966
0;0.2569;0.6292;-0.1598;0.3322
0;0.2566;0.7146;-0.2021;0.3543
0;0.259;0.7202;-0.0698;0.3881
0;0.2602;0.8866;-0.0277;0.4206
0;0.2578;0.8272;-0.2017;0.4219
0;0.2644;0.8441;-0.0245;0.4738
0;0.264;0.8343;-0.1299;0.5068
0;0.2634;0.789;-0.1942;0.5224
0;0.2645;0.8125;-0.1084;0.538
0;0.2658;0.8188;-0.1141;0.5561
0;0.2643;0.7393;-0.2432;0.5515
0;0.2682;0.7506;-0.021;0.575
0;0.2682;0.7501;-0.0919;0.5878
0;0.2685;0.717;-0.2251;0.5942
0;0.2677;0.737;-0.3127;0.5855
0;0.2624;0.6038;-0.809;0.5275
0;0.2641;0.5947;-0.6583;0.4911
0;0.2661;0.606;-0.4925;0.4738
0;0.2644;0.6199;-0.6382;0.4406
2;0.2602;0.417;-0.8834;0.3748
0;0.2606;0.4311;-0.749;0.3221
0;0.2634;0.4998;-0.5608;0.301
0;0.2611;0.4407;-0.6667;0.2618
0;0.264;0.4694;-0.451;0.2526
0;0.2681;0.5582;-0.0833;0.277
1;0.2704;0.5354;-0.0425;0.3128
0;0.2667;0.4769;-0.2857;0.3063
0;0.2708;0.53;-0.0229;0.3333
0;0.263;0.4486;-0.5305;0.2847
0;0.2609;0.4825;-0.6679;0.2254
0;0.2576;0.4251;-0.8817;0.1484
0;0.2571;0.3939;-0.8102;0.0821
0;0.2534;0.3755;-0.9838;-0.0029
2;0.2512;0.3928;-0.8479;-0.0883
0;0.2514;0.3911;-0.8296;-0.1526
0;0.2516;0.3502;-0.8222;-0.2002
0;0.2562;0.4408;-0.6296;-0.1966
0;0.2558;0.3958;-0.6289;-0.1947
0;0.253;0.3019;-0.6571;-0.2151
1;0.2568;0.3289;-0.306;-0.1965
0;0.2531;0.3284;-0.5268;-0.2116
0;0.2537;0.2626;-0.4732;-0.2158
0;0.2466;0.2679;-1.0;-0.2772
0;0.2507;0.3628;-0.6835;-0.2882
0;0.2424;0.3199;-0.9831;-0.3642
2;0.2437;0.3447;-0.7946;-0.4087
0;0.2493;0.4549;-0.5119;-0.392
0;0.2497;0.483;-0.4706;-0.3712
0;0.254;0.5274;-0.2446;-0.3145
0;0.2533;0.5178;-0.2215;-0.2724
1;0.2575;0.5136;-0.1062;-0.201
0;0.2617;0.5573;-0.0079;-0.1066
0;0.2611;0.5827;-0.0344;-0.0362
0;0.2663;0.5939;-0.0174;0.0637
0;0.2666;0.6441;-0.0317;0.1441
0;0.2614;0.5749;-0.2622;0.162
0;0.2642;0.6866;-0.2121;0.1979
0;0.2647;0.6608;-0.2292;0.228
0;0.2608;0.7364;-0.4452;0.2169
0;0.2534;0.6068;-0.9355;0.1425
2;0.2575;0.5941;-0.696;0.1178
0;0.2566;0.5777;-0.7546;0.0891
0;0.2576;0.5438;-0.6923;0.074
0;0.2605;0.5837;-0.5092;0.0863
0;0.2633;0.5696;-0.337;0.1185
0;0.2651;0.5433;-0.2234;0.1581
0;0.2609;0.4973;-0.3833;0.1517
0;0.2623;0.4491;-0.2775;0.157
0;0.2568;0.3902;-0.6872;0.1131
0;0.254;0.412;-0.85;0.0534
0;0.2552;0.389;-0.7667;0.0158
2;0.2504;0.3412;-0.9672;-0.0545
0;0.2548;0.4339;-0.6934;-0.0718
0;0.2493;0.4534;-0.6644;-0.1316
0;0.2522;0.4362;-0.5432;-0.153
0;0.258;0.5147;-0.2903;-0.119
0;0.2523;0.4491;-0.5079;-0.1387
0;0.2553;0.4488;-0.3491;-0.1281
0;0.2504;0.3797;-0.5643;-0.1598
1;0.2513;0.3688;-0.5249;-0.1754
0;0.2429;0.342;-0.895;-0.2569
2;0.2321;0.2722;-0.8616;-0.4102
0;0.2246;0.2642;-0.863;-0.59
0;0.226;0.291;-0.6848;-0.7134
0;0.227;0.2886;-0.6659;-0.7949
0;0.2242;0.2974;-0.7157;-0.8744
0;0.2263;0.2712;-0.6539;-0.9101
0;0.2298;0.3389;-0.5751;-0.8983
0;0.2271;0.292;-0.6354;-0.9032
0;0.2306;0.2638;-0.5275;-0.8678
0;0.2301;0.2896;-0.4417;-0.8346
1;0.2292;0.2442;-0.2152;-0.8067
0;0.2187;0.2195;-0.6504;-0.8659
0;0.2179;0.2042;-0.7304;-0.9099
0;0.2194;0.2626;-0.6649;-0.9223
2;0.2162;0.3106;-0.8037;-0.949
0;0.2184;0.4156;-0.7357;-0.9413
0;0.223;0.4619;-0.5259;-0.8865
0;0.2295;0.5282;-0.2262;-0.7784
0;0.2257;0.5167;-0.4005;-0.7173
0;0.2246;0.4817;-0.3639;-0.6711
1;0.2098;0.3232;-0.9597;-0.7531
0;0.2092;0.3362;-0.6542;-0.8147
0;0.21;0.3003;-0.6328;-0.8486
2;0.2149;0.3651;-0.4831;-0.8239
0;0.2168;0.3915;-0.426;-0.7796
0;0.2186;0.4988;-0.3743;-0.7218
0;0.2161;0.4816;-0.4492;-0.6898
1;0.2208;0.5128;-0.2933;-0.6174
0;0.2157;0.4946;-0.3824;-0.5972
0;0.2155;0.4721;-0.3885;-0.5765
0;0.2119;0.3936;-0.4701;-0.5843
0;0.2135;0.3296;-0.6263;-0.5711
0;0.2095;0.3283;-0.9336;-0.5884
2;0.2083;0.3279;-0.8922;-0.6059
0;0.2041;0.4219;-0.9663;-0.649
0;0.2091;0.4978;-0.7303;-0.6338
0;0.2053;0.4477;-0.9073;-0.6468
0;0.2059;0.386;-0.7193;-0.6457
0;0.2008;0.3135;-0.9264;-0.6808
0;0.2055;0.3579;-0.5629;-0.6614
0;0.2095;0.4313;-0.3593;-0.6048
0;0.2086;0.3609;-0.3053;-0.5619
0;0.2145;0.4867;-0.0571;-0.4722
0;0.2195;0.5409;-0.0751;-0.3537
1;0.2191;0.5777;-0.092;-0.2602
0;0.2146;0.5115;-0.276;-0.222
0;0.2135;0.5436;-0.3196;-0.1986
0;0.2129;0.5499;-0.3462;-0.1837
0;0.2164;0.6368;-0.201;-0.1397
2;0.2254;0.6665;-0.0386;-0.0272
0;0.2264;0.7275;-0.1015;0.0704
0;0.2271;0.7282;-0.0821;0.152
0;0.2227;0.7392;-0.3501;0.1778
1;0.2231;0.712;-0.3293;0.1992
0;0.2218;0.6577;-0.4064;0.2027
0;0.2174;0.6039;-0.7089;0.166
0;0.2162;0.5234;-0.7802;0.1255
2;0.2148;0.4301;-0.9062;0.08
0;0.2133;0.4167;-0.9625;0.0305
0;0.2119;0.4575;-0.8974;-0.0206
0;0.2163;0.54;-0.6502;-0.0227
0;0.2163;0.5502;-0.6502;-0.0242
0;0.2174;0.5156;-0.511;-0.0158
0;0.217;0.3214;-0.4682;-0.0127
0;0.2156;0.2741;-0.5587;-0.0219
1;0.2192;0.354;-0.23;0.0019
0;0.2194;0.427;-0.215;0.0221
0;0.2235;0.508;0.0;0.0726
0;0.229;0.6181;-0.1198;0.1583
0;0.2306;0.7375;-0.0639;0.2374
0;0.2322;0.7825;-0.1597;0.311
0;0.2373;0.8526;-0.0634;0.4088
0;0.2389;0.9002;-0.0785;0.4953
0;0.2347;0.8284;-0.2332;0.5228
0;0.2347;0.8016;-0.253;0.5384
0;0.231;0.715;-0.4171;0.5138
0;0.2308;0.7018;-0.4747;0.4874
0;0.2288;0.669;-0.766;0.444
2;0.2297;0.7047;-0.7705;0.4128
0;0.23;0.6732;-0.75;0.3864
0;0.235;0.7176;-0.4057;0.4045
0;0.2347;0.6748;-0.4262;0.412
0;0.234;0.5903;-0.3618;0.4068
1;0.236;0.5965;-0.1579;0.4153
0;0.2283;0.4421;-0.8263;0.3525
0;0.2246;0.3048;-0.916;0.2681
0;0.2261;0.3022;-0.8109;0.2116
0;0.2238;0.3202;-0.928;0.1448
0;0.2256;0.3589;-0.7623;0.106
2;0.2279;0.4503;-0.6151;0.0943
0;0.2315;0.5105;-0.3468;0.1148
0;0.2321;0.5513;-0.3065;0.1349
0;0.2285;0.4831;-0.4521;0.118
1;0.2255;0.4411;-0.5655;0.0779
0;0.2232;0.3333;-0.7079;0.026
0;0.2351;0.5038;-0.1687;0.0862
0;0.2307;0.468;-0.3886;0.0954
0;0.229;0.431;-0.4759;0.0867
0;0.2264;0.4795;-0.6024;0.0575
0;0.2213;0.4647;-0.8407;-0.0097
0;0.221;0.4446;-0.8525;-0.0646
2;0.2253;0.5158;-0.646;-0.0713
0;0.2187;0.4343;-0.9619;-0.1317
0;0.2166;0.3912;-0.9758;-0.1957
0;0.2171;0.353;-0.8329;-0.2395
0;0.2203;0.3848;-0.6602;-0.2448
0;0.2135;0.3631;-0.9649;-0.3038
0;0.2167;0.4202;-0.7556;-0.3199
0;0.2137;0.4148;-0.8532;-0.3548
0;0.2148;0.2726;-0.7817;-0.3693
0;0.207;0.2538;-1.0;-0.4423
0;0.2069;0.2623;-0.8508;-0.4967
0;0.2136;0.3738;-0.4583;-0.477
0;0.2144;0.4258;-0.4132;-0.4497
0;0.215;0.4354;-0.3785;-0.4183
0;0.2157;0.3897;-0.3129;-0.3829
0;0.2138;0.4366;-0.3614;-0.3674
1;0.216;0.4925;-0.2151;-0.3327
0;0.2117;0.4363;-0.5156;-0.338
0;0.2132;0.4132;-0.4211;-0.3262
0;0.2133;0.4973;-0.4133;-0.3124
0;0.2131;0.4417;-0.4878;-0.3003
0;0.214;0.5063;-0.5254;-0.2793
2;0.2161;0.5225;-0.3333;-0.2422
1;0.2164;0.7072;-0.3051;-0.2077
0;0.2166;0.7144;-0.2938;-0.1774
0;0.2147;0.5311;-0.4633;-0.1671
0;0.2118;0.4352;-0.7288;-0.1816
0;0.2189;0.5748;-0.1633;-0.131
0;0.2144;0.477;-0.5459;-0.1286
0;0.2104;0.4476;-0.8301;-0.1586
0;0.2053;0.3467;-0.911;-0.2245
0;0.2085;0.4524;-0.7224;-0.2466
0;0.2098;0.4495;-0.6477;-0.2506
2;0.2079;0.4244;-0.7544;-0.2665
0;0.2077;0.4244;-0.7687;-0.2784
0;0.2067;0.3962;-0.8292;-0.2936
1;0.2111;0.4332;-0.573;-0.2651
0;0.2092;0.408;-0.6728;-0.2559
0;0.2059;0.3748;-0.8301;-0.2739
0;0.2113;0.4631;-0.2102;-0.2391
0;0.2156;0.5396;-0.1525;-0.1723
0;0.2127;0.4286;-0.3677;-0.1428
0;0.2098;0.4461;-0.5785;-0.1423
0;0.2119;0.5183;-0.426;-0.1229
1;0.2136;0.6137;-0.3049;-0.0922
0;0.2122;0.5538;-0.4036;-0.0785
2;0.2089;0.4883;-0.6457;-0.0949
0;0.2104;0.5345;-0.5336;-0.0938
0;0.2112;0.5473;-0.5515;-0.0857
0;0.2156;0.6109;-0.1902;-0.0411
0;0.2105;0.4933;-0.6024;-0.0486
0;0.2092;0.5;-0.7349;-0.0653
1;0.212;0.5773;-0.4518;-0.0535
0;0.2167;0.5687;-0.0465;-0.0042
0;0.2145;0.4851;-0.3707;0.0166
0;0.2189;0.5805;-0.2032;0.0695
0;0.2181;0.6138;-0.255;0.1038
0;0.209;0.4661;-0.9103;0.0524
0;0.2082;0.4366;-0.7986;0.0047
0;0.2145;0.5245;-0.4311;0.0209
0;0.2152;0.5703;-0.3922;0.0392
2;0.2121;0.5178;-0.5724;0.0267
0;0.2122;0.5107;-0.5689;0.0171
0;0.2107;0.4429;-0.6537;-0.003
1;0.2031;0.4178;-1.0;-0.0837
0;0.2006;0.4079;-0.7221;-0.1671
0;0.191;0.302;-0.9855;-0.313
0;0.1991;0.3448;-0.6184;-0.3556
0;0.2034;0.4056;-0.4901;-0.3486
0;0.1957;0.3137;-0.7197;-0.4052
0;0.1897;0.2896;-0.8827;-0.4964
0;0.1911;0.3504;-0.8182;-0.551
0;0.1958;0.4027;-0.6323;-0.5482
0;0.1966;0.3456;-0.6019;-0.5335
0;0.187;0.2899;-0.9013;-0.5971
0;0.196;0.3898;-0.5093;-0.5647
0;0.1919;0.3683;-0.6907;-0.5684
0;0.191;0.3712;-0.728;-0.5725
0;0.1908;0.4113;-0.6754;-0.5713
0;0.183;0.3816;-0.7275;-0.6306
0;0.1765;0.3983;-0.9624;-0.7261
0;0.1721;0.3001;-0.9976;-0.8306
0;0.161;0.214;-0.9898;-0.9989
0;0.1662;0.2943;-0.5682;-1.0766
0;0.1796;0.4362;-0.3161;-1.0126
0;0.1797;0.4269;-0.3017;-0.9504
0;0.1654;0.3261;-0.576;-1.013
0;0.1701;0.3555;-0.4846;-1.011
1;0.1688;0.3903;-0.4616;-1.0103
0;0.18;0.406;-0.2032;-0.9042
0;0.1739;0.397;-0.3351;-0.8627
0;0.1598;0.345;-0.6393;-0.9398
0;0.1629;0.3649;-0.5734;-0.9649
0;0.1557;0.3671;-0.8686;-1.0355
0;0.1714;0.4773;-0.4631;-0.9468
2;0.1965;0.5917;-0.004;-0.654
0;0.1893;0.6102;-0.159;-0.477
0;0.1893;0.5938;-0.1735;-0.3325
0;0.1842;0.5199;-0.2834;-0.2589
1;0.1909;0.5459;-0.1404;-0.1412
0;0.2024;0.6557;-0.0511;0.051
0;0.1914;0.585;-0.2523;0.1086
0;0.1816;0.5478;-0.433;0.069
0;0.1865;0.5258;-0.4181;0.0793
0;0.1893;0.562;-0.4942;0.1097
0;0.1845;0.6072;-0.7971;0.0919
2;0.1798;0.5724;-0.9382;0.0369
0;0.1933;0.653;-0.4034;0.1081
0;0.1862;0.5649;-0.6429;0.1029
0;0.1815;0.4204;-0.8025;0.0577
0;0.1769;0.4321;-0.8095;-0.0175
0;0.1672;0.3907;-1.0;-0.1588
0;0.1645;0.4003;-0.9583;-0.2916
2;0.1767;0.4321;-0.5964;-0.2893
0;0.1845;0.411;-0.3694;-0.2181
0;0.1898;0.4915;-0.2162;-0.1148
0;0.202;0.6052;-0.0526;0.071
0;0.2027;0.587;-0.0517;0.2224
1;0.1904;0.5055;-0.3442;0.235
0;0.1994;0.5702;-0.1285;0.3194
0;0.206;0.6211;-0.032;0.4383
0;0.1996;0.5309;-0.1868;0.4726
0;0.206;0.5983;-0.044;0.5493
0;0.2125;0.6511;-0.1128;0.6588
0;0.207;0.6456;-0.2941;0.6916
0;0.2032;0.6847;-0.4154;0.678
0;0.2016;0.6922;-0.5523;0.6459
0;0.2036;0.6559;-0.4773;0.6311
0;0.2005;0.5979;-0.642;0.5865
2;0.208;0.6083;-0.3571;0.6083
0;0.2114;0.5626;-0.2168;0.648
0;0.2067;0.5256;-0.4082;0.6328
0;0.206;0.6162;-0.5311;0.6084
0;0.2075;0.5671;-0.4061;0.5949
1;0.2035;0.4782;-0.6212;0.5447
0;0.2039;0.5427;-0.6007;0.5025
2;0.206;0.5;-0.4846;0.4819
0;0.2057;0.4163;-0.5017;0.4579
0;0.2063;0.4895;-0.5847;0.4388
0;0.2104;0.6003;-0.3498;0.4545
1;0.215;0.6736;-0.055;0.501
0;0.2016;0.4802;-0.7808;0.4185
0;0.1984;0.479;-0.8537;0.3217
0;0.2009;0.4224;-0.7299;0.2634
0;0.204;0.4182;-0.5784;0.2408
0;0.2025;0.4502;-0.6495;0.2082
2;0.2002;0.4332;-0.764;0.1606
0;0.1984;0.3967;-0.7796;0.1058
1;0.1925;0.3793;-0.9391;0.0113
0;0.1883;0.3429;-0.7676;-0.0986
0;0.1887;0.3191;-0.7023;-0.1809
0;0.1881;0.3174;-0.6823;-0.2486
0;0.1946;0.3922;-0.4286;-0.2443
0;0.19;0.3125;-0.6108;-0.2778
0;0.1917;0.2749;-0.5419;-0.2863
0;0.1952;0.423;-0.3756;-0.2606
0;0.1887;0.3925;-0.5767;-0.2926
1;0.1947;0.4365;-0.1491;-0.2634
0;0.1904;0.3636;-0.4;-0.2745
0;0.1881;0.3578;-0.616;-0.2996
0;0.1927;0.4286;-0.3122;-0.2776
2;0.1988;0.5033;-0.0441;-0.2056
0;0.1928;0.5028;-0.4291;-0.1974
0;0.1964;0.5716;-0.2284;-0.1579
0;0.1998;0.5928;-0.1481;-0.0967
0;0.1977;0.5782;-0.25;-0.0651
0;0.1889;0.4554;-0.8696;-0.1139
0;0.1888;0.4904;-0.8638;-0.1522
0;0.1881;0.4685;-0.7245;-0.1871
0;0.1862;0.4201;-0.8173;-0.2287
2;0.178;0.4078;-0.954;-0.3285
0;0.1768;0.3314;-0.9117;-0.4138
0;0.1763;0.3571;-0.9294;-0.4809
0;0.1815;0.4361;-0.7402;-0.4849
0;0.1754;0.3396;-0.9472;-0.5341
0;0.1799;0.3197;-0.7552;-0.5288
0;0.1798;0.3601;-0.6655;-0.52
0;0.1794;0.3022;-0.668;-0.5114
0;0.1797;0.2496;-0.6486;-0.4964
0;0.1733;0.2255;-0.9301;-0.5334
0;0.172;0.2709;-0.9179;-0.5681
0;0.1773;0.3632;-0.4872;-0.5445
0;0.1758;0.3568;-0.6103;-0.5329
0;0.1718;0.3403;-0.7137;-0.5519
0;0.1649;0.3501;-0.9731;-0.6197
0;0.1739;0.4719;-0.4916;-0.5902
0;0.1728;0.4667;-0.5488;-0.5697
0;0.1772;0.4589;-0.3108;-0.5101
0;0.1789;0.5369;-0.1958;-0.4439
0;0.1798;0.4985;-0.1806;-0.3789
1;0.1879;0.5786;0.0;-0.2554
0;0.1938;0.6271;-0.0469;-0.105
0;0.1905;0.5907;-0.1531;-0.0133
0;0.1865;0.6147;-0.2837;0.0249
0;0.1957;0.6815;0.0;0.1328
0;0.1922;0.6171;-0.1645;0.1864
0;0.1899;0.6098;-0.2597;0.2075
0;0.1923;0.6637;-0.1848;0.2427
0;0.1929;0.7483;-0.1683;0.2722
0;0.1903;0.665;-0.3496;0.2711
2;0.1902;0.6778;-0.5429;0.2663
0;0.1966;0.6906;-0.0945;0.3142
0;0.2044;0.7241;-0.1616;0.4149
0;0.2065;0.7294;-0.0712;0.5075
0;0.208;0.6951;-0.0109;0.5879
0;0.2026;0.5861;-0.2458;0.5989
0;0.2023;0.6228;-0.2597;0.599
0;0.205;0.6981;-0.1538;0.6156
0;0.2027;0.5883;-0.2624;0.6025
0;0.1999;0.599;-0.4099;0.562
2;0.2024;0.6589;-0.2878;0.5453
0;0.2027;0.6387;-0.5115;0.5285
0;0.203;0.6369;-0.4824;0.5124
0;0.1976;0.5905;-0.913;0.4481
0;0.1983;0.5994;-0.6616;0.3988
0;0.1974;0.5114;-0.7273;0.3486
0;0.198;0.3837;-0.6818;0.3102
0;0.198;0.3336;-0.6818;0.2767
0;0.1951;0.26;-0.808;0.2224
0;0.1977;0.4;-0.6205;0.2001
0;0.1942;0.3527;-0.8661;0.1505
0;0.1938;0.2778;-0.8517;0.1061
0;0.1951;0.3438;-0.7053;0.0814
0;0.1983;0.4663;-0.3636;0.0876
0;0.1956;0.3634;-0.6121;0.0693
0;0.1965;0.3778;-0.4296;0.0613
0;0.1907;0.3008;-0.7475;0.0055
0;0.1907;0.3643;-0.7525;-0.0391
0;0.1905;0.3436;-0.7677;-0.0754
0;0.1942;0.4414;-0.4747;-0.0718
0;0.19;0.3727;-0.803;-0.1034
0;0.1915;0.4008;-0.6869;-0.1147
0;0.1891;0.4079;-0.8737;-0.1425
0;0.1897;0.3665;-0.8152;-0.158
0;0.1894;0.41;-0.8014;-0.1713
0;0.1905;0.4411;-0.6781;-0.1701
0;0.1862;0.3549;-0.8218;-0.2037
0;0.184;0.2602;-0.971;-0.247
0;0.1893;0.4012;-0.5459;-0.234
0;0.1849;0.3387;-0.8578;-0.2582
0;0.187;0.4414;-0.6062;-0.2572
0;0.1869;0.4414;-0.5948;-0.2541
0;0.1868;0.4431;-0.6013;-0.2496
1;0.1889;0.4126;-0.3922;-0.2261
0;0.189;0.4806;-0.3791;-0.204
0;0.1889;0.4476;-0.2314;-0.1856
0;0.1868;0.4534;-0.4959;-0.1864
0;0.187;0.4447;-0.4711;-0.1835
0;0.1879;0.4704;-0.3874;-0.1716
0;0.1886;0.4607;-0.2883;-0.1545
2;0.19;0.5875;-0.2463;-0.1274
0;0.1911;0.674;-0.1455;-0.0956
0;0.1899;0.5195;-0.3182;-0.0797
0;0.1887;0.6425;-0.4909;-0.0767
0;0.1902;0.6281;-0.2727;-0.0605
0;0.1922;0.6812;-0.2183;-0.0303
0;0.1894;0.5756;-0.531;-0.0295
0;0.1917;0.5818;-0.2867;-0.009
0;0.1949;0.644;-0.094;0.0343
0;0.1967;0.6762;-0.1456;0.0833
0;0.1986;0.7659;-0.0747;0.1367
0;0.1979;0.7422;-0.1322;0.1719
0;0.2003;0.758;-0.0105;0.2178
0;0.1963;0.6402;-0.3622;0.2176
0;0.1969;0.6289;-0.3163;0.2199
0;0.1928;0.5281;-0.6429;0.1848
0;0.1939;0.5683;-0.551;0.1649
0;0.1893;0.5097;-0.9524;0.1084
2;0.1859;0.4376;-0.9056;0.0336
0;0.1858;0.4028;-0.8954;-0.0263
0;0.1857;0.4377;-0.8827;-0.0742
0;0.1885;0.4467;-0.7199;-0.0876
0;0.1878;0.3737;-0.7578;-0.1026
0;0.1904;0.3897;-0.5337;-0.0919
0;0.1914;0.372;-0.3261;-0.0737
0;0.192;0.3936;-0.2751;-0.0537
1;0.1931;0.3666;-0.0978;-0.0274
0;0.1967;0.5082;-0.0243;0.0239
0;0.1955;0.4746;-0.2018;0.0536
0;0.2029;0.6666;-0.1111;0.1392
0;0.2044;0.6704;-0.0435;0.2179
0;0.2011;0.7013;-0.2207;0.25
0;0.2037;0.8132;-0.0913;0.2946
0;0.2075;0.8367;-0.0105;0.3586
0;0.2096;0.8501;-0.1095;0.4234
0;0.2081;0.7972;-0.1914;0.4567
0;0.2078;0.8068;-0.2366;0.476
0;0.2067;0.7625;-0.3168;0.4767
0;0.2029;0.6692;-0.582;0.4397
0;0.2009;0.6257;-0.7972;0.3888
2;0.2016;0.6215;-0.7419;0.3512
0;0.2006;0.56;-0.8985;0.3091
0;0.1985;0.5458;-0.9858;0.255
0;0.2025;0.4935;-0.6981;0.2432
0;0.2014;0.4493;-0.7602;0.222
0;0.2016;0.5098;-0.7398;0.2052
0;0.1961;0.37;-0.9615;0.1424
0;0.1965;0.2886;-0.8564;0.0947
0;0.1974;0.2552;-0.6993;0.0644
0;0.1992;0.3247;-0.5035;0.0552
0;0.2035;0.4267;-0.068;0.0838
0;0.2038;0.4485;-0.0784;0.1076
1;0.2031;0.5052;-0.2156;0.1197
0;0.2042;0.5695;-0.1732;0.1373
0;0.2014;0.4963;-0.4134;0.1261
0;0.2013;0.5128;-0.4302;0.1142
0;0.2014;0.5608;-0.419;0.1048
0;0.197;0.3859;-0.7933;0.0593
0;0.1955;0.3797;-0.9706;0.0102
2;0.1962;0.3895;-0.8908;-0.023
0;0.1985;0.5576;-0.6839;-0.0292
0;0.2008;0.5933;-0.4828;-0.0145
0;0.2004;0.5657;-0.5172;-0.006
0;0.2034;0.587;-0.172;0.0261
1;0.2028;0.4823;-0.1357;0.0461
0;0.2016;0.4479;-0.2714;0.0509
0;0.2011;0.452;-0.3214;0.0503
0;0.1973;0.3534;-0.7273;0.0168
0;0.1915;0.3131;-1.0;-0.0593
2;0.192;0.3285;-0.8692;-0.1142
0;0.1913;0.3176;-0.9159;-0.1618
0;0.1915;0.3806;-0.9065;-0.1965
0;0.1939;0.4652;-0.7336;-0.2013
0;0.1956;0.4885;-0.6075;-0.1881
0;0.1942;0.4122;-0.6631;-0.1873
0;0.1969;0.4215;-0.4438;-0.1621
1;0.1957;0.4076;-0.3411;-0.151
0;0.1964;0.35;-0.1724;-0.1346
0;0.1947;0.3342;-0.3694;-0.1345
0;0.1939;0.3405;-0.4775;-0.1397
0;0.1944;0.3595;-0.4144;-0.1384
2;0.1957;0.4639;-0.2874;-0.1243
0;0.1937;0.562;-0.7781;-0.1296
0;0.1922;0.5063;-0.9287;-0.1446
0;0.1922;0.5245;-0.6503;-0.155
0;0.1912;0.4921;-0.7683;-0.1704
0;0.1913;0.4232;-0.7505;-0.1797
0;0.1908;0.3436;-0.8153;-0.1895
0;0.1919;0.4225;-0.6542;-0.1858
0;0.1905;0.2707;-0.8505;-0.1926
0;0.1909;0.3181;-0.7944;-0.1925
0;0.1898;0.2571;-0.9182;-0.1994
0;0.1914;0.3743;-0.619;-0.1899
0;0.1913;0.3955;-0.6026;-0.1809
0;0.1902;0.3414;-0.8205;-0.1814
0;0.1888;0.2382;-0.9239;-0.1916
0;0.1925;0.4602;-0.3152;-0.1663
0;0.1974;0.6416;-0.1266;-0.1026
0;0.198;0.6528;-0.1091;-0.0464
0;0.195;0.5931;-0.4574;-0.0267
0;0.1939;0.5586;-0.5532;-0.021
1;0.1916;0.5181;-0.734;-0.0353
0;0.1918;0.4986;-0.7181;-0.0446
0;0.1932;0.5594;-0.6064;-0.0396
2;0.1948;0.5824;-0.4734;-0.0213
0;0.1989;0.6675;-0.1772;0.0275
0;0.1998;0.66;-0.094;0.0735
1;0.2001;0.6658;-0.0728;0.1117
0;0.1988;0.6609;-0.2053;0.1294
0;0.1986;0.6915;-0.2252;0.1404
0;0.1999;0.6601;-0.0927;0.1587
0;0.202;0.6129;0.0;0.1893
0;0.2021;0.6026;-0.0201;0.212
0;0.2012;0.6716;-0.1141;0.2198
0;0.2006;0.6947;-0.2766;0.2186
0;0.2065;0.8553;-0.05;0.2657
0;0.2101;0.8753;-0.0603;0.3301
0;0.2111;0.8736;-0.0379;0.3864
0;0.2085;0.7731;-0.2275;0.4042
0;0.2074;0.6925;-0.3316;0.4044
0;0.2132;0.7482;0.0;0.4496
0;0.2152;0.7632;-0.0981;0.4977
0;0.2155;0.8019;-0.1033;0.5326
0;0.2155;0.8082;-0.1304;0.555
0;0.2192;0.823;-0.1067;0.5975
0;0.2201;0.8157;-0.104;0.6325
0;0.2195;0.7986;-0.14;0.6483
0;0.2219;0.8384;-0.0233;0.674
0;0.2223;0.8571;-0.0403;0.6911
0;0.2211;0.7846;-0.2086;0.6871
0;0.2176;0.6462;-0.6087;0.6464
0;0.2156;0.5842;-0.8452;0.5908
0;0.2163;0.6578;-0.7458;0.5462
0;0.2162;0.6872;-0.7514;0.5048
2;0.2177;0.6164;-0.6271;0.4791
0;0.2188;0.5986;-0.5254;0.4639
0;0.219;0.5971;-0.5085;0.4486
1;0.2199;0.6138;-0.435;0.4391
0;0.2208;0.5484;-0.3616;0.4342
0;0.2204;0.5083;-0.2015;0.4224
0;0.2203;0.5259;-0.152;0.4081
0;0.2184;0.3822;-0.384;0.3762
0;0.2194;0.4034;-0.3474;0.3556
0;0.2198;0.4525;-0.3253;0.3388
2;0.2134;0.3804;-0.9099;0.2684
0;0.2122;0.3966;-0.8751;0.1993
0;0.2123;0.3769;-0.8071;0.1439
0;0.2132;0.4104;-0.7312;0.1061
0;0.2134;0.3634;-0.7136;0.0769
0;0.2131;0.3055;-0.7175;0.0508
0;0.2088;0.2279;-0.989;-0.0072
0;0.2045;0.1545;-0.9485;-0.0891
0;0.2088;0.2689;-0.6847;-0.1158
0;0.2054;0.2402;-0.8865;-0.1651
0;0.2048;0.2363;-0.7989;-0.2068
0;0.2029;0.2361;-0.9551;-0.2539
0;0.2052;0.2681;-0.764;-0.2689
0;0.2017;0.2324;-0.8166;-0.3069
0;0.1997;0.2665;-0.8543;-0.3506
0;0.1961;0.2468;-0.927;-0.412
0;0.1967;0.2578;-0.8688;-0.4508
0;0.198;0.2669;-0.7828;-0.4659
0;0.1988;0.2802;-0.7285;-0.466
0;0.1952;0.2546;-0.9167;-0.4918
0;0.1914;0.2588;-0.9959;-0.5386
0;0.1922;0.3099;-0.8436;-0.5636
0;0.1897;0.1864;-0.973;-0.5983
0;0.1922;0.2783;-0.7672;-0.5977
0;0.193;0.3027;-0.7037;-0.5841
0;0.1942;0.3502;-0.535;-0.5575
0;0.1935;0.2871;-0.6051;-0.5369
0;0.1951;0.3714;-0.4459;-0.5008
1;0.1949;0.3983;-0.4503;-0.4693
0;0.1949;0.4706;-0.2294;-0.4389
0;0.1941;0.4355;-0.3486;-0.4177
0;0.1939;0.3959;-0.3884;-0.3978
0;0.1922;0.3388;-0.7765;-0.3925
2;0.1937;0.4582;-0.5176;-0.3718
0;0.1931;0.5551;-0.65;-0.356
0;0.1935;0.543;-0.5875;-0.337
0;0.1939;0.6632;-0.5125;-0.315
0;0.1957;0.6425;-0.175;-0.279
0;0.1948;0.5722;-0.2838;-0.2551
0;0.1957;0.565;-0.1829;-0.2256
0;0.1955;0.5882;-0.2317;-0.2022
0;0.1981;0.6216;-0.0804;-0.159
0;0.2;0.6842;-0.0903;-0.1073
0;0.1989;0.6339;-0.2014;-0.0746
0;0.1995;0.6864;-0.1563;-0.0429
0;0.1988;0.6594;-0.2605;-0.0237
0;0.1997;0.7593;-0.1579;-0.001
0;0.2001;0.7413;-0.1089;0.021
0;0.2016;0.7953;-0.087;0.0505
0;0.2026;0.8044;-0.063;0.0817
0;0.2033;0.8087;-0.097;0.1117
0;0.205;0.8062;-0.0609;0.1477
0;0.2072;0.8745;0.0;0.1933
0;0.2037;0.7088;-0.3768;0.1976
0;0.2027;0.6824;-0.4855;0.1904
0;0.2031;0.6412;-0.442;0.1862
0;0.2036;0.6116;-0.438;0.1853
0;0.2088;0.7434;-0.1742;0.227
0;0.2074;0.6867;-0.3556;0.2455
0;0.2092;0.7341;-0.1654;0.2722
0;0.2104;0.7381;-0.1623;0.3006
0;0.2086;0.6789;-0.3312;0.305
0;0.2053;0.5729;-0.651;0.2773
0;0.2048;0.5435;-0.7037;0.2479
0;0.2043;0.5181;-0.7565;0.2175
0;0.2033;0.4659;-0.9415;0.1832
2;0.2042;0.4351;-0.7887;0.1617
0;0.2027;0.4763;-0.8732;0.1304
0;0.2006;0.4525;-0.9768;0.0865
0;0.2009;0.4493;-0.9428;0.0533
0;0.2019;0.4611;-0.8045;0.0352
0;0.2021;0.3058;-0.7669;0.0223
0;0.2007;0.3067;-0.8471;4.0E-4
0;0.1988;0.2045;-0.7218;-0.0331
0;0.1973;0.133;-0.8333;-0.0723
0;0.1965;0.1408;-0.9098;-0.1088
0;0.1952;0.1598;-0.8966;-0.1473
0;0.1977;0.2903;-0.5806;-0.1548
0;0.1984;0.328;-0.4959;-0.1532
0;0.1962;0.306;-0.7561;-0.1689
0;0.1989;0.3673;-0.439;-0.1569
0;0.1952;0.3313;-0.8308;-0.1769
1;0.1947;0.3576;-0.8352;-0.1949
0;0.1902;0.2849;-0.4847;-0.2455
0;0.1914;0.2908;-0.4237;-0.2725
0;0.1943;0.3587;-0.2814;-0.2666
2;0.1928;0.3578;-0.3525;-0.2713
0;0.1949;0.4293;-0.2508;-0.2548
0;0.1948;0.4536;-0.2542;-0.2396
1;0.1936;0.4456;-0.3153;-0.2355
0;0.1946;0.4885;-0.1873;-0.2212
0;0.193;0.4074;-0.2341;-0.2214
0;0.1936;0.4058;-0.1984;-0.214
2;0.1885;0.3643;-0.9921;-0.2491
0;0.1899;0.3342;-0.6213;-0.2626
0;0.1867;0.3401;-0.8994;-0.2975
0;0.1861;0.3384;-0.7285;-0.3271
0;0.1829;0.3564;-0.9412;-0.374
0;0.1873;0.4279;-0.6471;-0.3695
0;0.1869;0.3592;-0.6742;-0.3655
0;0.1848;0.3501;-0.8145;-0.3763
0;0.1873;0.363;-0.5659;-0.359
0;0.1877;0.3716;-0.4324;-0.3386
1;0.1848;0.3502;-0.6525;-0.3438
0;0.1839;0.3171;-0.7255;-0.3517
0;0.188;0.4209;-0.1111;-0.3196
0;0.1886;0.4222;-0.2097;-0.2852
0;0.1924;0.5644;-0.0567;-0.2227
0;0.1939;0.5664;0.0;-0.1585
0;0.1944;0.6383;-0.1326;-0.1022
1;0.1977;0.6896;-0.0097;-0.0291
0;0.1981;0.7737;-0.014;0.0328
0;0.1975;0.7127;-0.1018;0.0761
0;0.1978;0.728;-0.0841;0.1117
0;0.1973;0.7812;-0.1632;0.1345
0;0.1973;0.7526;-0.212;0.151
0;0.1992;0.77;-0.0952;0.178
0;0.1966;0.785;-0.3469;0.1761
0;0.1939;0.7194;-0.9787;0.149
0;0.1949;0.677;-0.8085;0.1354
0;0.1943;0.6448;-0.6439;0.118
0;0.1903;0.4456;-0.8683;0.0685
2;0.191;0.424;-0.7166;0.0351
0;0.1941;0.4931;-0.4729;0.0346
0;0.1927;0.3749;-0.587;0.0216
0;0.1955;0.4409;-0.3635;0.0353
0;0.1974;0.4975;-0.1953;0.0619
1;0.1965;0.4723;-0.1679;0.0741
0;0.1953;0.4591;-0.2579;0.0729
0;0.1982;0.516;-0.1093;0.0962
0;0.1979;0.4754;-0.1397;0.1104
0;0.1976;0.5187;-0.164;0.1179
0;0.1967;0.5645;-0.3519;0.1157
0;0.197;0.5469;-0.3241;0.1146
0;0.1966;0.5532;-0.3704;0.1094
2;0.1955;0.6429;-0.7333;0.0948
0;0.199;0.6902;-0.2133;0.1123
0;0.2066;0.7439;-0.0904;0.1887
0;0.2085;0.8043;-0.0361;0.2631
0;0.2108;0.8;-0.0684;0.3384
0;0.2131;0.8034;-0.0909;0.4141
0;0.2129;0.827;-0.1115;0.4675
0;0.2142;0.8746;-0.0636;0.5159
0;0.2179;0.8782;-0.0308;0.5798
0;0.2178;0.8857;-0.0767;0.6227
0;0.2167;0.8611;-0.1286;0.6412
0;0.2178;0.8929;-0.1082;0.6583
0;0.2178;0.892;-0.1412;0.6648
0;0.2201;0.9121;-0.1136;0.6823
0;0.2213;0.951;-0.0755;0.6988
0;0.2179;0.8316;-0.3791;0.6757
0;0.2235;0.8194;-0.0339;0.6978
0;0.2214;0.741;-0.2734;0.6897
0;0.2209;0.7021;-0.3281;0.6716
0;0.2224;0.6921;-0.1641;0.6634
0;0.2223;0.6942;-0.1933;0.6486
0;0.2183;0.5773;-0.6387;0.5969
2;0.2165;0.4718;-0.8145;0.5342
0;0.2168;0.4808;-0.7823;0.4816
0;0.2172;0.5106;-0.7109;0.4389
0;0.2186;0.5164;-0.5625;0.4124
0;0.2175;0.4929;-0.6875;0.3772
0;0.22;0.4972;-0.4219;0.3667
1;0.217;0.4233;-0.7344;0.3295
0;0.2177;0.4956;-0.6387;0.3024
0;0.2231;0.4911;-0.0252;0.3235
0;0.222;0.5123;-0.1513;0.3273
0;0.2226;0.5368;-0.12;0.3324
0;0.2228;0.5081;-0.1825;0.3342
0;0.2245;0.5471;-0.0379;0.347
0;0.2273;0.6943;-0.0468;0.3773
0;0.2272;0.7491;-0.0694;0.3958
0;0.2278;0.7525;-0.0815;0.4113
0;0.2279;0.7483;-0.1237;0.4197
0;0.2299;0.7559;-0.0128;0.4394
0;0.2316;0.8137;-0.0281;0.4646
0;0.2335;0.8087;-0.034;0.4959
0;0.2366;0.9431;-0.0381;0.5409
0;0.2382;0.9457;-0.08;0.585
0;0.2388;0.9312;-0.1196;0.6179
0;0.2371;0.9055;-0.2315;0.6235
0;0.2406;0.9178;-0.0193;0.6507
0;0.2422;0.9231;-0.0857;0.679
0;0.2412;0.8742;-0.1581;0.6853
0;0.2408;0.837;-0.2;0.6793
0;0.2402;0.8218;-0.2924;0.6629
0;0.2424;0.835;-0.1325;0.6618
0;0.2435;0.8419;-0.0952;0.6626
0;0.2475;0.8542;-0.0683;0.6901
0;0.2495;0.8564;-0.064;0.722
0;0.2463;0.7419;-0.39;0.7122
0;0.2456;0.6866;-0.4537;0.6905
0;0.2471;0.684;-0.3311;0.6789
0;0.2434;0.5856;-0.6315;0.6314
0;0.2409;0.5679;-0.8931;0.5663
2;0.2427;0.5391;-0.8071;0.5236
0;0.2426;0.5072;-0.8143;0.4838
0;0.2438;0.552;-0.7;0.4575
0;0.2406;0.4966;-0.9097;0.4046
0;0.2442;0.5638;-0.6;0.3891
0;0.2433;0.5138;-0.5763;0.3651
0;0.24;0.4455;-0.7708;0.3151
0;0.242;0.4073;-0.4957;0.2888
0;0.2431;0.3874;-0.3675;0.2746
0;0.2432;0.4382;-0.359;0.2611
2;0.2424;0.4382;-0.4444;0.2414
0;0.243;0.4159;-0.3846;0.2277
1;0.2424;0.4755;-0.4182;0.2094
0;0.2454;0.6007;-0.1475;0.2182
0;0.2468;0.5952;-0.0465;0.2349
0;0.2507;0.6598;-0.0112;0.2792
0;0.2501;0.6257;-0.1329;0.3054
0;0.2481;0.6593;-0.3147;0.3063
0;0.2469;0.5649;-0.4266;0.2936
0;0.2457;0.5571;-0.5461;0.2703
0;0.2441;0.6007;-0.7021;0.2351
2;0.2436;0.5422;-0.7626;0.2005
0;0.2451;0.5529;-0.6204;0.1844
0;0.2408;0.4487;-0.872;0.1329
0;0.2419;0.489;-0.7665;0.1005
0;0.2442;0.5249;-0.5808;0.0936
0;0.2438;0.528;-0.5396;0.0833
0;0.2431;0.4513;-0.5896;0.0687
0;0.2423;0.4;-0.581;0.0494
1;0.242;0.2669;-0.619;0.0311
0;0.2409;0.2617;-0.7524;0.0075
0;0.2386;0.2567;-0.8271;-0.0308
0;0.2394;0.3047;-0.6694;-0.0537
0;0.242;0.4088;-0.3952;-0.0496
0;0.2449;0.5189;-0.0806;-0.0211
0;0.2461;0.5567;0.0;0.0118
0;0.246;0.5214;-0.14;0.0369
1;0.2465;0.6667;-0.2241;0.0601
0;0.2467;0.6481;-0.2069;0.0797
0;0.251;0.6872;-0.0667;0.131
0;0.2546;0.7544;0.0;0.2006
0;0.2552;0.7845;-0.1254;0.2577
0;0.2593;0.8476;0.0;0.3356
0;0.259;0.8476;-0.0751;0.3908
0;0.26;0.8899;-0.0289;0.4384
0;0.2591;0.9448;-0.0913;0.4636
0;0.2599;0.9446;-0.1028;0.4849
0;0.2614;0.942;-0.0283;0.5092
0;0.2632;0.9388;-0.0181;0.5382
0;0.2651;0.941;-0.04;0.5719
0;0.2655;0.9454;-0.0467;0.5962
0;0.2664;0.9465;-0.0064;0.6166
0;0.2661;0.9333;-0.1338;0.6235
0;0.266;0.9098;-0.1479;0.6212
0;0.2676;0.8991;-0.1333;0.6267
0;0.2725;0.9203;-0.0107;0.6656
0;0.278;0.9249;-0.0039;0.7356
0;0.2818;0.9471;-0.0105;0.8153
0;0.2746;0.7297;-0.4186;0.8082
0;0.2723;0.6993;-0.5575;0.7747
0;0.2722;0.6908;-0.5851;0.7395
0;0.268;0.5941;-0.8362;0.6679
0;0.2688;0.5827;-0.7888;0.6115
2;0.2713;0.5894;-0.6466;0.5817
0;0.2687;0.5432;-0.7931;0.5303
0;0.2604;0.4317;-1.0;0.4134
0;0.2622;0.4571;-0.9153;0.3323
0;0.2623;0.4595;-0.9119;0.2656
0;0.2649;0.4702;-0.7309;0.232
0;0.2671;0.4382;-0.6009;0.2218
0;0.2712;0.4212;-0.3571;0.2468
1;0.2759;0.4319;-0.0848;0.3031
0;0.2765;0.5266;-0.0446;0.35
0;0.27;0.4724;-0.4286;0.328
0;0.2699;0.4724;-0.433;0.3064
0;0.2749;0.5823;-0.1429;0.3281
0;0.274;0.5624;-0.1963;0.3345
0;0.2757;0.5535;-0.1148;0.3502
2;0.2752;0.5825;-0.1637;0.3544
0;0.273;0.6912;-0.3333;0.3352
0;0.2754;0.6968;-0.1579;0.3372
0;0.278;0.7179;0.0;0.357
0;0.276;0.6574;-0.2518;0.3521
0;0.2758;0.6304;-0.2734;0.3426
0;0.2721;0.5126;-0.8365;0.2999
0;0.2763;0.507;-0.2793;0.2992
0;0.2741;0.4644;-0.5405;0.2768
2;0.2756;0.5964;-0.3604;0.269
0;0.2775;0.6225;-0.1652;0.2761
0;0.2728;0.4667;-0.7043;0.2389
1;0.2714;0.4576;-0.8696;0.1949
0;0.2696;0.4034;-0.8425;0.1433
0;0.2726;0.4619;-0.5753;0.1262
0;0.2798;0.5879;-0.0126;0.1726
0;0.273;0.4719;-0.5786;0.1493
0;0.2754;0.4701;-0.3774;0.15
0;0.2756;0.4945;-0.3648;0.1503
1;0.2734;0.4728;-0.5409;0.1309
0;0.2729;0.5104;-0.5849;0.1097
2;0.2765;0.5019;-0.2893;0.1221
0;0.2778;0.5474;-0.1824;0.1415
0;0.2759;0.5029;-0.3776;0.1392
0;0.2717;0.4288;-0.845;0.1005
0;0.2666;0.4249;-0.8615;0.0259
0;0.2643;0.4158;-0.5546;-0.0531
0;0.2599;0.3919;-0.7227;-0.1515
2;0.2677;0.4512;-0.4012;-0.1611
0;0.2716;0.4118;-0.2462;-0.1342
0;0.2763;0.5377;-0.2132;-0.0716
0;0.28;0.5507;-0.0888;0.0099
0;0.2803;0.5515;-0.0812;0.076
1;0.2818;0.5926;-0.0305;0.1401
0;0.2826;0.607;-0.0076;0.1962
0;0.2861;0.6064;-0.0373;0.2679
0;0.2902;0.6293;-0.0301;0.3562
0;0.2915;0.6645;-0.1126;0.433
0;0.2921;0.7323;-0.1139;0.4941
0;0.2915;0.817;-0.186;0.5324
0;0.2926;0.8725;-0.1318;0.566
0;0.2909;0.9359;-0.228;0.5716
0;0.2905;0.9072;-0.3258;0.5672
0;0.2898;0.8675;-0.3909;0.5519
0;0.2895;0.824;-0.4864;0.5314
0;0.2905;0.797;-0.4314;0.5181
2;0.2889;0.7273;-0.6819;0.4884
0;0.2893;0.7101;-0.5813;0.4631
0;0.2895;0.6987;-0.5443;0.4395
0;0.2905;0.6498;-0.3776;0.4254
0;0.2864;0.3731;-0.8488;0.3746
0;0.2859;0.3019;-0.8556;0.3261
0;0.2901;0.4439;-0.2444;0.3202
0;0.2833;0.3288;-0.7285;0.2548
0;0.2839;0.3161;-0.6755;0.2058
0;0.2888;0.4624;-0.2467;0.2068
0;0.2936;0.5493;-0.0885;0.2457
0;0.2938;0.5639;-0.0781;0.2751
0;0.29;0.5068;-0.3333;0.2633
1;0.2883;0.468;-0.4479;0.237
0;0.2902;0.5175;-0.3229;0.2294
0;0.2892;0.4978;-0.3906;0.2124
0;0.2849;0.4429;-0.6771;0.161
2;0.2862;0.4451;-0.7125;0.1292
0;0.2859;0.4925;-0.7763;0.1002
0;0.2884;0.5333;-0.5592;0.0978
0;0.286;0.4437;-0.7517;0.0746
0;0.2873;0.565;-0.6294;0.0667
1;0.286;0.533;-0.7483;0.0486
0;0.2838;0.4118;-0.9352;0.015
0;0.2849;0.3252;-0.7048;-0.0025
0;0.2847;0.319;-0.6882;-0.0176
0;0.2865;0.4233;-0.4091;-0.0143
0;0.2852;0.4305;-0.6023;-0.0227
0;0.2829;0.3422;-0.7981;-0.0485
0;0.2832;0.3686;-0.75;-0.0651
0;0.2794;0.375;-0.8841;-0.1101
0;0.281;0.3857;-0.7087;-0.1307
0;0.2815;0.4034;-0.6325;-0.1416
0;0.2835;0.3889;-0.4103;-0.1318
0;0.2784;0.3467;-0.958;-0.1656
0;0.2776;0.3006;-0.8611;-0.197
0;0.2735;0.2691;-0.9826;-0.2549
0;0.2703;0.2596;-0.9734;-0.3251
0;0.2716;0.2656;-0.883;-0.3659
2;0.2756;0.358;-0.5956;-0.3603
0;0.2738;0.3031;-0.7213;-0.367
0;0.2701;0.2822;-0.9836;-0.3997
0;0.2735;0.3685;-0.7432;-0.3926
0;0.2731;0.3578;-0.7558;-0.386
0;0.2696;0.3609;-0.8696;-0.4067
0;0.2705;0.3481;-0.75;-0.4109
0;0.2726;0.3771;-0.525;-0.3923
0;0.2737;0.3609;-0.4083;-0.3643
0;0.2763;0.4673;-0.125;-0.3162
0;0.2759;0.4728;-0.1453;-0.2783
1;0.2767;0.5553;-0.0513;-0.2383
0;0.2763;0.6152;-0.1382;-0.2075
0;0.2794;0.6393;-0.0641;-0.1549
0;0.2807;0.6012;0.0;-0.1008
0;0.2819;0.6625;-0.0457;-0.0474
0;0.2858;0.8129;-0.0098;0.0285
0;0.2902;0.8201;-0.0262;0.1251
0;0.2903;0.8333;-0.021;0.2011
0;0.2919;0.9679;-0.004;0.2727
0;0.291;0.9288;-0.105;0.3182
0;0.2915;0.9237;-0.0964;0.3547
0;0.2887;0.8126;-0.262;0.3558
0;0.2884;0.7812;-0.3181;0.351
0;0.2873;0.7539;-0.4804;0.3336
2;0.2868;0.7285;-0.5964;0.3124
0;0.2863;0.7258;-0.787;0.2884
0;0.2855;0.6523;-0.6923;0.2592
0;0.2875;0.6644;-0.5105;0.2506
0;0.2903;0.6892;-0.2587;0.2649
0;0.2922;0.6577;-0.1613;0.2892
0;0.2857;0.4002;-0.6968;0.2505
0;0.2817;0.3349;-0.9467;0.183
0;0.2821;0.3043;-0.9112;0.1319
0;0.2816;0.3091;-0.9527;0.0856
0;0.2773;0.2514;-0.9432;0.0119
2;0.2744;0.2507;-0.8576;-0.0707
0;0.2789;0.3554;-0.661;-0.0967
0;0.276;0.3371;-0.7898;-0.1413
0;0.2797;0.4066;-0.6271;-0.1432
0;0.2716;0.3379;-0.9783;-0.2125
0;0.2726;0.3588;-0.588;-0.2563
0;0.2576;0.245;-0.9826;-0.4155
0;0.2667;0.3182;-0.5168;-0.4592
0;0.2618;0.2766;-0.6642;-0.5304
0;0.2692;0.3806;-0.4307;-0.5174
0;0.2667;0.3894;-0.5085;-0.5229
0;0.2726;0.4344;-0.2574;-0.4721
1;0.2712;0.4298;-0.3029;-0.4384
0;0.2769;0.4974;-0.0776;-0.3589
0;0.2727;0.4888;-0.1746;-0.3282
0;0.2699;0.4396;-0.2811;-0.3242
0;0.2708;0.4641;-0.2485;-0.3104
0;0.2796;0.4995;0.0;-0.221
0;0.2836;0.582;-0.0105;-0.1145
0;0.2782;0.5359;-0.3004;-0.0757
0;0.2781;0.663;-0.3558;-0.0449
0;0.281;0.6265;-0.1773;0.0049
0;0.2824;0.6934;-0.1038;0.0553
0;0.2813;0.6285;-0.2683;0.0852
2;0.279;0.6317;-0.4098;0.0887
0;0.2765;0.5458;-0.5888;0.0694
0;0.2739;0.5296;-0.7732;0.031
0;0.277;0.5009;-0.567;0.0268
0;0.2751;0.5303;-0.6907;0.0074
0;0.274;0.5542;-0.7629;-0.0172
0;0.2741;0.5449;-0.7101;-0.0358
0;0.2761;0.441;-0.5894;-0.0335
1;0.2768;0.3754;-0.5411;-0.0248
0;0.2814;0.5621;-0.0888;0.0213
0;0.2855;0.6231;-0.0143;0.0924
0;0.2821;0.5177;-0.2238;0.1184
0;0.2831;0.5128;-0.2247;0.1462
0;0.2787;0.4621;-0.4758;0.1289
0;0.2768;0.4664;-0.5859;0.0974
0;0.279;0.5374;-0.4581;0.0907
2;0.2827;0.629;-0.3011;0.1161
0;0.2869;0.6396;-0.1794;0.1699
0;0.2865;0.6674;-0.2193;0.2072
0;0.2889;0.7108;-0.103;0.2548
1;0.2862;0.6591;-0.2532;0.2665
0;0.2826;0.5827;-0.4506;0.2426
0;0.2831;0.5794;-0.4249;0.2251
0;0.282;0.5085;-0.4815;0.2002
0;0.2831;0.4631;-0.4827;0.1879
2;0.2851;0.5479;-0.3764;0.1929
0;0.2909;0.6085;0.0;0.2443
0;0.2878;0.6309;-0.2076;0.2555
0;0.2891;0.6814;-0.1194;0.2729
1;0.2919;0.686;-0.0285;0.3072
0;0.2943;0.6739;-0.0126;0.3517
0;0.2913;0.568;-0.1994;0.3569
0;0.2936;0.6043;-0.1016;0.3773
0;0.2921;0.5485;-0.2074;0.3767
0;0.2925;0.6024;-0.2024;0.3755
0;0.295;0.7078;-0.0328;0.392
0;0.2912;0.6217;-0.439;0.3681
0;0.2853;0.5434;-0.9552;0.2958
0;0.2902;0.5846;-0.4925;0.2772
0;0.2969;0.6267;-0.1053;0.3165
0;0.2967;0.5701;-0.1228;0.3421
0;0.2916;0.544;-0.5029;0.3151
0;0.2876;0.4828;-0.8012;0.2564
1;0.2902;0.481;-0.6082;0.2295
0;0.2953;0.5098;-0.2281;0.2494
2;0.2931;0.5191;-0.3918;0.2437
0;0.2944;0.5085;-0.2924;0.2479
0;0.2958;0.54;-0.2078;0.2607
0;0.2909;0.4837;-0.669;0.2259
0;0.2943;0.4932;-0.3053;0.2255
0;0.2958;0.547;-0.1603;0.2355
0;0.2917;0.5669;-0.5573;0.206
0;0.2936;0.5379;-0.4298;0.1967
2;0.289;0.4067;-0.9643;0.1478
0;0.2894;0.4144;-0.8047;0.1111
0;0.2875;0.4482;-0.8581;0.0649
0;0.2844;0.4592;-0.8877;0.0017
0;0.2853;0.435;-0.8191;-0.04
0;0.2787;0.2848;-1.0;-0.1287
0;0.2787;0.3022;-0.9876;-0.1972
0;0.2858;0.3977;-0.5529;-0.1889
0;0.2888;0.4195;-0.3702;-0.1548
0;0.2975;0.57;0.0;-0.0528
0;0.2978;0.5393;0.0;0.0309
1;0.2984;0.5301;-0.08;0.1018
0;0.3;0.6015;-0.0839;0.17
0;0.3021;0.6038;-0.0798;0.2399
0;0.3021;0.6797;-0.0828;0.2918
0;0.2981;0.6095;-0.2362;0.2962
0;0.303;0.6807;-0.0584;0.3379
0;0.3024;0.7218;-0.1022;0.3619
0;0.3017;0.7025;-0.2391;0.3709
0;0.3017;0.8407;-0.3;0.3741
0;0.3029;0.8465;-0.1809;0.3833
0;0.3058;0.8252;0.0;0.4106
0;0.3046;0.7732;-0.3615;0.4177
0;0.3092;0.7357;-0.0903;0.4577
0;0.3093;0.734;-0.1548;0.4857
0;0.3098;0.7323;-0.129;0.5066
0;0.3152;0.7688;0.0;0.5639
0;0.3153;0.7508;-0.0152;0.6037
0;0.3135;0.7042;-0.14;0.6133
0;0.3158;0.8353;-0.0165;0.6337
0;0.3163;0.8029;-0.0726;0.6478
0;0.3133;0.7226;-0.375;0.6259
0;0.3092;0.6346;-0.7384;0.5672
0;0.307;0.5895;-0.713;0.4968
0;0.3062;0.5545;-0.7646;0.4287
0;0.3065;0.513;-0.7458;0.3732
2;0.3081;0.5634;-0.652;0.3391
0;0.3107;0.5303;-0.4972;0.331
0;0.3109;0.5303;-0.4879;0.3224
0;0.3109;0.5214;-0.4879;0.3123
1;0.3117;0.4127;-0.441;0.3077
0;0.3116;0.4088;-0.2787;0.3002
0;0.3115;0.4467;-0.2729;0.2904
0;0.3113;0.3643;-0.3615;0.2776
0;0.3067;0.2669;-0.8;0.2259
0;0.3018;0.2456;-0.771;0.1414
2;0.301;0.2879;-0.8178;0.0666
0;0.2982;0.2782;-0.9767;-0.0168
0;0.2972;0.276;-1.0;-0.0911
0;0.3004;0.3671;-0.7722;-0.1216
0;0.3008;0.3321;-0.7122;-0.1409
0;0.3019;0.2817;-0.6439;-0.1451
0;0.3;0.2518;-0.7574;-0.1632
0;0.3022;0.3212;-0.601;-0.1567
1;0.3046;0.3634;-0.1083;-0.1296
0;0.3029;0.3411;-0.3089;-0.1218
0;0.3029;0.3421;-0.3089;-0.1144
0;0.3029;0.3451;-0.3089;-0.1073
0;0.301;0.3836;-0.4959;-0.1162
0;0.3046;0.559;-0.2125;-0.0921
2;0.3038;0.561;-0.325;-0.0782
0;0.3022;0.5897;-0.5875;-0.0807
0;0.3039;0.6489;-0.3205;-0.067
0;0.3072;0.6502;-0.0874;-0.0276
0;0.3074;0.6477;-0.224;0.0058
0;0.3052;0.5695;-0.448;0.013
0;0.3046;0.6022;-0.512;0.0131
0;0.3046;0.5595;-0.504;0.0138
0;0.3046;0.4978;-0.5818;0.0135
0;0.3047;0.5567;-0.5636;0.0144
2;0.3044;0.5459;-0.6;0.0123
0;0.307;0.6067;-0.3091;0.0322
0;0.3089;0.7042;-0.1505;0.0638
0;0.3115;0.69;-0.2;0.1104
0;0.309;0.6295;-0.4214;0.1249
0;0.3105;0.7097;-0.2929;0.1473
1;0.3133;0.7241;-0.1474;0.187
0;0.3123;0.6379;-0.2244;0.2082
0;0.3141;0.6653;-0.102;0.2376
0;0.3153;0.7657;-0.0199;0.2691
0;0.3153;0.7888;-0.2079;0.2904
0;0.3158;0.7941;-0.2128;0.3088
0;0.3161;0.8;-0.2213;0.3221
0;0.3167;0.8049;-0.1557;0.3345
0;0.3165;0.8115;-0.1842;0.3394
0;0.3177;0.7974;-0.1237;0.3499
0;0.3168;0.7302;-0.2474;0.3463
0;0.3149;0.6019;-0.5455;0.3235
0;0.3141;0.6739;-0.7215;0.296
0;0.3088;0.4549;-0.9466;0.2257
0;0.3056;0.2983;-0.9011;0.1409
2;0.3041;0.2898;-0.7821;0.0597
0;0.3054;0.272;-0.7137;0.0059
0;0.3077;0.3095;-0.5897;-0.0168
0;0.3072;0.3035;-0.6154;-0.0386
0;0.3066;0.2763;-0.636;-0.0602
0;0.3048;0.2452;-0.7197;-0.0923
1;0.3032;0.2072;-0.8008;-0.1303
0;0.2978;0.1693;-1.0;-0.2043
0;0.3025;0.2606;-0.5563;-0.2205
0;0.3039;0.2999;-0.4262;-0.2193
0;0.3015;0.296;-0.6481;-0.2359
0;0.3029;0.3314;-0.518;-0.2348
0;0.3054;0.4447;-0.2698;-0.2102
1;0.3048;0.4853;-0.3163;-0.1941
0;0.3087;0.5767;-0.25;-0.1456
0;0.3134;0.6195;-0.0853;-0.0661
0;0.3121;0.5681;-0.1611;-0.0137
0;0.3197;0.6566;-0.0157;0.0916
0;0.3195;0.6632;-0.068;0.1722
0;0.3248;0.734;-0.0478;0.2792
0;0.3256;0.7669;-0.065;0.3667
0;0.3268;0.8825;-0.0203;0.4421
0;0.3282;0.8715;-0.0841;0.5091
0;0.3286;0.8675;-0.083;0.5593
0;0.3289;0.9333;-0.0769;0.5956
0;0.3258;0.8443;-0.2387;0.5918
0;0.328;0.8428;-0.1429;0.6011
0;0.3282;0.8603;-0.1959;0.6034
0;0.3257;0.7749;-0.4097;0.5782
0;0.3282;0.7571;-0.2929;0.5728
2;0.3331;0.8246;-0.1709;0.6044
0;0.3309;0.7087;-0.3418;0.6043
0;0.3322;0.7262;-0.2405;0.6088
0;0.3308;0.6242;-0.3481;0.5943
1;0.3348;0.6686;-0.0617;0.6101
0;0.3361;0.6696;-0.2038;0.6272
0;0.3346;0.6147;-0.3333;0.6209
0;0.335;0.6158;-0.3065;0.6127
0;0.3341;0.592;-0.4331;0.5923
0;0.335;0.676;-0.3851;0.5775
0;0.3354;0.6533;-0.3446;0.5638
2;0.3379;0.6829;-0.1641;0.5676
0;0.3352;0.6767;-0.4219;0.5419
0;0.337;0.6687;-0.25;0.5311
0;0.332;0.4799;-0.8611;0.475
0;0.3346;0.5688;-0.5534;0.447
0;0.3334;0.5231;-0.6893;0.4107
2;0.338;0.6219;-0.1359;0.4168
0;0.337;0.541;-0.2727;0.4083
0;0.3435;0.6158;0.0;0.4522
1;0.3444;0.658;-0.1921;0.4903
0;0.3475;0.685;-0.0049;0.5411
0;0.3479;0.707;-0.1116;0.5789
0;0.3541;0.7469;-0.0987;0.6547
0;0.3524;0.7134;-0.1832;0.6938
0;0.3546;0.7117;-0.1036;0.7357
0;0.3539;0.7484;-0.1419;0.7548
0;0.3504;0.6708;-0.2958;0.7322
0;0.3507;0.7687;-0.3189;0.7088
0;0.3557;0.7843;-0.1061;0.7254
0;0.3532;0.7579;-0.2737;0.7101
0;0.3548;0.7368;-0.2239;0.7036
0;0.3543;0.7488;-0.2813;0.6869
0;0.3558;0.7073;-0.1545;0.6796
0;0.3596;0.7327;-0.1908;0.6988
0;0.3636;0.7398;0.0;0.7402
0;0.3638;0.7379;-0.0591;0.7664
0;0.3633;0.6667;-0.0994;0.7747
0;0.3635;0.7108;-0.0891;0.7751
0;0.3661;0.7155;-0.0054;0.7895
0;0.3658;0.7264;-0.172;0.7896
0;0.3675;0.8479;-0.0737;0.7953
0;0.3656;0.7854;-0.1868;0.7753
0;0.37;0.7804;-0.0522;0.7888
0;0.3705;0.8652;-0.1369;0.7953
0;0.3737;0.874;-0.0349;0.8191
0;0.3756;0.8989;-0.2158;0.8451
0;0.3645;0.6199;-0.7759;0.7628
0;0.3641;0.5681;-0.75;0.6864
0;0.363;0.4891;-0.7546;0.6092
0;0.3582;0.4195;-0.8656;0.5017
0;0.3578;0.4204;-0.882;0.4082
2;0.3639;0.5041;-0.6393;0.3816
0;0.3675;0.5159;-0.4951;0.3871
0;0.3679;0.5248;-0.4787;0.3909
0;0.3694;0.5238;-0.4164;0.4029
0;0.37;0.5553;-0.3934;0.4129
1;0.3652;0.4402;-0.5869;0.3754
0;0.3639;0.4195;-0.6393;0.3308
0;0.3657;0.4004;-0.5639;0.3082
0;0.3639;0.3539;-0.7185;0.2718
0;0.3616;0.4526;-0.953;0.22
0;0.3629;0.4808;-0.8846;0.1881
0;0.365;0.531;-0.7328;0.179
0;0.3623;0.5661;-0.8664;0.147
0;0.3628;0.5805;-0.8421;0.1244
0;0.3616;0.4577;-0.7917;0.0955
1;0.3611;0.3617;-0.75;0.0669
0;0.3606;0.3428;-0.7455;0.0395
0;0.3576;0.26;-0.9504;-0.0075
0;0.351;0.1898;-0.9661;-0.1008
0;0.3488;0.2076;-0.9802;-0.1919
0;0.3458;0.1956;-0.9711;-0.2873
0;0.3533;0.3241;-0.5733;-0.2956
0;0.3499;0.3104;-0.7434;-0.3274
0;0.3492;0.3248;-0.771;-0.3553
0;0.3526;0.3632;-0.5561;-0.3443
0;0.35;0.3024;-0.7122;-0.3542
1;0.3514;0.3512;-0.5957;-0.3465
0;0.3576;0.4391;-0.0559;-0.2839
0;0.3585;0.462;-0.2098;-0.2246
0;0.3613;0.5028;-0.0837;-0.1512
0;0.3578;0.4706;-0.285;-0.1217
0;0.3606;0.5313;-0.1475;-0.0735
0;0.3621;0.6316;-0.13;-0.0223
0;0.3674;0.706;-0.0083;0.0635
0;0.373;0.7856;-0.0191;0.1783
0;0.3644;0.6141;-0.3712;0.1939
0;0.3648;0.6625;-0.3693;0.2076
0;0.3675;0.6918;-0.3411;0.2392
0;0.3705;0.6886;-0.1729;0.2865
0;0.3723;0.7394;-0.0701;0.336
2;0.3735;0.7385;-0.1284;0.3819
0;0.3738;0.7004;-0.125;0.4167
0;0.3733;0.6857;-0.2136;0.4356
0;0.3731;0.6572;-0.2626;0.4437
0;0.3745;0.7361;-0.1676;0.4573
0;0.3729;0.6811;-0.2737;0.4499
0;0.3749;0.6856;-0.6852;0.456
0;0.3753;0.6336;-0.7618;0.4594
0;0.3787;0.6042;-0.657;0.4864
0;0.3868;0.9149;-0.4302;0.5706
0;0.3893;0.9211;-0.3423;0.6522
1;0.3853;0.7934;-0.4806;0.676
0;0.3815;0.677;-0.6131;0.6552
0;0.3788;0.6013;-0.7082;0.6087
0;0.374;0.5067;-0.8752;0.5248
0;0.3692;0.4421;-0.9918;0.4125
2;0.3682;0.4366;-0.7899;0.3112
0;0.3647;0.4045;-0.9076;0.1986
0;0.37;0.4531;-0.7283;0.1527
0;0.3788;0.5532;-0.4314;0.1894
0;0.3737;0.4893;-0.5753;0.1727
0;0.3704;0.46;-0.637;0.1304
0;0.3646;0.3886;-0.8801;0.0465
0;0.366;0.3163;-0.8202;-0.0088
0;0.3661;0.2866;-0.8127;-0.051
0;0.3701;0.3598;-0.633;-0.0499
0;0.3694;0.3813;-0.6768;-0.0548
0;0.3735;0.4497;-0.4867;-0.023
1;0.3684;0.4469;-0.7224;-0.0413
0;0.3657;0.4658;-0.8161;-0.0777
0;0.3665;0.4837;-0.6928;-0.0985
0;0.3574;0.4347;-0.9741;-0.1918
0;0.3526;0.3437;-0.9373;-0.304
2;0.3528;0.2255;-0.8169;-0.3871
0;0.3521;0.249;-0.8401;-0.4541
0;0.352;0.2682;-0.8459;-0.5034
0;0.3495;0.2925;-0.9331;-0.558
0;0.345;0.2359;-0.9739;-0.633
0;0.3425;0.2189;-0.784;-0.7065
0;0.3542;0.34;-0.4417;-0.6578
0;0.3543;0.3463;-0.3186;-0.6118
0;0.3571;0.3281;-0.0293;-0.5452
0;0.3621;0.4338;-0.0031;-0.4448
0;0.3583;0.4235;-0.1442;-0.3933
1;0.3556;0.3918;-0.2423;-0.371
0;0.3604;0.5332;-0.0644;-0.3088
0;0.3641;0.6287;-0.0169;-0.2249
0;0.365;0.6341;-0.05;-0.1486
0;0.3649;0.641;-0.1413;-0.0884
0;0.3613;0.5963;-0.4192;-0.0703
0;0.3649;0.655;-0.2105;-0.025
0;0.3678;0.7367;-0.0263;0.0355
0;0.3674;0.7712;-0.0474;0.08
0;0.3643;0.635;-0.2474;0.0875
0;0.3677;0.6646;-0.0316;0.1212
0;0.3706;0.6653;-0.1049;0.1711
0;0.3684;0.5826;-0.3206;0.1897
0;0.3658;0.6022;-0.5573;0.1805
0;0.365;0.6351;-0.626;0.165
0;0.363;0.5398;-0.7133;0.1335
0;0.3589;0.4198;-0.9936;0.0729
2;0.3625;0.4635;-0.6686;0.0546
0;0.3605;0.4407;-0.8107;0.0227
0;0.3602;0.484;-0.8284;-0.0048
0;0.3595;0.4129;-0.8817;-0.0327
0;0.3598;0.3578;-0.7234;-0.0522
1;0.355;0.3089;-0.9698;-0.1078
0;0.358;0.4036;-0.5691;-0.1245
0;0.3663;0.4812;-0.1188;-0.066
0;0.3646;0.4169;-0.2228;-0.034
0;0.3665;0.4748;-0.104;0.0084
0;0.3698;0.5541;-0.0756;0.0691
1;0.3608;0.4524;-0.5326;0.0398
0;0.3599;0.4651;-0.5751;0.0092
0;0.3649;0.5666;-0.3243;0.0269
0;0.3624;0.4995;-0.4476;0.02
0;0.3565;0.4579;-0.7494;-0.0361
2;0.3513;0.4147;-0.9958;-0.124
0;0.3475;0.3915;-0.9965;-0.2246
0;0.3526;0.4412;-0.7792;-0.2574
0;0.3561;0.5095;-0.6355;-0.2514
0;0.3594;0.5119;-0.4783;-0.2156
0;0.3582;0.4225;-0.4241;-0.1957
0;0.3565;0.423;-0.5134;-0.1922
1;0.3572;0.4081;-0.4777;-0.1817
0;0.358;0.379;-0.3385;-0.1644
0;0.3641;0.5366;-0.0476;-0.0972
0;0.365;0.5558;-0.1423;-0.0354
0;0.365;0.502;-0.1429;0.0137
0;0.373;0.6137;-0.1011;0.1197
0;0.3727;0.6982;-0.128;0.1991
0;0.373;0.8019;-0.126;0.2624
0;0.3746;0.903;-0.0512;0.3229
0;0.3721;0.8157;-0.1654;0.3466
0;0.3712;0.767;-0.219;0.3538
0;0.371;0.7285;-0.2593;0.3536
0;0.372;0.7759;-0.2857;0.3581
0;0.3727;0.8362;-0.2553;0.3636
2;0.3711;0.7785;-0.6395;0.3506
0;0.3716;0.7763;-0.5581;0.3416
0;0.3725;0.7155;-0.4935;0.338
1;0.376;0.749;-0.2636;0.3614
0;0.3777;0.7668;-0.1368;0.3902
0;0.38;0.6944;-0.0301;0.4287
0;0.3827;0.7459;-0.1436;0.4771
0;0.386;0.7786;-0.0429;0.5387
0;0.388;0.7817;-0.0303;0.5978
0;0.3895;0.8791;-0.1418;0.6508
0;0.3911;0.9217;-0.0758;0.6992
0;0.3943;0.9401;0.0;0.7576
0;0.3992;0.9477;-0.0537;0.8367
0;0.3958;0.8485;-0.1724;0.8611
0;0.3974;0.8967;-0.1266;0.8854
0;0.4014;0.9064;-0.0078;0.9292
0;0.4002;0.8736;-0.0783;0.9432
0;0.4048;0.8772;-0.0704;0.9833
0;0.4013;0.795;-0.2561;0.9746
0;0.4058;0.8056;-0.0706;0.9958
0;0.4019;0.722;-0.3092;0.9693
0;0.4081;0.7387;-0.199;0.9899
0;0.4097;0.7372;-0.0995;1.0099
0;0.4068;0.6832;-0.2908;0.9901
0;0.4085;0.6837;-0.2284;0.9781
0;0.4103;0.674;-0.0926;0.974
0;0.4115;0.6455;-0.1514;0.9704
0;0.4142;0.7218;-0.0564;0.9799
0;0.4096;0.6377;-0.3333;0.9387
0;0.4114;0.6183;-0.2256;0.9112
0;0.412;0.6424;-0.227;0.8848
0;0.4143;0.6218;-0.2278;0.8745
0;0.4101;0.6101;-0.5506;0.8209
0;0.4127;0.5903;-0.3544;0.792
0;0.4148;0.6774;-0.25;0.7793
0;0.4181;0.6499;0.0;0.7887
0;0.4175;0.6199;-0.183;0.7826
0;0.4217;0.7216;0.0;0.8055
0;0.4272;0.7499;-0.0523;0.8616
0;0.4302;0.7572;0.0;0.9218
0;0.4283;0.7141;-0.1445;0.9437
0;0.4268;0.6656;-0.2303;0.9379
0;0.419;0.6132;-0.5502;0.8574
0;0.4306;0.6874;-0.2354;0.8833
0;0.4419;0.7415;-0.0279;0.9904
0;0.4414;0.7252;-0.0502;1.0601
0;0.4425;0.7848;-0.0533;1.113
0;0.4381;0.7166;-0.23;1.1056
1;0.4502;0.7572;-0.0286;1.1899
0;0.4536;0.758;-0.019;1.2732
0;0.4522;0.7488;-0.0615;1.3131
0;0.456;0.7473;-0.083;1.3629
0;0.4432;0.6044;-0.5395;1.2792
0;0.4443;0.5946;-0.5669;1.2091
0;0.4456;0.6164;-0.5191;1.1518
0;0.4403;0.5863;-0.7197;1.0492
0;0.4476;0.6845;-0.4427;1.0197
2;0.4492;0.6378;-0.5063;0.9993
0;0.4458;0.5327;-0.6751;0.9439
0;0.4474;0.5489;-0.5992;0.9031
0;0.4445;0.5156;-0.7426;0.8371
1;0.4497;0.5917;-0.3941;0.8206
0;0.4534;0.5293;-0.0405;0.8298
0;0.45;0.4668;-0.2717;0.7996
0;0.4513;0.4915;-0.185;0.778
0;0.4461;0.4115;-0.5924;0.709
0;0.4404;0.4714;-0.9302;0.599
0;0.4353;0.4151;-0.88;0.4629
2;0.4389;0.4393;-0.6768;0.3809
0;0.4347;0.4483;-0.8669;0.2764
0;0.4299;0.3273;-0.8851;0.1502
0;0.4193;0.2521;-0.9051;-0.0405
0;0.4151;0.249;-1.0;-0.2256
0;0.4101;0.2118;-0.998;-0.412
0;0.4116;0.2403;-0.8419;-0.5416
0;0.4131;0.1929;-0.7864;-0.625
0;0.4085;0.1299;-0.8863;-0.7229
0;0.4227;0.3084;-0.4872;-0.6724
0;0.4249;0.3181;-0.4133;-0.6061
0;0.4274;0.3657;-0.3444;-0.5266
0;0.4244;0.3805;-0.2226;-0.4836
0;0.4221;0.3966;-0.3129;-0.4646
1;0.4283;0.421;-0.0742;-0.3916
0;0.432;0.4796;-0.0571;-0.2991
0;0.4289;0.4928;-0.2644;-0.2489
0;0.436;0.6371;-0.0395;-0.1464
0;0.4233;0.5589;-0.4633;-0.1717
0;0.4141;0.5275;-0.9647;-0.2682
0;0.4189;0.5473;-0.7668;-0.3011
0;0.4155;0.515;-0.8924;-0.3525
0;0.4266;0.6059;-0.434;-0.2946
2;0.4285;0.5399;-0.3576;-0.23
0;0.4314;0.5436;-0.2396;-0.1522
1;0.4258;0.4895;-0.4687;-0.1368
0;0.426;0.5103;-0.4618;-0.1217
0;0.4282;0.5417;-0.3234;-0.0891
0;0.4315;0.522;-0.1822;-0.0353
0;0.4339;0.5139;-0.0743;0.0284
0;0.4372;0.5591;-0.0777;0.1061
0;0.4354;0.4952;-0.2343;0.151
0;0.4318;0.5762;-0.5463;0.1543
0;0.4375;0.7247;-0.1944;0.2039
0;0.4307;0.6093;-0.6146;0.1827
0;0.4269;0.6042;-0.7431;0.1315
0;0.4296;0.532;-0.5963;0.113
0;0.4335;0.552;-0.3853;0.1305
0;0.4269;0.4575;-0.6736;0.0871
2;0.4268;0.5106;-0.682;0.0506
0;0.4295;0.5361;-0.5481;0.0444
0;0.4303;0.5214;-0.4455;0.0456
0;0.4305;0.4887;-0.436;0.0476
0;0.4333;0.4929;-0.2796;0.0725
0;0.4359;0.4855;-0.1202;0.1139
1;0.4399;0.5486;-0.098;0.1794
0;0.4308;0.4902;-0.5527;0.1514
0;0.4228;0.3642;-0.8945;0.0596
0;0.4273;0.4672;-0.7751;0.0251
0;0.4293;0.5246;-0.6787;0.0151
0;0.429;0.4938;-0.6948;0.0041
2;0.428;0.4383;-0.743;-0.0133
0;0.4266;0.4957;-0.8072;-0.0384
1;0.424;0.4667;-0.9317;-0.0803
0;0.4214;0.4037;-0.8973;-0.1342
0;0.4242;0.4313;-0.7842;-0.1513
0;0.4199;0.3912;-0.9097;-0.1995
0;0.4177;0.3369;-0.9012;-0.2541
0;0.4147;0.2794;-0.9406;-0.3199
0;0.4076;0.1839;-0.8742;-0.4285
0;0.4058;0.2148;-0.9418;-0.5247
0;0.4093;0.329;-0.8014;-0.5652
0;0.4039;0.2085;-0.9859;-0.6376
0;0.4017;0.1571;-0.9085;-0.7059
0;0.4068;0.2529;-0.7119;-0.7095
0;0.4011;0.2289;-0.932;-0.7534
0;0.4011;0.2367;-0.7682;-0.7792
0;0.3978;0.2334;-0.8864;-0.8196
0;0.4086;0.3881;-0.3485;-0.7513
0;0.4048;0.3333;-0.5311;-0.7215
0;0.3931;0.2956;-0.7402;-0.7897
0;0.3997;0.3712;-0.5251;-0.7792
0;0.3985;0.381;-0.5642;-0.7728
0;0.3959;0.4081;-0.648;-0.7813
2;0.3923;0.3963;-0.7682;-0.8109
0;0.397;0.4079;-0.6117;-0.785
0;0.3975;0.4481;-0.5978;-0.7527
0;0.4046;0.5211;-0.3659;-0.659
0;0.4081;0.5098;-0.1829;-0.5485
0;0.4127;0.5907;-0.0585;-0.4165
1;0.415;0.6044;-0.0402;-0.2884
0;0.4163;0.6436;-0.0327;-0.1736
0;0.4145;0.5533;-0.1111;-0.0966
0;0.4082;0.5296;-0.3246;-0.0878
0;0.4099;0.6762;-0.2661;-0.0655
0;0.4039;0.5443;-0.6304;-0.0986
0;0.4011;0.5271;-0.7918;-0.1469
2;0.4073;0.6085;-0.5728;-0.1312
0;0.4016;0.5856;-0.8591;-0.166
0;0.3988;0.5163;-0.8638;-0.2156
0;0.4015;0.5367;-0.7393;-0.2292
0;0.3998;0.4516;-0.8171;-0.252
0;0.4017;0.4329;-0.696;-0.2513
0;0.4024;0.3833;-0.5357;-0.2415
0;0.4041;0.3735;-0.3022;-0.2175
1;0.3979;0.3092;-0.8187;-0.2484
0;0.3992;0.3396;-0.7096;-0.259
0;0.4049;0.4647;-0.1946;-0.2163
0;0.4069;0.4678;-0.0197;-0.1634
0;0.4045;0.5069;-0.2344;-0.1406
0;0.4002;0.4901;-0.6098;-0.1571
1;0.4083;0.5105;-0.1318;-0.1002
0;0.4225;0.6886;-0.1059;0.0667
0;0.4321;0.7676;-0.0124;0.2789
0;0.4371;0.7755;-0.0065;0.485
0;0.4419;0.8111;-0.0305;0.6832
0;0.4391;0.7732;-0.1081;0.8086
0;0.4357;0.7333;-0.1879;0.8695
0;0.4382;0.7365;-0.1311;0.9296
0;0.437;0.7905;-0.1585;0.9567
0;0.4415;0.8;-0.0786;1.0061
2;0.4366;0.728;-0.2849;0.9933
0;0.4365;0.7181;-0.4224;0.9711
0;0.4363;0.7427;-0.6711;0.9419
0;0.4414;0.8099;-0.2847;0.9522
0;0.4329;0.6843;-0.9653;0.8783
0;0.4373;0.6297;-0.6111;0.8482
0;0.4335;0.5135;-0.9167;0.7832
0;0.4338;0.4647;-0.6548;0.7259
0;0.4317;0.3834;-0.7767;0.6554
0;0.4334;0.4332;-0.6701;0.6076
0;0.432;0.4544;-0.7;0.5511
0;0.4344;0.4532;-0.5667;0.5212
0;0.4347;0.4717;-0.4509;0.4951
0;0.4386;0.4636;-0.1463;0.5022
1;0.4388;0.5313;-0.1598;0.504
0;0.4355;0.4874;-0.4497;0.4722
0;0.4353;0.4874;-0.4603;0.4407
0;0.4339;0.3903;-0.545;0.3994
0;0.4321;0.4857;-0.6561;0.3473
0;0.4325;0.3955;-0.6349;0.3054
2;0.4314;0.4492;-0.8199;0.2604
0;0.4288;0.3902;-0.9532;0.1995
0;0.4257;0.3732;-0.9431;0.123
0;0.4286;0.4034;-0.7783;0.0863
0;0.4266;0.3953;-0.8744;0.0396
0;0.4226;0.2834;-0.7975;-0.0313
0;0.4276;0.3869;-0.467;-0.045
0;0.4283;0.3202;-0.4093;-0.0488
0;0.4238;0.273;-0.6788;-0.0893
0;0.419;0.2607;-0.7917;-0.1614
0;0.4159;0.2402;-0.8807;-0.2429
0;0.4134;0.2332;-0.859;-0.3258
0;0.417;0.3126;-0.674;-0.3568
0;0.411;0.2664;-0.953;-0.4288
0;0.4188;0.3807;-0.5321;-0.4143
0;0.4185;0.3983;-0.5505;-0.4013
0;0.4155;0.399;-0.711;-0.4125
0;0.4198;0.415;-0.4488;-0.3803
0;0.4232;0.4684;-0.2194;-0.3216
1;0.425;0.5228;-0.1173;-0.2572
0;0.4249;0.471;-0.1225;-0.2045
0;0.4247;0.4602;-0.1327;-0.1623
0;0.4246;0.5094;-0.1105;-0.128
0;0.4234;0.5586;-0.1862;-0.11
0;0.4184;0.5317;-0.6992;-0.1371
2;0.4207;0.5934;-0.5197;-0.1372
0;0.426;0.6097;-0.0833;-0.0911
0;0.4236;0.6701;-0.4106;-0.0739
0;0.4149;0.4486;-0.9937;-0.1336
0;0.4171;0.4826;-0.8049;-0.1607
0;0.4108;0.4462;-0.9623;-0.2338
0;0.4112;0.3915;-0.7992;-0.2851
2;0.4216;0.4827;-0.3213;-0.2343
0;0.4239;0.4887;-0.2169;-0.1726
0;0.4223;0.4737;-0.2892;-0.1354
0;0.4167;0.4252;-0.5502;-0.1529
1;0.4134;0.4018;-0.6988;-0.1925
0;0.418;0.4557;-0.4483;-0.1823
0;0.416;0.4795;-0.5474;-0.1894
2;0.4166;0.4626;-0.5216;-0.1886
0;0.4137;0.3842;-0.6638;-0.2104
0;0.4166;0.4341;-0.5475;-0.2009
0;0.416;0.5125;-0.5747;-0.1957
0;0.4194;0.5252;-0.3982;-0.1606
0;0.4054;0.4503;-0.9291;-0.2506
0;0.409;0.4803;-0.7042;-0.2885
0;0.4078;0.3574;-0.7583;-0.3249
0;0.4077;0.3251;-0.7625;-0.3509
0;0.4089;0.3531;-0.7071;-0.358
2;0.4098;0.4158;-0.6653;-0.3524
1;0.4124;0.487;-0.5397;-0.322
0;0.4138;0.4424;-0.4728;-0.2827
0;0.4132;0.4608;-0.4979;-0.2533
0;0.4063;0.3776;-0.7906;-0.2867
0;0.4016;0.3625;-0.7363;-0.3493
0;0.4064;0.3893;-0.4627;-0.3541
0;0.4203;0.5362;-0.0761;-0.2362
0;0.4129;0.4481;-0.3702;-0.2039
0;0.4038;0.4865;-0.7301;-0.2534
0;0.4043;0.458;-0.7093;-0.2852
1;0.4049;0.4728;-0.6886;-0.3028
0;0.4149;0.5556;-0.2907;-0.2282
2;0.4156;0.5525;-0.263;-0.1611
0;0.4132;0.5267;-0.3564;-0.1265
0;0.4184;0.5443;-0.1731;-0.0542
0;0.4139;0.5006;-0.404;-0.0352
0;0.4146;0.5092;-0.372;-0.014
0;0.4118;0.5417;-0.496;-0.02
0;0.4108;0.5722;-0.544;-0.0335
0;0.4079;0.5121;-0.676;-0.0682
2;0.4049;0.3483;-0.8982;-0.1201
0;0.4021;0.3826;-0.9712;-0.1841
0;0.4025;0.4825;-0.9023;-0.2289
0;0.4045;0.5022;-0.8125;-0.2447
0;0.4079;0.5365;-0.5735;-0.2256
0;0.4049;0.3568;-0.6882;-0.2334
0;0.4124;0.4611;-0.1375;-0.1741
1;0.4098;0.4582;-0.3165;-0.1477
0;0.4106;0.3963;-0.2532;-0.1179
0;0.4125;0.4799;-0.1203;-0.0777
0;0.4106;0.4453;-0.3552;-0.0607
0;0.4166;0.5603;-0.0053;0.0037
0;0.4142;0.5421;-0.2787;0.0344
0;0.4155;0.5978;-0.2069;0.0694
0;0.4171;0.662;-0.1034;0.1095
0;0.4177;0.7221;-0.1875;0.1451
0;0.4203;0.7383;-0.0333;0.1939
0;0.4196;0.7094;-0.1574;0.2244
0;0.4203;0.6859;-0.1456;0.2519
0;0.4258;0.7906;-0.0113;0.3174
0;0.4238;0.6869;-0.1407;0.3484
0;0.4193;0.6469;-0.5412;0.3309
0;0.4157;0.5729;-0.781;0.2836
0;0.4175;0.572;-0.6686;0.2583
0;0.4144;0.5522;-0.9112;0.2094
2;0.416;0.491;-0.7727;0.1822
0;0.4204;0.5914;-0.4886;0.1963
0;0.4238;0.6147;-0.2727;0.2338
0;0.4232;0.588;-0.3068;0.2563
0;0.4189;0.5156;-0.5852;0.2347
1;0.4088;0.3747;-0.9121;0.1289
0;0.4057;0.3569;-0.9643;0.0187
0;0.4116;0.4185;-0.7024;-0.0188
0;0.4131;0.3719;-0.6349;-0.0355
0;0.4127;0.3849;-0.6508;-0.0512
0;0.4171;0.4769;-0.4563;-0.0263
0;0.4162;0.5049;-0.496;-0.0139
1;0.4186;0.5116;-0.3889;0.0163
0;0.4193;0.556;-0.1099;0.0459
0;0.4248;0.5933;-0.1279;0.1159
0;0.4283;0.5848;-0.0504;0.1991
0;0.4282;0.5512;-0.0791;0.2618
0;0.4254;0.5233;-0.2194;0.2844
0;0.4226;0.5423;-0.399;0.2759
0;0.424;0.7179;-0.3221;0.2783
0;0.4236;0.7745;-0.385;0.2735
2;0.4334;0.799;-0.1013;0.3501
0;0.4341;0.7946;-0.1562;0.4126
0;0.4297;0.7133;-0.4146;0.4201
0;0.4343;0.7152;-0.1774;0.4605
0;0.4367;0.7473;-0.0321;0.5084
0;0.4393;0.7484;0.0;0.5625
0;0.4382;0.7254;-0.1646;0.5901
0;0.4393;0.6925;-0.1222;0.6146
0;0.4391;0.6581;-0.1336;0.6259
0;0.4413;0.6796;-0.034;0.6462
0;0.442;0.7429;-0.1637;0.662
0;0.4353;0.6659;-0.6082;0.6105
0;0.4341;0.6319;-0.7815;0.553
0;0.4352;0.65;-0.8015;0.5115
0;0.4365;0.551;-0.6149;0.4839
0;0.4378;0.56;-0.5135;0.4683
2;0.4374;0.6426;-0.5473;0.4472
0;0.436;0.5373;-0.6486;0.4147
0;0.4331;0.4249;-0.8165;0.3599
0;0.4344;0.3915;-0.7278;0.3234
0;0.4355;0.4402;-0.4766;0.301
0;0.4346;0.3969;-0.4831;0.2726
0;0.4365;0.4457;-0.2472;0.2631
0;0.4369;0.4047;-0.2941;0.2566
1;0.4362;0.3711;-0.3725;0.2427
0;0.4392;0.6028;-0.0392;0.2547
0;0.4352;0.5265;-0.4904;0.2278
0;0.4364;0.5265;-0.3654;0.2138
0;0.4346;0.4582;-0.5859;0.1856
0;0.4356;0.4494;-0.4747;0.1696
0;0.4322;0.395;-0.8687;0.126
2;0.436;0.5;-0.4242;0.1233
0;0.4386;0.6013;-0.1327;0.1416
0;0.439;0.5892;-0.2035;0.1582
0;0.4394;0.5764;-0.1681;0.1727
0;0.4353;0.5116;-0.5796;0.1474
1;0.4365;0.501;-0.4544;0.1365
0;0.4431;0.5909;-0.0878;0.1825
0;0.4492;0.6642;-0.0514;0.2684
0;0.4511;0.6544;-0.0303;0.3491
0;0.4527;0.7418;-0.0436;0.4226
0;0.4549;0.7493;-0.0242;0.495
0;0.4492;0.6774;-0.2823;0.4983
0;0.4531;0.6984;-0.1089;0.5281
0;0.4526;0.7495;-0.129;0.5423
0;0.4551;0.7408;-0.0615;0.5689
0;0.4545;0.7108;-0.109;0.5785
0;0.4557;0.7169;-0.2247;0.5905
0;0.4578;0.7289;-0.1504;0.6112
0;0.4605;0.8249;0.0;0.6437
0;0.4639;0.8344;-0.4942;0.6921
0;0.4621;0.7611;-0.5556;0.7069
0;0.4501;0.5106;-0.9789;0.6095
0;0.4448;0.4314;-1.0;0.4817
0;0.4482;0.4528;-0.8582;0.4046
0;0.4433;0.3839;-0.9615;0.2979
2;0.4386;0.3916;-0.8547;0.1706
0;0.4343;0.3105;-0.9453;0.0321
0;0.4348;0.3195;-0.9084;-0.0736
0;0.4345;0.2817;-0.9139;-0.1584
0;0.436;0.308;-0.838;-0.2106
0;0.4367;0.3002;-0.7736;-0.2434
0;0.4374;0.2799;-0.6552;-0.2606
1;0.4356;0.2264;-0.7143;-0.2865
0;0.4355;0.1614;-0.71;-0.3055
0;0.4348;0.1659;-0.6;-0.3232
0;0.4358;0.2619;-0.4464;-0.3246
0;0.4363;0.3298;-0.2947;-0.3185
2;0.4342;0.206;-0.5795;-0.3278
0;0.4388;0.403;-0.0112;-0.2929
0;0.4397;0.5273;-0.0392;-0.2548
0;0.4413;0.7053;-0.0252;-0.2084
0;0.4411;0.6898;-0.0732;-0.1712
0;0.4448;0.7556;0.0;-0.109
1;0.4443;0.7183;-0.1329;-0.0626
0;0.4453;0.7222;-0.0811;-0.017
0;0.4439;0.6607;-0.1892;0.0069
0;0.4458;0.7522;-0.0596;0.0423
0;0.4422;0.6415;-0.3704;0.0388
0;0.4365;0.5313;-0.9187;-0.0122
0;0.4352;0.4892;-0.7711;-0.0636
0;0.4375;0.5203;-0.6;-0.0837
0;0.4321;0.4686;-0.9209;-0.1449
2;0.4335;0.415;-0.8305;-0.1794
0;0.4371;0.4615;-0.6045;-0.1744
0;0.4393;0.4714;-0.4633;-0.1497
0;0.4436;0.5326;-0.1921;-0.0923
0;0.4495;0.5582;-0.0142;0.004
1;0.448;0.5439;-0.0943;0.0669
0;0.4456;0.5031;-0.2217;0.0953
0;0.447;0.5362;-0.1462;0.1288
0;0.4429;0.4675;-0.3632;0.1189
0;0.4443;0.5249;-0.2933;0.122
2;0.4441;0.601;-0.3387;0.1216
0;0.4463;0.6442;-0.2727;0.1382
0;0.4413;0.5457;-0.812;0.1074
0;0.44;0.6077;-0.9237;0.0714
0;0.4438;0.631;-0.5446;0.0741
0;0.4471;0.6284;-0.1698;0.1035
0;0.4435;0.5521;-0.5472;0.0952
0;0.4502;0.5773;0.0;0.1444
0;0.4417;0.414;-0.7775;0.1095
1;0.4418;0.4295;-0.7694;0.0817
0;0.4366;0.4043;-0.9935;0.0152
0;0.4353;0.3742;-0.933;-0.0488
0;0.4326;0.3858;-0.6567;-0.1217
2;0.4303;0.3477;-0.74;-0.197
0;0.4339;0.3967;-0.6067;-0.2235
0;0.4376;0.4152;-0.47;-0.2107
0;0.4395;0.4818;-0.4;-0.1822
0;0.4361;0.4608;-0.5267;-0.187
0;0.4353;0.4098;-0.4904;-0.1957
1;0.4403;0.43;-0.2685;-0.1583
0;0.4461;0.5257;-0.0453;-0.0774
0;0.451;0.5083;-0.0223;0.0286
0;0.4498;0.597;-0.1304;0.1018
0;0.4505;0.6021;-0.1423;0.1638
0;0.4536;0.7098;-0.0929;0.2377
0;0.4549;0.7427;-0.0929;0.3041
0;0.4543;0.7849;-0.1922;0.3486
0;0.4544;0.8346;-0.2045;0.3807
0;0.4539;0.8027;-0.2431;0.3974
0;0.4591;0.8115;-0.0533;0.4507
0;0.4579;0.7707;-0.2129;0.4773
0;0.4569;0.8305;-0.2839;0.4847
0;0.4588;0.8611;-0.1484;0.5014
0;0.4622;0.8542;-0.0556;0.5385
0;0.4649;0.8377;-0.1117;0.5849
0;0.464;0.7727;-0.1602;0.6076
0;0.4624;0.7584;-0.2476;0.6053
0;0.4558;0.5881;-0.6019;0.5411
0;0.4531;0.4909;-0.8701;0.4618
0;0.4533;0.4717;-0.7488;0.3959
2;0.4468;0.3916;-0.777;0.2854
0;0.4454;0.3744;-0.8328;0.1831
0;0.4517;0.474;-0.5889;0.1542
0;0.4567;0.4706;-0.3972;0.1719
0;0.4516;0.4311;-0.5534;0.1412
0;0.4433;0.3711;-0.9023;0.0449
0;0.4404;0.3288;-0.8145;-0.0559
0;0.4403;0.2824;-0.8047;-0.1355
0;0.4388;0.2339;-0.8711;-0.2097
2;0.4414;0.2776;-0.7578;-0.2438
0;0.4236;0.2102;-0.8448;-0.4198
0;0.4169;0.21;-0.9014;-0.6107
0;0.4185;0.238;-0.8665;-0.7408
0;0.4115;0.2131;-0.9529;-0.8952
0;0.41;0.2287;-0.9331;-1.0196
0;0.411;0.245;-0.8965;-1.0983
0;0.4192;0.2656;-0.6824;-1.079
0;0.4247;0.2713;-0.5388;-1.0056
0;0.4245;0.2913;-0.5459;-0.9394
0;0.4289;0.382;-0.0202;-0.8397
1;0.4303;0.4154;-0.0786;-0.74
0;0.4303;0.416;-0.0786;-0.6536
0;0.432;0.4434;-0.0315;-0.5641
0;0.4292;0.3985;-0.1399;-0.5113
0;0.4273;0.5419;-0.2255;-0.4811
0;0.4223;0.5638;-0.4415;-0.4944
0;0.4239;0.5638;-0.6875;-0.4858
0;0.4204;0.6148;-0.9928;-0.5038
2;0.4246;0.6753;-0.6149;-0.4766
0;0.4219;0.6253;-0.82;-0.4734
0;0.4309;0.6323;-0.1431;-0.3891
0;0.4271;0.5279;-0.4303;-0.3511
0;0.43;0.5615;-0.1663;-0.2926
1;0.4309;0.5247;-0.331;-0.2357
0;0.429;0.4846;-0.4431;-0.2047
0;0.4302;0.4987;-0.3737;-0.1679
2;0.4383;0.5632;-0.019;-0.0682
0;0.4401;0.6111;-0.0301;0.0258
0;0.4407;0.6419;-0.0638;0.105
0;0.4366;0.6537;-0.2894;0.1314
0;0.4307;0.5663;-0.6963;0.1004
0;0.4289;0.5869;-0.7638;0.0602
0;0.4234;0.4873;-0.9907;-0.0194
0;0.4206;0.4873;-0.9918;-0.1052
2;0.4212;0.3834;-0.7621;-0.167
0;0.4175;0.3851;-0.8907;-0.2449
0;0.4291;0.4909;-0.4823;-0.2053
0;0.4369;0.5518;-0.209;-0.1059
0;0.4366;0.5681;-0.2186;-0.0289
0;0.4372;0.5631;-0.1531;0.0368
0;0.4506;0.6015;-0.0979;0.2021
1;0.4484;0.5684;-0.1526;0.3116
0;0.4522;0.59;-0.0569;0.4271
0;0.455;0.6467;-0.0155;0.5368
0;0.4523;0.6826;-0.1061;0.595
0;0.4504;0.6805;-0.1608;0.6183
0;0.4492;0.7347;-0.2914;0.6201
0;0.447;0.742;-0.4286;0.5962
0;0.4467;0.7357;-0.4408;0.5688
2;0.4473;0.7911;-0.5126;0.5458
0;0.4455;0.6976;-0.7771;0.5064
0;0.4496;0.6683;-0.4583;0.5049
0;0.4494;0.6699;-0.4702;0.4968
0;0.4509;0.6785;-0.369;0.4983
0;0.4517;0.5211;-0.1556;0.5004
0;0.4519;0.5725;-0.1407;0.4983
1;0.4526;0.5088;-0.1014;0.4976
0;0.4482;0.3496;-0.4493;0.4545
0;0.4468;0.3707;-0.558;0.4041
0;0.4411;0.3139;-0.9589;0.3113
0;0.4405;0.3221;-0.9669;0.2302
0;0.434;0.273;-0.9776;0.1081
2;0.4355;0.3131;-0.8627;0.0239
0;0.4451;0.472;-0.412;0.0387
0;0.4461;0.5084;-0.3648;0.0585
0;0.45;0.506;-0.1803;0.1068
0;0.4471;0.472;-0.2773;0.1189
1;0.4525;0.5174;-0.0644;0.173
0;0.4503;0.4851;-0.1674;0.1951
0;0.4527;0.5085;-0.1339;0.2306
0;0.4534;0.5085;-0.1024;0.2623
0;0.4513;0.5337;-0.1929;0.2667
0;0.4451;0.4829;-0.5571;0.2146
0;0.4423;0.5124;-0.9867;0.1473
0;0.4435;0.531;-0.859;0.1035
0;0.4487;0.6557;-0.5;0.1113
2;0.4442;0.5865;-0.8141;0.0783
0;0.4468;0.5201;-0.6282;0.074
0;0.4519;0.5609;-0.2756;0.1124
1;0.4533;0.5367;-0.1731;0.1539
0;0.45;0.5324;-0.4038;0.1571
0;0.4538;0.5152;-0.1014;0.19
0;0.4527;0.5283;-0.1825;0.2046
0;0.4546;0.5234;-0.0405;0.2303
0;0.453;0.4951;-0.29;0.234
0;0.4543;0.5353;-0.2036;0.2455
0;0.4562;0.6469;-0.074;0.2683
0;0.4551;0.6777;-0.239;0.2741
0;0.4517;0.6065;-0.7444;0.2467
0;0.4561;0.5993;-0.2111;0.2602
0;0.4542;0.6427;-0.3604;0.2515
0;0.4579;0.653;-0.0976;0.2734
0;0.4623;0.6473;-0.0862;0.3254
0;0.4621;0.6287;-0.1278;0.3613
1;0.4626;0.7;-0.1337;0.3897
0;0.4669;0.7052;-0.0413;0.4448
0;0.4662;0.7135;-0.078;0.4772
0;0.4659;0.6883;-0.0959;0.4953
0;0.4656;0.7217;-0.1558;0.502
0;0.4667;0.719;-0.1417;0.5105
0;0.4627;0.6067;-0.5;0.4781
2;0.4585;0.5512;-0.8133;0.4122
0;0.4594;0.6246;-0.7338;0.363
0;0.4631;0.6166;-0.4675;0.3525
0;0.46;0.5929;-0.6883;0.3139
0;0.4583;0.5079;-0.6561;0.266
0;0.4594;0.4429;-0.5979;0.2341
0;0.4616;0.4901;-0.4709;0.2252
0;0.4599;0.454;-0.5661;0.2018
0;0.4582;0.3345;-0.6337;0.1663
0;0.4577;0.338;-0.5857;0.1326
0;0.459;0.3729;-0.4857;0.1157
0;0.4609;0.4185;-0.3357;0.1176
0;0.4583;0.3625;-0.5114;0.0951
0;0.4565;0.3909;-0.6186;0.0614
0;0.4579;0.4874;-0.617;0.046
0;0.4576;0.4649;-0.6489;0.0311
0;0.4567;0.3542;-0.7416;0.0111
0;0.4546;0.3728;-0.9167;-0.022
0;0.4539;0.3899;-0.8571;-0.0541
0;0.4534;0.3474;-0.8293;-0.0835
0;0.4443;0.1742;-0.9009;-0.1826
0;0.4363;0.1405;-0.9568;-0.327
0;0.4382;0.1983;-0.8556;-0.4208
0;0.4373;0.1956;-0.8897;-0.4981
0;0.4385;0.1934;-0.8385;-0.5435
0;0.4412;0.2108;-0.7259;-0.5507
0;0.4365;0.199;-0.9197;-0.5906
1;0.4341;0.196;-0.9721;-0.6353
0;0.438;0.2471;-0.7984;-0.6309
0;0.4366;0.2403;-0.7744;-0.6325
0;0.4413;0.3249;-0.1869;-0.5878
0;0.4384;0.3189;-0.451;-0.5707
0;0.439;0.334;-0.3824;-0.5457
1;0.4413;0.3698;-0.281;-0.5013
0;0.4368;0.4106;-0.6777;-0.4987
0;0.4382;0.5276;-0.5537;-0.4796
2;0.4399;0.5238;-0.5472;-0.4454
0;0.432;0.4371;-0.9885;-0.4803
0;0.4305;0.4057;-0.9947;-0.5153
0;0.4341;0.4185;-0.776;-0.5068
0;0.436;0.4943;-0.6719;-0.479
0;0.4345;0.5047;-0.7552;-0.4646
0;0.4365;0.479;-0.6458;-0.4319
0;0.4353;0.4824;-0.7091;-0.411
1;0.4323;0.3745;-0.8777;-0.4156
0;0.4393;0.5109;-0.4877;-0.3561
0;0.4411;0.5256;-0.158;-0.2896
0;0.4431;0.5226;-0.0212;-0.2175
0;0.4423;0.5749;-0.1155;-0.1647
0;0.447;0.6097;-0.0184;-0.0817
1;0.4448;0.5602;-0.2093;-0.0345
0;0.4495;0.7327;-0.0788;0.0435
0;0.439;0.5903;-0.6355;0.0149
0;0.4341;0.4997;-0.8419;-0.0491
0;0.4332;0.4702;-0.8884;-0.1069
0;0.4303;0.4564;-0.9652;-0.1759
0;0.4283;0.4162;-0.9529;-0.2451
2;0.4289;0.4327;-0.9115;-0.2922
0;0.4351;0.5274;-0.6538;-0.273
0;0.4362;0.466;-0.6115;-0.2463
0;0.4373;0.457;-0.5654;-0.2132
0;0.439;0.4536;-0.2249;-0.1705
1;0.4362;0.4335;-0.3442;-0.1589
0;0.4359;0.3675;-0.3636;-0.1504
0;0.4358;0.3873;-0.3701;-0.143
0;0.4333;0.2836;-0.5455;-0.157
0;0.4414;0.5346;-0.0655;-0.0973
0;0.4449;0.6593;-0.2723;-0.02
0;0.4472;0.6995;-0.1765;0.061
0;0.4454;0.7225;-0.2696;0.1091
0;0.4438;0.7306;-0.3529;0.1324
1;0.4441;0.7283;-0.3382;0.1516
0;0.4436;0.652;-0.3676;0.1605
0;0.4434;0.6341;-0.3775;0.1641
2;0.4381;0.5136;-0.652;0.1208
0;0.4308;0.3887;-1.0;0.0236
0;0.4181;0.3058;-0.3419;-0.1612
0;0.4065;0.246;-0.4494;-0.4034
0;0.4221;0.4061;-0.2814;-0.4582
0;0.4317;0.4901;-0.1566;-0.4149
0;0.4306;0.426;-0.1691;-0.3858
0;0.43;0.3944;-0.1753;-0.3636
0;0.4196;0.3242;-0.2905;-0.4303
1;0.4238;0.3665;-0.2186;-0.4426
0;0.4273;0.4;-0.1286;-0.4182
0;0.4189;0.3611;-0.1786;-0.466
0;0.4288;0.4263;-0.147;-0.4145
0;0.4242;0.4084;-0.393;-0.4085
0;0.4249;0.4336;-0.503;-0.3939
0;0.4274;0.4818;-0.3313;-0.3568
0;0.4266;0.5511;-0.3804;-0.3301
1;0.4334;0.671;-0.0942;-0.2484
0;0.4317;0.5745;-0.1885;-0.1958
0;0.4227;0.4298;-0.6535;-0.2283
0;0.4165;0.3984;-0.9296;-0.3039
0;0.4187;0.4199;-0.8216;-0.342
0;0.4152;0.4655;-0.8689;-0.3977
2;0.411;0.3994;-0.9698;-0.4731
0;0.4121;0.3756;-0.8817;-0.5188
0;0.4133;0.4481;-0.8351;-0.5389
0;0.4088;0.2942;-0.9825;-0.5871
0;0.4068;0.311;-0.9393;-0.6355
0;0.4066;0.2998;-0.9069;-0.6685
0;0.4015;0.2311;-0.8949;-0.7311
0;0.4004;0.2293;-0.7621;-0.7821
0;0.4112;0.2895;-0.2275;-0.722
0;0.4118;0.3067;-0.2017;-0.6622
0;0.4151;0.4175;-0.0601;-0.5795
0;0.4187;0.5253;-0.0302;-0.4777
0;0.4181;0.4926;-0.1289;-0.3981
1;0.4194;0.5524;-0.0801;-0.3199
0;0.42;0.6239;-0.0592;-0.25
0;0.4165;0.5572;-0.1909;-0.2221
0;0.4229;0.61;-0.0099;-0.1431
0;0.4232;0.682;-0.1182;-0.0769
0;0.4232;0.7176;-0.1737;-0.024
0;0.4283;0.7547;-0.2393;0.0614
0;0.4247;0.7832;-0.4178;0.0974
0;0.4345;0.8435;-0.0051;0.2076
0;0.437;0.8121;-0.0708;0.3138
0;0.4389;0.818;-0.0725;0.4103
0;0.4371;0.7673;-0.145;0.4667
0;0.44;0.7635;-0.1168;0.531
0;0.4393;0.7617;-0.1575;0.5697
0;0.4438;0.7792;-0.0368;0.6326
0;0.4429;0.7597;-0.1266;0.6675
0;0.4398;0.7662;-0.2658;0.6614
0;0.4368;0.6729;-0.4476;0.6246
0;0.4374;0.6752;-0.7719;0.5938
0;0.4334;0.6149;-0.7263;0.5295
2;0.4289;0.5065;-0.8683;0.4347
0;0.427;0.5269;-0.8684;0.3393
0;0.4291;0.4219;-0.7719;0.2782
0;0.4244;0.3282;-0.974;0.1878
0;0.4187;0.2506;-0.9965;0.0663
0;0.4264;0.3845;-0.6654;0.035
0;0.4268;0.3485;-0.6356;0.0132
0;0.4296;0.3946;-0.4667;0.02
0;0.4332;0.3819;-0.1459;0.0557
0;0.4297;0.3613;-0.3315;0.0534
0;0.4259;0.3563;-0.5525;0.019
0;0.4278;0.4044;-0.442;0.0077
0;0.4253;0.3764;-0.5912;-0.023
0;0.4282;0.4458;-0.4199;-0.022
2;0.4303;0.5156;-0.2983;-0.0033
0;0.4315;0.5506;-0.2908;0.0219
0;0.4253;0.4614;-0.7589;-0.0115
0;0.4219;0.4733;-0.8614;-0.0666
0;0.4327;0.6321;-0.1687;-0.0169
0;0.4361;0.5992;-0.0335;0.0506
0;0.4327;0.5568;-0.2346;0.0742
0;0.4294;0.4982;-0.4278;0.0648
0;0.4291;0.4574;-0.45;0.0534
1;0.4243;0.4461;-0.7278;0.0037
0;0.4303;0.5417;-0.3778;0.0152
2;0.4312;0.5332;-0.3222;0.032
0;0.4403;0.6301;-0.0268;0.1222
0;0.4364;0.57;-0.2935;0.1589
0;0.4313;0.5084;-0.5622;0.1428
1;0.4345;0.5237;-0.393;0.1559
0;0.4387;0.6089;-0.1741;0.1999
0;0.4445;0.6765;-0.081;0.2815
0;0.4422;0.5853;-0.1781;0.3235
0;0.4426;0.5622;-0.1619;0.3563
0;0.4469;0.6336;-0.0099;0.4154
0;0.4428;0.6226;-0.269;0.4222
0;0.4376;0.5719;-0.5906;0.3788
0;0.4343;0.5859;-0.7273;0.3126
0;0.4402;0.5859;-0.3904;0.3076
0;0.4363;0.5412;-0.615;0.2667
2;0.4339;0.4403;-0.7504;0.2114
0;0.4296;0.4376;-0.9335;0.1297
0;0.4321;0.5077;-0.7617;0.0851
0;0.4306;0.4607;-0.8119;0.0361
0;0.4231;0.3543;-0.9725;-0.0663
0;0.43;0.3676;-0.5967;-0.0878
0;0.4258;0.355;-0.7317;-0.1395
0;0.43;0.396;-0.5246;-0.143
0;0.4257;0.3241;-0.7083;-0.1809
0;0.4396;0.4773;-0.1811;-0.0908
1;0.4508;0.587;-0.024;0.0763
0;0.4507;0.6129;-0.188;0.2063
0;0.4624;0.6411;-0.0045;0.4058
0;0.4699;0.7048;-0.0807;0.6221
0;0.4697;0.7242;-0.0842;0.7842
0;0.4789;0.7901;-0.0032;0.9817
0;0.4865;0.8019;-0.036;1.1912
0;0.4783;0.747;-0.1535;1.2744
0;0.4851;0.8232;-0.0607;1.3842
0;0.4833;0.7932;-0.1175;1.4406
0;0.4885;0.8413;-0.0494;1.5136
0;0.4863;0.8132;-0.1108;1.5364
0;0.4806;0.8013;-0.3559;1.4901
0;0.479;0.7497;-0.4469;1.4239
0;0.4733;0.6536;-0.9141;1.3087
0;0.4802;0.6842;-0.5648;1.2626
2;0.4815;0.6369;-0.4974;1.2235
0;0.4823;0.5982;-0.456;1.1862
0;0.4882;0.6346;-0.1347;1.1946
0;0.4874;0.5707;-0.1762;1.1821
1;0.4894;0.5271;-0.0426;1.1768
0;0.4852;0.5679;-0.2766;1.1243
0;0.487;0.5209;-0.1755;1.0865
0;0.4898;0.5697;-0.0936;1.0688
0;0.489;0.5056;-0.1608;1.0362
0;0.4862;0.4989;-0.3611;0.9759
0;0.4932;0.6415;-0.0066;0.9774
0;0.4995;0.709;-0.0357;1.022
0;0.4973;0.7626;-0.161;1.0275
0;0.4965;0.7063;-0.2;1.0144
0;0.5004;0.7244;-0.0642;1.0259
0;0.5028;0.7346;-0.1124;1.0444
0;0.5016;0.6724;-0.2731;1.0382
0;0.5014;0.6825;-0.2819;1.0206
0;0.5034;0.6825;-0.1894;1.013
0;0.5035;0.7675;-0.2121;0.9971
0;0.5048;0.7635;-0.1638;0.9845
0;0.5099;0.7793;-0.0859;1.0081
0;0.514;0.8191;-0.0747;1.0502
0;0.5102;0.7995;-0.249;1.0405
0;0.5122;0.7705;-0.2135;1.038
0;0.5099;0.6687;-0.3441;1.0064
0;0.5071;0.6545;-0.5054;0.9464
0;0.5133;0.7261;-0.179;0.9419
2;0.5118;0.6639;-0.2778;0.9154
0;0.518;0.6973;-0.0163;0.9377
0;0.5179;0.7168;-0.1675;0.9445
0;0.5183;0.7234;-0.1696;0.9431
1;0.5176;0.6947;-0.2105;0.9263
0;0.5215;0.7238;0.0;0.9365
0;0.5184;0.6614;-0.2186;0.9078
0;0.5183;0.6132;-0.2213;0.8752
0;0.5036;0.3915;-0.8931;0.7152
0;0.5054;0.4467;-0.8094;0.5964
0;0.4998;0.3752;-0.9546;0.4497
2;0.5031;0.4324;-0.8141;0.3572
0;0.4967;0.4042;-0.8539;0.2263
0;0.4974;0.3359;-0.8312;0.1266
0;0.4973;0.3461;-0.8345;0.0458
0;0.501;0.3086;-0.7111;0.013
0;0.5044;0.3584;-0.554;0.0157
0;0.5012;0.3308;-0.5108;-0.0094
1;0.4845;0.2513;-0.8199;-0.1705
0;0.4896;0.2636;-0.6314;-0.2529
0;0.4916;0.2986;-0.5309;-0.2978
0;0.4885;0.2855;-0.6473;-0.3563
2;0.5006;0.4776;-0.1927;-0.2959
0;0.4941;0.4216;-0.4364;-0.3003
1;0.4933;0.4515;-0.4655;-0.3071
0;0.497;0.4547;-0.3273;-0.2779
0;0.4908;0.456;-0.56;-0.3047
0;0.4924;0.463;-0.4145;-0.3093
0;0.4924;0.4636;-0.5511;-0.3097
0;0.4951;0.4559;-0.4286;-0.2837
0;0.4947;0.4242;-0.4534;-0.2635
0;0.4992;0.4844;-0.1677;-0.207
0;0.4954;0.6037;-0.3667;-0.1923
0;0.4985;0.5885;-0.1533;-0.1524
0;0.4933;0.5163;-0.5067;-0.1629
0;0.4962;0.5719;-0.3133;-0.1456
0;0.493;0.4136;-0.5333;-0.1576
2;0.488;0.4286;-0.7988;-0.2073
0;0.4807;0.3713;-0.8023;-0.3067
0;0.481;0.3249;-0.7907;-0.3793
0;0.4759;0.3333;-0.966;-0.4752
0;0.4802;0.3714;-0.8;-0.5096
0;0.4828;0.4043;-0.6863;-0.509
0;0.4858;0.4077;-0.5451;-0.4777
0;0.4902;0.4591;-0.3174;-0.4102
0;0.493;0.4412;-0.1957;-0.3296
1;0.4884;0.4348;-0.346;-0.3012
0;0.4917;0.4368;-0.1848;-0.2478
0;0.4932;0.4981;-0.1137;-0.1907
0;0.4911;0.4488;-0.2133;-0.1609
0;0.5012;0.5734;-0.086;-0.0503
0;0.499;0.6025;-0.1815;0.0185
0;0.5031;0.7239;-0.0226;0.1078
0;0.5101;0.7564;-0.059;0.2362
0;0.5091;0.8147;-0.0959;0.3267
0;0.5132;0.814;-0.0369;0.429
0;0.5117;0.7815;-0.1197;0.4927
0;0.5178;0.7936;-0.0069;0.5886
0;0.5209;0.7883;0.0;0.6843
0;0.5207;0.7739;-0.1198;0.7507
0;0.524;0.8605;-0.12;0.823
0;0.5233;0.8382;-0.1474;0.8655
0;0.5295;0.8531;-0.0034;0.9424
0;0.5271;0.8483;-0.2642;0.9733
0;0.5302;0.8243;-0.1655;1.0128
0;0.5309;0.87;-0.1509;1.0397
0;0.5332;0.8642;-0.0879;1.0696
0;0.5408;0.8661;-0.0275;1.1459
0;0.5446;0.8961;-0.021;1.226
0;0.5475;0.8933;-0.1197;1.3007
0;0.5504;0.929;-0.0397;1.3702
0;0.5418;0.7521;-0.3293;1.3374
0;0.5469;0.762;-0.1582;1.3405
0;0.5471;0.7664;-0.1483;1.3313
0;0.5426;0.6836;-0.3525;1.2716
0;0.5478;0.7215;-0.1781;1.2552
2;0.5463;0.6653;-0.2529;1.2156
0;0.5463;0.6972;-0.3945;1.1716
0;0.5471;0.6834;-0.3289;1.1319
0;0.5449;0.6461;-0.4773;1.0695
0;0.5441;0.6174;-0.4602;1.0024
0;0.5417;0.5105;-0.6697;0.9181
0;0.5488;0.5475;-0.1042;0.9026
0;0.5466;0.4894;-0.3438;0.8617
0;0.5362;0.3619;-0.9231;0.7324
0;0.5412;0.4939;-0.5138;0.665
0;0.5367;0.3921;-0.768;0.5667
0;0.5421;0.4513;-0.4641;0.5289
2;0.5332;0.4162;-0.9309;0.418
0;0.5283;0.3264;-0.8893;0.2846
0;0.5273;0.3298;-0.8969;0.1682
0;0.5276;0.3333;-0.8855;0.0773
0;0.5247;0.3069;-0.8938;-0.0193
0;0.5243;0.3165;-0.911;-0.0993
0;0.5249;0.3293;-0.8675;-0.1555
0;0.5264;0.3617;-0.8072;-0.1857
0;0.5269;0.2742;-0.7871;-0.2033
0;0.5248;0.2753;-0.8715;-0.2325
0;0.5244;0.3469;-0.7778;-0.2563
1;0.5161;0.1995;-0.9796;-0.343
0;0.5201;0.2993;-0.5511;-0.3735
0;0.5172;0.1793;-0.6957;-0.4186
0;0.5131;0.2046;-0.8415;-0.4845
0;0.5141;0.2638;-0.7869;-0.5229
0;0.5149;0.2918;-0.7432;-0.5411
0;0.5139;0.2756;-0.7978;-0.5579
0;0.516;0.3541;-0.6758;-0.547
0;0.5094;0.2935;-0.9128;-0.589
0;0.5136;0.3564;-0.6273;-0.5802
0;0.5113;0.3131;-0.7087;-0.5862
0;0.5119;0.3148;-0.6293;-0.5797
0;0.5142;0.3687;-0.4054;-0.5494
0;0.5173;0.4176;-0.2097;-0.4931
1;0.5235;0.5891;-0.1701;-0.3912
0;0.5254;0.5675;-0.067;-0.2901
0;0.5244;0.5958;-0.1414;-0.2166
0;0.5069;0.4391;-0.9763;-0.3041
0;0.5143;0.5017;-0.6037;-0.3076
0;0.5033;0.414;-0.8901;-0.4001
0;0.5037;0.4235;-0.8755;-0.4654
2;0.5085;0.4455;-0.6884;-0.4712
0;0.5075;0.4854;-0.7246;-0.4791
0;0.5009;0.4036;-0.9371;-0.5367
0;0.5016;0.424;-0.9126;-0.5705
0;0.5074;0.4677;-0.7028;-0.5413
0;0.5121;0.4858;-0.4009;-0.4727
0;0.5142;0.478;-0.1538;-0.3962
0;0.5102;0.4034;-0.3722;-0.3658
1;0.5135;0.415;-0.1833;-0.3097
0;0.5093;0.3973;-0.4222;-0.298
0;0.5099;0.526;-0.3889;-0.2806
0;0.5085;0.4429;-0.4667;-0.2755
0;0.5075;0.5518;-0.5562;-0.2769
0;0.5015;0.4757;-0.8571;-0.3265
0;0.4974;0.378;-0.8906;-0.3968
0;0.4973;0.3854;-0.8714;-0.4487
0;0.4939;0.416;-1.0;-0.5135
0;0.4966;0.4428;-0.7701;-0.5363
0;0.4937;0.3303;-0.885;-0.573
0;0.4977;0.3178;-0.7146;-0.5622
0;0.4976;0.2798;-0.7188;-0.5486
0;0.4975;0.3122;-0.6618;-0.5329
0;0.499;0.2725;-0.5361;-0.5023
0;0.4974;0.2969;-0.4622;-0.4863
1;0.4985;0.3087;-0.25;-0.4593
0;0.4862;0.2261;-0.8613;-0.5372
0;0.4769;0.1877;-0.9067;-0.6719
0;0.477;0.216;-0.903;-0.7701
2;0.4733;0.2181;-0.9824;-0.8703
0;0.4713;0.2084;-0.9836;-0.9576
0;0.4803;0.3642;-0.6852;-0.9398
0;0.477;0.3074;-0.7934;-0.9436
0;0.4759;0.3185;-0.8295;-0.9458
0;0.4716;0.236;-0.9581;-0.9744
0;0.4644;0.2067;-0.9705;-1.0471
0;0.4637;0.2045;-0.9626;-1.0991
0;0.4658;0.2127;-0.8645;-1.1108
0;0.4696;0.2678;-0.6616;-1.0763
0;0.4715;0.2773;-0.5657;-1.0218
0;0.4735;0.3745;-0.3957;-0.9503
0;0.462;0.3583;-0.8631;-0.9822
0;0.462;0.3571;-0.8366;-0.9969
0;0.4569;0.348;-0.9283;-1.0407
0;0.4687;0.4798;-0.343;-0.9643
0;0.4742;0.4499;-0.0725;-0.8468
0;0.4733;0.4684;-0.1528;-0.7528
0;0.4756;0.4975;-0.0594;-0.6515
0;0.478;0.5563;-0.0213;-0.5446
1;0.4897;0.7047;-0.0333;-0.3555
0;0.497;0.7435;-0.0905;-0.1406
0;0.5013;0.7518;-0.0271;0.0672
0;0.5058;0.7542;-0.0154;0.2679
0;0.5042;0.7308;-0.0498;0.4097
0;0.4937;0.6272;-0.3351;0.4281
0;0.4934;0.7311;-0.3664;0.4355
0;0.4928;0.7248;-0.3829;0.4317
0;0.4922;0.775;-0.4421;0.4191
2;0.4983;0.753;-0.2968;0.456
0;0.5084;0.7708;-0.0234;0.5658
0;0.5059;0.7519;-0.1415;0.6253
0;0.5095;0.7568;-0.0603;0.6958
0;0.5121;0.7578;-0.2147;0.7667
1;0.5181;0.7349;-0.0224;0.8647
0;0.5108;0.6148;-0.3075;0.8715
0;0.5126;0.5976;-0.2778;0.8827
0;0.5172;0.5983;-0.1336;0.9208
0;0.5235;0.654;-0.0653;0.9948
0;0.5256;0.7938;-0.1126;1.0601
0;0.5241;0.7768;-0.1929;1.0878
0;0.5308;0.8087;-0.0319;1.1551
0;0.5311;0.8174;-0.028;1.1985
0;0.5307;0.7918;-0.0736;1.2165
0;0.5287;0.7146;-0.1512;1.201
0;0.5317;0.7691;-0.0604;1.2013
0;0.5282;0.6948;-0.2549;1.1585
