2;0.3063;0.5177;-0.7761;0.0107
0;0.3061;0.553;-0.7985;-0.0128
0;0.3081;0.6049;-0.6045;-0.012
0;0.3125;0.6154;-0.1791;0.0342
0;0.3151;0.619;-0.0649;0.0997
0;0.3132;0.5814;-0.2273;0.1323
0;0.3147;0.5833;-0.1258;0.1755
1;0.3165;0.6047;-0.0632;0.231
0;0.3172;0.5585;-0.0549;0.2835
0;0.3152;0.5652;-0.2033;0.3016
0;0.3145;0.6273;-0.284;0.3073
0;0.3178;0.6332;-0.2767;0.3251
0;0.3203;0.639;-0.1214;0.3565
0;0.3201;0.75;-0.1905;0.3755
0;0.3195;0.7688;-0.2381;0.3819
0;0.3178;0.7257;-0.3878;0.3686
0;0.3171;0.6811;-0.5114;0.3477
0;0.3168;0.6037;-0.5221;0.325
2;0.3158;0.5202;-0.6103;0.2958
0;0.3142;0.5265;-0.7721;0.2553
0;0.3129;0.4504;-0.7176;0.2097
0;0.3054;0.2698;-0.8917;0.1083
0;0.3036;0.231;-0.8876;0.0124
0;0.3026;0.2405;-0.7524;-0.0725
0;0.2992;0.2165;-0.8885;-0.1672
0;0.2966;0.0938;-0.9751;-0.2621
0;0.2993;0.1036;-0.8493;-0.3109
0;0.2986;0.1018;-0.8805;-0.352
0;0.2993;0.1269;-0.8493;-0.3747
0;0.2983;0.1302;-0.8729;-0.3971
0;0.2945;0.1165;-0.9724;-0.4433
0;0.2881;0.0967;-0.9578;-0.5287
0;0.2898;0.1396;-0.6369;-0.5766
0;0.2892;0.1442;-0.6292;-0.6128
0;0.2894;0.1537;-0.6217;-0.6335
0;0.291;0.2432;-0.5431;-0.6293
0;0.2926;0.3025;-0.4644;-0.6056
1;0.2989;0.444;-0.161;-0.5275
0;0.2957;0.4469;-0.3146;-0.4872
0;0.2949;0.4721;-0.2893;-0.4575
0;0.2925;0.3885;-0.4174;-0.4495
0;0.2881;0.3468;-0.6529;-0.4758
0;0.2837;0.2949;-0.9267;-0.5287
2;0.2841;0.3101;-0.8678;-0.5616
0;0.2834;0.3393;-0.8482;-0.5868
0;0.2838;0.4239;-0.8288;-0.5971
0;0.2903;0.5081;-0.5019;-0.5439
0;0.294;0.5657;-0.3098;-0.4648
0;0.2933;0.5532;-0.2123;-0.4034
0;0.2938;0.5388;-0.1036;-0.3468
1;0.2949;0.5328;-0.1455;-0.2888
0;0.2929;0.4045;-0.2636;-0.257
0;0.2933;0.4578;-0.2409;-0.226
0;0.2923;0.4553;-0.3;-0.2076
0;0.2975;0.5802;-0.105;-0.1471
0;0.3043;0.7408;-0.0222;-0.0403
0;0.3012;0.7709;-0.2347;0.0182
0;0.3002;0.7447;-0.3105;0.0555
0;0.3025;0.7751;-0.1526;0.1039
1;0.3025;0.7725;-0.1526;0.141
0;0.3033;0.727;-0.1;0.1753
2;0.3047;0.7038;-0.0909;0.2128
0;0.3008;0.6266;-0.3608;0.2068
0;0.2968;0.5455;-0.6854;0.1658
0;0.2922;0.462;-0.9785;0.0924
0;0.2965;0.5456;-0.6774;0.0703
0;0.2989;0.5687;-0.5054;0.0731
2;0.3013;0.6066;-0.3387;0.0948
0;0.3001;0.5341;-0.4247;0.1004
0;0.2996;0.4279;-0.457;0.0999
1;0.298;0.4484;-0.5699;0.0846
0;0.3023;0.5308;-0.1916;0.1077
0;0.2993;0.4531;-0.4637;0.0993
0;0.2998;0.4615;-0.4246;0.0961
0;0.301;0.4674;-0.3547;0.1024
0;0.2955;0.3828;-0.8;0.0598
0;0.296;0.4338;-0.7576;0.0302
2;0.2955;0.4799;-0.8;0.002
0;0.2999;0.62;-0.4485;0.0177
0;0.298;0.5256;-0.6;0.0135
0;0.2972;0.4701;-0.6606;0.0035
1;0.2992;0.4613;-0.5091;0.012
0;0.3005;0.5069;-0.3677;0.0297
0;0.2961;0.4444;-0.7355;0.006
0;0.2982;0.5024;-0.5245;0.0049
0;0.2986;0.4351;-0.5;0.0073
0;0.2999;0.5115;-0.424;0.0202
0;0.3025;0.5467;-0.2727;0.0525
0;0.307;0.5943;-0.0432;0.1159
1;0.3015;0.593;-0.5451;0.1176
0;0.2972;0.5157;-0.8534;0.0808
0;0.2922;0.4596;-0.9777;0.0088
0;0.2944;0.4283;-0.8333;-0.0289
0;0.2926;0.429;-0.9386;-0.0741
2;0.2899;0.4083;-0.996;-0.132
0;0.2927;0.4218;-0.848;-0.1518
0;0.2932;0.4097;-0.824;-0.1618
0;0.2944;0.4778;-0.76;-0.1575
0;0.2945;0.4481;-0.756;-0.1518
0;0.2969;0.478;-0.3185;-0.1252
1;0.3106;0.608;-0.3021;0.0129
0;0.31;0.5784;-0.3229;0.1163
0;0.3054;0.4825;-0.4766;0.1577
0;0.304;0.5286;-0.5234;0.1768
0;0.3037;0.5838;-0.544;0.188
0;0.3085;0.7083;-0.395;0.235
2;0.3066;0.6573;-0.4941;0.2537
0;0.3053;0.6667;-0.5444;0.2545
0;0.3055;0.719;-0.5385;0.2538
0;0.3041;0.6674;-0.8361;0.2394
0;0.309;0.7056;-0.2331;0.267
0;0.3127;0.723;-0.1235;0.3168
0;0.3121;0.7129;-0.3426;0.3481
0;0.3123;0.6964;-0.3333;0.3704
0;0.3141;0.5641;-0.2269;0.3991
0;0.3176;0.6272;-0.0293;0.4478
0;0.3171;0.724;-0.068;0.4769
0;0.3148;0.7012;-0.2087;0.4756
0;0.3115;0.6289;-0.4175;0.4412
0;0.3107;0.5414;-0.5359;0.4022
0;0.308;0.5259;-0.8792;0.3448
2;0.3056;0.5055;-0.9701;0.2755
0;0.3023;0.4491;-0.9716;0.1897
0;0.2944;0.3717;-0.9745;0.0535
0;0.2951;0.2933;-0.8761;-0.0484
0;0.2894;0.1739;-0.8791;-0.1768
0;0.2851;0.1575;-0.9926;-0.3124
0;0.2934;0.3007;-0.7176;-0.3461
0;0.2884;0.2466;-0.8787;-0.4111
0;0.293;0.2624;-0.6602;-0.4184
0;0.2934;0.2707;-0.6175;-0.4165
0;0.2808;0.2253;-0.922;-0.5179
0;0.2862;0.3027;-0.6338;-0.5462
0;0.2824;0.2894;-0.7426;-0.5949
0;0.2933;0.4021;-0.2279;-0.5348
0;0.2777;0.3421;-0.797;-0.6142
2;0.2787;0.3631;-0.7576;-0.6616
0;0.2734;0.3742;-0.9636;-0.7367
0;0.2601;0.3177;-0.9936;-0.9014
0;0.2588;0.3333;-0.9696;-1.032
0;0.2546;0.3336;-0.8381;-1.1596
0;0.2584;0.2998;-0.7546;-1.2155
0;0.2622;0.3475;-0.6739;-1.2151
0;0.2661;0.3421;-0.5882;-1.1682
0;0.2698;0.3663;-0.3394;-1.088
0;0.2639;0.397;-0.509;-1.0626
1;0.2691;0.3947;-0.3213;-0.9879
0;0.2735;0.4456;-0.0836;-0.881
0;0.2737;0.3627;-0.1303;-0.7858
0;0.2854;0.5572;-0.0485;-0.603
0;0.2892;0.575;-0.0227;-0.4202
0;0.2991;0.6717;-0.0423;-0.1875
0;0.2839;0.6553;-0.4229;-0.1314
0;0.2851;0.6711;-0.408;-0.0759
0;0.275;0.6233;-0.6673;-0.1169
0;0.2671;0.5501;-0.9417;-0.2149
0;0.264;0.5107;-0.9202;-0.3163
2;0.2723;0.5341;-0.714;-0.3226
0;0.274;0.5239;-0.6712;-0.3096
0;0.2781;0.5814;-0.57;-0.2615
0;0.2786;0.558;-0.5564;-0.2163
0;0.2763;0.5173;-0.5013;-0.1982
1;0.2839;0.5584;-0.1217;-0.1169
0;0.2825;0.4813;-0.2587;-0.0636
0;0.2758;0.4162;-0.488;-0.0779
0;0.2692;0.3049;-0.7147;-0.1446
0;0.2645;0.3538;-0.9033;-0.2348
0;0.2583;0.3122;-0.9167;-0.3564
0;0.2576;0.3594;-0.9369;-0.4544
0;0.2558;0.3986;-0.9756;-0.5419
0;0.2533;0.4031;-0.9854;-0.6264
0;0.2589;0.373;-0.8347;-0.6386
0;0.2605;0.3711;-0.7929;-0.6281
0;0.2645;0.3701;-0.6063;-0.5795
0;0.2635;0.3565;-0.5692;-0.5436
0;0.2672;0.4164;-0.2355;-0.4777
1;0.2649;0.3056;-0.2844;-0.44
0;0.2639;0.3081;-0.344;-0.4142
0;0.2628;0.3479;-0.4128;-0.3994
0;0.261;0.393;-0.5138;-0.3982
0;0.2611;0.4486;-0.5606;-0.3923
2;0.2578;0.491;-0.8902;-0.412
0;0.2539;0.4444;-0.8831;-0.4562
0;0.2482;0.3983;-0.8935;-0.5347
0;0.2474;0.4174;-0.9054;-0.5974
0;0.2402;0.25;-0.9468;-0.7015
0;0.2411;0.2373;-0.8663;-0.7681
0;0.2414;0.1529;-0.856;-0.8097
0;0.2411;0.1562;-0.8489;-0.8366
0;0.2397;0.044;-0.8765;-0.8608
0;0.2448;0.1943;-0.6825;-0.8277
0;0.2452;0.2101;-0.5821;-0.7895
0;0.2457;0.2296;-0.5496;-0.747
0;0.246;0.2526;-0.289;-0.7024
0;0.2396;0.2068;-0.7389;-0.7141
0;0.2374;0.2132;-0.8382;-0.7349
0;0.2327;0.2086;-0.8836;-0.7833
0;0.2347;0.2943;-0.7617;-0.7959
0;0.2291;0.2562;-0.9843;-0.8451
2;0.2271;0.2978;-0.7667;-0.8915
0;0.219;0.2198;-0.9845;-0.9875
0;0.2222;0.2731;-0.8766;-1.0254
0;0.2274;0.3543;-0.665;-1.0007
0;0.2267;0.3597;-0.6693;-0.9766
0;0.2263;0.2785;-0.6265;-0.9506
0;0.227;0.2839;-0.4538;-0.914
1;0.2201;0.2367;-0.8213;-0.9338
0;0.2225;0.2674;-0.6605;-0.919
0;0.219;0.2836;-0.8586;-0.9273
0;0.2261;0.392;-0.404;-0.8645
0;0.2147;0.3474;-0.9658;-0.9025
0;0.2137;0.3192;-0.8643;-0.9306
0;0.2226;0.4466;-0.4535;-0.868
0;0.2195;0.4386;-0.5966;-0.8355
0;0.2248;0.5489;-0.2328;-0.7557
0;0.2243;0.5182;-0.2629;-0.6894
0;0.2267;0.4933;-0.1336;-0.6098
1;0.2281;0.5128;-0.0837;-0.5287
0;0.2322;0.5503;-0.059;-0.4243
0;0.2322;0.5448;-0.0875;-0.3377
0;0.233;0.6241;-0.0539;-0.2591
0;0.2236;0.5089;-0.5128;-0.274
0;0.2243;0.5472;-0.5822;-0.2768
0;0.2176;0.4239;-0.8504;-0.3329
0;0.2097;0.452;-1.0;-0.441
0;0.2042;0.4159;-0.9747;-0.5676
2;0.2084;0.3636;-0.7872;-0.626
0;0.2066;0.3727;-0.8416;-0.6806
0;0.2068;0.3022;-0.8345;-0.7145
0;0.2099;0.3502;-0.7423;-0.7075
0;0.2126;0.3555;-0.6596;-0.6711
1;0.2125;0.335;-0.6173;-0.6366
0;0.2108;0.2614;-0.5876;-0.6174
0;0.21;0.2573;-0.3764;-0.6018
0;0.2121;0.2773;-0.1491;-0.5657
0;0.2056;0.2952;-0.6824;-0.5867
2;0.2033;0.2694;-0.9864;-0.6164
0;0.1965;0.269;-0.9203;-0.6908
0;0.1997;0.3788;-0.757;-0.7146
0;0.1948;0.3833;-0.9731;-0.7679
0;0.1947;0.3117;-0.7257;-0.8024
0;0.199;0.4028;-0.5686;-0.7843
0;0.1945;0.3577;-0.7314;-0.7998
0;0.1999;0.3899;-0.5371;-0.7582
0;0.1997;0.3493;-0.5429;-0.7186
0;0.2074;0.4491;-0.1629;-0.615
0;0.2067;0.4585;-0.1922;-0.5329
0;0.2069;0.4677;-0.3253;-0.4605
1;0.222;0.5802;-0.1228;-0.2703
0;0.2358;0.7187;-0.0268;-6.0E-4
0;0.2327;0.7106;-0.0971;0.1857
0;0.2246;0.6972;-0.2849;0.2618
0;0.2294;0.7038;-0.1756;0.3596
0;0.2339;0.7704;-0.0751;0.471
0;0.2313;0.7445;-0.1565;0.5317
2;0.2412;0.7622;-0.0719;0.6581
0;0.2397;0.7917;-0.1029;0.738
0;0.2311;0.693;-0.2827;0.7196
0;0.2204;0.6129;-0.7725;0.6065
0;0.2177;0.5597;-0.9828;0.4883
0;0.2236;0.5924;-0.7528;0.4402
2;0.2202;0.5702;-0.8736;0.3688
0;0.2259;0.5226;-0.6713;0.3568
0;0.2234;0.4164;-0.7584;0.3228
0;0.2231;0.4325;-0.7697;0.29
1;0.2166;0.4423;-0.9493;0.2056
0;0.2167;0.4017;-0.844;0.1375
0;0.215;0.3477;-0.8589;0.0684
0;0.2182;0.3957;-0.6502;0.0407
0;0.2156;0.2688;-0.7982;-0.0036
0;0.2186;0.3144;-0.621;-0.0131
0;0.2269;0.463;-0.1416;0.0497
0;0.227;0.5722;-0.2588;0.0993
1;0.2276;0.6133;-0.2275;0.1427
0;0.2182;0.4426;-0.698;0.0952
0;0.209;0.3947;-0.9545;-0.0208
0;0.2133;0.378;-0.7524;-0.0758
0;0.2115;0.3833;-0.8213;-0.1331
0;0.2107;0.3792;-0.8558;-0.1842
2;0.2028;0.3696;-0.9894;-0.2892
0;0.2037;0.3798;-0.8376;-0.361
0;0.1968;0.3458;-0.9912;-0.4724
0;0.2081;0.4247;-0.6547;-0.4591
0;0.2076;0.4381;-0.6237;-0.4485
0;0.2104;0.4363;-0.3455;-0.4118
0;0.2046;0.3209;-0.6077;-0.4277
0;0.2042;0.318;-0.627;-0.4391
1;0.216;0.4215;-0.051;-0.3429
0;0.2132;0.4633;-0.3592;-0.2871
0;0.2229;0.6025;-0.032;-0.1578
0;0.2325;0.6313;-0.1406;0.0266
0;0.2285;0.6125;-0.2417;0.1379
0;0.2237;0.5823;-0.3587;0.1837
0;0.2208;0.621;-0.4308;0.1928
0;0.2175;0.5899;-0.5107;0.1703
0;0.2222;0.6708;-0.3957;0.1906
2;0.2343;0.6741;-0.1308;0.307
0;0.2317;0.656;-0.2633;0.3732
0;0.2321;0.6454;-0.2566;0.4255
0;0.2287;0.6667;-0.4216;0.4332
1;0.2264;0.6496;-0.5226;0.415
0;0.2239;0.5604;-0.6341;0.3748
2;0.2198;0.5497;-0.8118;0.3047
0;0.2255;0.5204;-0.5645;0.2941
0;0.2238;0.4204;-0.6376;0.2685
0;0.2217;0.4357;-0.8038;0.228
0;0.2219;0.4809;-0.7962;0.195
0;0.2226;0.52;-0.7033;0.1729
1;0.2234;0.568;-0.6382;0.1605
0;0.2278;0.5656;-0.2426;0.1868
0;0.2302;0.4391;-0.1073;0.2257
0;0.2266;0.4259;-0.3913;0.223
0;0.2235;0.3828;-0.6379;0.1922
0;0.2298;0.513;-0.1886;0.2191
0;0.2366;0.6147;-0.013;0.296
0;0.2362;0.646;-0.1617;0.3501
0;0.2332;0.6634;-0.3187;0.364
0;0.2288;0.5418;-0.5913;0.3334
0;0.2373;0.6446;-0.2418;0.3778
0;0.2393;0.6882;-0.1532;0.4257
0;0.2333;0.6091;-0.4556;0.4083
0;0.2326;0.5955;-0.4919;0.3843
0;0.2269;0.5305;-0.8151;0.3127
0;0.2218;0.4479;-0.952;0.2098
0;0.2223;0.4292;-0.878;0.1305
2;0.2275;0.5083;-0.6481;0.1112
0;0.2284;0.5444;-0.6098;0.1023
0;0.2313;0.5152;-0.4808;0.1191
0;0.2346;0.4795;-0.338;0.1587
1;0.2312;0.4515;-0.39;0.1592
0;0.2294;0.4614;-0.4414;0.1425
0;0.2174;0.4019;-0.8702;0.0266
0;0.2139;0.2793;-0.9574;-0.0947
0;0.2138;0.2504;-0.9363;-0.1905
2;0.2127;0.2766;-0.8627;-0.2735
0;0.2167;0.3397;-0.7199;-0.3015
0;0.2179;0.4004;-0.6779;-0.3103
0;0.2201;0.4802;-0.5994;-0.295
0;0.2174;0.4446;-0.6975;-0.3035
0;0.2158;0.356;-0.7161;-0.3204
1;0.217;0.3618;-0.4574;-0.3198
0;0.2177;0.3255;-0.2912;-0.3098
0;0.2236;0.3675;-0.1064;-0.249
0;0.2177;0.3472;-0.4594;-0.2481
0;0.2126;0.323;-0.9298;-0.2883
0;0.214;0.4528;-0.6961;-0.3053
0;0.2076;0.4195;-0.9737;-0.3699
0;0.2121;0.4812;-0.7237;-0.3781
2;0.2205;0.5765;-0.2632;-0.3091
0;0.2203;0.5376;-0.2763;-0.2536
0;0.2152;0.4741;-0.5526;-0.2499
0;0.2127;0.428;-0.693;-0.2662
1;0.2177;0.5035;-0.2926;-0.2333
0;0.2103;0.4542;-0.7872;-0.2682
2;0.2007;0.3807;-0.9435;-0.3738
0;0.2028;0.3922;-0.8345;-0.4359
0;0.204;0.3494;-0.7793;-0.4694
0;0.1975;0.346;-0.984;-0.5459
0;0.1924;0.346;-0.9712;-0.6439
0;0.1876;0.3089;-0.9773;-0.755
0;0.1859;0.3317;-0.8553;-0.8488
0;0.1804;0.2568;-0.9896;-0.9607
0;0.1806;0.1491;-0.9607;-1.0372
0;0.1788;0.1452;-0.9315;-1.1015
0;0.1846;0.2409;-0.7661;-1.0914
0;0.1792;0.23;-0.9197;-1.1175
0;0.1752;0.1511;-0.9563;-1.1602
0;0.1729;0.165;-0.8432;-1.2013
0;0.1725;0.1973;-0.8423;-1.2242
0;0.1719;0.1593;-0.7445;-1.2341
0;0.1817;0.2921;-0.2993;-1.1458
0;0.1873;0.403;-0.1119;-1.0166
0;0.1878;0.4518;-0.1242;-0.8998
0;0.1852;0.4739;-0.2288;-0.8201
0;0.1919;0.5582;-0.0449;-0.6921
1;0.2005;0.6859;-0.1611;-0.5106
0;0.1924;0.5956;-0.3595;-0.4308
0;0.1907;0.5956;-0.4028;-0.3783
0;0.1855;0.5078;-0.5285;-0.3765
0;0.1949;0.6201;-0.3276;-0.2915
0;0.1902;0.6133;-0.5553;-0.2615
2;0.1909;0.6398;-0.6413;-0.2291
0;0.1915;0.6468;-0.6436;-0.1963
0;0.1914;0.6517;-0.6469;-0.1691
0;0.1994;0.6418;-0.3168;-0.0778
0;0.1995;0.607;-0.0996;-0.0044
0;0.1961;0.5697;-0.2385;0.0249
0;0.2112;0.68;-0.0405;0.1762
0;0.2204;0.6906;-0.2091;0.371
0;0.2201;0.6478;-0.2142;0.5186
0;0.2124;0.6517;-0.3761;0.564
0;0.2177;0.6943;-0.2664;0.638
0;0.2205;0.7604;-0.2328;0.7141
0;0.216;0.6688;-0.3849;0.7276
0;0.208;0.6354;-0.6298;0.6626
0;0.208;0.6318;-0.6275;0.605
0;0.2128;0.6543;-0.5129;0.594
0;0.2172;0.6754;-0.5062;0.6158
0;0.2128;0.5956;-0.5946;0.589
0;0.2164;0.6155;-0.417;0.5929
1;0.2177;0.651;-0.3591;0.5999
0;0.2197;0.5722;-0.2625;0.6161
0;0.2173;0.4697;-0.3784;0.6018
0;0.2267;0.5544;-0.1804;0.6648
0;0.2369;0.6935;-0.0171;0.7938
0;0.2308;0.6023;-0.2024;0.8348
0;0.2309;0.5847;-0.2336;0.8597
0;0.2436;0.6988;-0.1207;0.9778
0;0.2355;0.6973;-0.3308;0.9912
0;0.2351;0.6929;-0.3761;0.9878
0;0.2383;0.6858;-0.312;1.0021
0;0.2326;0.6108;-0.4919;0.9548
0;0.2302;0.6287;-0.6957;0.8867
2;0.2228;0.5443;-0.9664;0.7607
0;0.207;0.4379;-0.9884;0.5189
0;0.2177;0.4897;-0.6025;0.4141
0;0.2211;0.52;-0.5358;0.356
0;0.207;0.4016;-0.8101;0.1864
0;0.204;0.3238;-0.8454;0.0261
0;0.2021;0.3391;-0.8912;-0.1168
0;0.2084;0.3817;-0.7424;-0.1748
0;0.2137;0.33;-0.6164;-0.1733
0;0.2019;0.3166;-0.8952;-0.2711
0;0.2091;0.3683;-0.7238;-0.2835
0;0.2094;0.3486;-0.7181;-0.2883
0;0.2008;0.3383;-0.92;-0.3616
0;0.1923;0.3186;-0.9775;-0.4876
0;0.1843;0.3169;-0.7835;-0.6495
0;0.1768;0.3442;-0.9575;-0.8339
0;0.171;0.2456;-0.93;-1.0197
0;0.161;0.1946;-0.9682;-1.2403
0;0.1595;0.2234;-0.7179;-1.4133
0;0.1754;0.3546;-0.4845;-1.4002
0;0.1702;0.3434;-0.5553;-1.4189
0;0.1602;0.2716;-0.6915;-1.5035
0;0.1591;0.2305;-0.6792;-1.5632
0;0.1633;0.2936;-0.5262;-1.5587
0;0.1679;0.2729;-0.4408;-1.4995
0;0.1658;0.2648;-0.3965;-1.4548
0;0.1573;0.265;-0.5791;-1.4761
0;0.154;0.2807;-0.6504;-1.5053
0;0.1495;0.2926;-0.8218;-1.5501
0;0.1527;0.3489;-0.7452;-1.5415
0;0.1742;0.5169;-0.0172;-1.336
0;0.1749;0.5808;-0.2732;-1.1545
0;0.1835;0.6288;-0.0821;-0.9258
0;0.1906;0.59;-0.0682;-0.6762
1;0.1795;0.5515;-0.2806;-0.5664
0;0.1889;0.6604;-0.0992;-0.3936
0;0.1789;0.6003;-0.2915;-0.3383
0;0.1691;0.5279;-0.4806;-0.3748
0;0.1701;0.5112;-0.4934;-0.3907
2;0.1675;0.5088;-0.6138;-0.421
0;0.1657;0.5444;-0.8606;-0.4561
0;0.1599;0.5308;-0.9592;-0.5277
0;0.1796;0.6338;-0.3689;-0.4119
0;0.1659;0.5537;-0.6869;-0.4321
0;0.1616;0.4399;-0.8041;-0.4805
0;0.1673;0.4657;-0.6268;-0.4648
0;0.1596;0.391;-0.8333;-0.5127
0;0.1496;0.3183;-0.9515;-0.63
2;0.1558;0.3903;-0.6467;-0.6629
0;0.173;0.4312;-0.2355;-0.5358
0;0.1797;0.5036;-0.0753;-0.373
0;0.1902;0.5937;-0.0364;-0.1517
0;0.1867;0.5717;-0.1074;-0.0059
1;0.1713;0.5148;-0.4076;-0.0213
0;0.1784;0.5477;-0.2695;0.0268
0;0.1858;0.5958;-0.1242;0.1274
0;0.1896;0.542;-0.1561;0.2373
2;0.1992;0.6445;-0.0193;0.403
0;0.198;0.6625;-0.1439;0.5189
0;0.1894;0.5963;-0.4383;0.532
0;0.1983;0.6666;-0.1982;0.6122
0;0.1877;0.6632;-0.4846;0.5787
0;0.1916;0.6564;-0.3789;0.5795
2;0.1911;0.5926;-0.3921;0.5699
0;0.1986;0.5956;-0.2107;0.6192
0;0.2017;0.5628;-0.1617;0.6779
0;0.1996;0.5723;-0.2442;0.6996
1;0.1977;0.6736;-0.3201;0.6934
0;0.1937;0.6051;-0.4678;0.6471
0;0.1928;0.5528;-0.5051;0.5962
0;0.1937;0.5327;-0.4678;0.5574
2;0.1924;0.4381;-0.5254;0.5091
0;0.1907;0.4348;-0.7848;0.4518
0;0.1887;0.4925;-0.8264;0.3845
0;0.1879;0.3738;-0.8636;0.3212
0;0.197;0.6178;-0.395;0.3449
0;0.2017;0.6255;-0.1255;0.4001
0;0.2062;0.6704;-0.0821;0.4774
0;0.2006;0.524;-0.3286;0.4854
0;0.1991;0.4691;-0.3929;0.4741
1;0.1948;0.4442;-0.5821;0.4235
0;0.1875;0.395;-0.878;0.3174
0;0.1838;0.397;-0.9198;0.1986
2;0.1789;0.3666;-0.9396;0.0613
0;0.1862;0.4361;-0.6997;0.0149
0;0.1894;0.4757;-0.5979;0.0051
0;0.1795;0.4187;-0.9138;-0.0864
0;0.1819;0.451;-0.809;-0.1375
0;0.1794;0.4396;-0.8395;-0.1978
1;0.1773;0.3461;-0.8679;-0.2605
0;0.1856;0.3801;-0.4624;-0.2372
0;0.1806;0.3113;-0.6058;-0.2586
0;0.1878;0.4078;-0.1827;-0.2117
0;0.1796;0.3719;-0.6635;-0.2418
0;0.1758;0.3743;-0.8894;-0.2955
0;0.1761;0.4169;-0.783;-0.3319
0;0.179;0.4645;-0.5458;-0.3328
0;0.1774;0.4886;-0.625;-0.3432
2;0.1829;0.4733;-0.3458;-0.3013
0;0.1921;0.5196;-0.106;-0.1868
1;0.1885;0.572;-0.2517;-0.125
0;0.1813;0.4957;-0.543;-0.1361
0;0.1808;0.5106;-0.5662;-0.1482
0;0.1795;0.5165;-0.6192;-0.1672
0;0.1732;0.4013;-0.8709;-0.2331
2;0.1628;0.369;-0.9799;-0.3713
0;0.1617;0.2889;-0.9163;-0.4859
0;0.1646;0.3674;-0.8348;-0.5461
0;0.1589;0.3556;-0.938;-0.6362
0;0.1528;0.3185;-0.9128;-0.7524
0;0.1688;0.4341;-0.513;-0.7001
0;0.1658;0.4265;-0.5141;-0.6765
0;0.1685;0.4056;-0.3878;-0.6278
0;0.1706;0.3436;-0.324;-0.5655
0;0.1626;0.3233;-0.4474;-0.5776
1;0.1542;0.318;-0.7862;-0.6524
0;0.1552;0.3293;-0.7467;-0.6961
0;0.1482;0.306;-0.9543;-0.7827
0;0.147;0.3261;-0.877;-0.8531
2;0.1488;0.3959;-0.8047;-0.8835
0;0.1605;0.4928;-0.4267;-0.7988
0;0.1627;0.4876;-0.3573;-0.7053
0;0.1681;0.56;-0.1836;-0.5786
0;0.1712;0.6255;-0.0778;-0.446
1;0.1665;0.4817;-0.243;-0.3768
0;0.1776;0.5835;-0.0024;-0.2243
0;0.1867;0.6182;-0.0467;-0.0245
0;0.1855;0.5985;-0.0719;0.1233
0;0.1832;0.6463;-0.1222;0.2187
0;0.1922;0.768;-0.006;0.3681
0;0.1897;0.7386;-0.1218;0.4608
0;0.1924;0.8253;-0.1435;0.5521
0;0.1995;0.8557;-0.0482;0.6786
0;0.1953;0.8049;-0.1698;0.7352
0;0.1933;0.7457;-0.2438;0.7544
0;0.1948;0.7431;-0.2417;0.7742
0;0.197;0.7303;-0.2038;0.8005
0;0.2048;0.7488;-0.1351;0.8787
0;0.2067;0.8107;-0.0782;0.9472
0;0.2054;0.7541;-0.15;0.9805
0;0.2015;0.6489;-0.3346;0.9627
0;0.2077;0.7024;-0.0712;0.991
0;0.2141;0.7626;-0.0181;1.0576
0;0.2146;0.7225;-0.0405;1.103
0;0.2095;0.6864;-0.2197;1.0836
0;0.2122;0.6864;-0.1352;1.08
0;0.2147;0.6564;-0.0936;1.0867
0;0.2158;0.7258;-0.1581;1.0896
0;0.2079;0.6434;-0.5641;1.0136
0;0.2139;0.6721;-0.2564;0.9936
0;0.2163;0.6736;-0.3363;0.9883
0;0.2129;0.5797;-0.5421;0.9448
0;0.2175;0.6003;-0.285;0.9392
0;0.2139;0.5756;-0.486;0.8946
1;0.2155;0.6304;-0.3972;0.8633
0;0.2177;0.601;-0.271;0.8485
0;0.2176;0.5398;-0.3275;0.8263
0;0.213;0.4835;-0.5677;0.7616
0;0.2167;0.5778;-0.3755;0.7333
0;0.2165;0.5492;-0.5;0.7019
0;0.2153;0.5068;-0.5852;0.6592
2;0.2117;0.4549;-0.8295;0.5883
0;0.2108;0.5381;-0.6767;0.5186
0;0.2061;0.3941;-0.8459;0.4181
0;0.2037;0.3273;-0.8679;0.3142
0;0.2053;0.3895;-0.786;0.2423
0;0.2028;0.2753;-0.8784;0.1621
0;0.2017;0.2978;-0.9294;0.088
0;0.2151;0.4951;-0.214;0.1424
0;0.2036;0.3623;-0.749;0.0862
0;0.197;0.3219;-0.9029;-0.0151
0;0.1892;0.3049;-0.9288;-0.1607
0;0.189;0.2597;-0.9268;-0.2758
0;0.1967;0.3485;-0.6583;-0.2976
2;0.1929;0.335;-0.7899;-0.3446
0;0.1876;0.327;-0.9031;-0.4222
0;0.1914;0.3664;-0.7827;-0.4465
0;0.1997;0.4581;-0.5209;-0.3908
0;0.2025;0.4924;-0.2932;-0.3189
0;0.2015;0.4749;-0.236;-0.268
0;0.2031;0.5022;-0.0968;-0.211
1;0.1998;0.4877;-0.2812;-0.192
0;0.203;0.4101;-0.1289;-0.1476
0;0.2031;0.4959;-0.123;-0.1099
0;0.2035;0.5656;-0.2438;-0.0763
0;0.2021;0.6502;-0.3324;-0.0603
0;0.2015;0.6439;-0.4989;-0.0528
0;0.199;0.5293;-0.7938;-0.0675
0;0.1936;0.5088;-0.9846;-0.1244
0;0.1973;0.6262;-0.6967;-0.1361
2;0.1948;0.5454;-0.8389;-0.165
0;0.1962;0.442;-0.7583;-0.1741
0;0.194;0.3553;-0.8863;-0.1985
0;0.1909;0.3327;-0.9333;-0.2418
0;0.1892;0.2802;-0.9289;-0.2875
0;0.1966;0.4558;-0.3918;-0.2575
0;0.197;0.4079;-0.2941;-0.2282
0;0.1991;0.4426;-0.1779;-0.1843
0;0.1971;0.4132;-0.3252;-0.1648
0;0.1978;0.4395;-0.2761;-0.142
1;0.1903;0.3691;-0.8282;-0.1863
0;0.1909;0.4008;-0.7805;-0.2142
0;0.1869;0.4153;-0.9565;-0.268
2;0.189;0.3907;-0.8021;-0.289
0;0.1892;0.4212;-0.7914;-0.3012
0;0.1879;0.3821;-0.877;-0.3188
0;0.1928;0.4846;-0.5556;-0.2876
0;0.1976;0.584;-0.1897;-0.2196
1;0.2009;0.6411;-0.0321;-0.1353
0;0.2036;0.5945;-0.0533;-0.0449
0;0.2058;0.6147;-0.0323;0.046
0;0.2069;0.6036;-0.0232;0.1263
0;0.2041;0.5904;-0.1673;0.1641
0;0.2067;0.61;-0.0494;0.2141
0;0.2109;0.7788;-0.071;0.2874
0;0.2112;0.7773;-0.0586;0.3449
0;0.2099;0.8382;-0.1367;0.3752
0;0.2118;0.837;-0.0642;0.4114
0;0.2118;0.8362;-0.1421;0.4355
0;0.2157;0.8845;-0.1527;0.4825
0;0.2164;0.8695;-0.1214;0.5207
0;0.2196;0.8626;-0.0267;0.5723
0;0.2193;0.8379;-0.0691;0.6046
0;0.2197;0.8227;-0.0667;0.6266
0;0.2214;0.8191;-0.102;0.6521
0;0.2274;0.8494;-0.0815;0.7162
0;0.2261;0.8952;-0.1508;0.7479
0;0.2243;0.8272;-0.25;0.75
0;0.2269;0.8158;-0.165;0.7656
0;0.2309;0.8391;-0.0607;0.8038
0;0.2264;0.7565;-0.3131;0.7871
0;0.2178;0.5773;-0.7143;0.6927
0;0.2247;0.6405;-0.3697;0.669
0;0.2232;0.5865;-0.4454;0.6305
0;0.2226;0.5714;-0.4748;0.5886
2;0.2294;0.605;-0.1303;0.6073
0;0.2255;0.5611;-0.3277;0.5824
1;0.2279;0.5784;-0.2059;0.5771
0;0.23;0.5811;-0.1474;0.5845
0;0.2298;0.5257;-0.1554;0.5827
0;0.231;0.5524;-0.0996;0.585
0;0.2277;0.5344;-0.4422;0.5523
0;0.2249;0.4796;-0.6651;0.4975
0;0.2232;0.4166;-0.826;0.434
0;0.2263;0.4985;-0.5955;0.4058
0;0.2274;0.6271;-0.4999;0.3886
2;0.2312;0.5941;-0.1689;0.4031
0;0.2303;0.6057;-0.2424;0.403
0;0.2316;0.6303;-0.0484;0.4094
1;0.23;0.5096;-0.2016;0.3965
0;0.2314;0.6103;-0.1145;0.3943
0;0.2306;0.5526;-0.2148;0.3813
0;0.236;0.6055;-0.0806;0.4134
0;0.2349;0.5848;-0.255;0.4242
0;0.2375;0.6041;-0.125;0.4504
0;0.2367;0.6588;-0.2069;0.4599
0;0.2323;0.6229;-0.5655;0.4253
0;0.2301;0.6126;-0.7517;0.3743
0;0.2275;0.5196;-0.9032;0.308
0;0.2259;0.4753;-0.8413;0.2389
2;0.2293;0.4694;-0.6243;0.2113
0;0.2257;0.43;-0.8519;0.1565
0;0.2241;0.3879;-0.8491;0.0982
0;0.2214;0.3756;-0.9099;0.0283
0;0.219;0.3246;-0.9368;-0.0478
0;0.22;0.3514;-0.8852;-0.0986
0;0.2212;0.2627;-0.7981;-0.1276
0;0.2199;0.262;-0.8383;-0.1598
0;0.2262;0.3397;-0.3503;-0.1299
0;0.2268;0.3582;-0.3057;-0.1
1;0.2275;0.422;-0.2548;-0.0697
0;0.2316;0.5228;-0.046;-0.01
0;0.2303;0.545;-0.2977;0.0263
0;0.2297;0.5613;-0.3349;0.049
0;0.2293;0.5;-0.3762;0.0635
0;0.2324;0.6235;-0.2;0.1006
0;0.2269;0.5445;-0.5385;0.0817
0;0.2214;0.5;-0.9444;0.0195
0;0.2248;0.5831;-0.6599;-0.0011
0;0.221;0.5134;-0.8883;-0.0495
0;0.2196;0.4789;-0.9505;-0.0992
2;0.2187;0.4843;-0.9854;-0.1445
0;0.2121;0.3133;-0.9802;-0.235
0;0.218;0.3977;-0.7036;-0.2539
0;0.2111;0.3339;-0.9524;-0.3246
0;0.2108;0.2717;-0.8818;-0.379
0;0.2103;0.2763;-0.808;-0.4221
0;0.21;0.2784;-0.7941;-0.4544
0;0.2156;0.3621;-0.489;-0.4273
0;0.2194;0.3706;-0.2222;-0.3692
0;0.2255;0.4868;-0.025;-0.2674
0;0.2256;0.5461;-0.0675;-0.1836
0;0.2297;0.5535;-0.047;-0.0807
1;0.2291;0.5945;-0.1657;-0.0038
0;0.23;0.6225;-0.1355;0.064
0;0.2326;0.6565;-0.0862;0.1388
0;0.227;0.6732;-0.3148;0.1492
0;0.2296;0.6456;-0.234;0.1772
0;0.2281;0.7463;-0.3907;0.1846
0;0.2286;0.756;-0.44;0.1934
0;0.2314;0.7846;-0.275;0.2218
2;0.2318;0.7941;-0.2438;0.2455
0;0.2343;0.7748;-0.0625;0.2822
0;0.2323;0.6997;-0.2125;0.291
0;0.2302;0.5821;-0.3687;0.277
0;0.2375;0.6676;-0.1345;0.3253
0;0.2403;0.6547;-0.0765;0.3836
0;0.2369;0.605;-0.2806;0.3968
0;0.2382;0.6096;-0.2121;0.4137
0;0.2394;0.5941;-0.1589;0.4327
0;0.2347;0.6092;-0.4711;0.4035
0;0.2337;0.5613;-0.5392;0.3675
2;0.2374;0.6308;-0.2895;0.367
0;0.2416;0.6651;-0.0223;0.3987
0;0.2449;0.6688;-0.0788;0.4468
0;0.2461;0.6757;-0.1067;0.4907
0;0.2456;0.6465;-0.2113;0.5158
1;0.2443;0.6577;-0.2938;0.5186
0;0.243;0.6724;-0.3711;0.5045
0;0.2456;0.625;-0.2113;0.5103
0;0.2484;0.625;-0.0653;0.5333
0;0.246;0.6434;-0.253;0.5248
0;0.2474;0.6453;-0.1968;0.5248
0;0.2475;0.6326;-0.2549;0.52
0;0.2483;0.7532;-0.1667;0.5171
0;0.2471;0.7484;-0.3039;0.4993
2;0.2454;0.6599;-0.5;0.4656
0;0.2432;0.5333;-0.7549;0.4154
0;0.245;0.502;-0.487;0.3865
0;0.2441;0.4516;-0.5739;0.3525
0;0.247;0.529;-0.2783;0.3464
0;0.2458;0.5328;-0.4;0.3279
0;0.2389;0.4282;-0.9412;0.2507
0;0.2373;0.3506;-0.9392;0.1744
0;0.2386;0.3129;-0.8378;0.1231
0;0.24;0.3826;-0.723;0.0937
0;0.2423;0.4026;-0.4963;0.089
0;0.245;0.4556;-0.2667;0.1066
0;0.2431;0.4131;-0.4296;0.1036
1;0.2416;0.4085;-0.563;0.0871
0;0.2351;0.3528;-0.9744;0.0185
0;0.2343;0.3671;-0.929;-0.043
0;0.2352;0.3506;-0.8526;-0.083
0;0.2361;0.3782;-0.7771;-0.1058
0;0.2319;0.2786;-0.9198;-0.1585
0;0.2376;0.3934;-0.5615;-0.1502
0;0.2408;0.528;-0.3583;-0.1147
0;0.2462;0.6149;-0.016;-0.0394
0;0.2415;0.5341;-0.3155;-0.02
0;0.2369;0.4654;-0.6022;-0.0434
1;0.2373;0.4425;-0.5753;-0.0578
0;0.2425;0.4733;-0.2473;-0.0246
0;0.2449;0.5191;-0.1158;0.022
2;0.243;0.5154;-0.2316;0.0427
0;0.2459;0.6243;-0.0585;0.0829
0;0.246;0.6375;-0.0577;0.1145
0;0.2497;0.6598;-0.0305;0.1698
0;0.2546;0.6873;-0.0158;0.2534
0;0.257;0.7643;-0.0281;0.3367
0;0.2557;0.7106;-0.1027;0.3879
0;0.2572;0.6982;-0.107;0.4364
0;0.2608;0.6845;-0.1065;0.5009
0;0.266;0.8068;-0.0199;0.5904
0;0.266;0.9113;-0.0309;0.6546
0;0.2646;0.8762;-0.0862;0.6867
0;0.2666;0.8641;-0.0458;0.7213
0;0.266;0.8374;-0.1202;0.7358
0;0.2669;0.8939;-0.1753;0.7474
0;0.2667;0.8746;-0.2044;0.7464
0;0.2697;0.8867;-0.0643;0.7636
0;0.2711;0.8772;-0.0473;0.7806
0;0.2707;0.838;-0.1879;0.7825
0;0.271;0.8222;-0.1954;0.7779
0;0.2746;0.8924;-0.0601;0.7965
0;0.2773;0.8979;-0.0862;0.8259
0;0.2793;0.891;-0.012;0.8577
0;0.2781;0.8083;-0.1493;0.8634
0;0.2779;0.7979;-0.1666;0.8567
0;0.2769;0.8114;-0.2641;0.8335
0;0.2765;0.7756;-0.3299;0.8036
0;0.2792;0.8281;-0.1029;0.7939
2;0.2785;0.7915;-0.1618;0.7721
0;0.2762;0.7172;-0.3798;0.7271
0;0.2787;0.7107;-0.3659;0.7058
0;0.2798;0.7074;-0.2614;0.6908
0;0.2786;0.6783;-0.4318;0.6609
0;0.2793;0.6856;-0.3295;0.6368
0;0.2764;0.543;-0.7159;0.5864
1;0.2767;0.4846;-0.6818;0.5427
0;0.2791;0.4935;-0.381;0.5228
2;0.2781;0.5;-0.5244;0.4936
0;0.2787;0.5195;-0.4512;0.4697
0;0.2817;0.6118;-0.1196;0.472
0;0.2841;0.6595;-0.121;0.4891
0;0.2861;0.6494;-0.0638;0.5141
0;0.2934;0.7507;-0.1138;0.5907
0;0.2989;0.8446;-0.0309;0.6912
0;0.3003;0.8387;-0.0033;0.7746
0;0.2992;0.8038;-0.0468;0.8227
0;0.3005;0.8445;-0.0346;0.8634
0;0.3006;0.8411;-0.0997;0.8871
0;0.3014;0.9294;-0.0712;0.9029
0;0.3052;0.9372;-0.0557;0.9384
0;0.311;0.943;-0.0152;1.005
0;0.3118;0.969;-0.1492;1.054
0;0.3016;0.7509;-0.6374;0.9944
0;0.3007;0.7185;-0.7931;0.9297
0;0.3039;0.7234;-0.6336;0.8957
0;0.301;0.666;-0.786;0.8354
0;0.3065;0.6515;-0.5743;0.8255
2;0.3027;0.5453;-0.7188;0.7763
0;0.3011;0.5102;-0.7991;0.7163
1;0.2902;0.4129;-0.619;0.5685
0;0.2857;0.3641;-0.7258;0.4076
0;0.3016;0.5067;-0.2529;0.4115
0;0.3045;0.5212;-0.1078;0.4348
0;0.3067;0.5102;-0.0426;0.4674
0;0.3014;0.4322;-0.198;0.4432
0;0.3008;0.4216;-0.2155;0.4143
1;0.3041;0.5202;-0.1043;0.4155
0;0.2968;0.4719;-0.3712;0.3496
0;0.2938;0.4277;-0.4539;0.2686
2;0.281;0.3745;-0.9292;0.0939
0;0.2822;0.3383;-0.8099;-0.0353
0;0.2839;0.3715;-0.7605;-0.1222
0;0.2904;0.4311;-0.5728;-0.1343
0;0.2909;0.5051;-0.558;-0.138
0;0.2952;0.5709;-0.4321;-0.1025
1;0.2893;0.3938;-0.6025;-0.1235
0;0.2886;0.3568;-0.6234;-0.1448
0;0.2915;0.3639;-0.312;-0.136
0;0.2877;0.374;-0.4761;-0.1597
0;0.2766;0.3139;-0.9241;-0.2702
2;0.2715;0.2553;-0.9844;-0.3982
0;0.2737;0.3129;-0.838;-0.4759
0;0.2733;0.3264;-0.8524;-0.5356
0;0.2816;0.5047;-0.5389;-0.5069
0;0.2773;0.4575;-0.6919;-0.5154
0;0.2759;0.4304;-0.7226;-0.5283
1;0.2776;0.3787;-0.6406;-0.5183
0;0.2766;0.3654;-0.6833;-0.5137
0;0.2746;0.2967;-0.6;-0.5214
0;0.2748;0.3394;-0.543;-0.5197
0;0.2705;0.3139;-0.875;-0.5501
0;0.2634;0.2354;-0.9641;-0.6282
0;0.2625;0.2487;-0.9076;-0.691
0;0.2553;0.2695;-0.9674;-0.7938
0;0.2599;0.3729;-0.7948;-0.8277
0;0.2546;0.3039;-0.9929;-0.8901
0;0.2464;0.2618;-0.9459;-1.0
0;0.2415;0.1232;-0.9814;-1.1168
0;0.2403;0.1306;-0.9104;-1.2079
0;0.2389;0.1306;-0.9427;-1.2786
0;0.2353;0.0927;-0.9467;-1.3514
0;0.241;0.1866;-0.7534;-1.3455
0;0.2422;0.2108;-0.6667;-1.3163
0;0.2432;0.2204;-0.6317;-1.2713
0;0.2436;0.2451;-0.6134;-1.2188
0;0.2464;0.325;-0.2488;-1.1403
1;0.2433;0.3112;-0.3587;-1.0927
0;0.2439;0.3699;-0.3261;-1.0392
0;0.2333;0.2341;-0.9683;-1.0759
0;0.2329;0.2595;-0.8947;-1.0963
0;0.2403;0.4319;-0.4353;-1.0379
2;0.2364;0.4405;-0.6336;-1.0145
0;0.2428;0.5266;-0.3103;-0.9305
0;0.2431;0.5445;-0.2974;-0.8523
0;0.2495;0.6415;-0.0327;-0.7276
1;0.2459;0.5512;-0.2873;-0.6516
0;0.2416;0.4941;-0.4691;-0.6213
0;0.2414;0.4821;-0.48;-0.593
0;0.2453;0.516;-0.3127;-0.5309
0;0.2506;0.5367;-0.0909;-0.4317
0;0.2448;0.5124;-0.4554;-0.398
0;0.2471;0.5269;-0.3736;-0.3474
0;0.247;0.637;-0.3793;-0.3047
1;0.2468;0.6381;-0.3966;-0.2699
0;0.247;0.5772;-0.3851;-0.2382
2;0.243;0.5772;-0.6211;-0.2444
0;0.2384;0.4465;-0.9329;-0.2853
0;0.2376;0.4339;-0.8446;-0.3218
0;0.235;0.3091;-0.9797;-0.3691
0;0.2356;0.3522;-0.9424;-0.3973
0;0.2436;0.5256;-0.3882;-0.3474
0;0.2483;0.5808;-0.0809;-0.2642
0;0.2428;0.4721;-0.4509;-0.2426
0;0.2424;0.3974;-0.4798;-0.2267
1;0.2395;0.4279;-0.6763;-0.2365
0;0.239;0.3848;-0.6421;-0.2455
0;0.2438;0.4589;-0.3526;-0.2097
2;0.2442;0.4677;-0.3263;-0.1757
0;0.2473;0.504;-0.1368;-0.1207
0;0.2409;0.4763;-0.5316;-0.1309
0;0.2414;0.5361;-0.4965;-0.1327
1;0.2488;0.6172;-0.0375;-0.0701
0;0.2552;0.6955;-0.0523;0.0345
0;0.259;0.7133;-0.1363;0.149
0;0.2545;0.6062;-0.2871;0.1992
0;0.2556;0.5757;-0.2937;0.2455
0;0.2552;0.6455;-0.3285;0.2765
0;0.2576;0.6704;-0.231;0.3178
0;0.2603;0.7347;-0.1191;0.3698
0;0.2601;0.739;-0.1264;0.4054
0;0.2598;0.7029;-0.1681;0.427
0;0.2599;0.7003;-0.2342;0.4401
0;0.2594;0.665;-0.4135;0.4414
0;0.266;0.8418;-0.0616;0.4937
0;0.2682;0.8488;-0.1809;0.5488
0;0.268;0.8061;-0.198;0.5842
0;0.2676;0.7457;-0.2363;0.603
0;0.2746;0.7737;-0.0245;0.6703
0;0.2742;0.9068;-0.1136;0.7132
0;0.2761;0.9097;-0.1;0.7549
0;0.2761;0.9225;-0.1021;0.7798
0;0.2749;0.8704;-0.2263;0.7816
0;0.2761;0.8617;-0.176;0.785
0;0.2748;0.8195;-0.3394;0.7683
0;0.2754;0.8333;-0.297;0.7521
0;0.2754;0.8327;-0.297;0.7314
0;0.2754;0.8517;-0.495;0.7073
0;0.2767;0.8069;-0.3469;0.6919
0;0.2759;0.7366;-0.449;0.6651
0;0.2726;0.6199;-0.8367;0.6088
0;0.269;0.531;-0.9535;0.5279
0;0.2674;0.2893;-0.816;0.4446
0;0.2664;0.2794;-0.8372;0.3661
2;0.2649;0.18;-0.8214;0.2878
0;0.2639;0.1698;-0.8827;0.2143
0;0.2667;0.2944;-0.7194;0.1777
0;0.2761;0.4985;-0.1684;0.2265
0;0.2732;0.4723;-0.3011;0.2382
0;0.2725;0.4506;-0.3441;0.239
0;0.2715;0.4366;-0.4032;0.2291
1;0.2682;0.3934;-0.6129;0.19
0;0.2707;0.4142;-0.457;0.1786
0;0.2682;0.3958;-0.6129;0.1464
0;0.2665;0.4142;-0.743;0.1055
0;0.2734;0.557;-0.3099;0.131
0;0.273;0.5751;-0.3648;0.1461
0;0.2772;0.6319;-0.0261;0.1917
0;0.277;0.6527;-0.2011;0.2242
0;0.2733;0.6111;-0.4348;0.2157
1;0.2731;0.5811;-0.4457;0.2053
0;0.2749;0.4824;-0.3526;0.2104
0;0.2751;0.5325;-0.341;0.2136
2;0.2728;0.5056;-0.4913;0.1947
0;0.2724;0.5143;-0.687;0.1741
0;0.2752;0.6181;-0.6236;0.1796
0;0.2675;0.4552;-0.9256;0.1172
0;0.2679;0.496;-0.907;0.0697
0;0.2709;0.5649;-0.7442;0.0574
0;0.2698;0.4356;-0.8047;0.0375
0;0.2682;0.4189;-0.8884;0.0081
2;0.2704;0.3766;-0.7721;0.0033
1;0.269;0.3606;-0.8465;-0.0123
0;0.2663;0.3742;-0.8554;-0.0472
0;0.2642;0.3494;-0.9111;-0.0924
0;0.2764;0.519;-0.0791;-0.0231
0;0.2917;0.6511;-0.0479;0.1617
0;0.2928;0.6851;-0.0223;0.3144
0;0.2916;0.6752;-0.0615;0.421
0;0.2934;0.6695;-0.0962;0.5161
1;0.2976;0.7987;-0.0288;0.6212
0;0.3001;0.8071;-0.0901;0.7189
0;0.3008;0.7981;-0.0734;0.7942
0;0.3022;0.8216;-0.0398;0.857
0;0.3036;0.8521;-0.0419;0.9092
0;0.3043;0.8473;-0.0865;0.9459
0;0.3071;0.8795;-0.045;0.9893
0;0.307;0.9259;-0.0863;1.0114
0;0.3078;0.9699;-0.1394;1.0256
0;0.3068;0.9305;-0.1971;1.017
0;0.3077;0.8824;-0.1925;1.0068
0;0.3069;0.8426;-0.2985;0.9815
0;0.3082;0.9025;-0.2174;0.9622
0;0.3069;0.8348;-0.3922;0.9257
0;0.3051;0.7129;-0.6383;0.8722
0;0.3049;0.6534;-0.7875;0.8186
0;0.3066;0.6755;-0.5;0.7826
0;0.3088;0.6904;-0.2766;0.7645
0;0.3032;0.4898;-0.9575;0.6945
0;0.3022;0.4538;-0.886;0.6239
0;0.301;0.3478;-0.8647;0.5513
0;0.3007;0.3448;-0.8561;0.4852
0;0.3008;0.3184;-0.7867;0.4288
2;0.3049;0.4574;-0.4733;0.4147
0;0.3046;0.4303;-0.4933;0.3969
0;0.3084;0.5315;-0.2;0.4114
0;0.3139;0.5976;-0.057;0.4645
1;0.315;0.6405;-0.0888;0.511
0;0.3116;0.6057;-0.271;0.5132
0;0.3191;0.6882;-0.0584;0.5734
0;0.3193;0.6747;-0.1644;0.6162
0;0.3205;0.6658;-0.1164;0.6538
0;0.325;0.8184;-0.0074;0.7144
0;0.3273;0.8522;-0.1687;0.7738
0;0.3321;0.8973;-0.0411;0.8539
0;0.321;0.7028;-0.4581;0.813
0;0.3216;0.7059;-0.5114;0.7773
0;0.3235;0.6926;-0.428;0.7573
0;0.3197;0.6459;-0.6527;0.7016
0;0.321;0.627;-0.7802;0.6606
2;0.3218;0.589;-0.7253;0.6288
0;0.3201;0.556;-0.8736;0.5822
0;0.325;0.643;-0.5517;0.5808
0;0.3251;0.5756;-0.546;0.5744
1;0.3263;0.5866;-0.4114;0.5736
0;0.3278;0.5892;0.0;0.5795
0;0.3287;0.5495;-0.0625;0.5854
0;0.3296;0.533;-0.0296;0.5921
0;0.3311;0.4838;-0.1369;0.6036
0;0.3339;0.7701;-0.0221;0.6301
0;0.3365;0.7879;-0.0096;0.6665
0;0.3331;0.6752;-0.4343;0.6592
0;0.3262;0.6057;-0.7675;0.5878
0;0.3248;0.5625;-0.8266;0.5134
0;0.3243;0.5402;-0.8487;0.4449
0;0.3277;0.6185;-0.7346;0.4152
2;0.3215;0.4476;-0.974;0.3346
0;0.3206;0.4348;-0.8918;0.2602
0;0.3284;0.5258;-0.6;0.2649
0;0.3255;0.473;-0.7082;0.2413
0;0.3224;0.43;-0.823;0.1941
0;0.3261;0.4631;-0.5062;0.1863
0;0.3317;0.5057;-0.0648;0.2253
1;0.3264;0.4301;-0.4185;0.2087
0;0.327;0.408;-0.3773;0.1987
0;0.323;0.403;-0.6485;0.1543
0;0.3195;0.4317;-0.7602;0.0886
0;0.3142;0.3992;-0.8936;-0.0097
2;0.3149;0.4111;-0.8596;-0.0811
0;0.317;0.3963;-0.7574;-0.1185
0;0.3208;0.4928;-0.5745;-0.1146
0;0.3195;0.4892;-0.634;-0.1208
0;0.3224;0.4335;-0.4251;-0.0997
1;0.329;0.5358;-0.1681;-0.0268
0;0.3295;0.5769;-0.1674;0.0355
0;0.3227;0.4649;-0.4895;0.0266
0;0.332;0.5025;-0.0502;0.0978
0;0.3308;0.5455;-0.1159;0.1432
0;0.3263;0.4933;-0.375;0.1392
0;0.3307;0.5736;-0.1685;0.172
0;0.3299;0.6039;-0.2174;0.1893
0;0.3311;0.6846;-0.1467;0.2107
2;0.3302;0.6667;-0.296;0.2178
0;0.3331;0.6723;-0.0547;0.2457
0;0.3298;0.5981;-0.3731;0.2374
0;0.3311;0.6248;-0.313;0.2389
0;0.3325;0.6122;-0.1949;0.2495
0;0.3317;0.535;-0.2712;0.2484
0;0.3332;0.5463;-0.1456;0.2576
0;0.3361;0.6854;-0.187;0.2869
1;0.3325;0.5087;-0.5203;0.2762
0;0.3326;0.5299;-0.5122;0.2656
0;0.3341;0.6467;-0.4254;0.2671
0;0.3328;0.5455;-0.5298;0.2551
0;0.3307;0.5161;-0.709;0.2249
2;0.3276;0.4352;-0.828;0.1726
0;0.3286;0.4702;-0.758;0.1378
0;0.3299;0.4366;-0.6624;0.1201
0;0.3271;0.4444;-0.8662;0.081
0;0.3289;0.4561;-0.7389;0.0642
0;0.3289;0.4238;-0.7389;0.0504
0;0.3275;0.413;-0.8408;0.027
0;0.3259;0.3502;-0.8345;-0.0052
0;0.3257;0.2602;-0.766;-0.032
0;0.3254;0.3077;-0.732;-0.055
0;0.3282;0.395;-0.4124;-0.0494
0;0.3278;0.3422;-0.4536;-0.0474
0;0.3283;0.3825;-0.3918;-0.0409
0;0.3259;0.3756;-0.6804;-0.0562
0;0.3256;0.4392;-0.5981;-0.07
1;0.3293;0.5182;-0.3885;-0.0487
0;0.3298;0.4976;-0.3453;-0.0269
0;0.3292;0.5645;-0.3957;-0.0146
0;0.3262;0.425;-0.6403;-0.0303
0;0.3242;0.3812;-0.7943;-0.0594
0;0.3218;0.3632;-0.9392;-0.102
0;0.3225;0.4152;-0.8086;-0.1284
0;0.3187;0.3496;-0.9563;-0.1808
0;0.317;0.3298;-0.9557;-0.2343
0;0.3194;0.3226;-0.8177;-0.2531
0;0.3117;0.2479;-1.0;-0.3309
0;0.309;0.2165;-0.8613;-0.4119
0;0.3049;0.2069;-0.932;-0.5058
0;0.3019;0.1922;-1.0;-0.5997
0;0.3023;0.1153;-0.9846;-0.6644
0;0.3003;0.0962;-0.9703;-0.7255
0;0.3023;0.1458;-0.883;-0.7487
0;0.2947;0.1302;-0.9833;-0.8233
0;0.2951;0.1441;-0.9652;-0.8704
0;0.3083;0.3692;-0.4382;-0.7861
0;0.3006;0.3132;-0.6186;-0.7768
0;0.3061;0.3958;-0.1977;-0.7145
0;0.3063;0.4097;-0.2261;-0.6557
1;0.3085;0.4063;-0.1154;-0.5843
0;0.3143;0.523;-0.013;-0.4721
0;0.3099;0.5077;-0.2305;-0.4164
0;0.3163;0.5932;-0.008;-0.3139
0;0.3112;0.5738;-0.2412;-0.2727
0;0.3123;0.5785;-0.2475;-0.2283
0;0.3199;0.6419;-0.0894;-0.1262
0;0.3192;0.6245;-0.1435;-0.0504
0;0.3213;0.7131;-0.0443;0.0279
0;0.3258;0.731;-0.0858;0.1277
0;0.3246;0.6494;-0.1529;0.1944
0;0.3244;0.7533;-0.1612;0.2434
0;0.3287;0.7466;-0.0738;0.3156
0;0.3249;0.6876;-0.2451;0.3367
0;0.3226;0.6422;-0.3463;0.3302
0;0.3203;0.5656;-0.5729;0.3027
0;0.3205;0.6277;-0.7671;0.2794
0;0.319;0.5373;-0.9021;0.2452
2;0.3186;0.6143;-0.7614;0.2119
0;0.3166;0.5657;-0.8168;0.1669
0;0.3203;0.5076;-0.5969;0.1613
0;0.323;0.5613;-0.4398;0.1778
0;0.3258;0.5698;-0.262;0.2122
0;0.324;0.4679;-0.369;0.222
0;0.3251;0.5092;-0.2995;0.2371
1;0.3228;0.4743;-0.4385;0.227
0;0.3161;0.3122;-0.8449;0.1594
0;0.3118;0.3081;-0.9581;0.0682
2;0.3099;0.3113;-0.8837;-0.0208
0;0.3038;0.2796;-0.8889;-0.142
0;0.2912;0.206;-0.9932;-0.3436
0;0.2923;0.2308;-0.8765;-0.489
0;0.2812;0.19;-0.9981;-0.6925
0;0.2727;0.1713;-0.9811;-0.9177
0;0.2566;0.0975;-0.9988;-1.2217
0;0.2675;0.1819;-0.7546;-1.3564
0;0.2529;0.1325;-0.9524;-1.5716
0;0.2666;0.2414;-0.73;-1.6085
0;0.2713;0.2649;-0.647;-1.5806
0;0.2791;0.3178;-0.4327;-1.4755
0;0.2938;0.413;-0.0549;-1.2521
0;0.2964;0.4389;-0.099;-1.041
1;0.2853;0.4093;-0.3123;-0.9578
0;0.2828;0.4203;-0.3601;-0.9031
0;0.2864;0.4805;-0.2918;-0.8204
0;0.2937;0.5055;-0.1552;-0.684
0;0.3049;0.5918;-0.0147;-0.4744
0;0.3002;0.6098;-0.1851;-0.3442
0;0.3016;0.7033;-0.1772;-0.2259
0;0.3015;0.6705;-0.2558;-0.131
0;0.3;0.7711;-0.3127;-0.0678
0;0.2983;0.7119;-0.3763;-0.0317
2;0.2943;0.655;-0.534;-0.0371
0;0.2876;0.5581;-0.8577;-0.0978
0;0.2864;0.438;-0.7167;-0.1545
0;0.2938;0.4796;-0.4773;-0.1352
0;0.2901;0.5422;-0.597;-0.1498
0;0.2848;0.5168;-0.7489;-0.2044
0;0.2891;0.5227;-0.5964;-0.2088
0;0.2919;0.4835;-0.4417;-0.1866
0;0.2997;0.4509;-0.1575;-0.1004
0;0.3064;0.5566;-0.0062;0.0248
0;0.3093;0.5687;-0.0995;0.1481
1;0.307;0.5469;-0.1658;0.224
0;0.3111;0.5912;-0.125;0.3163
0;0.3024;0.5303;-0.3582;0.3121
0;0.2954;0.5076;-0.5481;0.2455
0;0.3014;0.5982;-0.387;0.2413
0;0.3039;0.622;-0.4169;0.2567
0;0.3028;0.5693;-0.5273;0.2569
2;0.3003;0.5796;-0.6291;0.2332
0;0.302;0.642;-0.56;0.2264
1;0.2938;0.5361;-0.8945;0.1489
0;0.2823;0.4345;-0.9973;-0.0109
0;0.2902;0.4345;-0.64;-0.0699
0;0.2934;0.4069;-0.5041;-0.0883
0;0.2983;0.4232;-0.3526;-0.0601
0;0.3031;0.4741;-0.2039;0.0036
0;0.3098;0.4912;0.0;0.11
1;0.3102;0.5569;-0.029;0.1964
0;0.3103;0.6215;-0.0911;0.2631
0;0.3075;0.553;-0.1675;0.2894
0;0.3132;0.5764;-0.0099;0.3556
0;0.3097;0.5538;-0.1865;0.3736
0;0.3213;0.6438;-0.0562;0.4824
0;0.3164;0.5944;-0.2105;0.5213
0;0.3193;0.6801;-0.1728;0.5715
0;0.3294;0.8383;0.0;0.6907
0;0.328;0.7992;-0.197;0.7651
0;0.3221;0.7178;-0.397;0.7655
0;0.3266;0.7162;-0.2424;0.7964
0;0.3326;0.7212;-0.1335;0.8632
0;0.3228;0.5934;-0.4752;0.8231
0;0.3199;0.5674;-0.5745;0.7586
0;0.3176;0.5492;-0.6873;0.6799
0;0.3216;0.5932;-0.5407;0.6449
0;0.3258;0.5843;-0.3909;0.6454
2;0.3252;0.6093;-0.4104;0.6344
0;0.3337;0.5913;-0.101;0.691
0;0.3391;0.6658;-0.0175;0.7738
1;0.3321;0.5882;-0.2456;0.7717
0;0.3325;0.5242;-0.2339;0.7648
0;0.3401;0.5881;-0.0842;0.8166
0;0.3418;0.6524;-0.0732;0.8631
0;0.3402;0.6098;-0.2197;0.8769
0;0.3382;0.5478;-0.2974;0.861
0;0.3362;0.6339;-0.3897;0.8227
0;0.3385;0.6877;-0.3991;0.8035
0;0.3312;0.6246;-0.8204;0.7177
2;0.3316;0.5975;-0.801;0.6455
0;0.3264;0.506;-0.9781;0.5377
0;0.3259;0.5069;-0.9744;0.4433
0;0.3334;0.4965;-0.6197;0.4273
0;0.3509;0.5941;-0.0471;0.5591
0;0.3533;0.6813;-0.1556;0.677
0;0.3543;0.6852;-0.1228;0.7718
0;0.3597;0.6726;-0.12;0.8842
1;0.3624;0.6778;-0.0807;0.9855
0;0.3632;0.7015;-0.0871;1.0618
0;0.3669;0.745;-0.0416;1.1419
0;0.3595;0.6819;-0.2124;1.1302
0;0.3624;0.6846;-0.1687;1.1335
0;0.3607;0.7511;-0.2398;1.1103
0;0.3559;0.692;-0.6068;1.039
0;0.3525;0.7128;-0.8364;0.9435
2;0.3551;0.7292;-0.7225;0.8796
0;0.3641;0.7358;-0.244;0.8964
0;0.3621;0.6127;-0.3493;0.8833
0;0.3778;0.6953;-0.0127;0.9975
0;0.3783;0.6922;-0.0156;1.0806
1;0.3776;0.6547;-0.0667;1.1285
0;0.3791;0.6481;-0.0152;1.1673
0;0.3803;0.6503;-0.0689;1.1954
0;0.3741;0.5606;-0.259;1.1521
0;0.3784;0.6677;-0.1489;1.1424
0;0.3787;0.6516;-0.1575;1.125
0;0.3796;0.6774;-0.2724;1.107
0;0.385;0.7714;-0.0841;1.1269
0;0.3881;0.8331;-0.0655;1.1574
1;0.3891;0.8281;-0.0562;1.1776
0;0.3894;0.7933;-0.0393;1.1833
0;0.3921;0.8419;-0.0337;1.1981
0;0.3914;0.7367;-0.0673;1.1918
0;0.3908;0.7165;-0.1298;1.1688
0;0.3919;0.7446;-0.0862;1.1474
0;0.394;0.7492;-0.1078;1.136
0;0.4042;0.8079;-0.0358;1.2021
0;0.409;0.9663;-0.0033;1.282
0;0.4009;0.7729;-0.36;1.2625
0;0.4042;0.7886;-0.2255;1.262
0;0.405;0.7878;-0.2093;1.2544
0;0.4077;0.7739;-0.093;1.258
0;0.4049;0.7039;-0.2132;1.2237
2;0.4041;0.6843;-0.2442;1.1777
0;0.4032;0.6674;-0.3687;1.1213
0;0.3998;0.5919;-0.6167;1.0359
0;0.4005;0.6077;-0.6776;0.9637
0;0.4005;0.6156;-0.6842;0.8959
0;0.4068;0.659;-0.1678;0.8872
0;0.4071;0.6454;-0.1765;0.8733
0;0.4095;0.57;-0.0882;0.8729
1;0.4068;0.4692;-0.3015;0.8412
0;0.4077;0.6226;-0.2279;0.8149
0;0.4083;0.5806;-0.1838;0.7902
0;0.4137;0.6465;-0.0973;0.8082
0;0.4149;0.6274;-0.0785;0.8237
0;0.4117;0.6195;-0.2618;0.8004
0;0.4137;0.6596;-0.2128;0.7904
0;0.4207;0.7425;-0.0053;0.8338
0;0.4226;0.8303;-0.3549;0.8752
0;0.4195;0.7561;-0.463;0.8717
0;0.4229;0.7785;-0.3457;0.8888
0;0.4232;0.7388;-0.3471;0.8951
0;0.4227;0.727;-0.4351;0.8868
0;0.4254;0.7299;-0.3471;0.8938
0;0.4285;0.8077;-0.2066;0.9157
0;0.4275;0.7801;-0.2596;0.9149
0;0.427;0.7667;-0.3333;0.9008
0;0.4268;0.7199;-0.4198;0.8785
0;0.4204;0.5788;-0.8172;0.7971
0;0.4295;0.7162;-0.1401;0.8014
0;0.4334;0.7288;-0.0909;0.8293
0;0.4359;0.6972;-0.0388;0.8641
0;0.4403;0.716;-0.0276;0.92
0;0.4453;0.8017;-0.0098;0.9966
1;0.4483;0.7996;-0.0669;1.0717
0;0.4459;0.7546;-0.1421;1.0988
0;0.4445;0.7395;-0.1838;1.0969
0;0.4425;0.6909;-0.2451;1.0669
0;0.4475;0.7036;-0.0985;1.0742
0;0.4512;0.74;-0.0567;1.1001
0;0.4502;0.7319;-0.119;1.1004
0;0.449;0.7163;-0.2021;1.0782
0;0.4543;0.8388;-0.012;1.0946
0;0.4535;0.7874;-0.1658;1.089
0;0.4523;0.7425;-0.2353;1.0631
0;0.4523;0.7246;-0.2353;1.0313
0;0.4559;0.7183;-0.0567;1.0262
0;0.453;0.6146;-0.2312;0.9866
0;0.4531;0.5782;-0.2515;0.9457
0;0.4518;0.5994;-0.3413;0.8919
0;0.4587;0.7018;-0.026;0.8993
0;0.4584;0.7358;-0.0853;0.8926
0;0.4473;0.4977;-1.0;0.7839
0;0.4509;0.4954;-0.74;0.72
0;0.4588;0.5926;-0.1533;0.7297
0;0.4618;0.6335;-0.1667;0.7549
0;0.4684;0.6429;-0.0643;0.823
0;0.4715;0.6743;-0.043;0.894
1;0.4695;0.6638;-0.1219;0.9236
0;0.4673;0.6364;-0.2115;0.9179
0;0.4664;0.6;-0.2473;0.8959
0;0.4631;0.5959;-0.3763;0.8414
0;0.4643;0.6041;-0.3622;0.7995
2;0.4704;0.6599;-0.0964;0.8104
0;0.4701;0.6095;-0.1806;0.8073
0;0.4708;0.6191;-0.2543;0.8024
0;0.4693;0.7591;-0.3468;0.7777
1;0.4741;0.766;-0.2057;0.7908
0;0.4777;0.7396;-0.0639;0.8227
0;0.4755;0.6776;-0.1847;0.8207
0;0.4709;0.5335;-0.4144;0.7711
0;0.4657;0.4249;-0.7376;0.6801
0;0.4587;0.3763;-0.7362;0.5419
0;0.4541;0.357;-0.9023;0.388
2;0.4587;0.4234;-0.7362;0.302
0;0.4562;0.4296;-0.8274;0.2094
0;0.452;0.3822;-0.9494;0.0989
0;0.4411;0.2412;-0.7451;-0.0823
0;0.442;0.2547;-0.7274;-0.2165
0;0.4261;0.1915;-0.9981;-0.4545
0;0.4264;0.1985;-0.9354;-0.6349
0;0.4315;0.2015;-0.7475;-0.7272
0;0.4374;0.227;-0.5809;-0.7422
0;0.4417;0.2777;-0.4745;-0.7092
0;0.4505;0.3729;-0.2594;-0.6011
1;0.448;0.386;-0.2725;-0.5303
0;0.4538;0.4675;-0.0366;-0.4201
0;0.4532;0.4933;-0.0549;-0.3343
0;0.4498;0.4369;-0.1518;-0.2918
0;0.4372;0.3828;-0.5128;-0.362
0;0.4445;0.4552;-0.3035;-0.3516
0;0.446;0.5327;-0.3969;-0.3272
2;0.4613;0.6083;0.0;-0.1746
0;0.4671;0.7592;-0.0982;-0.0029
0;0.4772;0.7859;-0.0022;0.2182
1;0.4681;0.6971;-0.2713;0.3127
0;0.4762;0.7042;-0.0911;0.4527
0;0.4646;0.612;-0.3482;0.4599
0;0.4755;0.6196;-0.1073;0.5528
0;0.4728;0.6185;-0.166;0.5977
2;0.4769;0.6124;-0.0839;0.6615
0;0.4829;0.6372;-0.0644;0.7551
0;0.4816;0.6498;-0.1822;0.8099
0;0.4673;0.6394;-0.8178;0.7231
0;0.4742;0.6381;-0.5101;0.7058
0;0.4697;0.6071;-0.7126;0.646
0;0.4729;0.5591;-0.5668;0.6199
2;0.4699;0.5147;-0.8357;0.5672
0;0.4712;0.4654;-0.6653;0.5305
1;0.4831;0.5833;-0.1213;0.5966
0;0.4832;0.5429;-0.113;0.6438
0;0.4708;0.5375;-0.6763;0.569
0;0.475;0.497;-0.4768;0.5396
0;0.4754;0.5173;-0.4599;0.5138
0;0.4751;0.4869;-0.4726;0.4857
0;0.476;0.4473;-0.4304;0.4662
2;0.471;0.4229;-0.6624;0.4033
0;0.4699;0.5239;-0.7101;0.3402
0;0.4749;0.506;-0.4832;0.3286
0;0.469;0.4942;-0.7521;0.2665
0;0.4624;0.4088;-0.8219;0.1583
0;0.4641;0.4486;-0.7449;0.086
0;0.4645;0.4405;-0.7247;0.0321
0;0.4622;0.275;-0.83;-0.0309
0;0.4645;0.3077;-0.6007;-0.0601
0;0.4665;0.4426;-0.507;-0.0662
0;0.4656;0.3639;-0.465;-0.078
0;0.4823;0.5676;-0.0157;0.0559
0;0.4896;0.6244;-0.1264;0.2227
1;0.4854;0.5763;-0.2284;0.3161
0;0.4757;0.5351;-0.4656;0.3036
0;0.4711;0.5085;-0.5765;0.2518
0;0.4685;0.4527;-0.6408;0.1859
0;0.4767;0.5548;-0.4412;0.2016
2;0.474;0.5886;-0.6213;0.1894
0;0.4777;0.6003;-0.5732;0.2088
0;0.4812;0.6178;-0.4853;0.252
0;0.4845;0.6557;-0.3681;0.3112
1;0.4837;0.6364;-0.2745;0.3476
0;0.4815;0.6067;-0.2715;0.354
0;0.4987;0.6912;-0.0716;0.5015
0;0.5014;0.6311;-0.0823;0.6349
0;0.5133;0.6533;-0.0341;0.8346
0;0.5171;0.7062;-0.0833;1.0155
0;0.5157;0.7915;-0.113;1.1349
0;0.5134;0.8187;-0.1644;1.1976
0;0.5163;0.8591;-0.1151;1.259
0;0.5155;0.8277;-0.137;1.2871
0;0.5192;0.8746;-0.0486;1.3273
0;0.5166;0.828;-0.1474;1.3224
0;0.518;0.8214;-0.1437;1.3162
0;0.5208;0.82;-0.0732;1.3215
0;0.5188;0.8031;-0.2962;1.2945
0;0.52;0.8381;-0.1975;1.2696
0;0.5204;0.7699;-0.1869;1.2396
0;0.5181;0.7102;-0.5621;1.1834
0;0.5282;0.6966;-0.0127;1.2129
0;0.5247;0.5997;-0.3522;1.193
0;0.525;0.6277;-0.3355;1.1677
0;0.5197;0.5796;-0.6923;1.0903
0;0.5227;0.5807;-0.5526;1.0434
0;0.5342;0.6855;-0.0446;1.0926
0;0.5448;0.7234;-0.0749;1.21
0;0.5398;0.6943;-0.2395;1.2469
0;0.5393;0.6817;-0.2545;1.2588
0;0.5449;0.696;-0.1485;1.3023
0;0.5432;0.6991;-0.2017;1.308
0;0.5445;0.6996;-0.1625;1.3094
0;0.5442;0.6946;-0.1709;1.2944
0;0.5472;0.7352;-0.2072;1.2944
0;0.5422;0.6226;-0.374;1.238
0;0.5487;0.7009;-0.3382;1.2356
0;0.5532;0.7202;-0.1015;1.2587
0;0.555;0.7921;-0.1197;1.2791
0;0.5528;0.7523;-0.2629;1.2629
0;0.566;0.7593;-0.0033;1.3488
1;0.5657;0.705;-0.1921;1.3998
0;0.5791;0.8315;0.0;1.5387
0;0.567;0.6951;-0.3243;1.5291
0;0.5585;0.5918;-0.5528;1.433
0;0.5474;0.5253;-0.8737;1.248
0;0.5407;0.4788;-0.9416;1.0322
0;0.5457;0.5083;-0.818;0.894
2;0.5557;0.5425;-0.573;0.8605
0;0.5577;0.5796;-0.5258;0.8412
0;0.5625;0.5724;-0.4067;0.8584
0;0.5663;0.5691;-0.3146;0.8947
1;0.5671;0.5645;-0.2782;0.9208
0;0.5685;0.5842;-0.0237;0.9432
0;0.5658;0.4989;-0.1098;0.9283
0;0.5615;0.4756;-0.273;0.8702
0;0.5542;0.3451;-0.57;0.753
0;0.5501;0.3835;-0.7849;0.6184
0;0.5624;0.5259;-0.4551;0.6101
2;0.5705;0.6579;-0.2079;0.6654
0;0.5683;0.7009;-0.2753;0.6833
0;0.5716;0.6932;-0.1742;0.7182
0;0.5738;0.6527;-0.1067;0.7567
1;0.568;0.5822;-0.2837;0.73
0;0.5577;0.4645;-0.6011;0.6133
0;0.5586;0.4413;-0.573;0.5227
0;0.5604;0.4498;-0.5169;0.4613
0;0.5807;0.5717;-0.2567;0.5807
0;0.5632;0.4872;-0.7191;0.5201
0;0.5612;0.4986;-0.7724;0.4497
0;0.5692;0.5761;-0.5617;0.4571
0;0.5803;0.6424;-0.2688;0.5522
0;0.5848;0.614;-0.1501;0.6594
0;0.5872;0.5907;-0.0847;0.7578
0;0.5939;0.6323;-0.0022;0.8841
0;0.5926;0.6104;-0.0501;0.9625
0;0.5905;0.5883;-0.1142;0.9969
0;0.5967;0.6507;-0.0049;1.0658
0;0.5913;0.6861;-0.1829;1.0626
0;0.5989;0.7079;-0.0358;1.1137
0;0.5981;0.6962;-0.2411;1.1351
0;0.5913;0.5638;-0.5502;1.0821
0;0.5892;0.694;-0.7025;1.0117
0;0.5922;0.7279;-0.6196;0.9705
0;0.5932;0.6968;-0.5765;0.9363
2;0.5802;0.4996;-0.9965;0.7893
0;0.5788;0.4504;-0.9558;0.6534
0;0.5792;0.4304;-0.9144;0.5425
0;0.5744;0.3251;-0.9832;0.4088
0;0.5712;0.3147;-0.9346;0.2718
0;0.5827;0.4417;-0.525;0.2586
0;0.5799;0.368;-0.5912;0.2212
0;0.5685;0.3369;-0.9933;0.0934
0;0.5704;0.2767;-0.7898;0.0073
0;0.5644;0.256;-0.7968;-0.1114
0;0.5667;0.3096;-0.6542;-0.1842
2;0.5627;0.3006;-0.7923;-0.2732
0;0.5621;0.2654;-0.7296;-0.3458
0;0.5582;0.239;-0.8616;-0.4322
0;0.5693;0.4158;-0.4843;-0.402
0;0.5843;0.5345;-0.0657;-0.2465
0;0.5826;0.5213;-0.1694;-0.1355
0;0.5815;0.5464;-0.2016;-0.0559
0;0.5784;0.5471;-0.293;-0.0193
1;0.5819;0.4939;-0.1909;0.0395
0;0.5814;0.5119;-0.2043;0.0815
2;0.5856;0.6452;-0.0833;0.1489
0;0.5863;0.6384;-0.0628;0.2066
0;0.5843;0.6856;-0.125;0.2327
0;0.5886;0.697;-0.0368;0.2876
0;0.5878;0.7386;-0.092;0.3207
0;0.5987;0.7918;-0.0825;0.4363
0;0.6026;0.8534;-0.0032;0.5556
0;0.6052;0.8305;-0.0736;0.6656
0;0.6117;0.7992;-0.0054;0.8006
0;0.6199;0.8559;-0.0692;0.968
0;0.6242;0.8841;-0.0647;1.1263
0;0.622;0.899;-0.1197;1.2204
0;0.6185;0.835;-0.2021;1.2518
0;0.6189;0.8432;-0.1978;1.2664
0;0.6159;0.7845;-0.2993;1.2395
0;0.6194;0.7951;-0.2665;1.2348
2;0.6108;0.7111;-0.6109;1.1446
0;0.6111;0.6912;-0.6197;1.0637
0;0.6136;0.7139;-0.6884;1.0106
0;0.6103;0.6098;-0.7931;0.9299
0;0.6168;0.6279;-0.4914;0.9112
0;0.611;0.5495;-0.7208;0.8375
0;0.6196;0.5652;-0.2199;0.844
0;0.6208;0.5086;-0.1518;0.8504
0;0.6198;0.4562;-0.2094;0.8377
1;0.6215;0.4945;-0.2176;0.833
0;0.6217;0.5345;-0.2037;0.8227
0;0.6115;0.4349;-0.7176;0.7192
0;0.5926;0.3388;-0.9757;0.4691
0;0.6036;0.4011;-0.6514;0.3608
0;0.5883;0.3705;-0.976;0.142
0;0.6218;0.5449;-0.1053;0.2525
0;0.6264;0.5525;-0.0493;0.3759
0;0.6305;0.5821;-0.1285;0.5035
0;0.6354;0.5767;-0.0298;0.6401
0;0.647;0.6418;-0.0015;0.8394
1;0.6486;0.6209;-0.0686;1.0015
0;0.6487;0.6174;-0.0672;1.1194
0;0.6466;0.6117;-0.0994;1.1824
0;0.6569;0.6378;-0.0105;1.307
0;0.6564;0.6347;-0.0218;1.3874
0;0.6548;0.6799;-0.0942;1.4219
0;0.6549;0.8074;-0.1041;1.4347
0;0.6501;0.7442;-0.263;1.3888
0;0.639;0.7791;-0.8079;1.2444
2;0.6418;0.6662;-0.6654;1.141
0;0.6366;0.584;-0.8736;1.0034
0;0.6375;0.5607;-0.8401;0.8915
0;0.6381;0.5258;-0.8051;0.7993
0;0.6438;0.4662;-0.5809;0.7662
0;0.6429;0.4388;-0.614;0.7249
0;0.6483;0.496;-0.3583;0.7302
1;0.6446;0.4813;-0.5157;0.6952
0;0.6458;0.3745;-0.3131;0.6705
0;0.6448;0.3698;-0.4681;0.6352
0;0.6573;0.5225;-0.0114;0.7068
0;0.6512;0.47;-0.2624;0.7038
0;0.6542;0.5348;-0.1369;0.7199
0;0.6484;0.5854;-0.44;0.6755
0;0.6591;0.6381;-0.0133;0.7245
0;0.6589;0.6934;-0.144;0.7538
0;0.6635;0.7119;-0.0358;0.8073
0;0.6654;0.7179;-0.2141;0.8575
0;0.6813;0.7576;-0.0096;1.023
0;0.6685;0.6503;-0.4279;1.0334
0;0.6706;0.6365;-0.3777;1.0486
0;0.6737;0.6796;-0.3035;1.0762
0;0.6708;0.6507;-0.3734;1.0614
0;0.6849;0.7088;-0.0622;1.1579
0;0.6836;0.655;-0.1261;1.2106
0;0.6791;0.6682;-0.3343;1.2016
0;0.6782;0.648;-0.458;1.1739
0;0.679;0.7016;-0.4604;1.1466
0;0.6788;0.6506;-0.4679;1.1115
2;0.6818;0.6676;-0.3472;1.0971
0;0.6788;0.6153;-0.4679;1.049
0;0.6734;0.5567;-0.7957;0.9536
0;0.6786;0.4774;-0.6116;0.9132
0;0.6845;0.6526;-0.3058;0.9211
0;0.6965;0.7077;-0.0387;1.0197
0;0.6948;0.6722;-0.1056;1.0716
0;0.698;0.7221;-0.0269;1.1286
1;0.7022;0.6685;-0.0849;1.1969
0;0.7035;0.6937;-0.0518;1.249
0;0.7096;0.7871;-0.0417;1.3287
0;0.7156;0.8217;-0.0204;1.4284
0;0.7208;0.8341;-0.0647;1.5358
0;0.7103;0.7163;-0.3714;1.5153
0;0.7113;0.7085;-0.3605;1.4917
0;0.7104;0.7295;-0.4518;1.4495
0;0.7284;0.8385;-0.167;1.554
0;0.7375;0.8457;-0.3016;1.6969
0;0.7303;0.7647;-0.4309;1.7301
0;0.731;0.7294;-0.4581;1.7442
0;0.7387;0.7708;-0.3246;1.8021
0;0.7357;0.7326;-0.3862;1.8026
0;0.7352;0.7138;-0.3955;1.7799
0;0.728;0.6474;-0.541;1.6819
0;0.7319;0.6377;-0.4901;1.6198
0;0.7127;0.4847;-0.8917;1.3911
2;0.6985;0.392;-0.968;1.0754
0;0.7186;0.5366;-0.5574;0.9858
0;0.7323;0.5837;-0.2799;1.0216
0;0.7229;0.5468;-0.4693;0.9592
0;0.7218;0.4717;-0.4669;0.8904
0;0.7106;0.387;-0.7049;0.7313
1;0.7118;0.4183;-0.6794;0.6084
0;0.7123;0.4173;-0.6464;0.5098
2;0.7081;0.3605;-0.7406;0.3913
0;0.7179;0.4237;-0.5209;0.3766
0;0.7062;0.3863;-0.803;0.2616
0;0.687;0.3532;-0.9881;0.0056
0;0.6866;0.3336;-0.8799;-0.2001
0;0.6837;0.3789;-0.8203;-0.3845
0;0.6895;0.4599;-0.7063;-0.4759
0;0.7038;0.43;-0.357;-0.4221
0;0.7094;0.382;-0.2387;-0.3279
0;0.7205;0.4878;-0.0595;-0.1555
0;0.7149;0.4668;-0.1741;-0.0653
1;0.719;0.5439;-0.1419;0.0411
0;0.7229;0.5563;-0.0683;0.1577
0;0.7281;0.5762;-0.0439;0.292
0;0.7368;0.6323;-0.0449;0.4682
0;0.7413;0.6134;-0.0709;0.6399
0;0.7385;0.6716;-0.1346;0.7447
0;0.7427;0.8519;-0.168;0.8557
0;0.7491;0.8676;-0.0435;0.9877
0;0.7478;0.8841;-0.1659;1.0702
0;0.7461;0.8568;-0.2199;1.1096
0;0.7481;0.8308;-0.1833;1.1463
0;0.7442;0.7667;-0.3159;1.1298
0;0.743;0.703;-0.4981;1.0946
2;0.744;0.7861;-0.4695;1.0639
0;0.7458;0.7759;-0.3969;1.0435
0;0.7466;0.7602;-0.4849;1.0226
0;0.7347;0.5625;-0.6707;0.8943
0;0.7323;0.4512;-0.7455;0.764
0;0.7317;0.3858;-0.7665;0.6477
0;0.731;0.4065;-0.7874;0.5436
0;0.735;0.4024;-0.5581;0.4899
0;0.7314;0.2601;-0.7093;0.4115
0;0.7462;0.4843;-0.1034;0.471
0;0.7409;0.4517;-0.3218;0.4678
0;0.7445;0.4673;-0.1724;0.4911
1;0.7332;0.4121;-0.6398;0.408
0;0.7444;0.5096;-0.2044;0.4337
0;0.7345;0.4415;-0.7183;0.3648
2;0.7366;0.4441;-0.65;0.3249
0;0.7388;0.4539;-0.438;0.3089
0;0.7202;0.4203;-0.9217;0.1352
0;0.6988;0.3472;-0.9504;-0.1847
0;0.7011;0.3623;-0.9049;-0.4158
0;0.6995;0.3593;-0.936;-0.6069
0;0.6909;0.311;-0.9026;-0.8236
0;0.6857;0.3068;-0.9558;-1.0298
0;0.6882;0.2265;-0.8981;-1.16
0;0.6872;0.236;-0.8806;-1.2589
0;0.7015;0.3088;-0.6447;-1.2019
0;0.6894;0.3065;-0.835;-1.2477
0;0.6978;0.289;-0.5626;-1.1987
1;0.698;0.3189;-0.5581;-1.1458
0;0.6928;0.2888;-0.6857;-1.1361
0;0.6909;0.2682;-0.7314;-1.1324
2;0.6932;0.3444;-0.5328;-1.0983
0;0.6824;0.3924;-0.9131;-1.1511
0;0.6797;0.3609;-0.8616;-1.2035
0;0.6879;0.4308;-0.6131;-1.1622
0;0.6975;0.5387;-0.2174;-1.0364
0;0.7016;0.5951;-0.0733;-0.8913
0;0.705;0.5992;-0.0963;-0.739
0;0.7022;0.5875;-0.1785;-0.6342
1;0.7063;0.5312;-0.1838;-0.5108
0;0.7087;0.6468;-0.1201;-0.3875
0;0.7234;0.6773;-0.1057;-0.1617
0;0.734;0.7182;-0.0323;0.1084
0;0.7199;0.6483;-0.3063;0.2002
0;0.7097;0.5942;-0.572;0.1839
0;0.7109;0.59;-0.5957;0.1794
0;0.7061;0.6274;-0.8287;0.1327
0;0.7112;0.6654;-0.6902;0.1381
2;0.7102;0.6263;-0.7895;0.1322
0;0.7092;0.5734;-0.7688;0.1175
0;0.713;0.5719;-0.6623;0.1371
0;0.7136;0.5562;-0.6468;0.1559
1;0.7094;0.5462;-0.761;0.1341
0;0.7085;0.515;-0.5615;0.1076
0;0.7024;0.4601;-0.9091;0.034
0;0.6944;0.2982;-0.9624;-0.0926
0;0.6932;0.1724;-0.9181;-0.2017
2;0.706;0.3859;-0.4505;-0.1768
0;0.7136;0.5328;-0.1741;-0.091
0;0.7138;0.5252;-0.1638;-0.02
0;0.7029;0.475;-0.5631;-0.0568
0;0.7007;0.4129;-0.6451;-0.1042
0;0.7081;0.4847;-0.326;-0.0769
0;0.6983;0.4286;-0.6713;-0.1379
0;0.6977;0.3946;-0.6955;-0.1901
2;0.6999;0.4083;-0.6125;-0.2102
0;0.702;0.4483;-0.5363;-0.2063
0;0.7179;0.5535;-0.0194;-0.0661
0;0.7129;0.5607;-0.1903;0.003
0;0.7111;0.6047;-0.2516;0.0423
1;0.7246;0.6704;-0.0131;0.1871
0;0.7281;0.6336;-0.1481;0.3293
0;0.7282;0.5973;-0.1461;0.4387
0;0.7198;0.5358;-0.3618;0.4487
0;0.7199;0.617;-0.3912;0.4527
0;0.7166;0.6084;-0.4768;0.4232
0;0.7145;0.5464;-0.6834;0.3773
0;0.7077;0.5714;-0.9932;0.2792
2;0.7057;0.5602;-0.8168;0.1822
0;0.7047;0.5364;-0.8455;0.0952
0;0.7122;0.5724;-0.6335;0.0899
0;0.7255;0.556;-0.2316;0.1975
0;0.7381;0.6654;-0.0877;0.3865
0;0.7482;0.7198;-0.0113;0.6177
0;0.7449;0.6365;-0.1406;0.7648
1;0.7515;0.651;-0.2523;0.9289
0;0.7456;0.6045;-0.3364;0.9984
0;0.7464;0.6757;-0.3258;1.0488
0;0.7403;0.625;-0.421;1.0258
0;0.7456;0.6734;-0.383;1.0421
0;0.7512;0.7111;-0.2918;1.0915
2;0.7541;0.7795;-0.3824;1.1434
0;0.7542;0.7986;-0.4313;1.1729
0;0.7458;0.7321;-0.7163;1.1124
1;0.7395;0.6561;-0.8876;0.9994
0;0.7366;0.572;-0.7874;0.8751
0;0.7379;0.499;-0.7448;0.779
0;0.7501;0.5139;-0.35;0.7988
2;0.7479;0.5225;-0.4229;0.7867
0;0.7386;0.4067;-0.7236;0.6899
0;0.7422;0.4748;-0.6051;0.6374
1;0.7378;0.4396;-0.7479;0.5518
0;0.7423;0.5147;-0.5483;0.5168
0;0.7432;0.4811;-0.5172;0.4909
0;0.7387;0.4013;-0.6828;0.4271
0;0.7521;0.4863;-0.236;0.4862
0;0.7512;0.4796;-0.2802;0.5197
1;0.752;0.546;-0.3098;0.5478
0;0.7569;0.6316;-0.1364;0.6055
0;0.7577;0.6647;-0.1194;0.651
0;0.7662;0.6988;-0.0549;0.7525
0;0.767;0.6415;-0.1527;0.8316
0;0.7699;0.6822;-0.0763;0.9091
0;0.7736;0.8199;-0.0313;0.9923
0;0.7706;0.7622;-0.1291;1.0219
0;0.7694;0.81;-0.2321;1.0239
0;0.762;0.6824;-0.581;0.9517
0;0.7657;0.6987;-0.4229;0.9166
0;0.7698;0.7763;-0.3184;0.9135
2;0.7664;0.6545;-0.5682;0.8727
0;0.7705;0.6958;-0.35;0.8663
0;0.7608;0.5749;-0.9938;0.7692
0;0.7611;0.5393;-0.7959;0.6877
0;0.7617;0.5377;-0.7653;0.621
0;0.7635;0.4709;-0.6524;0.577
0;0.761;0.438;-0.7434;0.5155
2;0.756;0.363;-0.7198;0.4185
0;0.7535;0.2966;-0.8319;0.3169
0;0.7539;0.3213;-0.6429;0.2367
0;0.7437;0.2698;-1.0;0.0849
0;0.7417;0.2985;-0.8837;-0.0531
0;0.7379;0.2239;-0.8043;-0.1932
0;0.7204;0.1134;-0.9897;-0.4499
0;0.7228;0.1527;-0.9384;-0.6274
0;0.722;0.0918;-0.823;-0.7669
0;0.7055;0.0824;-0.9756;-1.0091
0;0.7044;0.0758;-0.8795;-1.1987
0;0.7071;0.1048;-0.795;-1.3122
0;0.7156;0.1836;-0.6358;-1.316
0;0.7183;0.2188;-0.5221;-1.2819
0;0.7179;0.2332;-0.507;-1.2446
0;0.7206;0.2703;-0.428;-1.1788
1;0.7261;0.3186;-0.1263;-1.0683
0;0.729;0.3938;-0.0716;-0.9452
0;0.7322;0.4328;-0.048;-0.811
0;0.7288;0.4351;-0.1343;-0.7254
0;0.7183;0.4829;-0.4029;-0.7396
0;0.728;0.5366;-0.2196;-0.6608
0;0.7304;0.5579;-0.1711;-0.571
0;0.7316;0.7294;-0.1603;-0.4838
2;0.7608;0.832;-0.0041;-0.162
0;0.7676;0.8397;-0.1601;0.1507
0;0.7701;0.8282;-0.1173;0.417
0;0.7707;0.8237;-0.1597;0.6271
0;0.7704;0.8246;-0.1642;0.7836
0;0.7786;0.8357;-0.0485;0.9679
0;0.779;0.8254;-0.0435;1.1061
0;0.7743;0.7726;-0.1353;1.1633
0;0.7756;0.7674;-0.1132;1.2072
0;0.7721;0.7665;-0.2636;1.1995
0;0.7682;0.8337;-0.5569;1.147
0;0.7613;0.7314;-0.8404;1.0349
2;0.7446;0.5825;-0.98;0.7945
0;0.7501;0.6022;-0.8352;0.6431
0;0.752;0.4298;-0.7852;0.5331
0;0.7543;0.386;-0.7253;0.4601
0;0.7536;0.354;-0.7213;0.392
0;0.7568;0.3829;-0.606;0.3615
1;0.7599;0.4156;-0.4922;0.3601
0;0.7527;0.2887;-0.7044;0.2942
0;0.751;0.2761;-0.7642;0.224
0;0.7453;0.2719;-0.9469;0.1181
0;0.7435;0.2493;-0.9122;0.0182
0;0.7439;0.2682;-0.9009;-0.0574
2;0.7477;0.3323;-0.7847;-0.0836
0;0.7501;0.401;-0.7139;-0.0832
0;0.7555;0.6205;-0.5524;-0.0363
0;0.7503;0.5021;-0.7082;-0.0431
1;0.7439;0.4176;-0.8536;-0.1025
0;0.7288;0.2953;-0.9732;-0.2758
0;0.7287;0.2975;-0.841;-0.411
0;0.7348;0.3294;-0.6912;-0.461
2;0.7255;0.2567;-0.9171;-0.5741
0;0.7153;0.2462;-0.9902;-0.7437
0;0.7179;0.2779;-0.9124;-0.8478
0;0.7171;0.2976;-0.7919;-0.9272
0;0.7236;0.3664;-0.6359;-0.9246
0;0.7285;0.4022;-0.5128;-0.8718
0;0.7367;0.4334;-0.1789;-0.7512
1;0.7528;0.5141;-0.0996;-0.5111
0;0.742;0.434;-0.3043;-0.4087
0;0.7538;0.516;-0.0819;-0.2235
0;0.7501;0.5294;-0.1512;-0.1065
0;0.7576;0.6456;-0.1498;0.0502
0;0.7514;0.6089;-0.2492;0.121
0;0.7513;0.5839;-0.3065;0.1746
0;0.7496;0.6324;-0.3473;0.2006
0;0.7503;0.7146;-0.5029;0.2246
0;0.7436;0.6501;-0.9077;0.1841
2;0.7316;0.5746;-0.9816;0.0484
0;0.7284;0.5253;-0.879;-0.0862
0;0.7281;0.4979;-0.8855;-0.1938
0;0.7343;0.4864;-0.743;-0.2236
0;0.7396;0.4132;-0.5395;-0.1998
0;0.7302;0.421;-0.794;-0.2591
0;0.7211;0.273;-0.9649;-0.38
0;0.7204;0.2849;-0.8099;-0.4769
0;0.731;0.3159;-0.4715;-0.4584
0;0.7229;0.3074;-0.657;-0.5078
0;0.7367;0.4166;-0.2457;-0.4243
0;0.7378;0.4323;-0.2114;-0.3444
0;0.7444;0.4686;-0.0724;-0.2217
1;0.7482;0.5257;-0.0539;-0.0905
0;0.753;0.6291;-0.0662;0.0546
0;0.7529;0.6537;-0.0684;0.1676
0;0.755;0.6647;-0.0214;0.2725
0;0.7581;0.6514;-0.0103;0.3787
0;0.7639;0.6535;-0.0469;0.5073
0;0.7668;0.7523;-0.0534;0.6274
0;0.7655;0.8435;-0.0974;0.7049
0;0.764;0.8325;-0.1424;0.7455
0;0.7665;0.8088;-0.1959;0.7906
0;0.7662;0.9367;-0.2828;0.8153
0;0.7674;0.9153;-0.231;0.8366
0;0.7586;0.7321;-0.6448;0.7695
0;0.7455;0.51;-0.9263;0.5971
0;0.742;0.4393;-0.9104;0.426
0;0.7499;0.4712;-0.6779;0.3536
0;0.7606;0.5592;-0.3641;0.3831
2;0.7671;0.5878;-0.1709;0.458
0;0.7646;0.547;-0.2465;0.4904
0;0.762;0.4854;-0.3221;0.4889
1;0.7665;0.4979;-0.0677;0.5204
0;0.7645;0.4923;-0.1355;0.5228
0;0.7654;0.5106;-0.1032;0.5272
2;0.7675;0.5078;-0.0683;0.5429
0;0.7711;0.5353;-0.0969;0.5801
0;0.7695;0.5149;-0.1861;0.5895
0;0.7777;0.6371;-0.0688;0.6601
0;0.7792;0.7905;-0.0851;0.7216
0;0.7799;0.8419;-0.119;0.768
0;0.7739;0.7242;-0.369;0.7456
0;0.7676;0.5717;-0.631;0.6668
0;0.7673;0.5022;-0.7265;0.5952
0;0.7547;0.4065;-0.6705;0.4252
0;0.7567;0.4491;-0.6227;0.3038
2;0.7553;0.3861;-0.6568;0.1927
0;0.7591;0.4469;-0.5659;0.1355
0;0.7572;0.4205;-0.6114;0.0728
0;0.7561;0.3881;-0.6364;0.0138
1;0.7611;0.4047;-0.4855;0.0099
0;0.7576;0.3905;-0.5084;-0.0231
0;0.7655;0.3873;-0.2104;0.0181
0;0.7701;0.42;-0.0223;0.0891
0;0.7718;0.4304;-0.1447;0.1586
0;0.7702;0.4655;-0.217;0.1979
0;0.7706;0.5308;-0.2035;0.23
0;0.7697;0.5246;-0.3217;0.2457
0;0.7771;0.7599;-0.0343;0.3183
0;0.7685;0.6183;-0.4167;0.2987
0;0.758;0.5234;-0.9052;0.1914
0;0.7607;0.514;-0.8311;0.1273
0;0.7607;0.5315;-0.8311;0.0756
0;0.7653;0.5776;-0.6073;0.0735
2;0.7649;0.5338;-0.6301;0.0671
0;0.7835;0.6848;-0.0107;0.2194
1;0.7878;0.6676;-0.0557;0.3734
0;0.7881;0.6453;-0.0496;0.494
0;0.79;0.6463;-0.0724;0.5999
0;0.7971;0.6985;-0.0255;0.7367
0;0.7955;0.6804;-0.0903;0.8229
0;0.7945;0.6795;-0.2128;0.874
0;0.8386;0.7907;-0.0832;1.2793
0;0.8626;0.8885;-0.0297;1.7884
0;0.8664;0.9734;-0.0604;2.2027
0;0.8652;0.963;-0.0838;2.496
0;0.8668;0.9635;-0.0678;2.7144
0;0.8709;0.9633;-0.022;2.8923
0;0.8732;0.968;-0.0098;3.0211
0;0.8793;0.9641;-0.0223;3.1422
0;0.8887;0.9658;-0.002;3.2841
0;0.8707;0.828;-0.301;3.2086
0;0.8502;0.7081;-0.7598;2.9407
0;0.8591;0.7118;-0.7806;2.7739
0;0.8751;0.7477;-0.3926;2.7493
0;0.8676;0.7182;-0.5751;2.6367
2;0.8495;0.5386;-0.9669;2.3668
0;0.8526;0.4586;-0.8153;2.1549
0;0.8523;0.4399;-0.8213;1.9628
0;0.8487;0.4307;-0.8976;1.7597
0;0.8538;0.4471;-0.7892;1.6249
0;0.8623;0.4663;-0.4377;1.5736
0;0.8714;0.4933;-0.1623;1.5935
0;0.8797;0.5016;-0.0852;1.6628
0;0.8821;0.4745;-0.2601;1.7201
1;0.8778;0.5305;-0.3432;1.7105
0;0.874;0.6201;-0.417;1.6523
0;0.8886;0.6408;-0.138;1.713
0;0.8779;0.5139;-0.3497;1.6518
0;0.8869;0.5956;-0.1743;1.6623
0;0.8873;0.7268;-0.1667;1.6562
0;0.8764;0.6306;-0.5276;1.5414
0;0.8695;0.5881;-0.9647;1.3762
2;0.8812;0.6537;-0.5336;1.3303
0;0.8936;0.676;-0.0507;1.3855
0;0.8909;0.6334;-0.2973;1.3916
0;0.8833;0.5566;-0.5345;1.3176
0;0.8988;0.5847;-0.048;1.3766
1;0.8891;0.529;-0.4444;1.3259
0;0.8841;0.5261;-0.5788;1.2296
0;0.8655;0.4686;-0.961;0.9826
0;0.8607;0.3891;-0.748;0.7371
0;0.8392;0.3583;-0.8494;0.3534
2;0.8491;0.3623;-0.7002;0.1309
0;0.862;0.4159;-0.5391;0.0645
0;0.8774;0.5034;-0.3483;0.142
0;0.8999;0.5893;-0.0699;0.3922
0;0.8917;0.5315;-0.191;0.5153
1;0.9056;0.5358;-0.0785;0.7253
0;0.9074;0.5494;-0.0578;0.8984
0;0.912;0.5872;-0.0225;1.0641
0;0.9227;0.5749;-0.001;1.2742
0;0.9211;0.6057;-0.0761;1.4125
0;0.9316;0.6512;-0.032;1.5956
0;0.9316;0.739;-0.1834;1.7229
0;0.9179;0.6944;-0.444;1.6889
0;0.9167;0.8051;-0.5482;1.6337
0;0.915;0.7773;-0.6784;1.5583
0;0.9294;0.78;-0.384;1.6048
2;0.9328;0.7557;-0.3538;1.6536
0;0.9377;0.7084;-0.2676;1.7159
0;0.9375;0.7771;-0.2725;1.7451
0;0.9409;0.7444;-0.1873;1.778
1;0.9457;0.7548;-0.0855;1.8263
0;0.9385;0.6699;-0.266;1.7835
0;0.9365;0.5994;-0.3159;1.7137
0;0.9169;0.4759;-0.8028;1.4744
0;0.9238;0.4531;-0.787;1.3286
0;0.9321;0.5026;-0.5296;1.2701
2;0.9389;0.6232;-0.3195;1.2682
0;0.94;0.6374;-0.284;1.263
0;0.9267;0.561;-0.6953;1.1327
1;0.9333;0.5221;-0.4911;1.074
0;0.9495;0.5825;-0.1047;1.1543
0;0.9446;0.5339;-0.2408;1.1631
0;0.9422;0.5225;-0.3066;1.1373
0;0.9463;0.5261;-0.1945;1.1399
0;0.9498;0.5196;-0.0998;1.1593
0;0.9564;0.5875;-0.0107;1.2184
0;0.964;0.6274;-0.104;1.3164
0;0.9564;0.7059;-0.2621;1.3153
0;0.9497;0.6352;-0.4567;1.2435
0;0.9624;0.6514;-0.2923;1.282
0;0.9577;0.5962;-0.4475;1.2589
0;0.9603;0.602;-0.3729;1.2493
2;0.9316;0.5213;-0.9841;0.9849
0;0.9497;0.5647;-0.5578;0.9193
0;0.9663;0.5659;-0.1655;0.9988
0;0.9784;0.6261;-0.014;1.1535
0;0.9934;0.6747;-0.0106;1.391
0;0.9959;0.6711;-0.061;1.5846
1;0.994;0.6542;-0.111;1.704
0;0.9958;0.6422;-0.0852;1.7954
0;1.0033;0.642;-0.0346;1.912
0;1.0008;0.6664;-0.0679;1.9623
0;1.0075;0.7168;-0.1176;2.0382
0;0.9928;0.6119;-0.3854;1.9509
0;0.9719;0.5468;-0.9101;1.6846
0;0.969;0.5284;-0.8926;1.4317
0;1.0022;0.7253;-0.2834;1.4991
0;1.0243;0.7324;-0.0406;1.7246
0;1.0068;0.6253;-0.3158;1.7348
0;1.0023;0.5776;-0.3865;1.6861
0;0.9956;0.5076;-0.4902;1.5737
1;0.9852;0.465;-0.6541;1.3796
0;0.9695;0.4269;-0.8992;1.0793
2;0.9994;0.5091;-0.4252;1.0846
0;0.991;0.4687;-0.5541;1.0064
0;0.9937;0.4819;-0.5126;0.957
0;1.0181;0.5247;-0.1363;1.1148
0;1.0114;0.5452;-0.2274;1.1702
1;1.0209;0.6257;-0.0224;1.2822
0;1.0094;0.5994;-0.2141;1.259
0;1.0053;0.5091;-0.3741;1.1932
0;1.033;0.5241;-0.016;1.3633
0;1.0023;0.4883;-0.4427;1.2221
0;1.0024;0.5003;-0.5365;1.0987
0;1.0293;0.5808;-0.081;1.2188
0;1.0406;0.6323;-0.0794;1.3958
0;1.0461;0.6922;-0.045;1.5677
0;1.0466;0.639;-0.0857;1.6906
0;1.0399;0.6452;-0.1714;1.7124
0;1.0623;0.6823;-0.0194;1.9012
0;1.0588;0.6218;-0.0582;2.0005
0;1.0766;0.683;-0.0038;2.2082
0;1.074;0.6551;-0.0462;2.3264
0;1.075;0.7043;-0.0515;2.4038
0;1.0749;0.722;-0.0709;2.4385
0;1.0649;0.6145;-0.3424;2.3544
0;1.0773;0.8103;-0.0476;2.369
0;1.0777;0.8108;-0.1719;2.3587
0;1.1206;0.8327;-0.1263;2.6897
0;1.1164;0.7913;-0.1985;2.8861
0;1.1075;0.7297;-0.3227;2.9344
0;1.1014;0.697;-0.4028;2.89
0;1.1146;0.7566;-0.2287;2.936
0;1.1141;0.7096;-0.2351;2.937
2;1.1015;0.6609;-0.4015;2.7999
0;1.1126;0.6428;-0.2554;2.7559
0;1.0985;0.5894;-0.567;2.573
0;1.1062;0.6083;-0.6811;2.4668
0;1.086;0.5336;-1.0;2.185
0;1.0909;0.5818;-0.8371;1.9816
0;1.1201;0.6217;-0.0891;2.0485
0;1.1078;0.58;-0.405;1.9746
0;1.124;0.5104;-0.0262;2.033
0;1.1151;0.4961;-0.2452;1.9821
1;1.1199;0.5385;-0.1262;1.9619
0;1.111;0.5293;-0.3452;1.8499
0;1.1335;0.5545;-0.0896;1.9328
0;1.1198;0.5153;-0.3441;1.8613
0;1.1206;0.5544;-0.3297;1.7918
0;1.0968;0.458;-0.9209;1.5158
0;1.0841;0.4614;-0.8768;1.1749
0;1.0985;0.48;-0.6443;1.016
2;1.1059;0.5553;-0.5242;0.943
0;1.0961;0.514;-0.6833;0.792
0;1.0915;0.4109;-0.7582;0.6254
0;1.1051;0.4917;-0.5382;0.6029
1;1.109;0.4501;-0.4608;0.6124
0;1.1027;0.4581;-0.5648;0.5601
0;1.1152;0.4847;-0.2028;0.6186
0;1.1054;0.4817;-0.3597;0.5747
0;1.1118;0.4224;-0.2376;0.5888
0;1.1041;0.4412;-0.4738;0.5281
0;1.1003;0.426;-0.5759;0.4428
0;1.0945;0.4907;-0.733;0.3218
2;1.0938;0.5451;-0.7721;0.2165
0;1.0815;0.419;-0.9263;0.0272
0;1.0889;0.4184;-0.7567;-0.06
0;1.0918;0.4783;-0.6875;-0.1026
0;1.0901;0.4929;-0.7277;-0.1499
0;1.0995;0.4691;-0.4356;-0.106
0;1.097;0.4324;-0.4727;-0.0917
1;1.0747;0.3666;-0.972;-0.2686
0;1.0669;0.2598;-0.8973;-0.4714
0;1.0488;0.2402;-0.9006;-0.7794
0;1.0321;0.1653;-0.9544;-1.1554
2;1.0569;0.3267;-0.6286;-1.2289
0;1.0618;0.3598;-0.564;-1.2319
0;1.0425;0.3276;-0.8175;-1.3851
0;1.045;0.3399;-0.7858;-1.4706
0;1.0616;0.4367;-0.5434;-1.3806
1;1.0851;0.4891;-0.219;-1.0961
0;1.0796;0.4651;-0.2303;-0.9071
0;1.0856;0.4874;-0.1399;-0.6977
0;1.0727;0.4271;-0.3338;-0.6343
0;1.08;0.4548;-0.2323;-0.5162
0;1.0936;0.5527;-0.0208;-0.3022
0;1.103;0.6;-0.0367;-0.0502
0;1.0838;0.5962;-0.4481;-0.014
0;1.0815;0.6473;-0.5322;-0.0051
0;1.0807;0.5826;-0.7912;-0.0053
0;1.0821;0.5722;-0.7646;0.0068
0;1.0702;0.6042;-0.9585;-0.0845
2;1.0821;0.6305;-0.7461;-0.0547
0;1.0824;0.5824;-0.7409;-0.0282
0;1.075;0.4539;-0.8739;-0.0701
0;1.0774;0.4896;-0.8307;-0.0819
0;1.0823;0.4846;-0.7422;-0.0484
1;1.0975;0.6147;-0.0948;0.1078
0;1.0811;0.5046;-0.5986;0.0898
0;1.0705;0.399;-0.9215;-0.0151
0;1.0662;0.3314;-0.9726;-0.1338
0;1.0623;0.3855;-0.8876;-0.2588
0;1.0764;0.4758;-0.5618;-0.2352
2;1.0794;0.4942;-0.4921;-0.1886
0;1.0727;0.4585;-0.6472;-0.2067
0;1.067;0.4848;-0.7798;-0.2673
0;1.0691;0.4332;-0.7303;-0.2941
1;1.0715;0.4449;-0.6513;-0.2923
0;1.0848;0.547;-0.1455;-0.1742
0;1.0905;0.5604;-0.2037;-0.0316
0;1.0967;0.5655;-0.1198;0.1338
0;1.0977;0.501;-0.104;0.2717
0;1.0897;0.5496;-0.322;0.3092
0;1.0886;0.617;-0.3534;0.3264
0;1.0921;0.6688;-0.2668;0.3661
0;1.0721;0.5528;-0.8005;0.2239
0;1.0779;0.5086;-0.688;0.158
2;1.087;0.5418;-0.5046;0.1819
0;1.0813;0.5482;-0.6831;0.151
0;1.0797;0.5743;-0.6751;0.1111
0;1.0902;0.6122;-0.3701;0.1673
1;1.0766;0.5245;-0.7655;0.0946
0;1.0803;0.4761;-0.6582;0.0676
0;1.097;0.5305;-0.1148;0.1873
0;1.1144;0.5754;-0.0247;0.4277
0;1.1189;0.5873;-0.0317;0.6504
0;1.121;0.6361;-0.0953;0.8371
1;1.1128;0.5987;-0.2375;0.9053
0;1.1103;0.5747;-0.2809;0.9281
0;1.1;0.6247;-0.5028;0.8489
0;1.1043;0.6201;-0.428;0.8145
0;1.1144;0.6234;-0.2525;0.8644
2;1.1114;0.6384;-0.3842;0.869
0;1.1017;0.5943;-0.6432;0.7811
0;1.0967;0.5292;-0.7739;0.6608
0;1.1138;0.6622;-0.3291;0.7047
0;1.1287;0.6921;-0.085;0.8578
0;1.1296;0.6479;-0.0654;0.9767
0;1.1351;0.6051;-0.1846;1.1069
0;1.1337;0.578;-0.2275;1.1862
0;1.1399;0.5953;-0.1107;1.2888
0;1.1445;0.666;-0.0911;1.3946
0;1.1305;0.5947;-0.3385;1.3447
0;1.1341;0.6702;-0.2749;1.3215
0;1.1406;0.6771;-0.1738;1.3444
0;1.1415;0.6452;-0.2456;1.3556
0;1.1415;0.6667;-0.2641;1.35
2;1.1544;0.7819;-0.2523;1.4408
0;1.1615;0.8394;-0.0878;1.5571
0;1.161;0.7993;-0.2079;1.6281
0;1.191;0.8318;-0.1235;1.922
0;1.1907;0.8268;-0.1284;2.1298
0;1.1691;0.6554;-0.4025;2.0882
0;1.1266;0.4765;-0.9432;1.6726
0;1.0915;0.3652;-0.356;1.0295
0;1.0763;0.3208;-0.4056;0.3826
2;1.1244;0.4864;-0.2488;0.2773
0;1.1412;0.5149;-0.1941;0.3339
0;1.1398;0.4983;-0.1985;0.3633
0;1.1296;0.4753;-0.2321;0.2954
0;1.1023;0.4271;-0.3208;0.0071
1;1.1355;0.4674;-0.1797;0.0621
0;1.1367;0.4563;-0.1123;0.1146
0;1.1154;0.4251;-0.1388;-0.0256
0;1.135;0.4046;-0.2129;0.0306
0;1.111;0.3746;-0.6258;-0.1291
0;1.1161;0.4119;-0.6504;-0.2105
0;1.1254;0.4976;-0.4783;-0.1937
0;1.1184;0.5562;-0.6069;-0.2372
0;1.1326;0.618;-0.3442;-0.149
0;1.1486;0.5585;-0.0566;0.0578
0;1.1494;0.5217;-0.3017;0.2275
0;1.1222;0.4593;-0.7425;0.128
0;1.1365;0.5157;-0.5285;0.169
0;1.1289;0.5664;-0.6558;0.135
0;1.1325;0.4912;-0.5954;0.1374
0;1.1341;0.4926;-0.5686;0.1518
2;1.138;0.5734;-0.5203;0.1947
0;1.1123;0.4291;-0.9581;0.008
0;1.1007;0.465;-0.8616;-0.2376
0;1.1258;0.529;-0.5399;-0.2151
0;1.1409;0.5446;-0.179;-0.0677
0;1.1485;0.5861;-0.0565;0.1137
0;1.162;0.5847;-0.012;0.3704
0;1.1569;0.5257;-0.0814;0.5257
1;1.1664;0.5495;-0.0236;0.7227
0;1.1801;0.6833;-0.018;0.9869
0;1.1828;0.6582;-0.0175;1.2069
0;1.1883;0.7061;-0.0516;1.4146
0;1.1855;0.6848;-0.0994;1.5392
0;1.1724;0.6237;-0.2817;1.5102
0;1.1875;0.6489;-0.0827;1.5987
0;1.1965;0.782;-0.0163;1.7284
0;1.2;0.8516;-0.0191;1.8421
0;1.1976;0.8026;-0.0743;1.8914
0;1.202;0.7832;-0.1478;1.9474
0;1.2123;0.7885;-0.0244;2.0586
0;1.2148;0.7649;-0.1842;2.145
0;1.2187;0.8137;-0.1195;2.2234
0;1.2134;0.7495;-0.2068;2.2169
0;1.2071;0.6551;-0.3607;2.1345
0;1.2052;0.6304;-0.5146;2.0312
0;1.2053;0.6053;-0.5944;1.9291
0;1.2128;0.6602;-0.3796;1.8919
2;1.225;0.8116;-0.0995;1.946
0;1.2223;0.7415;-0.1728;1.9448
0;1.2256;0.7191;-0.0838;1.9513
1;1.2281;0.7149;-0.0334;1.9573
0;1.2137;0.604;-0.4154;1.8187
0;1.2211;0.6189;-0.2205;1.7532
0;1.2157;0.5226;-0.4184;1.6374
0;1.207;0.4523;-0.7549;1.4544
0;1.1698;0.2875;-0.9839;0.9795
2;1.178;0.3499;-0.7031;0.6645
0;1.2301;0.5703;-0.0207;0.8512
0;1.2336;0.5858;-0.0234;1.019
0;1.2367;0.5933;-0.0844;1.1668
0;1.2693;0.6462;0.0;1.5481
1;1.2917;0.6638;-0.01;2.0216
0;1.3024;0.6894;-0.0215;2.4641
0;1.3126;0.6992;-0.0355;2.8735
0;1.3135;0.6969;-0.0433;3.173
0;1.3051;0.7169;-0.0943;3.3041
0;1.3163;0.7219;-0.036;3.467
0;1.3102;0.7195;-0.0988;3.5071
0;1.282;0.6599;-0.416;3.2621
0;1.3173;0.8167;-0.0411;3.3337
0;1.3114;0.7894;-0.1801;3.3048
0;1.3105;0.7244;-0.2536;3.2396
0;1.2915;0.6488;-0.7299;2.9925
0;1.2978;0.6543;-0.5728;2.8194
1;1.2772;0.5212;-0.9712;2.4785
2;1.2926;0.5026;-0.6239;2.3141
0;1.2855;0.4519;-0.7832;2.1003
0;1.3013;0.4687;-0.427;2.0433
0;1.2861;0.4298;-0.7699;1.8479
0;1.2757;0.4254;-0.9414;1.5863
0;1.2857;0.422;-0.7275;1.4482
0;1.2913;0.4516;-0.608;1.3713
0;1.3034;0.5596;-0.1341;1.3985
0;1.3013;0.4453;-0.1813;1.3876
0;1.2992;0.457;-0.2436;1.346
1;1.3091;0.4955;-0.1458;1.3837
0;1.3057;0.5523;-0.2269;1.3696
0;1.2949;0.4899;-0.4815;1.2526
0;1.2834;0.5235;-0.668;1.0491
0;1.2771;0.4367;-0.7992;0.8244
0;1.2639;0.4157;-0.9099;0.5264
2;1.2279;0.253;-0.9273;-0.0197
0;1.2132;0.2538;-0.9631;-0.5745
0;1.2316;0.3586;-0.7895;-0.8491
0;1.2483;0.3852;-0.6316;-0.9144
0;1.1887;0.2635;-0.9672;-1.4622
0;1.1713;0.203;-0.9076;-2.0263
0;1.1675;0.2014;-0.8024;-2.4815
0;1.1726;0.2216;-0.7689;-2.7698
0;1.1403;0.1617;-0.824;-3.2418
0;1.1771;0.2728;-0.5641;-3.2667
0;1.202;0.3436;-0.3971;-3.0406
0;1.1917;0.345;-0.4661;-2.9174
0;1.1965;0.3631;-0.4339;-2.7487
0;1.1904;0.372;-0.4251;-2.639
1;1.1973;0.4408;-0.2157;-2.4656
0;1.2314;0.5328;0.0;-2.0136
0;1.2387;0.5134;-0.043;-1.5738
0;1.2266;0.4585;-0.1348;-1.3137
0;1.2121;0.554;-0.3317;-1.2179
0;1.1859;0.5323;-0.7827;-1.3522
0;1.14;0.4488;-0.9351;-1.8326
0;1.0952;0.3739;-0.8724;-2.5723
2;1.1149;0.4568;-0.7573;-2.9607
0;1.1195;0.3901;-0.7304;-3.1961
0;1.1091;0.3125;-0.7911;-3.4358
0;1.139;0.4013;-0.6165;-3.3347
0;1.1694;0.4537;-0.4164;-2.9612
1;1.1868;0.4942;-0.2993;-2.4876
0;1.1747;0.4635;-0.2752;-2.1912
0;1.1915;0.4318;-8.0E-4;-1.7914
0;1.2029;0.4395;-0.1091;-1.3611
0;1.2193;0.4879;-0.1611;-0.868
0;1.2299;0.53;-0.1055;-0.3806
0;1.2422;0.5996;-0.022;0.1113
0;1.2363;0.6983;-0.1047;0.4478
0;1.2153;0.7745;-0.3612;0.5303
0;1.2308;0.7701;-0.2278;0.7209
0;1.2297;0.7611;-0.24;0.8543
0;1.2416;0.8116;-0.1056;1.0509
2;1.2294;0.7322;-0.3897;1.0916
0;1.2354;0.6937;-0.3271;1.1628
0;1.2476;0.684;-0.2486;1.3101
0;1.2408;0.7069;-0.443;1.3546
0;1.2394;0.6659;-0.4716;1.3636
0;1.2647;0.6954;-0.055;1.571
0;1.2685;0.6688;-0.129;1.7495
0;1.2771;0.6641;-0.1149;1.9442
0;1.2843;0.6521;-0.0941;2.1389
0;1.2886;0.6909;-0.0451;2.3054
0;1.2932;0.8227;-0.0951;2.4515
0;1.2899;0.772;-0.1432;2.5121
0;1.2857;0.7509;-0.1969;2.4981
0;1.2821;0.6959;-0.2442;2.4297
0;1.2844;0.7938;-0.3093;2.37
0;1.2905;0.7941;-0.2605;2.3497
2;1.3042;0.7973;-0.1005;2.4249
0;1.3136;0.8721;-0.0996;2.5378
0;1.3137;0.8847;-0.173;2.6007
1;1.3277;0.8694;-0.061;2.7413
0;1.3277;0.8634;-0.2038;2.823
0;1.325;0.8175;-0.2437;2.8348
0;1.3335;0.8203;-0.1167;2.8859
0;1.318;0.6674;-0.3486;2.7644
0;1.3155;0.6303;-0.4547;2.6184
0;1.3095;0.6114;-0.5833;2.4246
0;1.323;0.6908;-0.5457;2.3607
0;1.3177;0.6792;-0.7309;2.2402
2;1.3229;0.6882;-0.5552;2.1658
0;1.3292;0.6888;-0.3642;2.1377
0;1.3469;0.7003;0.0;2.2425
1;1.3335;0.59;-0.3786;2.1876
0;1.331;0.5768;-0.4393;2.1002
0;1.3252;0.4882;-0.5825;1.9598
0;1.3356;0.5346;-0.3252;1.9169
0;1.3355;0.5468;-0.3277;1.862
2;1.3325;0.4954;-0.4029;1.7731
0;1.3365;0.5967;-0.3034;1.7185
0;1.3068;0.4644;-0.9468;1.4049
0;1.3182;0.5337;-0.5924;1.2398
0;1.3395;0.5604;-0.181;1.2772
0;1.3246;0.5236;-0.3841;1.1668
0;1.3307;0.5265;-0.2472;1.1193
0;1.3259;0.4885;-0.3554;1.0291
1;1.336;0.4607;-0.128;1.0332
0;1.3413;0.5304;-0.0487;1.0706
0;1.3538;0.5818;-0.0511;1.1948
0;1.3222;0.4911;-0.5799;1.0117
0;1.3212;0.4536;-0.598;0.8475
0;1.3107;0.4254;-0.9791;0.6207
0;1.3325;0.5;-0.5177;0.62
0;1.2996;0.4137;-0.8661;0.3338
2;1.2973;0.4747;-0.7756;0.0856
0;1.2969;0.4394;-0.7808;-0.1142
0;1.2981;0.3669;-0.7654;-0.2604
0;1.2939;0.3939;-0.8205;-0.4087
0;1.313;0.4438;-0.5249;-0.3591
0;1.3114;0.4532;-0.513;-0.3296
0;1.3198;0.4468;-0.3828;-0.2318
0;1.3187;0.4237;-0.3997;-0.1615
0;1.3075;0.3426;-0.4295;-0.1993
1;1.3046;0.4257;-0.4892;-0.2514
0;1.3104;0.4562;-0.4379;-0.241
0;1.3038;0.4708;-0.6883;-0.2865
2;1.2785;0.2802;-0.8745;-0.5336
0;1.2857;0.4286;-0.7472;-0.6612
0;1.2825;0.4243;-0.8047;-0.7825
0;1.2796;0.4138;-0.8553;-0.894
0;1.275;0.3887;-0.8966;-1.0119
0;1.2651;0.3686;-0.9933;-1.1781
0;1.2394;0.1835;-0.9339;-1.514
0;1.2522;0.2676;-0.7731;-1.6543
0;1.2604;0.2667;-0.6696;-1.6775
0;1.2582;0.2645;-0.6055;-1.6965
0;1.263;0.3174;-0.5222;-1.6531
0;1.2642;0.3317;-0.457;-1.5913
1;1.2628;0.2946;-0.4366;-1.5375
0;1.2696;0.3529;-0.2447;-1.4208
0;1.2509;0.374;-0.6435;-1.4726
0;1.2338;0.2825;-0.8084;-1.6431
0;1.2621;0.4295;-0.2865;-1.5197
0;1.2605;0.4333;-0.3157;-1.4198
0;1.2637;0.4602;-0.2573;-1.2992
2;1.2828;0.5587;-0.0923;-1.0283
0;1.2801;0.6589;-0.1647;-0.8266
1;1.3021;0.6818;-0.005;-0.4725
0;1.298;0.6414;-0.1192;-0.2229
0;1.3295;0.7195;-0.0019;0.2432
0;1.3375;0.725;-0.0595;0.6758
0;1.3344;0.7098;-0.1107;0.9834
0;1.3218;0.665;-0.2457;1.1078
0;1.3315;0.6703;-0.1466;1.2764
0;1.3338;0.7509;-0.1537;1.4158
0;1.3493;0.853;-0.0175;1.6416
0;1.3556;0.8302;-0.0087;1.8559
0;1.3599;0.8443;-0.0058;2.0411
0;1.3466;0.7686;-0.2654;2.0528
0;1.3511;0.7443;-0.2138;2.0781
0;1.3509;0.7578;-0.2184;2.0742
0;1.3533;0.7176;-0.1723;2.0702
0;1.349;0.7158;-0.3575;2.0081
2;1.3653;0.674;-0.0461;2.0765
0;1.3681;0.6565;-0.1228;2.1318
0;1.3733;0.6947;-0.049;2.1973
0;1.358;0.6766;-0.5042;2.0954
0;1.3564;0.6321;-0.5496;1.9795
0;1.3464;0.5616;-0.8333;1.7823
0;1.3549;0.5297;-0.5904;1.6802
0;1.348;0.4602;-0.7881;1.5232
2;1.347;0.4304;-0.7896;1.375
0;1.342;0.4724;-0.8629;1.2008
0;1.3562;0.5274;-0.4975;1.1718
0;1.3516;0.5035;-0.6167;1.097
0;1.3564;0.5152;-0.4924;1.0676
0;1.3482;0.4962;-0.6741;0.9634
0;1.3474;0.3996;-0.641;0.8644
1;1.334;0.3294;-0.9145;0.6638
0;1.3406;0.3379;-0.7367;0.5541
0;1.3394;0.3929;-0.7644;0.4518
0;1.3481;0.4558;-0.5612;0.4403
0;1.3366;0.4487;-0.8291;0.3292
0;1.3403;0.4192;-0.7437;0.2692
1;1.3297;0.4029;-0.907;0.1292
0;1.3384;0.4578;-0.7209;0.0915
0;1.3339;0.4604;-0.6701;0.0228
0;1.3341;0.3736;-0.6624;-0.0299
0;1.3352;0.4025;-0.6204;-0.0618
0;1.3444;0.4317;-0.2762;-0.0086
1;1.3339;0.421;-0.6734;-0.0552
0;1.3209;0.3708;-0.8306;-0.202
0;1.3057;0.3642;-0.9706;-0.4446
0;1.2707;0.2371;-0.9988;-0.9283
0;1.2791;0.2851;-0.7379;-1.2277
2;1.2506;0.1953;-0.9722;-1.6929
0;1.2559;0.238;-0.9206;-1.9958
0;1.2629;0.254;-0.8536;-2.1541
0;1.2544;0.2575;-0.9349;-2.3278
0;1.2562;0.2228;-0.9164;-2.4247
0;1.2616;0.2575;-0.8341;-2.4297
1;1.2743;0.3151;-0.6431;-2.2998
0;1.2807;0.3367;-0.3919;-2.119
0;1.2712;0.2812;-0.4408;-2.0352
0;1.2479;0.2612;-0.9767;-2.1451
0;1.2615;0.3357;-0.6581;-2.0933
0;1.2759;0.4174;-0.3209;-1.9078
0;1.2725;0.5064;-0.5213;-1.7702
2;1.28;0.503;-0.3822;-1.5797
0;1.2782;0.6147;-0.4156;-1.428
1;1.2752;0.5816;-0.4712;-1.3187
0;1.2691;0.5263;-0.5863;-1.2709
0;1.295;0.6504;-0.102;-0.9994
0;1.2763;0.5662;-0.4508;-0.9337
0;1.2658;0.5133;-0.6487;-0.9615
0;1.2519;0.4289;-0.9261;-1.0914
0;1.2602;0.436;-0.767;-1.1112
0;1.2562;0.4517;-0.7879;-1.1489
2;1.2575;0.5364;-0.7633;-1.1553
0;1.2448;0.4366;-0.9533;-1.2562
0;1.2508;0.3979;-0.8456;-1.2717
0;1.2523;0.4164;-0.7677;-1.2578
0;1.2558;0.3971;-0.7051;-1.2031
0;1.2593;0.4207;-0.5282;-1.1176
0;1.2711;0.4837;-0.0992;-0.9389
1;1.2269;0.3729;-0.9897;-1.1629
0;1.2206;0.2456;-0.946;-1.3803
0;1.2161;0.272;-0.9348;-1.5749
0;1.2293;0.3644;-0.725;-1.6
0;1.2137;0.3599;-0.9402;-1.7354
2;1.1926;0.273;-0.9228;-2.0027
0;1.1965;0.2997;-0.8781;-2.1582
0;1.1955;0.2914;-0.8904;-2.2671
0;1.2027;0.3532;-0.8087;-2.2672
0;1.231;0.4402;-0.3564;-2.0034
0;1.2359;0.4518;-0.1881;-1.7322
1;1.2535;0.4938;-0.034;-1.3506
0;1.2835;0.5577;-0.0982;-0.7816
0;1.2916;0.55;-0.0256;-0.2558
0;1.27;0.6173;-0.2596;-0.0229
0;1.2374;0.5401;-0.5767;-0.1153
0;1.2467;0.5712;-0.5019;-0.1083
0;1.2825;0.6122;-0.1616;0.2023
0;1.2765;0.6381;-0.2238;0.3942
2;1.2754;0.6996;-0.2345;0.5318
0;1.3029;0.7301;-0.0291;0.8677
0;1.3052;0.7362;-0.086;1.1425
0;1.3088;0.7319;-0.0618;1.3773
0;1.2995;0.6635;-0.1627;1.4691
0;1.2962;0.6449;-0.1987;1.4978
0;1.294;0.6051;-0.2317;1.4859
0;1.2947;0.5343;-0.3078;1.4667
0;1.2987;0.5222;-0.3341;1.4699
2;1.2968;0.5963;-0.3745;1.4408
0;1.2874;0.715;-0.7225;1.3227
0;1.3246;0.7703;-0.137;1.5314
0;1.3253;0.6963;-0.1348;1.6856
0;1.3339;0.7569;-0.0021;1.8621
0;1.3458;0.7873;-0.0134;2.0824
0;1.3654;0.7727;-0.0426;2.4002
1;1.3598;0.7316;-0.1108;2.5776
0;1.3584;0.7145;-0.1713;2.6782
0;1.3511;0.7267;-0.2558;2.667
0;1.3544;0.7557;-0.2176;2.6579
0;1.3711;0.8005;-0.0245;2.7643
0;1.3683;0.7822;-0.0788;2.795
0;1.3543;0.698;-0.3039;2.6707
0;1.3505;0.6887;-0.5418;2.5122
0;1.3526;0.7415;-0.7437;2.3785
0;1.3507;0.6309;-0.8459;2.2318
2;1.351;0.6294;-0.8253;2.0951
0;1.3408;0.5342;-0.9267;1.8786
